stage_event_id,application_id,stage_code,stage_sequence_number,stage_entry_date,stage_exit_date,exit_reason,updated_at,extracted_at
STG-00000001,APP-0000001,review,1,2024-01-10,2024-01-14,rejected,2024-01-10T00:00:00Z,2026-05-31T23:59:59Z
STG-00000002,APP-0000002,review,1,2024-01-10,2024-01-14,rejected,2024-01-14T12:34:38Z,2026-05-31T23:59:59Z
STG-00000003,APP-0000003,review,1,2024-01-11,2024-01-13,,2024-01-13T10:44:24Z,2026-05-31T23:59:59Z
STG-00000004,APP-0000003,screen,2,2024-01-13,2024-01-17,,2024-01-17T10:41:47Z,2026-05-31T23:59:59Z
STG-00000005,APP-0000003,assessment,3,2024-01-17,2024-01-27,,2024-01-27T16:21:17Z,2026-05-31T23:59:59Z
STG-00000006,APP-0000003,interview,4,2024-01-27,2024-02-07,rejected,2024-02-07T15:29:11Z,2026-05-31T23:59:59Z
STG-00000007,APP-0000004,review,1,2024-01-12,2024-01-14,rejected,2024-01-14T09:06:25Z,2026-05-31T23:59:59Z
STG-00000008,APP-0000005,review,1,2024-01-14,2024-01-18,,2024-01-18T17:37:04Z,2026-05-31T23:59:59Z
STG-00000009,APP-0000005,screen,2,2024-01-18,2024-01-20,,2024-01-20T17:29:58Z,2026-05-31T23:59:59Z
STG-00000010,APP-0000005,assessment,3,2024-01-20,2024-01-22,rejected,2024-01-22T17:58:11Z,2026-05-31T23:59:59Z
STG-00000011,APP-0000006,review,1,2024-01-14,2024-01-18,withdrawn,2024-01-18T14:29:57Z,2026-05-31T23:59:59Z
STG-00000012,APP-0000007,review,1,2024-01-15,2024-01-19,rejected,2024-01-19T14:44:47Z,2026-05-31T23:59:59Z
STG-00000013,APP-0000008,review,1,2024-01-15,2024-01-18,rejected,2024-01-18T14:32:41Z,2026-05-31T23:59:59Z
STG-00000014,APP-0000009,review,1,2024-01-15,2024-01-16,rejected,2024-01-16T19:13:46Z,2026-05-31T23:59:59Z
STG-00000015,APP-0000010,review,1,2024-01-16,2024-01-21,,2024-01-21T08:19:08Z,2026-05-31T23:59:59Z
STG-00000016,APP-0000010,screen,2,2024-01-21,2024-01-24,withdrawn,2024-01-24T12:39:34Z,2026-05-31T23:59:59Z
STG-00000017,APP-0000011,review,1,2024-01-17,2024-01-21,,2024-01-21T12:26:56Z,2026-05-31T23:59:59Z
STG-00000018,APP-0000011,screen,2,2024-01-21,2024-01-25,,2024-01-25T18:03:45Z,2026-05-31T23:59:59Z
STG-00000019,APP-0000011,assessment,3,2024-01-25,2024-02-11,,2024-02-11T09:39:35Z,2026-05-31T23:59:59Z
STG-00000020,APP-0000011,interview,4,2024-02-11,2024-02-18,rejected,2024-02-18T16:33:52Z,2026-05-31T23:59:59Z
STG-00000021,APP-0000012,review,1,2024-01-17,2024-01-19,rejected,2024-01-19T16:56:06Z,2026-05-31T23:59:59Z
STG-00000022,APP-0000013,review,1,2024-01-17,2024-01-19,,2024-01-19T16:20:44Z,2026-05-31T23:59:59Z
STG-00000023,APP-0000013,screen,2,2024-01-19,2024-01-23,rejected,2024-01-23T09:14:50Z,2026-05-31T23:59:59Z
STG-00000024,APP-0000014,review,1,2024-01-18,2024-01-24,rejected,2024-01-24T10:32:09Z,2026-05-31T23:59:59Z
STG-00000025,APP-0000015,review,1,2024-01-18,2024-01-21,rejected,2024-01-21T08:57:35Z,2026-05-31T23:59:59Z
STG-00000026,APP-0000016,review,1,2024-01-19,2024-01-23,,2024-01-23T16:15:01Z,2026-05-31T23:59:59Z
STG-00000027,APP-0000016,screen,2,2024-01-23,2024-01-28,,2024-01-28T18:34:59Z,2026-05-31T23:59:59Z
STG-00000028,APP-0000016,assessment,3,2024-01-28,2024-02-07,,2024-02-07T10:16:34Z,2026-05-31T23:59:59Z
STG-00000029,APP-0000016,interview,4,2024-02-07,2024-02-16,rejected,2024-02-16T19:49:40Z,2026-05-31T23:59:59Z
STG-00000030,APP-0000017,review,1,2024-01-19,2024-01-23,,2024-01-23T19:32:01Z,2026-05-31T23:59:59Z
STG-00000031,APP-0000017,screen,2,2024-01-23,2024-01-26,,2024-01-26T19:55:19Z,2026-05-31T23:59:59Z
STG-00000032,APP-0000017,assessment,3,2024-01-26,2024-01-31,withdrawn,2024-01-31T12:09:01Z,2026-05-31T23:59:59Z
STG-00000033,APP-0000018,review,1,2024-01-19,2024-01-20,,2024-01-20T18:19:55Z,2026-05-31T23:59:59Z
STG-00000034,APP-0000018,screen,2,2024-01-20,2024-01-24,rejected,2024-01-24T13:58:00Z,2026-05-31T23:59:59Z
STG-00000035,APP-0000019,review,1,2024-01-20,2024-01-25,rejected,2024-01-25T16:56:30Z,2026-05-31T23:59:59Z
STG-00000036,APP-0000020,review,1,2024-01-20,2024-01-22,rejected,2024-01-22T19:03:32Z,2026-05-31T23:59:59Z
STG-00000037,APP-0000021,review,1,2024-01-20,2024-01-24,,2024-01-24T15:12:18Z,2026-05-31T23:59:59Z
STG-00000038,APP-0000021,screen,2,2024-01-24,2024-01-29,,2024-01-29T08:20:19Z,2026-05-31T23:59:59Z
STG-00000039,APP-0000021,assessment,3,2024-01-29,2024-02-04,,2024-02-04T15:27:17Z,2026-05-31T23:59:59Z
STG-00000040,APP-0000021,interview,4,2024-02-04,2024-02-07,rejected,2024-02-07T14:21:42Z,2026-05-31T23:59:59Z
STG-00000041,APP-0000022,review,1,2024-01-20,2024-01-23,withdrawn,2024-01-23T12:32:32Z,2026-05-31T23:59:59Z
STG-00000042,APP-0000023,review,1,2024-01-20,2024-01-24,rejected,2024-01-24T15:33:46Z,2026-05-31T23:59:59Z
STG-00000043,APP-0000024,review,1,2024-01-21,2024-01-24,,2024-01-24T09:10:36Z,2026-05-31T23:59:59Z
STG-00000044,APP-0000024,screen,2,2024-01-24,2024-01-27,,2024-01-27T16:28:31Z,2026-05-31T23:59:59Z
STG-00000045,APP-0000024,assessment,3,2024-01-27,2024-02-09,withdrawn,2024-02-09T08:48:57Z,2026-05-31T23:59:59Z
STG-00000046,APP-0000025,review,1,2024-01-21,2024-01-23,,2024-01-23T14:15:31Z,2026-05-31T23:59:59Z
STG-00000047,APP-0000025,screen,2,2024-01-23,2024-01-29,rejected,2024-01-29T09:11:49Z,2026-05-31T23:59:59Z
STG-00000048,APP-0000026,review,1,2024-01-21,2024-01-25,,2024-01-25T12:08:36Z,2026-05-31T23:59:59Z
STG-00000049,APP-0000026,screen,2,2024-01-25,2024-01-28,rejected,2024-01-28T13:58:42Z,2026-05-31T23:59:59Z
STG-00000050,APP-0000027,review,1,2024-01-21,2024-02-02,rejected,2024-02-02T19:18:15Z,2026-05-31T23:59:59Z
STG-00000051,APP-0000028,review,1,2024-01-21,2024-01-25,rejected,2024-01-25T08:22:57Z,2026-05-31T23:59:59Z
STG-00000052,APP-0000029,review,1,2024-01-22,2024-01-29,rejected,2024-01-29T08:51:39Z,2026-05-31T23:59:59Z
STG-00000053,APP-0000030,review,1,2024-01-22,2024-01-24,,2024-01-24T16:06:37Z,2026-05-31T23:59:59Z
STG-00000054,APP-0000030,screen,2,2024-01-24,2024-01-31,,2024-01-31T16:25:18Z,2026-05-31T23:59:59Z
STG-00000055,APP-0000030,assessment,3,2024-01-31,2024-02-02,,2024-02-02T16:11:36Z,2026-05-31T23:59:59Z
STG-00000056,APP-0000030,interview,4,2024-02-02,2024-02-08,,2024-02-08T08:01:06Z,2026-05-31T23:59:59Z
STG-00000057,APP-0000030,offer,5,2024-02-08,2024-02-11,,2024-02-11T09:07:32Z,2026-05-31T23:59:59Z
STG-00000058,APP-0000031,review,1,2024-01-23,2024-01-27,rejected,2024-01-27T16:00:05Z,2026-05-31T23:59:59Z
STG-00000059,APP-0000032,review,1,2024-01-23,2024-01-25,rejected,2024-01-25T09:33:07Z,2026-05-31T23:59:59Z
STG-00000060,APP-0000033,review,1,2024-01-24,2024-01-26,,2024-01-26T19:13:56Z,2026-05-31T23:59:59Z
STG-00000061,APP-0000033,screen,2,2024-01-26,2024-01-29,rejected,2024-01-29T12:06:58Z,2026-05-31T23:59:59Z
STG-00000062,APP-0000034,review,1,2024-01-24,2024-01-26,,2024-01-26T11:17:44Z,2026-05-31T23:59:59Z
STG-00000063,APP-0000034,screen,2,2024-01-26,2024-02-02,,2024-02-02T11:41:02Z,2026-05-31T23:59:59Z
STG-00000064,APP-0000034,assessment,3,2024-02-02,2024-02-08,,2024-02-08T14:52:29Z,2026-05-31T23:59:59Z
STG-00000065,APP-0000034,interview,4,2024-02-08,2024-02-10,,2024-02-10T18:29:15Z,2026-05-31T23:59:59Z
STG-00000066,APP-0000034,offer,5,2024-02-10,2024-02-13,,2024-02-13T14:17:37Z,2026-05-31T23:59:59Z
STG-00000067,APP-0000035,review,1,2024-01-24,2024-01-27,rejected,2024-01-27T11:26:15Z,2026-05-31T23:59:59Z
STG-00000068,APP-0000036,review,1,2024-01-25,2024-01-30,rejected,2024-01-30T15:00:22Z,2026-05-31T23:59:59Z
STG-00000069,APP-0000037,review,1,2024-01-26,2024-01-28,rejected,2024-01-28T14:28:32Z,2026-05-31T23:59:59Z
STG-00000070,APP-0000038,review,1,2024-01-27,2024-01-30,,2024-01-30T19:04:21Z,2026-05-31T23:59:59Z
STG-00000071,APP-0000038,screen,2,2024-01-30,2024-02-03,rejected,2024-02-03T11:58:27Z,2026-05-31T23:59:59Z
STG-00000072,APP-0000039,review,1,2024-01-27,2024-02-21,rejected,2024-02-21T10:13:45Z,2026-05-31T23:59:59Z
STG-00000073,APP-0000040,review,1,2024-01-27,2024-01-30,,2024-01-30T11:53:51Z,2026-05-31T23:59:59Z
STG-00000074,APP-0000040,screen,2,2024-01-30,2024-02-05,,2024-02-05T09:43:08Z,2026-05-31T23:59:59Z
STG-00000075,APP-0000040,assessment,3,2024-02-05,2024-02-09,,2024-02-09T17:52:58Z,2026-05-31T23:59:59Z
STG-00000076,APP-0000040,interview,4,2024-02-09,2024-02-19,rejected,2024-02-19T13:41:20Z,2026-05-31T23:59:59Z
STG-00000077,APP-0000041,review,1,2024-01-27,2024-02-07,,2024-02-07T16:38:46Z,2026-05-31T23:59:59Z
STG-00000078,APP-0000041,screen,2,2024-02-07,2024-02-14,,2024-02-14T16:28:55Z,2026-05-31T23:59:59Z
STG-00000079,APP-0000041,assessment,3,2024-02-14,2024-02-17,,2024-02-17T13:30:57Z,2026-05-31T23:59:59Z
STG-00000080,APP-0000041,interview,4,2024-02-17,2024-02-22,,2024-02-22T10:01:30Z,2026-05-31T23:59:59Z
STG-00000081,APP-0000041,offer,5,2024-02-22,2024-02-25,,2024-02-25T19:18:04Z,2026-05-31T23:59:59Z
STG-00000082,APP-0000042,review,1,2024-01-27,2024-01-28,,2024-01-28T08:47:18Z,2026-05-31T23:59:59Z
STG-00000083,APP-0000042,screen,2,2024-01-28,2024-01-31,,2024-01-31T16:07:28Z,2026-05-31T23:59:59Z
STG-00000084,APP-0000042,assessment,3,2024-01-31,2024-02-03,withdrawn,2024-02-03T11:59:31Z,2026-05-31T23:59:59Z
STG-00000085,APP-0000043,review,1,2024-01-28,2024-01-30,,2024-01-30T08:28:37Z,2026-05-31T23:59:59Z
STG-00000086,APP-0000043,screen,2,2024-01-30,2024-02-04,,2024-02-04T19:25:03Z,2026-05-31T23:59:59Z
STG-00000087,APP-0000043,assessment,3,2024-02-04,2024-02-11,,2024-02-11T09:23:37Z,2026-05-31T23:59:59Z
STG-00000088,APP-0000043,interview,4,2024-02-11,2024-02-18,rejected,2024-02-18T08:26:48Z,2026-05-31T23:59:59Z
STG-00000089,APP-0000044,review,1,2024-01-28,2024-01-29,rejected,2024-01-29T11:09:18Z,2026-05-31T23:59:59Z
STG-00000090,APP-0000045,review,1,2024-01-28,2024-02-02,rejected,2024-02-02T11:17:15Z,2026-05-31T23:59:59Z
STG-00000091,APP-0000046,review,1,2024-01-29,2024-02-01,,2024-02-01T10:38:37Z,2026-05-31T23:59:59Z
STG-00000092,APP-0000046,screen,2,2024-02-01,2024-02-03,,2024-02-03T17:29:59Z,2026-05-31T23:59:59Z
STG-00000093,APP-0000046,assessment,3,2024-02-03,2024-02-13,,2024-02-13T13:39:13Z,2026-05-31T23:59:59Z
STG-00000094,APP-0000046,interview,4,2024-02-13,2024-02-18,rejected,2024-02-18T19:26:26Z,2026-05-31T23:59:59Z
STG-00000095,APP-0000047,review,1,2024-01-30,2024-02-08,rejected,2024-02-08T12:10:28Z,2026-05-31T23:59:59Z
STG-00000096,APP-0000048,review,1,2024-01-30,2024-01-31,,2024-01-31T15:46:22Z,2026-05-31T23:59:59Z
STG-00000097,APP-0000048,screen,2,2024-01-31,2024-02-03,,2024-02-03T12:44:08Z,2026-05-31T23:59:59Z
STG-00000098,APP-0000048,assessment,3,2024-02-03,2024-02-13,rejected,2024-02-13T15:42:01Z,2026-05-31T23:59:59Z
STG-00000099,APP-0000049,review,1,2024-01-30,2024-02-02,rejected,2024-02-02T10:56:31Z,2026-05-31T23:59:59Z
STG-00000100,APP-0000050,review,1,2024-02-01,2024-02-12,rejected,2024-02-12T10:33:41Z,2026-05-31T23:59:59Z
STG-00000101,APP-0000051,review,1,2024-02-01,2024-02-04,,2024-02-04T14:09:23Z,2026-05-31T23:59:59Z
STG-00000102,APP-0000051,screen,2,2024-02-04,2024-02-20,,2024-02-20T16:59:21Z,2026-05-31T23:59:59Z
STG-00000103,APP-0000051,assessment,3,2024-02-20,2024-02-27,rejected,2024-02-27T11:51:27Z,2026-05-31T23:59:59Z
STG-00000104,APP-0000052,review,1,2024-02-03,2024-02-06,rejected,2024-02-06T09:37:32Z,2026-05-31T23:59:59Z
STG-00000105,APP-0000053,review,1,2024-02-06,2024-02-10,,2024-02-10T18:34:50Z,2026-05-31T23:59:59Z
STG-00000106,APP-0000053,screen,2,2024-02-10,2024-02-18,withdrawn,2024-02-18T11:57:36Z,2026-05-31T23:59:59Z
STG-00000107,APP-0000054,review,1,2024-02-06,2024-02-10,,2024-02-10T19:37:10Z,2026-05-31T23:59:59Z
STG-00000108,APP-0000054,screen,2,2024-02-10,2024-02-15,rejected,2024-02-15T08:47:51Z,2026-05-31T23:59:59Z
STG-00000109,APP-0000055,review,1,2024-02-07,2024-02-11,withdrawn,2024-02-11T08:15:29Z,2026-05-31T23:59:59Z
STG-00000110,APP-0000056,review,1,2024-02-07,2024-02-10,,2024-02-10T16:35:16Z,2026-05-31T23:59:59Z
STG-00000111,APP-0000056,screen,2,2024-02-10,2024-02-18,withdrawn,2024-02-18T15:10:10Z,2026-05-31T23:59:59Z
STG-00000112,APP-0000057,review,1,2024-02-08,2024-02-12,rejected,2024-02-12T15:51:04Z,2026-05-31T23:59:59Z
STG-00000113,APP-0000058,review,1,2024-02-08,2024-02-11,,2024-02-11T18:58:06Z,2026-05-31T23:59:59Z
STG-00000114,APP-0000058,screen,2,2024-02-11,2024-02-18,withdrawn,2024-02-18T09:27:57Z,2026-05-31T23:59:59Z
STG-00000115,APP-0000059,review,1,2024-02-09,2024-02-16,rejected,2024-02-16T19:14:19Z,2026-05-31T23:59:59Z
STG-00000116,APP-0000060,review,1,2024-02-10,2024-02-20,,2024-02-20T11:10:41Z,2026-05-31T23:59:59Z
STG-00000117,APP-0000060,screen,2,2024-02-20,2024-02-25,rejected,2024-02-25T08:55:03Z,2026-05-31T23:59:59Z
STG-00000118,APP-0000061,review,1,2024-02-13,2024-02-18,rejected,2024-02-18T08:49:58Z,2026-05-31T23:59:59Z
STG-00000119,APP-0000062,review,1,2024-02-14,2024-02-17,,2024-02-17T12:49:36Z,2026-05-31T23:59:59Z
STG-00000120,APP-0000062,screen,2,2024-02-17,2024-02-21,,2024-02-21T09:14:47Z,2026-05-31T23:59:59Z
STG-00000121,APP-0000062,assessment,3,2024-02-21,2024-02-23,withdrawn,2024-02-23T18:18:57Z,2026-05-31T23:59:59Z
STG-00000122,APP-0000063,review,1,2024-02-16,2024-02-19,,2024-02-19T17:18:35Z,2026-05-31T23:59:59Z
STG-00000123,APP-0000063,screen,2,2024-02-19,2024-02-24,rejected,2024-02-24T08:10:37Z,2026-05-31T23:59:59Z
STG-00000124,APP-0000064,review,1,2024-02-16,2024-02-18,rejected,2024-02-18T19:16:46Z,2026-05-31T23:59:59Z
STG-00000125,APP-0000065,review,1,2024-02-17,2024-02-19,withdrawn,2024-02-19T19:44:08Z,2026-05-31T23:59:59Z
STG-00000126,APP-0000066,review,1,2024-02-18,2024-02-19,,2024-02-19T15:28:50Z,2026-05-31T23:59:59Z
STG-00000127,APP-0000066,screen,2,2024-02-19,2024-02-23,rejected,2024-02-23T09:06:44Z,2026-05-31T23:59:59Z
STG-00000128,APP-0000067,review,1,2024-02-24,2024-02-26,,2024-02-26T19:06:29Z,2026-05-31T23:59:59Z
STG-00000129,APP-0000067,screen,2,2024-02-26,2024-02-28,rejected,2024-02-28T11:42:27Z,2026-05-31T23:59:59Z
STG-00000130,APP-0000068,review,1,2024-02-26,2024-03-01,,2024-03-01T08:54:30Z,2026-05-31T23:59:59Z
STG-00000131,APP-0000068,screen,2,2024-03-01,2024-03-07,,2024-03-07T12:36:32Z,2026-05-31T23:59:59Z
STG-00000132,APP-0000068,assessment,3,2024-03-07,2024-03-13,,2024-03-13T11:04:10Z,2026-05-31T23:59:59Z
STG-00000133,APP-0000068,interview,4,2024-03-13,2024-03-20,,2024-03-20T19:18:20Z,2026-05-31T23:59:59Z
STG-00000134,APP-0000068,offer,5,2024-03-20,2024-03-26,,2024-03-26T12:45:19Z,2026-05-31T23:59:59Z
STG-00000135,APP-0000069,review,1,2024-03-01,2024-03-04,,2024-03-04T13:40:25Z,2026-05-31T23:59:59Z
STG-00000136,APP-0000069,screen,2,2024-03-04,2024-03-07,,2024-03-07T09:35:47Z,2026-05-31T23:59:59Z
STG-00000137,APP-0000069,assessment,3,2024-03-07,2024-03-09,rejected,2024-03-09T14:25:41Z,2026-05-31T23:59:59Z
STG-00000138,APP-0000070,review,1,2024-03-05,2024-03-09,rejected,2024-03-09T12:13:40Z,2026-05-31T23:59:59Z
STG-00000139,APP-0000071,review,1,2024-03-08,2024-03-15,,2024-03-15T12:16:34Z,2026-05-31T23:59:59Z
STG-00000140,APP-0000071,screen,2,2024-03-15,2024-03-24,,2024-03-24T09:57:21Z,2026-05-31T23:59:59Z
STG-00000141,APP-0000071,assessment,3,2024-03-24,2024-04-03,,2024-04-03T18:06:15Z,2026-05-31T23:59:59Z
STG-00000142,APP-0000071,interview,4,2024-04-03,2024-04-18,rejected,2024-04-18T08:42:21Z,2026-05-31T23:59:59Z
STG-00000143,APP-0000072,review,1,2024-03-09,2024-03-14,withdrawn,2024-03-14T11:01:15Z,2026-05-31T23:59:59Z
STG-00000144,APP-0000073,review,1,2024-03-10,2024-03-13,,2024-03-13T08:28:08Z,2026-05-31T23:59:59Z
STG-00000145,APP-0000073,screen,2,2024-03-13,2024-03-19,,2024-03-19T16:06:38Z,2026-05-31T23:59:59Z
STG-00000146,APP-0000073,assessment,3,2024-03-19,2024-03-25,,2024-03-25T10:00:20Z,2026-05-31T23:59:59Z
STG-00000147,APP-0000073,interview,4,2024-03-25,2024-03-27,rejected,2024-03-27T18:58:42Z,2026-05-31T23:59:59Z
STG-00000148,APP-0000074,review,1,2024-03-10,2024-03-12,rejected,2024-03-12T14:35:31Z,2026-05-31T23:59:59Z
STG-00000149,APP-0000075,review,1,2024-03-10,2024-03-12,,2024-03-12T16:00:37Z,2026-05-31T23:59:59Z
STG-00000150,APP-0000075,screen,2,2024-03-12,2024-03-17,withdrawn,2024-03-17T12:51:12Z,2026-05-31T23:59:59Z
STG-00000151,APP-0000076,review,1,2024-03-10,2024-03-24,withdrawn,2024-03-24T15:59:18Z,2026-05-31T23:59:59Z
STG-00000152,APP-0000077,review,1,2024-03-15,2024-03-17,,2024-03-17T10:41:48Z,2026-05-31T23:59:59Z
STG-00000153,APP-0000077,screen,2,2024-03-17,2024-03-27,rejected,2024-03-27T09:15:38Z,2026-05-31T23:59:59Z
STG-00000154,APP-0000078,review,1,2024-03-15,2024-03-17,rejected,2024-03-17T11:43:21Z,2026-05-31T23:59:59Z
STG-00000155,APP-0000079,review,1,2024-03-16,2024-03-19,rejected,2024-03-19T08:10:55Z,2026-05-31T23:59:59Z
STG-00000156,APP-0000080,review,1,2024-03-16,2024-03-18,,2024-03-18T17:48:37Z,2026-05-31T23:59:59Z
STG-00000157,APP-0000080,screen,2,2024-03-18,2024-03-26,,2024-03-26T16:51:47Z,2026-05-31T23:59:59Z
STG-00000158,APP-0000080,assessment,3,2024-03-26,2024-04-01,rejected,2024-04-01T18:02:26Z,2026-05-31T23:59:59Z
STG-00000159,APP-0000081,review,1,2024-03-18,2024-03-20,,2024-03-20T11:59:32Z,2026-05-31T23:59:59Z
STG-00000160,APP-0000081,screen,2,2024-03-20,2024-03-25,rejected,2024-03-25T12:38:27Z,2026-05-31T23:59:59Z
STG-00000161,APP-0000082,review,1,2024-03-18,2024-03-20,rejected,2024-03-20T14:13:41Z,2026-05-31T23:59:59Z
STG-00000162,APP-0000083,review,1,2024-03-22,2024-03-23,,2024-03-23T19:11:43Z,2026-05-31T23:59:59Z
STG-00000163,APP-0000083,screen,2,2024-03-23,2024-03-28,rejected,2024-03-28T17:32:41Z,2026-05-31T23:59:59Z
STG-00000164,APP-0000084,review,1,2024-03-22,2024-03-25,,2024-03-25T10:53:14Z,2026-05-31T23:59:59Z
STG-00000165,APP-0000084,screen,2,2024-03-25,2024-03-30,,2024-03-30T16:32:12Z,2026-05-31T23:59:59Z
STG-00000166,APP-0000084,assessment,3,2024-03-30,2024-04-08,,2024-04-08T18:35:34Z,2026-05-31T23:59:59Z
STG-00000167,APP-0000084,interview,4,2024-04-08,2024-04-09,rejected,2024-04-09T19:01:52Z,2026-05-31T23:59:59Z
STG-00000168,APP-0000085,review,1,2024-03-23,2024-03-25,,2024-03-25T16:54:09Z,2026-05-31T23:59:59Z
STG-00000169,APP-0000085,screen,2,2024-03-25,2024-03-30,,2024-03-30T11:25:27Z,2026-05-31T23:59:59Z
STG-00000170,APP-0000085,assessment,3,2024-03-30,2024-04-02,,2024-04-02T09:10:26Z,2026-05-31T23:59:59Z
STG-00000171,APP-0000085,interview,4,2024-04-02,2024-04-09,withdrawn,2024-04-09T17:23:32Z,2026-05-31T23:59:59Z
STG-00000172,APP-0000086,review,1,2024-03-25,2024-03-26,,2024-03-26T16:05:02Z,2026-05-31T23:59:59Z
STG-00000173,APP-0000086,screen,2,2024-03-26,2024-03-29,,2024-03-29T19:48:08Z,2026-05-31T23:59:59Z
STG-00000174,APP-0000086,assessment,3,2024-03-29,2024-04-01,,2024-04-01T19:46:35Z,2026-05-31T23:59:59Z
STG-00000175,APP-0000086,interview,4,2024-04-01,2024-04-06,,2024-04-06T13:53:17Z,2026-05-31T23:59:59Z
STG-00000176,APP-0000086,offer,5,2024-04-06,2024-04-09,,2024-04-09T09:17:43Z,2026-05-31T23:59:59Z
STG-00000177,APP-0000087,review,1,2024-03-27,2024-03-29,withdrawn,2024-03-29T08:56:01Z,2026-05-31T23:59:59Z
STG-00000178,APP-0000088,review,1,2024-03-28,2024-03-29,,2024-03-29T13:26:08Z,2026-05-31T23:59:59Z
STG-00000179,APP-0000088,screen,2,2024-03-29,2024-03-30,,2024-03-30T15:24:22Z,2026-05-31T23:59:59Z
STG-00000180,APP-0000088,assessment,3,2024-03-30,2024-04-03,withdrawn,2024-04-03T14:16:45Z,2026-05-31T23:59:59Z
STG-00000181,APP-0000089,review,1,2024-03-28,2024-03-31,,2024-03-31T09:31:07Z,2026-05-31T23:59:59Z
STG-00000182,APP-0000089,screen,2,2024-03-31,2024-04-12,,2024-04-12T16:47:29Z,2026-05-31T23:59:59Z
STG-00000183,APP-0000089,assessment,3,2024-04-12,2024-04-23,,2024-04-23T08:49:59Z,2026-05-31T23:59:59Z
STG-00000184,APP-0000089,interview,4,2024-04-23,2024-05-01,,2024-05-01T18:51:00Z,2026-05-31T23:59:59Z
STG-00000185,APP-0000089,offer,5,2024-05-01,2024-05-04,,2024-05-04T18:37:54Z,2026-05-31T23:59:59Z
STG-00000186,APP-0000090,review,1,2024-03-30,2024-04-02,,2024-04-02T11:49:12Z,2026-05-31T23:59:59Z
STG-00000187,APP-0000090,screen,2,2024-04-02,2024-04-07,,2024-04-07T15:50:06Z,2026-05-31T23:59:59Z
STG-00000188,APP-0000090,assessment,3,2024-04-07,2024-04-19,,2024-04-19T08:36:15Z,2026-05-31T23:59:59Z
STG-00000189,APP-0000090,interview,4,2024-04-19,2024-05-03,rejected,2024-05-03T10:53:29Z,2026-05-31T23:59:59Z
STG-00000190,APP-0000091,review,1,2024-03-31,2024-04-01,,2024-04-01T13:29:48Z,2026-05-31T23:59:59Z
STG-00000191,APP-0000091,screen,2,2024-04-01,2024-04-09,rejected,2024-04-09T14:54:18Z,2026-05-31T23:59:59Z
STG-00000192,APP-0000092,review,1,2024-04-06,2024-04-10,,2024-04-10T10:11:44Z,2026-05-31T23:59:59Z
STG-00000193,APP-0000092,screen,2,2024-04-10,2024-04-14,,2024-04-14T09:40:06Z,2026-05-31T23:59:59Z
STG-00000194,APP-0000092,assessment,3,2024-04-14,2024-04-19,,2024-04-19T17:36:21Z,2026-05-31T23:59:59Z
STG-00000195,APP-0000092,interview,4,2024-04-19,2024-04-26,rejected,2024-04-26T19:01:23Z,2026-05-31T23:59:59Z
STG-00000196,APP-0000093,review,1,2024-04-11,2024-04-14,,2024-04-14T10:13:13Z,2026-05-31T23:59:59Z
STG-00000197,APP-0000093,screen,2,2024-04-14,2024-04-20,,2024-04-20T17:07:59Z,2026-05-31T23:59:59Z
STG-00000198,APP-0000093,assessment,3,2024-04-20,2024-04-25,,2024-04-25T15:26:54Z,2026-05-31T23:59:59Z
STG-00000199,APP-0000093,interview,4,2024-04-25,2024-05-04,rejected,2024-05-04T11:05:12Z,2026-05-31T23:59:59Z
STG-00000200,APP-0000094,review,1,2024-04-12,2024-04-17,,2024-04-17T14:19:08Z,2026-05-31T23:59:59Z
STG-00000201,APP-0000094,screen,2,2024-04-17,2024-04-20,rejected,2024-04-20T15:59:06Z,2026-05-31T23:59:59Z
STG-00000202,APP-0000095,review,1,2024-04-14,2024-04-17,rejected,2024-04-17T09:05:52Z,2026-05-31T23:59:59Z
STG-00000203,APP-0000096,review,1,2024-04-14,2024-04-16,withdrawn,2024-04-16T13:19:34Z,2026-05-31T23:59:59Z
STG-00000204,APP-0000097,review,1,2024-04-14,2024-04-21,,2024-04-21T16:09:41Z,2026-05-31T23:59:59Z
STG-00000205,APP-0000097,screen,2,2024-04-21,2024-04-27,,2024-04-27T09:13:55Z,2026-05-31T23:59:59Z
STG-00000206,APP-0000097,assessment,3,2024-04-27,2024-04-30,,2024-04-30T16:52:57Z,2026-05-31T23:59:59Z
STG-00000207,APP-0000097,interview,4,2024-04-30,2024-05-05,rejected,2024-05-05T11:53:35Z,2026-05-31T23:59:59Z
STG-00000208,APP-0000098,review,1,2024-04-15,2024-04-18,,2024-04-18T13:57:02Z,2026-05-31T23:59:59Z
STG-00000209,APP-0000098,screen,2,2024-04-18,2024-04-23,rejected,2024-04-23T11:09:44Z,2026-05-31T23:59:59Z
STG-00000210,APP-0000099,review,1,2024-04-18,2024-04-20,rejected,2024-04-20T11:28:29Z,2026-05-31T23:59:59Z
STG-00000211,APP-0000100,review,1,2024-04-18,2024-04-20,,2024-04-20T13:56:27Z,2026-05-31T23:59:59Z
STG-00000212,APP-0000100,screen,2,2024-04-20,2024-04-22,rejected,2024-04-22T12:21:05Z,2026-05-31T23:59:59Z
STG-00000213,APP-0000101,review,1,2024-04-19,2024-04-23,,2024-04-23T16:07:03Z,2026-05-31T23:59:59Z
STG-00000214,APP-0000101,screen,2,2024-04-23,2024-04-26,,2024-04-26T19:07:48Z,2026-05-31T23:59:59Z
STG-00000215,APP-0000101,assessment,3,2024-04-26,2024-05-05,,2024-05-05T18:49:54Z,2026-05-31T23:59:59Z
STG-00000216,APP-0000101,interview,4,2024-05-05,2024-05-14,,2024-05-14T08:29:28Z,2026-05-31T23:59:59Z
STG-00000217,APP-0000101,offer,5,2024-05-14,2024-05-16,offer_withdrawn,2024-05-16T08:52:14Z,2026-05-31T23:59:59Z
STG-00000218,APP-0000102,review,1,2024-04-20,2024-04-22,,2024-04-22T15:28:47Z,2026-05-31T23:59:59Z
STG-00000219,APP-0000102,screen,2,2024-04-22,2024-04-25,,2024-04-25T14:18:33Z,2026-05-31T23:59:59Z
STG-00000220,APP-0000102,assessment,3,2024-04-25,2024-05-05,,2024-05-05T13:04:30Z,2026-05-31T23:59:59Z
STG-00000221,APP-0000102,interview,4,2024-05-05,2024-05-11,,2024-05-11T19:30:16Z,2026-05-31T23:59:59Z
STG-00000222,APP-0000102,offer,5,2024-05-11,2024-05-14,,2024-05-14T08:46:42Z,2026-05-31T23:59:59Z
STG-00000223,APP-0000103,review,1,2024-04-26,2024-05-02,,2024-05-02T09:43:00Z,2026-05-31T23:59:59Z
STG-00000224,APP-0000103,screen,2,2024-05-02,2024-05-05,withdrawn,2024-05-05T11:54:47Z,2026-05-31T23:59:59Z
STG-00000225,APP-0000104,review,1,2024-04-27,2024-04-29,rejected,2024-04-29T11:43:13Z,2026-05-31T23:59:59Z
STG-00000226,APP-0000105,review,1,2024-04-29,2024-05-03,,2024-05-03T09:44:11Z,2026-05-31T23:59:59Z
STG-00000227,APP-0000105,screen,2,2024-05-03,2024-05-06,rejected,2024-05-06T11:29:01Z,2026-05-31T23:59:59Z
STG-00000228,APP-0000106,review,1,2024-05-02,2024-05-03,,2024-05-03T11:59:40Z,2026-05-31T23:59:59Z
STG-00000229,APP-0000106,screen,2,2024-05-03,2024-05-09,,2024-05-09T14:18:34Z,2026-05-31T23:59:59Z
STG-00000230,APP-0000106,assessment,3,2024-05-09,2024-05-13,,2024-05-13T17:07:43Z,2026-05-31T23:59:59Z
STG-00000231,APP-0000106,interview,4,2024-05-13,2024-05-19,rejected,2024-05-19T09:28:41Z,2026-05-31T23:59:59Z
STG-00000232,APP-0000107,review,1,2024-05-09,2024-05-16,,2024-05-16T17:40:03Z,2026-05-31T23:59:59Z
STG-00000233,APP-0000107,screen,2,2024-05-16,2024-05-20,,2024-05-20T17:47:17Z,2026-05-31T23:59:59Z
STG-00000234,APP-0000107,assessment,3,2024-05-20,2024-05-28,,2024-05-28T09:46:46Z,2026-05-31T23:59:59Z
STG-00000235,APP-0000107,interview,4,2024-05-28,2024-06-21,,2024-06-21T13:20:16Z,2026-05-31T23:59:59Z
STG-00000236,APP-0000107,offer,5,2024-06-21,2024-06-24,,2024-06-24T18:58:50Z,2026-05-31T23:59:59Z
STG-00000237,APP-0000108,review,1,2024-05-14,2024-05-17,rejected,2024-05-17T13:44:28Z,2026-05-31T23:59:59Z
STG-00000238,APP-0000109,review,1,2024-05-15,2024-05-18,rejected,2024-05-18T11:08:29Z,2026-05-31T23:59:59Z
STG-00000239,APP-0000110,review,1,2024-05-18,2024-05-25,withdrawn,2024-05-25T08:55:23Z,2026-05-31T23:59:59Z
STG-00000240,APP-0000111,review,1,2024-05-19,2024-05-26,,2024-05-26T11:09:12Z,2026-05-31T23:59:59Z
STG-00000241,APP-0000111,screen,2,2024-05-26,2024-05-30,,2024-05-30T14:06:06Z,2026-05-31T23:59:59Z
STG-00000242,APP-0000111,assessment,3,2024-05-30,2024-06-04,rejected,2024-06-04T18:59:00Z,2026-05-31T23:59:59Z
STG-00000243,APP-0000112,review,1,2024-05-19,2024-05-24,,2024-05-24T09:55:46Z,2026-05-31T23:59:59Z
STG-00000244,APP-0000112,screen,2,2024-05-24,2024-05-26,,2024-05-26T17:33:53Z,2026-05-31T23:59:59Z
STG-00000245,APP-0000112,assessment,3,2024-05-26,2024-06-02,,2024-06-02T12:35:35Z,2026-05-31T23:59:59Z
STG-00000246,APP-0000112,interview,4,2024-06-02,2024-06-09,,2024-06-09T08:45:33Z,2026-05-31T23:59:59Z
STG-00000247,APP-0000112,offer,5,2024-06-09,2024-06-12,,2024-06-12T13:48:43Z,2026-05-31T23:59:59Z
STG-00000248,APP-0000113,review,1,2024-05-20,2024-05-26,rejected,2024-05-26T12:26:18Z,2026-05-31T23:59:59Z
STG-00000249,APP-0000114,review,1,2024-05-20,2024-05-27,,2024-05-27T08:20:12Z,2026-05-31T23:59:59Z
STG-00000250,APP-0000114,screen,2,2024-05-27,2024-05-31,,2024-05-31T17:10:49Z,2026-05-31T23:59:59Z
STG-00000251,APP-0000114,assessment,3,2024-05-31,2024-06-03,rejected,2024-06-03T08:55:43Z,2026-05-31T23:59:59Z
STG-00000252,APP-0000115,review,1,2024-05-21,2024-05-27,rejected,2024-05-27T13:21:57Z,2026-05-31T23:59:59Z
STG-00000253,APP-0000116,review,1,2024-05-22,2024-05-24,rejected,2024-05-24T15:50:59Z,2026-05-31T23:59:59Z
STG-00000254,APP-0000117,review,1,2024-05-22,2024-05-26,,2024-05-26T11:56:48Z,2026-05-31T23:59:59Z
STG-00000255,APP-0000117,screen,2,2024-05-26,2024-06-01,rejected,2024-06-01T13:36:22Z,2026-05-31T23:59:59Z
STG-00000256,APP-0000118,review,1,2024-05-22,2024-05-27,rejected,2024-05-27T08:57:16Z,2026-05-31T23:59:59Z
STG-00000257,APP-0000119,review,1,2024-05-23,2024-05-27,,2024-05-27T19:22:34Z,2026-05-31T23:59:59Z
STG-00000258,APP-0000119,screen,2,2024-05-27,2024-05-29,,2024-05-29T17:22:51Z,2026-05-31T23:59:59Z
STG-00000259,APP-0000119,assessment,3,2024-05-29,2024-06-02,rejected,2024-06-02T14:53:49Z,2026-05-31T23:59:59Z
STG-00000260,APP-0000120,review,1,2024-05-23,2024-05-26,rejected,2024-05-26T10:38:18Z,2026-05-31T23:59:59Z
STG-00000261,APP-0000121,review,1,2024-05-24,2024-06-01,rejected,2024-06-01T12:51:24Z,2026-05-31T23:59:59Z
STG-00000262,APP-0000122,review,1,2024-05-25,2024-05-27,,2024-05-27T08:06:14Z,2026-05-31T23:59:59Z
STG-00000263,APP-0000122,screen,2,2024-05-27,2024-06-03,withdrawn,2024-06-03T13:15:12Z,2026-05-31T23:59:59Z
STG-00000264,APP-0000123,review,1,2024-05-27,2024-05-30,rejected,2024-05-30T09:21:07Z,2026-05-31T23:59:59Z
STG-00000265,APP-0000124,review,1,2024-05-27,2024-05-30,rejected,2024-05-30T11:04:53Z,2026-05-31T23:59:59Z
STG-00000266,APP-0000125,review,1,2024-05-27,2024-05-28,,2024-05-28T15:24:31Z,2026-05-31T23:59:59Z
STG-00000267,APP-0000125,screen,2,2024-05-28,2024-06-04,,2024-06-04T15:14:01Z,2026-05-31T23:59:59Z
STG-00000268,APP-0000125,assessment,3,2024-06-04,2024-06-07,,2024-06-07T11:12:40Z,2026-05-31T23:59:59Z
STG-00000269,APP-0000125,interview,4,2024-06-07,2024-06-12,rejected,2024-06-12T18:43:10Z,2026-05-31T23:59:59Z
STG-00000270,APP-0000126,review,1,2024-05-27,2024-05-30,,2024-05-30T11:33:47Z,2026-05-31T23:59:59Z
STG-00000271,APP-0000126,screen,2,2024-05-30,2024-06-06,withdrawn,2024-06-06T11:42:05Z,2026-05-31T23:59:59Z
STG-00000272,APP-0000127,review,1,2024-05-28,2024-06-02,,2024-06-02T08:07:19Z,2026-05-31T23:59:59Z
STG-00000273,APP-0000127,screen,2,2024-06-02,2024-06-06,rejected,2024-06-06T12:27:13Z,2026-05-31T23:59:59Z
STG-00000274,APP-0000128,review,1,2024-05-30,2024-06-03,rejected,2024-06-03T10:37:54Z,2026-05-31T23:59:59Z
STG-00000275,APP-0000129,review,1,2024-05-31,2024-06-05,rejected,2024-06-05T16:06:44Z,2026-05-31T23:59:59Z
STG-00000276,APP-0000130,review,1,2024-05-31,2024-06-02,,2024-06-02T09:14:22Z,2026-05-31T23:59:59Z
STG-00000277,APP-0000130,screen,2,2024-06-02,2024-06-08,,2024-06-08T14:04:40Z,2026-05-31T23:59:59Z
STG-00000278,APP-0000130,assessment,3,2024-06-08,2024-06-13,,2024-06-13T13:46:17Z,2026-05-31T23:59:59Z
STG-00000279,APP-0000130,interview,4,2024-06-13,2024-06-18,rejected,2024-06-18T16:44:47Z,2026-05-31T23:59:59Z
STG-00000280,APP-0000131,review,1,2024-05-31,2024-06-01,,2024-06-01T12:59:00Z,2026-05-31T23:59:59Z
STG-00000281,APP-0000131,screen,2,2024-06-01,2024-06-03,rejected,2024-06-03T18:17:38Z,2026-05-31T23:59:59Z
STG-00000282,APP-0000132,review,1,2024-06-01,2024-06-05,,2024-06-05T15:51:20Z,2026-05-31T23:59:59Z
STG-00000283,APP-0000132,screen,2,2024-06-05,2024-06-08,,2024-06-08T17:15:26Z,2026-05-31T23:59:59Z
STG-00000284,APP-0000132,assessment,3,2024-06-08,2024-06-12,,2024-06-12T15:35:41Z,2026-05-31T23:59:59Z
STG-00000285,APP-0000132,interview,4,2024-06-12,2024-06-23,rejected,2024-06-23T11:29:31Z,2026-05-31T23:59:59Z
STG-00000286,APP-0000133,review,1,2024-06-03,2024-06-11,rejected,2024-06-11T18:56:33Z,2026-05-31T23:59:59Z
STG-00000287,APP-0000134,review,1,2024-06-04,2024-06-11,,2024-06-11T10:18:31Z,2026-05-31T23:59:59Z
STG-00000288,APP-0000134,screen,2,2024-06-11,2024-06-15,,2024-06-15T18:13:58Z,2026-05-31T23:59:59Z
STG-00000289,APP-0000134,assessment,3,2024-06-15,2024-06-20,,2024-06-20T18:16:16Z,2026-05-31T23:59:59Z
STG-00000290,APP-0000134,interview,4,2024-06-20,2024-06-26,,2024-06-26T15:19:49Z,2026-05-31T23:59:59Z
STG-00000291,APP-0000134,offer,5,2024-06-26,2024-06-27,,2024-06-27T08:37:23Z,2026-05-31T23:59:59Z
STG-00000292,APP-0000135,review,1,2024-06-05,2024-06-13,,2024-06-13T13:39:05Z,2026-05-31T23:59:59Z
STG-00000293,APP-0000135,screen,2,2024-06-13,2024-06-20,rejected,2024-06-20T13:46:23Z,2026-05-31T23:59:59Z
STG-00000294,APP-0000136,review,1,2024-06-06,2024-06-08,rejected,2024-06-08T17:28:44Z,2026-05-31T23:59:59Z
STG-00000295,APP-0000137,review,1,2024-06-06,2024-06-11,,2024-06-11T08:49:30Z,2026-05-31T23:59:59Z
STG-00000296,APP-0000137,screen,2,2024-06-11,2024-06-14,,2024-06-14T09:44:00Z,2026-05-31T23:59:59Z
STG-00000297,APP-0000137,assessment,3,2024-06-14,2024-06-17,rejected,2024-06-17T19:17:10Z,2026-05-31T23:59:59Z
STG-00000298,APP-0000138,review,1,2024-06-07,2024-06-13,,2024-06-13T14:34:15Z,2026-05-31T23:59:59Z
STG-00000299,APP-0000138,screen,2,2024-06-13,2024-06-18,,2024-06-18T17:02:41Z,2026-05-31T23:59:59Z
STG-00000300,APP-0000138,assessment,3,2024-06-18,2024-06-22,rejected,2024-06-22T19:45:47Z,2026-05-31T23:59:59Z
STG-00000301,APP-0000139,review,1,2024-06-08,2024-06-13,,2024-06-13T12:44:45Z,2026-05-31T23:59:59Z
STG-00000302,APP-0000139,screen,2,2024-06-13,2024-06-17,,2024-06-17T12:03:19Z,2026-05-31T23:59:59Z
STG-00000303,APP-0000139,assessment,3,2024-06-17,2024-06-24,withdrawn,2024-06-24T18:20:01Z,2026-05-31T23:59:59Z
STG-00000304,APP-0000140,review,1,2024-06-09,2024-06-20,,2024-06-20T19:01:06Z,2026-05-31T23:59:59Z
STG-00000305,APP-0000140,screen,2,2024-06-20,2024-06-27,,2024-06-27T10:02:12Z,2026-05-31T23:59:59Z
STG-00000306,APP-0000140,assessment,3,2024-06-27,2024-07-04,withdrawn,2024-07-04T11:27:26Z,2026-05-31T23:59:59Z
STG-00000307,APP-0000141,review,1,2024-06-11,2024-06-12,,2024-06-12T15:08:56Z,2026-05-31T23:59:59Z
STG-00000308,APP-0000141,screen,2,2024-06-12,2024-06-17,,2024-06-17T13:11:53Z,2026-05-31T23:59:59Z
STG-00000309,APP-0000141,assessment,3,2024-06-17,2024-07-01,,2024-07-01T15:20:47Z,2026-05-31T23:59:59Z
STG-00000310,APP-0000141,interview,4,2024-07-01,2024-07-08,rejected,2024-07-08T08:13:30Z,2026-05-31T23:59:59Z
STG-00000311,APP-0000142,review,1,2024-06-13,2024-06-19,,2024-06-19T19:23:40Z,2026-05-31T23:59:59Z
STG-00000312,APP-0000142,screen,2,2024-06-19,2024-06-29,,2024-06-29T17:21:10Z,2026-05-31T23:59:59Z
STG-00000313,APP-0000142,assessment,3,2024-06-29,2024-07-04,rejected,2024-07-04T19:04:48Z,2026-05-31T23:59:59Z
STG-00000314,APP-0000143,review,1,2024-06-13,2024-06-19,withdrawn,2024-06-19T19:56:35Z,2026-05-31T23:59:59Z
STG-00000315,APP-0000144,review,1,2024-06-13,2024-06-15,,2024-06-15T09:40:53Z,2026-05-31T23:59:59Z
STG-00000316,APP-0000144,screen,2,2024-06-15,2024-06-17,,2024-06-17T11:45:35Z,2026-05-31T23:59:59Z
STG-00000317,APP-0000144,assessment,3,2024-06-17,2024-06-22,,2024-06-22T15:26:01Z,2026-05-31T23:59:59Z
STG-00000318,APP-0000144,interview,4,2024-06-22,2024-07-30,,2024-07-30T19:40:08Z,2026-05-31T23:59:59Z
STG-00000319,APP-0000144,offer,5,2024-07-30,2024-08-03,,2024-08-03T13:33:02Z,2026-05-31T23:59:59Z
STG-00000320,APP-0000145,review,1,2024-06-15,2024-06-19,rejected,2024-06-19T16:19:53Z,2026-05-31T23:59:59Z
STG-00000321,APP-0000146,review,1,2024-06-16,2024-06-19,,2024-06-19T12:49:03Z,2026-05-31T23:59:59Z
STG-00000322,APP-0000146,screen,2,2024-06-19,2024-06-30,rejected,2024-06-30T14:29:25Z,2026-05-31T23:59:59Z
STG-00000323,APP-0000147,review,1,2024-06-17,2024-06-21,rejected,2024-06-21T18:44:35Z,2026-05-31T23:59:59Z
STG-00000324,APP-0000148,review,1,2024-06-19,2024-06-22,,2024-06-22T18:47:12Z,2026-05-31T23:59:59Z
STG-00000325,APP-0000148,screen,2,2024-06-22,2024-06-26,rejected,2024-06-26T15:16:54Z,2026-05-31T23:59:59Z
STG-00000326,APP-0000149,review,1,2024-06-20,2024-06-25,,2024-06-25T12:51:40Z,2026-05-31T23:59:59Z
STG-00000327,APP-0000149,screen,2,2024-06-25,2024-07-03,rejected,2024-07-03T12:33:14Z,2026-05-31T23:59:59Z
STG-00000328,APP-0000150,review,1,2024-06-20,2024-06-25,,2024-06-25T10:41:31Z,2026-05-31T23:59:59Z
STG-00000329,APP-0000150,screen,2,2024-06-25,2024-07-01,,2024-07-01T13:24:29Z,2026-05-31T23:59:59Z
STG-00000330,APP-0000150,assessment,3,2024-07-01,2024-07-03,rejected,2024-07-03T10:25:44Z,2026-05-31T23:59:59Z
STG-00000331,APP-0000151,review,1,2024-06-21,2024-06-24,,2024-06-24T12:44:46Z,2026-05-31T23:59:59Z
STG-00000332,APP-0000151,screen,2,2024-06-24,2024-06-27,,2024-06-27T14:41:08Z,2026-05-31T23:59:59Z
STG-00000333,APP-0000151,assessment,3,2024-06-27,2024-07-02,rejected,2024-07-02T11:30:26Z,2026-05-31T23:59:59Z
STG-00000334,APP-0000152,review,1,2024-06-22,2024-07-05,rejected,2024-07-05T13:20:49Z,2026-05-31T23:59:59Z
STG-00000335,APP-0000153,review,1,2024-06-22,2024-06-26,rejected,2024-06-26T08:12:23Z,2026-05-31T23:59:59Z
STG-00000336,APP-0000154,review,1,2024-06-22,2024-06-25,rejected,2024-06-25T08:03:41Z,2026-05-31T23:59:59Z
STG-00000337,APP-0000155,review,1,2024-06-23,2024-06-25,,2024-06-25T16:51:23Z,2026-05-31T23:59:59Z
STG-00000338,APP-0000155,screen,2,2024-06-25,2024-06-26,withdrawn,2024-06-26T10:14:50Z,2026-05-31T23:59:59Z
STG-00000339,APP-0000156,review,1,2024-06-24,2024-06-29,,2024-06-29T19:36:44Z,2026-05-31T23:59:59Z
STG-00000340,APP-0000156,screen,2,2024-06-29,2024-07-01,,2024-07-01T17:19:43Z,2026-05-31T23:59:59Z
STG-00000341,APP-0000156,assessment,3,2024-07-01,2024-07-08,rejected,2024-07-08T11:35:21Z,2026-05-31T23:59:59Z
STG-00000342,APP-0000157,review,1,2024-06-27,2024-07-14,,2024-07-14T16:52:19Z,2026-05-31T23:59:59Z
STG-00000343,APP-0000157,screen,2,2024-07-14,2024-07-18,,2024-07-18T09:52:21Z,2026-05-31T23:59:59Z
STG-00000344,APP-0000157,assessment,3,2024-07-18,2024-07-24,,2024-07-24T19:41:42Z,2026-05-31T23:59:59Z
STG-00000345,APP-0000157,interview,4,2024-07-24,2024-08-09,rejected,2024-08-09T12:40:00Z,2026-05-31T23:59:59Z
STG-00000346,APP-0000158,review,1,2024-06-30,2024-07-02,rejected,2024-07-02T08:23:54Z,2026-05-31T23:59:59Z
STG-00000347,APP-0000159,review,1,2024-07-01,2024-07-03,,2024-07-03T10:08:12Z,2026-05-31T23:59:59Z
STG-00000348,APP-0000159,screen,2,2024-07-03,2024-07-10,,2024-07-10T16:45:17Z,2026-05-31T23:59:59Z
STG-00000349,APP-0000159,assessment,3,2024-07-10,2024-07-25,,2024-07-25T17:35:07Z,2026-05-31T23:59:59Z
STG-00000350,APP-0000159,interview,4,2024-07-25,2024-08-09,rejected,2024-08-09T14:39:42Z,2026-05-31T23:59:59Z
STG-00000351,APP-0000160,review,1,2024-07-02,2024-07-10,rejected,2024-07-10T15:06:32Z,2026-05-31T23:59:59Z
STG-00000352,APP-0000161,review,1,2024-07-18,2024-07-21,rejected,2024-07-21T13:17:54Z,2026-05-31T23:59:59Z
STG-00000353,APP-0000162,review,1,2024-08-05,2024-08-08,rejected,2024-08-08T13:44:52Z,2026-05-31T23:59:59Z
STG-00000354,APP-0000163,review,1,2024-08-06,2024-08-14,,2024-08-14T12:01:59Z,2026-05-31T23:59:59Z
STG-00000355,APP-0000163,screen,2,2024-08-14,2024-08-23,,2024-08-23T15:43:29Z,2026-05-31T23:59:59Z
STG-00000356,APP-0000163,assessment,3,2024-08-23,2024-08-27,,2024-08-27T17:17:15Z,2026-05-31T23:59:59Z
STG-00000357,APP-0000163,interview,4,2024-08-27,2024-09-02,rejected,2024-09-02T19:00:29Z,2026-05-31T23:59:59Z
STG-00000358,APP-0000164,review,1,2024-08-09,2024-08-11,withdrawn,2024-08-11T14:38:20Z,2026-05-31T23:59:59Z
STG-00000359,APP-0000165,review,1,2024-08-13,2024-08-16,rejected,2024-08-16T19:12:10Z,2026-05-31T23:59:59Z
STG-00000360,APP-0000166,review,1,2024-08-15,2024-08-17,,2024-08-17T08:49:49Z,2026-05-31T23:59:59Z
STG-00000361,APP-0000166,screen,2,2024-08-17,2024-08-25,,2024-08-25T13:06:03Z,2026-05-31T23:59:59Z
STG-00000362,APP-0000166,assessment,3,2024-08-25,2024-08-29,,2024-08-29T14:32:33Z,2026-05-31T23:59:59Z
STG-00000363,APP-0000166,interview,4,2024-08-29,2024-09-05,,2024-09-05T11:00:39Z,2026-05-31T23:59:59Z
STG-00000364,APP-0000166,offer,5,2024-09-05,2024-09-13,,2024-09-13T09:17:40Z,2026-05-31T23:59:59Z
STG-00000365,APP-0000167,review,1,2024-08-17,2024-08-21,rejected,2024-08-21T19:42:26Z,2026-05-31T23:59:59Z
STG-00000366,APP-0000168,review,1,2024-08-20,2024-08-25,,2024-08-25T17:48:08Z,2026-05-31T23:59:59Z
STG-00000367,APP-0000168,screen,2,2024-08-25,2024-08-26,,2024-08-26T15:34:38Z,2026-05-31T23:59:59Z
STG-00000368,APP-0000168,assessment,3,2024-08-26,2024-09-08,rejected,2024-09-08T09:10:55Z,2026-05-31T23:59:59Z
STG-00000369,APP-0000169,review,1,2024-08-21,2024-08-22,rejected,2024-08-22T17:05:13Z,2026-05-31T23:59:59Z
STG-00000370,APP-0000170,review,1,2024-08-21,2024-08-26,rejected,2024-08-26T11:47:56Z,2026-05-31T23:59:59Z
STG-00000371,APP-0000171,review,1,2024-08-25,2024-08-28,,2024-08-28T09:54:02Z,2026-05-31T23:59:59Z
STG-00000372,APP-0000171,screen,2,2024-08-28,2024-08-31,withdrawn,2024-08-31T17:52:00Z,2026-05-31T23:59:59Z
STG-00000373,APP-0000172,review,1,2024-08-27,2024-08-30,,2024-08-30T18:54:14Z,2026-05-31T23:59:59Z
STG-00000374,APP-0000172,screen,2,2024-08-30,2024-09-04,rejected,2024-09-04T19:16:05Z,2026-05-31T23:59:59Z
STG-00000375,APP-0000173,review,1,2024-08-30,2024-09-06,rejected,2024-09-06T16:02:43Z,2026-05-31T23:59:59Z
STG-00000376,APP-0000174,review,1,2024-08-30,2024-09-02,,2024-09-02T09:35:21Z,2026-05-31T23:59:59Z
STG-00000377,APP-0000174,screen,2,2024-09-02,2024-09-04,rejected,2024-09-04T16:27:59Z,2026-05-31T23:59:59Z
STG-00000378,APP-0000175,review,1,2024-09-03,2024-09-08,,2024-09-08T12:09:02Z,2026-05-31T23:59:59Z
STG-00000379,APP-0000175,screen,2,2024-09-08,2024-09-15,rejected,2024-09-15T14:42:16Z,2026-05-31T23:59:59Z
STG-00000380,APP-0000176,review,1,2024-09-04,2024-09-10,,2024-09-10T13:20:35Z,2026-05-31T23:59:59Z
STG-00000381,APP-0000176,screen,2,2024-09-10,2024-09-15,rejected,2024-09-15T09:58:13Z,2026-05-31T23:59:59Z
STG-00000382,APP-0000177,review,1,2024-09-12,2024-09-15,rejected,2024-09-15T13:43:43Z,2026-05-31T23:59:59Z
STG-00000383,APP-0000178,review,1,2024-10-24,2024-10-29,,2024-10-29T17:10:49Z,2026-05-31T23:59:59Z
STG-00000384,APP-0000178,screen,2,2024-10-29,2024-11-04,,2024-11-04T17:42:18Z,2026-05-31T23:59:59Z
STG-00000385,APP-0000178,assessment,3,2024-11-04,2024-11-12,,2024-11-12T11:33:00Z,2026-05-31T23:59:59Z
STG-00000386,APP-0000178,interview,4,2024-11-12,2024-11-21,rejected,2024-11-21T12:46:14Z,2026-05-31T23:59:59Z
STG-00000387,APP-0000179,review,1,2024-10-29,2024-11-04,,2024-11-04T12:49:04Z,2026-05-31T23:59:59Z
STG-00000388,APP-0000179,screen,2,2024-11-04,2024-11-12,rejected,2024-11-12T11:08:01Z,2026-05-31T23:59:59Z
STG-00000389,APP-0000180,review,1,2024-10-30,2024-11-10,rejected,2024-11-10T16:06:31Z,2026-05-31T23:59:59Z
STG-00000390,APP-0000181,review,1,2024-10-30,2024-11-08,rejected,2024-11-08T18:59:46Z,2026-05-31T23:59:59Z
STG-00000391,APP-0000182,review,1,2024-11-01,2024-11-10,rejected,2024-11-10T08:59:32Z,2026-05-31T23:59:59Z
STG-00000392,APP-0000183,review,1,2024-11-01,2024-11-05,withdrawn,2024-11-05T13:34:06Z,2026-05-31T23:59:59Z
STG-00000393,APP-0000184,review,1,2024-11-02,2024-11-06,,2024-11-06T11:39:04Z,2026-05-31T23:59:59Z
STG-00000394,APP-0000184,screen,2,2024-11-06,2024-11-25,,2024-11-25T17:32:43Z,2026-05-31T23:59:59Z
STG-00000395,APP-0000184,assessment,3,2024-11-25,2024-11-26,rejected,2024-11-26T10:55:41Z,2026-05-31T23:59:59Z
STG-00000396,APP-0000185,review,1,2024-11-05,2024-11-11,rejected,2024-11-11T12:15:19Z,2026-05-31T23:59:59Z
STG-00000397,APP-0000186,review,1,2024-11-11,2024-11-17,rejected,2024-11-17T13:06:09Z,2026-05-31T23:59:59Z
STG-00000398,APP-0000187,review,1,2024-11-12,2024-11-17,,2024-11-17T12:24:48Z,2026-05-31T23:59:59Z
STG-00000399,APP-0000187,screen,2,2024-11-17,2024-11-20,,2024-11-20T09:56:22Z,2026-05-31T23:59:59Z
STG-00000400,APP-0000187,assessment,3,2024-11-20,2024-11-26,rejected,2024-11-26T10:57:50Z,2026-05-31T23:59:59Z
STG-00000401,APP-0000188,review,1,2024-11-14,2024-11-20,,2024-11-20T10:21:44Z,2026-05-31T23:59:59Z
STG-00000402,APP-0000188,screen,2,2024-11-20,2024-11-28,,2024-11-28T12:27:46Z,2026-05-31T23:59:59Z
STG-00000403,APP-0000188,assessment,3,2024-11-28,2024-12-03,rejected,2024-12-03T12:12:04Z,2026-05-31T23:59:59Z
STG-00000404,APP-0000189,review,1,2024-11-17,2024-11-23,,2024-11-23T13:04:55Z,2026-05-31T23:59:59Z
STG-00000405,APP-0000189,screen,2,2024-11-23,2024-11-26,,2024-11-26T15:43:29Z,2026-05-31T23:59:59Z
STG-00000406,APP-0000189,assessment,3,2024-11-26,2024-12-01,,2024-12-01T09:56:43Z,2026-05-31T23:59:59Z
STG-00000407,APP-0000189,interview,4,2024-12-01,2024-12-21,,2024-12-21T10:57:17Z,2026-05-31T23:59:59Z
STG-00000408,APP-0000189,offer,5,2024-12-21,2024-12-24,,2024-12-24T17:49:16Z,2026-05-31T23:59:59Z
STG-00000409,APP-0000190,review,1,2024-11-23,2024-11-26,rejected,2024-11-26T09:20:10Z,2026-05-31T23:59:59Z
STG-00000410,APP-0000191,review,1,2024-11-23,2024-11-26,withdrawn,2024-11-26T14:58:55Z,2026-05-31T23:59:59Z
STG-00000411,APP-0000192,review,1,2024-11-23,2024-12-02,rejected,2024-12-02T18:54:49Z,2026-05-31T23:59:59Z
STG-00000412,APP-0000193,review,1,2024-11-30,2024-12-03,,2024-12-03T14:13:23Z,2026-05-31T23:59:59Z
STG-00000413,APP-0000193,screen,2,2024-12-03,2024-12-06,,2024-12-06T11:01:41Z,2026-05-31T23:59:59Z
STG-00000414,APP-0000193,assessment,3,2024-12-06,2024-12-11,,2024-12-11T16:38:14Z,2026-05-31T23:59:59Z
STG-00000415,APP-0000193,interview,4,2024-12-11,2024-12-18,rejected,2024-12-18T19:16:48Z,2026-05-31T23:59:59Z
STG-00000416,APP-0000194,review,1,2024-12-09,2024-12-19,,2024-12-19T16:42:02Z,2026-05-31T23:59:59Z
STG-00000417,APP-0000194,screen,2,2024-12-19,2024-12-23,withdrawn,2024-12-23T10:14:36Z,2026-05-31T23:59:59Z
STG-00000418,APP-0000195,review,1,2024-12-10,2024-12-13,rejected,2024-12-13T19:56:13Z,2026-05-31T23:59:59Z
STG-00000419,APP-0000196,review,1,2024-12-16,2024-12-20,rejected,2024-12-20T18:26:19Z,2026-05-31T23:59:59Z
STG-00000420,APP-0000197,review,1,2024-12-20,2024-12-30,rejected,2024-12-30T18:21:32Z,2026-05-31T23:59:59Z
STG-00000421,APP-0000198,review,1,2024-12-20,2024-12-24,rejected,2024-12-24T11:02:18Z,2026-05-31T23:59:59Z
STG-00000422,APP-0000199,review,1,2024-12-20,2024-12-28,,2024-12-28T15:21:36Z,2026-05-31T23:59:59Z
STG-00000423,APP-0000199,screen,2,2024-12-28,2025-01-02,rejected,2025-01-02T11:34:46Z,2026-05-31T23:59:59Z
STG-00000424,APP-0000200,review,1,2024-12-21,2024-12-27,,2024-12-27T14:56:53Z,2026-05-31T23:59:59Z
STG-00000425,APP-0000200,screen,2,2024-12-27,2025-01-04,,2025-01-04T18:18:11Z,2026-05-31T23:59:59Z
STG-00000426,APP-0000200,assessment,3,2025-01-04,2025-01-09,withdrawn,2025-01-09T08:32:25Z,2026-05-31T23:59:59Z
STG-00000427,APP-0000201,review,1,2024-12-21,2024-12-29,,2024-12-29T10:35:59Z,2026-05-31T23:59:59Z
STG-00000428,APP-0000201,screen,2,2024-12-29,2025-01-09,,2025-01-09T12:30:22Z,2026-05-31T23:59:59Z
STG-00000429,APP-0000201,assessment,3,2025-01-09,2025-01-14,rejected,2025-01-14T09:38:16Z,2026-05-31T23:59:59Z
STG-00000430,APP-0000202,review,1,2024-12-21,2024-12-25,,2024-12-25T14:22:37Z,2026-05-31T23:59:59Z
STG-00000431,APP-0000202,screen,2,2024-12-25,2024-12-29,withdrawn,2024-12-29T14:30:19Z,2026-05-31T23:59:59Z
STG-00000432,APP-0000203,review,1,2024-12-24,2024-12-28,rejected,2024-12-28T13:39:13Z,2026-05-31T23:59:59Z
STG-00000433,APP-0000204,review,1,2024-12-26,2025-01-06,,2025-01-06T12:47:19Z,2026-05-31T23:59:59Z
STG-00000434,APP-0000204,screen,2,2025-01-06,2025-01-11,,2025-01-11T10:30:12Z,2026-05-31T23:59:59Z
STG-00000435,APP-0000204,assessment,3,2025-01-11,2025-01-15,,2025-01-15T16:46:26Z,2026-05-31T23:59:59Z
STG-00000436,APP-0000204,interview,4,2025-01-15,2025-02-07,,2025-02-07T11:49:44Z,2026-05-31T23:59:59Z
STG-00000437,APP-0000204,offer,5,2025-02-07,2025-02-09,,2025-02-09T12:16:14Z,2026-05-31T23:59:59Z
STG-00000438,APP-0000205,review,1,2024-12-29,2025-01-01,,2025-01-01T09:20:31Z,2026-05-31T23:59:59Z
STG-00000439,APP-0000205,screen,2,2025-01-01,2025-01-06,,2025-01-06T13:06:17Z,2026-05-31T23:59:59Z
STG-00000440,APP-0000205,assessment,3,2025-01-06,2025-01-10,,2025-01-10T19:39:22Z,2026-05-31T23:59:59Z
STG-00000441,APP-0000205,interview,4,2025-01-10,2025-02-13,rejected,2025-02-13T09:00:44Z,2026-05-31T23:59:59Z
STG-00000442,APP-0000206,review,1,2025-01-02,2025-01-08,,2025-01-08T11:37:42Z,2026-05-31T23:59:59Z
STG-00000443,APP-0000206,screen,2,2025-01-08,2025-01-16,,2025-01-16T09:24:32Z,2026-05-31T23:59:59Z
STG-00000444,APP-0000206,assessment,3,2025-01-16,2025-01-25,rejected,2025-01-25T14:37:39Z,2026-05-31T23:59:59Z
STG-00000445,APP-0000207,review,1,2025-01-20,2025-01-23,,2025-01-23T18:33:09Z,2026-05-31T23:59:59Z
STG-00000446,APP-0000207,screen,2,2025-01-23,2025-02-08,withdrawn,2025-02-08T12:32:31Z,2026-05-31T23:59:59Z
STG-00000447,APP-0000208,review,1,2025-01-23,2025-01-26,,2025-01-26T12:16:09Z,2026-05-31T23:59:59Z
STG-00000448,APP-0000208,screen,2,2025-01-26,2025-01-31,,2025-01-31T08:06:48Z,2026-05-31T23:59:59Z
STG-00000449,APP-0000208,assessment,3,2025-01-31,2025-02-08,,2025-02-08T16:10:54Z,2026-05-31T23:59:59Z
STG-00000450,APP-0000208,interview,4,2025-02-08,2025-02-13,rejected,2025-02-13T15:05:15Z,2026-05-31T23:59:59Z
STG-00000451,APP-0000209,review,1,2025-01-23,2025-02-01,rejected,2025-02-01T08:58:37Z,2026-05-31T23:59:59Z
STG-00000452,APP-0000210,review,1,2025-01-23,2025-01-25,,2025-01-25T09:58:31Z,2026-05-31T23:59:59Z
STG-00000453,APP-0000210,screen,2,2025-01-25,2025-02-01,withdrawn,2025-02-01T16:49:21Z,2026-05-31T23:59:59Z
STG-00000454,APP-0000211,review,1,2025-01-25,2025-01-31,,2025-01-31T15:03:14Z,2026-05-31T23:59:59Z
STG-00000455,APP-0000211,screen,2,2025-01-31,2025-02-06,,2025-02-06T18:58:44Z,2026-05-31T23:59:59Z
STG-00000456,APP-0000211,assessment,3,2025-02-06,2025-02-08,rejected,2025-02-08T10:25:34Z,2026-05-31T23:59:59Z
STG-00000457,APP-0000212,review,1,2025-01-26,2025-02-05,rejected,2025-02-05T14:41:12Z,2026-05-31T23:59:59Z
STG-00000458,APP-0000213,review,1,2025-01-26,2025-02-07,rejected,2025-02-07T19:06:01Z,2026-05-31T23:59:59Z
STG-00000459,APP-0000214,review,1,2025-02-03,2025-02-08,,2025-02-08T10:09:19Z,2026-05-31T23:59:59Z
STG-00000460,APP-0000214,screen,2,2025-02-08,2025-02-13,withdrawn,2025-02-13T13:15:20Z,2026-05-31T23:59:59Z
STG-00000461,APP-0000215,review,1,2025-02-16,2025-02-19,rejected,2025-02-19T19:51:26Z,2026-05-31T23:59:59Z
STG-00000462,APP-0000216,review,1,2025-02-18,2025-02-20,,2025-02-20T18:29:24Z,2026-05-31T23:59:59Z
STG-00000463,APP-0000216,screen,2,2025-02-20,2025-02-22,rejected,2025-02-22T12:47:14Z,2026-05-31T23:59:59Z
STG-00000464,APP-0000217,review,1,2025-02-18,2025-02-19,,2025-02-19T15:03:13Z,2026-05-31T23:59:59Z
STG-00000465,APP-0000217,screen,2,2025-02-19,2025-02-26,withdrawn,2025-02-26T14:11:51Z,2026-05-31T23:59:59Z
STG-00000466,APP-0000218,review,1,2025-02-19,2025-02-21,rejected,2025-02-21T10:24:29Z,2026-05-31T23:59:59Z
STG-00000467,APP-0000219,review,1,2025-02-21,2025-02-24,,2025-02-24T16:40:43Z,2026-05-31T23:59:59Z
STG-00000468,APP-0000219,screen,2,2025-02-24,2025-03-01,,2025-03-01T13:00:10Z,2026-05-31T23:59:59Z
STG-00000469,APP-0000219,assessment,3,2025-03-01,2025-03-06,rejected,2025-03-06T14:39:08Z,2026-05-31T23:59:59Z
STG-00000470,APP-0000220,review,1,2025-02-22,2025-02-24,rejected,2025-02-24T12:41:13Z,2026-05-31T23:59:59Z
STG-00000471,APP-0000221,review,1,2025-02-22,2025-03-01,withdrawn,2025-03-01T14:44:15Z,2026-05-31T23:59:59Z
STG-00000472,APP-0000222,review,1,2025-02-25,2025-02-27,,2025-02-27T13:22:13Z,2026-05-31T23:59:59Z
STG-00000473,APP-0000222,screen,2,2025-02-27,2025-03-01,rejected,2025-03-01T10:34:59Z,2026-05-31T23:59:59Z
STG-00000474,APP-0000223,review,1,2025-02-27,2025-03-03,,2025-03-03T19:28:48Z,2026-05-31T23:59:59Z
STG-00000475,APP-0000223,screen,2,2025-03-03,2025-03-12,,2025-03-12T09:32:22Z,2026-05-31T23:59:59Z
STG-00000476,APP-0000223,assessment,3,2025-03-12,2025-03-15,rejected,2025-03-15T16:49:32Z,2026-05-31T23:59:59Z
STG-00000477,APP-0000224,review,1,2025-02-27,2025-03-05,withdrawn,2025-03-05T09:28:42Z,2026-05-31T23:59:59Z
STG-00000478,APP-0000225,review,1,2025-02-27,2025-03-01,rejected,2025-03-01T18:42:35Z,2026-05-31T23:59:59Z
STG-00000479,APP-0000226,review,1,2025-03-01,2025-03-06,,2025-03-06T14:59:25Z,2026-05-31T23:59:59Z
STG-00000480,APP-0000226,screen,2,2025-03-06,2025-03-11,rejected,2025-03-11T15:33:58Z,2026-05-31T23:59:59Z
STG-00000481,APP-0000227,review,1,2025-03-01,2025-03-03,rejected,2025-03-03T17:47:28Z,2026-05-31T23:59:59Z
STG-00000482,APP-0000228,review,1,2025-03-01,2025-03-08,rejected,2025-03-08T19:42:02Z,2026-05-31T23:59:59Z
STG-00000483,APP-0000229,review,1,2025-03-02,2025-03-04,withdrawn,2025-03-04T15:47:40Z,2026-05-31T23:59:59Z
STG-00000484,APP-0000230,review,1,2025-03-03,2025-03-09,rejected,2025-03-09T12:10:39Z,2026-05-31T23:59:59Z
STG-00000485,APP-0000231,review,1,2025-03-03,2025-03-12,rejected,2025-03-12T18:27:53Z,2026-05-31T23:59:59Z
STG-00000486,APP-0000232,review,1,2025-03-04,2025-03-15,rejected,2025-03-15T17:07:31Z,2026-05-31T23:59:59Z
STG-00000487,APP-0000233,review,1,2025-03-07,2025-03-08,,2025-03-08T15:18:29Z,2026-05-31T23:59:59Z
STG-00000488,APP-0000233,screen,2,2025-03-08,2025-03-13,,2025-03-13T16:09:56Z,2026-05-31T23:59:59Z
STG-00000489,APP-0000233,assessment,3,2025-03-13,2025-03-19,,2025-03-19T11:19:30Z,2026-05-31T23:59:59Z
STG-00000490,APP-0000233,interview,4,2025-03-19,2025-03-26,,2025-03-26T18:29:59Z,2026-05-31T23:59:59Z
STG-00000491,APP-0000233,offer,5,2025-03-26,2025-04-02,,2025-04-02T14:04:33Z,2026-05-31T23:59:59Z
STG-00000492,APP-0000234,review,1,2025-03-07,2025-03-09,,2025-03-09T08:38:35Z,2026-05-31T23:59:59Z
STG-00000493,APP-0000234,screen,2,2025-03-09,2025-03-12,,2025-03-12T14:37:17Z,2026-05-31T23:59:59Z
STG-00000494,APP-0000234,assessment,3,2025-03-12,2025-03-18,,2025-03-18T08:55:26Z,2026-05-31T23:59:59Z
STG-00000495,APP-0000234,interview,4,2025-03-18,2025-04-03,rejected,2025-04-03T14:23:36Z,2026-05-31T23:59:59Z
STG-00000496,APP-0000235,review,1,2025-03-08,2025-03-10,rejected,2025-03-10T18:25:22Z,2026-05-31T23:59:59Z
STG-00000497,APP-0000236,review,1,2025-03-11,2025-03-15,,2025-03-15T08:19:16Z,2026-05-31T23:59:59Z
STG-00000498,APP-0000236,screen,2,2025-03-15,2025-03-18,,2025-03-18T19:21:57Z,2026-05-31T23:59:59Z
STG-00000499,APP-0000236,assessment,3,2025-03-18,2025-03-21,rejected,2025-03-21T08:41:39Z,2026-05-31T23:59:59Z
STG-00000500,APP-0000237,review,1,2025-03-11,2025-03-13,,2025-03-13T11:32:41Z,2026-05-31T23:59:59Z
STG-00000501,APP-0000237,screen,2,2025-03-13,2025-03-17,,2025-03-17T11:20:47Z,2026-05-31T23:59:59Z
STG-00000502,APP-0000237,assessment,3,2025-03-17,2025-03-22,,2025-03-22T13:53:57Z,2026-05-31T23:59:59Z
STG-00000503,APP-0000237,interview,4,2025-03-22,2025-04-01,rejected,2025-04-01T18:34:11Z,2026-05-31T23:59:59Z
STG-00000504,APP-0000238,review,1,2025-03-11,2025-03-20,rejected,2025-03-20T17:15:44Z,2026-05-31T23:59:59Z
STG-00000505,APP-0000239,review,1,2025-03-13,2025-03-16,,2025-03-16T14:58:30Z,2026-05-31T23:59:59Z
STG-00000506,APP-0000239,screen,2,2025-03-16,2025-03-19,,2025-03-19T08:46:36Z,2026-05-31T23:59:59Z
STG-00000507,APP-0000239,assessment,3,2025-03-19,2025-03-21,withdrawn,2025-03-21T09:23:06Z,2026-05-31T23:59:59Z
STG-00000508,APP-0000240,review,1,2025-03-15,2025-03-18,,2025-03-18T18:37:31Z,2026-05-31T23:59:59Z
STG-00000509,APP-0000240,screen,2,2025-03-18,2025-03-29,,2025-03-29T12:11:41Z,2026-05-31T23:59:59Z
STG-00000510,APP-0000240,assessment,3,2025-03-29,2025-04-07,,2025-04-07T15:58:16Z,2026-05-31T23:59:59Z
STG-00000511,APP-0000240,interview,4,2025-04-07,2025-04-19,rejected,2025-04-19T19:29:18Z,2026-05-31T23:59:59Z
STG-00000512,APP-0000241,review,1,2025-03-15,2025-03-21,rejected,2025-03-21T08:36:04Z,2026-05-31T23:59:59Z
STG-00000513,APP-0000242,review,1,2025-03-16,2025-03-18,rejected,2025-03-18T12:27:14Z,2026-05-31T23:59:59Z
STG-00000514,APP-0000243,review,1,2025-03-17,2025-03-19,,2025-03-19T15:52:33Z,2026-05-31T23:59:59Z
STG-00000515,APP-0000243,screen,2,2025-03-19,2025-03-22,,2025-03-22T11:28:23Z,2026-05-31T23:59:59Z
STG-00000516,APP-0000243,assessment,3,2025-03-22,2025-03-27,,2025-03-27T15:07:25Z,2026-05-31T23:59:59Z
STG-00000517,APP-0000243,interview,4,2025-03-27,2025-04-03,rejected,2025-04-03T09:04:59Z,2026-05-31T23:59:59Z
STG-00000518,APP-0000244,review,1,2025-03-25,2025-03-28,rejected,2025-03-28T10:47:06Z,2026-05-31T23:59:59Z
STG-00000519,APP-0000245,review,1,2025-03-26,2025-04-05,rejected,2025-04-05T19:15:08Z,2026-05-31T23:59:59Z
STG-00000520,APP-0000246,review,1,2025-04-08,2025-04-12,rejected,2025-04-12T08:03:39Z,2026-05-31T23:59:59Z
STG-00000521,APP-0000247,review,1,2025-04-09,2025-04-12,rejected,2025-04-12T17:40:29Z,2026-05-31T23:59:59Z
STG-00000522,APP-0000248,review,1,2025-04-10,2025-04-12,withdrawn,2025-04-12T16:14:47Z,2026-05-31T23:59:59Z
STG-00000523,APP-0000249,review,1,2025-04-10,2025-04-14,,2025-04-14T12:51:45Z,2026-05-31T23:59:59Z
STG-00000524,APP-0000249,screen,2,2025-04-14,2025-04-18,rejected,2025-04-18T14:02:42Z,2026-05-31T23:59:59Z
STG-00000525,APP-0000250,review,1,2025-04-10,2025-04-16,,2025-04-16T17:00:04Z,2026-05-31T23:59:59Z
STG-00000526,APP-0000250,screen,2,2025-04-16,2025-04-19,,2025-04-19T13:01:34Z,2026-05-31T23:59:59Z
STG-00000527,APP-0000250,assessment,3,2025-04-19,2025-04-26,rejected,2025-04-26T10:08:56Z,2026-05-31T23:59:59Z
STG-00000528,APP-0000251,review,1,2025-04-10,2025-04-13,rejected,2025-04-13T16:03:53Z,2026-05-31T23:59:59Z
STG-00000529,APP-0000252,review,1,2025-04-10,2025-04-13,rejected,2025-04-13T16:30:55Z,2026-05-31T23:59:59Z
STG-00000530,APP-0000253,review,1,2025-04-11,2025-04-13,,2025-04-13T09:01:14Z,2026-05-31T23:59:59Z
STG-00000531,APP-0000253,screen,2,2025-04-13,2025-04-16,,2025-04-16T16:11:56Z,2026-05-31T23:59:59Z
STG-00000532,APP-0000253,assessment,3,2025-04-16,2025-04-21,rejected,2025-04-21T14:56:54Z,2026-05-31T23:59:59Z
STG-00000533,APP-0000254,review,1,2025-04-12,2025-04-14,rejected,2025-04-14T13:39:44Z,2026-05-31T23:59:59Z
STG-00000534,APP-0000255,review,1,2025-04-12,2025-04-14,,2025-04-14T09:11:31Z,2026-05-31T23:59:59Z
STG-00000535,APP-0000255,screen,2,2025-04-14,2025-04-21,,2025-04-21T15:52:53Z,2026-05-31T23:59:59Z
STG-00000536,APP-0000255,assessment,3,2025-04-21,2025-04-28,rejected,2025-04-28T11:22:23Z,2026-05-31T23:59:59Z
STG-00000537,APP-0000256,review,1,2025-04-12,2025-04-13,,2025-04-13T16:45:45Z,2026-05-31T23:59:59Z
STG-00000538,APP-0000256,screen,2,2025-04-13,2025-04-17,,2025-04-17T16:12:24Z,2026-05-31T23:59:59Z
STG-00000539,APP-0000256,assessment,3,2025-04-17,2025-04-29,,2025-04-29T16:40:30Z,2026-05-31T23:59:59Z
STG-00000540,APP-0000256,interview,4,2025-04-29,2025-05-11,rejected,2025-05-11T15:10:21Z,2026-05-31T23:59:59Z
STG-00000541,APP-0000257,review,1,2025-04-13,2025-04-15,,2025-04-15T16:55:39Z,2026-05-31T23:59:59Z
STG-00000542,APP-0000257,screen,2,2025-04-15,2025-04-23,,2025-04-23T13:47:29Z,2026-05-31T23:59:59Z
STG-00000543,APP-0000257,assessment,3,2025-04-23,2025-04-26,,2025-04-26T16:30:31Z,2026-05-31T23:59:59Z
STG-00000544,APP-0000257,interview,4,2025-04-26,2025-05-07,rejected,2025-05-07T11:52:36Z,2026-05-31T23:59:59Z
STG-00000545,APP-0000258,review,1,2025-04-13,2025-04-14,rejected,2025-04-14T10:52:02Z,2026-05-31T23:59:59Z
STG-00000546,APP-0000259,review,1,2025-04-14,2025-04-15,rejected,2025-04-15T10:38:32Z,2026-05-31T23:59:59Z
STG-00000547,APP-0000260,review,1,2025-04-14,2025-04-18,rejected,2025-04-18T09:58:22Z,2026-05-31T23:59:59Z
STG-00000548,APP-0000261,review,1,2025-04-14,2025-04-22,,2025-04-22T08:11:27Z,2026-05-31T23:59:59Z
STG-00000549,APP-0000261,screen,2,2025-04-22,2025-04-28,,2025-04-28T18:18:33Z,2026-05-31T23:59:59Z
STG-00000550,APP-0000261,assessment,3,2025-04-28,2025-04-30,rejected,2025-04-30T11:00:44Z,2026-05-31T23:59:59Z
STG-00000551,APP-0000262,review,1,2025-04-14,2025-04-16,,2025-04-16T16:28:58Z,2026-05-31T23:59:59Z
STG-00000552,APP-0000262,screen,2,2025-04-16,2025-04-21,rejected,2025-04-21T17:04:48Z,2026-05-31T23:59:59Z
STG-00000553,APP-0000263,review,1,2025-04-14,2025-04-18,,2025-04-18T18:58:46Z,2026-05-31T23:59:59Z
STG-00000554,APP-0000263,screen,2,2025-04-18,2025-04-21,,2025-04-21T19:21:41Z,2026-05-31T23:59:59Z
STG-00000555,APP-0000263,assessment,3,2025-04-21,2025-04-23,,2025-04-23T16:14:11Z,2026-05-31T23:59:59Z
STG-00000556,APP-0000263,interview,4,2025-04-23,2025-04-28,rejected,2025-04-28T08:07:05Z,2026-05-31T23:59:59Z
STG-00000557,APP-0000264,review,1,2025-04-15,2025-04-18,,2025-04-18T12:47:59Z,2026-05-31T23:59:59Z
STG-00000558,APP-0000264,screen,2,2025-04-18,2025-04-20,,2025-04-20T09:13:18Z,2026-05-31T23:59:59Z
STG-00000559,APP-0000264,assessment,3,2025-04-20,2025-04-27,,2025-04-27T10:14:16Z,2026-05-31T23:59:59Z
STG-00000560,APP-0000264,interview,4,2025-04-27,2025-05-02,rejected,2025-05-02T15:41:19Z,2026-05-31T23:59:59Z
STG-00000561,APP-0000265,review,1,2025-04-15,2025-04-19,,2025-04-19T15:13:13Z,2026-05-31T23:59:59Z
STG-00000562,APP-0000265,screen,2,2025-04-19,2025-04-28,rejected,2025-04-28T14:18:27Z,2026-05-31T23:59:59Z
STG-00000563,APP-0000266,review,1,2025-04-16,2025-04-21,rejected,2025-04-21T09:00:21Z,2026-05-31T23:59:59Z
STG-00000564,APP-0000267,review,1,2025-04-16,2025-04-18,rejected,2025-04-18T13:25:26Z,2026-05-31T23:59:59Z
STG-00000565,APP-0000268,review,1,2025-04-16,2025-04-18,,2025-04-18T12:09:52Z,2026-05-31T23:59:59Z
STG-00000566,APP-0000268,screen,2,2025-04-18,2025-04-21,,2025-04-21T19:57:30Z,2026-05-31T23:59:59Z
STG-00000567,APP-0000268,assessment,3,2025-04-21,2025-04-24,rejected,2025-04-24T09:17:48Z,2026-05-31T23:59:59Z
STG-00000568,APP-0000269,review,1,2025-04-16,2025-04-19,,2025-04-19T09:37:49Z,2026-05-31T23:59:59Z
STG-00000569,APP-0000269,screen,2,2025-04-19,2025-04-26,,2025-04-26T14:35:39Z,2026-05-31T23:59:59Z
STG-00000570,APP-0000269,assessment,3,2025-04-26,2025-05-07,,2025-05-07T08:03:42Z,2026-05-31T23:59:59Z
STG-00000571,APP-0000269,interview,4,2025-05-07,2025-05-15,,2025-05-15T17:09:28Z,2026-05-31T23:59:59Z
STG-00000572,APP-0000269,offer,5,2025-05-15,2025-05-21,,2025-05-21T09:35:46Z,2026-05-31T23:59:59Z
STG-00000573,APP-0000270,review,1,2025-04-17,2025-04-21,,2025-04-21T18:23:32Z,2026-05-31T23:59:59Z
STG-00000574,APP-0000270,screen,2,2025-04-21,2025-04-23,,2025-04-23T17:26:31Z,2026-05-31T23:59:59Z
STG-00000575,APP-0000270,assessment,3,2025-04-23,2025-04-30,rejected,2025-04-30T19:54:57Z,2026-05-31T23:59:59Z
STG-00000576,APP-0000271,review,1,2025-04-17,2025-04-21,rejected,2025-04-21T09:26:03Z,2026-05-31T23:59:59Z
STG-00000577,APP-0000272,review,1,2025-04-17,2025-04-23,rejected,2025-04-23T19:02:21Z,2026-05-31T23:59:59Z
STG-00000578,APP-0000273,review,1,2025-04-17,2025-04-18,,2025-04-18T18:38:36Z,2026-05-31T23:59:59Z
STG-00000579,APP-0000273,screen,2,2025-04-18,2025-04-21,,2025-04-21T11:37:30Z,2026-05-31T23:59:59Z
STG-00000580,APP-0000273,assessment,3,2025-04-21,2025-04-25,,2025-04-25T17:27:45Z,2026-05-31T23:59:59Z
STG-00000581,APP-0000273,interview,4,2025-04-25,2025-05-01,rejected,2025-05-01T08:05:27Z,2026-05-31T23:59:59Z
STG-00000582,APP-0000274,review,1,2025-04-18,2025-04-21,rejected,2025-04-21T10:27:09Z,2026-05-31T23:59:59Z
STG-00000583,APP-0000275,review,1,2025-04-18,2025-04-21,,2025-04-21T11:28:43Z,2026-05-31T23:59:59Z
STG-00000584,APP-0000275,screen,2,2025-04-21,2025-04-29,,2025-04-29T10:00:40Z,2026-05-31T23:59:59Z
STG-00000585,APP-0000275,assessment,3,2025-04-29,2025-05-08,rejected,2025-05-08T11:22:06Z,2026-05-31T23:59:59Z
STG-00000586,APP-0000276,review,1,2025-04-19,2025-04-24,,2025-04-24T09:36:36Z,2026-05-31T23:59:59Z
STG-00000587,APP-0000276,screen,2,2025-04-24,2025-04-29,,2025-04-29T19:23:30Z,2026-05-31T23:59:59Z
STG-00000588,APP-0000276,assessment,3,2025-04-29,2025-05-01,,2025-05-01T16:13:23Z,2026-05-31T23:59:59Z
STG-00000589,APP-0000276,interview,4,2025-05-01,2025-05-05,,2025-05-05T13:26:13Z,2026-05-31T23:59:59Z
STG-00000590,APP-0000276,offer,5,2025-05-05,2025-05-07,,2025-05-07T08:48:16Z,2026-05-31T23:59:59Z
STG-00000591,APP-0000277,review,1,2025-04-19,2025-04-22,rejected,2025-04-22T15:57:58Z,2026-05-31T23:59:59Z
STG-00000592,APP-0000278,review,1,2025-04-19,2025-04-22,rejected,2025-04-22T16:20:12Z,2026-05-31T23:59:59Z
STG-00000593,APP-0000279,review,1,2025-04-20,2025-04-24,,2025-04-24T17:21:46Z,2026-05-31T23:59:59Z
STG-00000594,APP-0000279,screen,2,2025-04-24,2025-04-28,,2025-04-28T13:48:57Z,2026-05-31T23:59:59Z
STG-00000595,APP-0000279,assessment,3,2025-04-28,2025-05-03,,2025-05-03T12:14:23Z,2026-05-31T23:59:59Z
STG-00000596,APP-0000279,interview,4,2025-05-03,2025-05-06,,2025-05-06T10:29:57Z,2026-05-31T23:59:59Z
STG-00000597,APP-0000279,offer,5,2025-05-06,2025-05-08,offer_withdrawn,2025-05-08T12:48:51Z,2026-05-31T23:59:59Z
STG-00000598,APP-0000280,review,1,2025-04-20,2025-04-21,rejected,2025-04-21T09:28:02Z,2026-05-31T23:59:59Z
STG-00000599,APP-0000281,review,1,2025-04-21,2025-04-24,,2025-04-24T08:45:40Z,2026-05-31T23:59:59Z
STG-00000600,APP-0000281,screen,2,2025-04-24,2025-04-26,rejected,2025-04-26T18:17:36Z,2026-05-31T23:59:59Z
STG-00000601,APP-0000282,review,1,2025-04-22,2025-04-24,,2025-04-24T08:22:46Z,2026-05-31T23:59:59Z
STG-00000602,APP-0000282,screen,2,2025-04-24,2025-05-03,,2025-05-03T13:12:12Z,2026-05-31T23:59:59Z
STG-00000603,APP-0000282,assessment,3,2025-05-03,2025-05-07,withdrawn,2025-05-07T11:03:22Z,2026-05-31T23:59:59Z
STG-00000604,APP-0000283,review,1,2025-04-22,2025-04-27,rejected,2025-04-27T15:42:17Z,2026-05-31T23:59:59Z
STG-00000605,APP-0000284,review,1,2025-04-22,2025-04-25,withdrawn,2025-04-25T11:06:55Z,2026-05-31T23:59:59Z
STG-00000606,APP-0000285,review,1,2025-04-22,2025-04-25,,2025-04-25T19:11:49Z,2026-05-31T23:59:59Z
STG-00000607,APP-0000285,screen,2,2025-04-25,2025-04-29,,2025-04-29T17:32:19Z,2026-05-31T23:59:59Z
STG-00000608,APP-0000285,assessment,3,2025-04-29,2025-05-03,,2025-05-03T17:57:06Z,2026-05-31T23:59:59Z
STG-00000609,APP-0000285,interview,4,2025-05-03,2025-05-14,,2025-05-14T10:51:16Z,2026-05-31T23:59:59Z
STG-00000610,APP-0000285,offer,5,2025-05-14,2025-05-17,,2025-05-17T16:40:33Z,2026-05-31T23:59:59Z
STG-00000611,APP-0000286,review,1,2025-04-23,2025-04-26,,2025-04-26T10:29:43Z,2026-05-31T23:59:59Z
STG-00000612,APP-0000286,screen,2,2025-04-26,2025-05-01,rejected,2025-05-01T09:19:41Z,2026-05-31T23:59:59Z
STG-00000613,APP-0000287,review,1,2025-04-23,2025-04-25,,2025-04-25T15:26:51Z,2026-05-31T23:59:59Z
STG-00000614,APP-0000287,screen,2,2025-04-25,2025-04-30,,2025-04-30T08:16:24Z,2026-05-31T23:59:59Z
STG-00000615,APP-0000287,assessment,3,2025-04-30,2025-05-03,,2025-05-03T13:35:10Z,2026-05-31T23:59:59Z
STG-00000616,APP-0000287,interview,4,2025-05-03,2025-05-05,rejected,2025-05-05T14:57:56Z,2026-05-31T23:59:59Z
STG-00000617,APP-0000288,review,1,2025-04-23,2025-04-27,rejected,2025-04-27T15:44:34Z,2026-05-31T23:59:59Z
STG-00000618,APP-0000289,review,1,2025-04-24,2025-04-28,withdrawn,2025-04-28T14:25:55Z,2026-05-31T23:59:59Z
STG-00000619,APP-0000290,review,1,2025-04-25,2025-04-29,rejected,2025-04-29T13:31:17Z,2026-05-31T23:59:59Z
STG-00000620,APP-0000291,review,1,2025-04-26,2025-05-02,rejected,2025-05-02T19:04:34Z,2026-05-31T23:59:59Z
STG-00000621,APP-0000292,review,1,2025-04-28,2025-04-30,,2025-04-30T09:52:20Z,2026-05-31T23:59:59Z
STG-00000622,APP-0000292,screen,2,2025-04-30,2025-05-04,,2025-05-04T10:42:54Z,2026-05-31T23:59:59Z
STG-00000623,APP-0000292,assessment,3,2025-05-04,2025-05-11,,2025-05-11T09:36:56Z,2026-05-31T23:59:59Z
STG-00000624,APP-0000292,interview,4,2025-05-11,2025-05-16,,2025-05-16T12:11:07Z,2026-05-31T23:59:59Z
STG-00000625,APP-0000292,offer,5,2025-05-16,2025-05-24,offer_withdrawn,2025-05-24T12:52:29Z,2026-05-31T23:59:59Z
STG-00000626,APP-0000293,review,1,2025-04-28,2025-05-02,,2025-05-02T11:10:47Z,2026-05-31T23:59:59Z
STG-00000627,APP-0000293,screen,2,2025-05-02,2025-05-06,,2025-05-06T18:00:01Z,2026-05-31T23:59:59Z
STG-00000628,APP-0000293,assessment,3,2025-05-06,2025-05-11,rejected,2025-05-11T16:43:28Z,2026-05-31T23:59:59Z
STG-00000629,APP-0000294,review,1,2025-04-29,2025-05-01,rejected,2025-05-01T13:16:22Z,2026-05-31T23:59:59Z
STG-00000630,APP-0000295,review,1,2025-04-29,2025-05-03,rejected,2025-05-03T09:27:31Z,2026-05-31T23:59:59Z
STG-00000631,APP-0000296,review,1,2025-04-29,2025-04-30,,2025-04-30T18:54:13Z,2026-05-31T23:59:59Z
STG-00000632,APP-0000296,screen,2,2025-04-30,2025-05-03,,2025-05-03T15:22:23Z,2026-05-31T23:59:59Z
STG-00000633,APP-0000296,assessment,3,2025-05-03,2025-05-08,rejected,2025-05-08T16:23:21Z,2026-05-31T23:59:59Z
STG-00000634,APP-0000297,review,1,2025-04-29,2025-05-02,,2025-05-02T08:45:14Z,2026-05-31T23:59:59Z
STG-00000635,APP-0000297,screen,2,2025-05-02,2025-05-05,,2025-05-05T10:15:40Z,2026-05-31T23:59:59Z
STG-00000636,APP-0000297,assessment,3,2025-05-05,2025-05-07,,2025-05-07T15:28:54Z,2026-05-31T23:59:59Z
STG-00000637,APP-0000297,interview,4,2025-05-07,2025-05-10,,2025-05-10T18:35:12Z,2026-05-31T23:59:59Z
STG-00000638,APP-0000297,offer,5,2025-05-10,2025-05-11,,2025-05-11T19:55:29Z,2026-05-31T23:59:59Z
STG-00000639,APP-0000298,review,1,2025-04-30,2025-05-02,rejected,2025-05-02T10:18:15Z,2026-05-31T23:59:59Z
STG-00000640,APP-0000299,review,1,2025-04-30,2025-05-02,rejected,2025-05-02T18:57:08Z,2026-05-31T23:59:59Z
STG-00000641,APP-0000300,review,1,2025-05-01,2025-05-06,,2025-05-06T19:43:14Z,2026-05-31T23:59:59Z
STG-00000642,APP-0000300,screen,2,2025-05-06,2025-05-14,rejected,2025-05-14T18:51:20Z,2026-05-31T23:59:59Z
STG-00000643,APP-0000301,review,1,2025-05-01,2025-05-03,withdrawn,2025-05-03T18:01:34Z,2026-05-31T23:59:59Z
STG-00000644,APP-0000302,review,1,2025-05-02,2025-05-03,,2025-05-03T13:17:17Z,2026-05-31T23:59:59Z
STG-00000645,APP-0000302,screen,2,2025-05-03,2025-05-04,,2025-05-04T13:14:51Z,2026-05-31T23:59:59Z
STG-00000646,APP-0000302,assessment,3,2025-05-04,2025-05-07,rejected,2025-05-07T15:18:09Z,2026-05-31T23:59:59Z
STG-00000647,APP-0000303,review,1,2025-05-02,2025-05-04,,2025-05-04T09:05:43Z,2026-05-31T23:59:59Z
STG-00000648,APP-0000303,screen,2,2025-05-04,2025-05-11,,2025-05-11T12:37:10Z,2026-05-31T23:59:59Z
STG-00000649,APP-0000303,assessment,3,2025-05-11,2025-05-18,,2025-05-18T18:48:00Z,2026-05-31T23:59:59Z
STG-00000650,APP-0000303,interview,4,2025-05-18,2025-05-25,rejected,2025-05-25T08:44:53Z,2026-05-31T23:59:59Z
STG-00000651,APP-0000304,review,1,2025-05-02,2025-05-09,,2025-05-09T13:14:59Z,2026-05-31T23:59:59Z
STG-00000652,APP-0000304,screen,2,2025-05-09,2025-05-11,,2025-05-11T11:34:01Z,2026-05-31T23:59:59Z
STG-00000653,APP-0000304,assessment,3,2025-05-11,2025-05-15,rejected,2025-05-15T19:00:15Z,2026-05-31T23:59:59Z
STG-00000654,APP-0000305,review,1,2025-05-03,2025-05-04,,2025-05-04T14:43:40Z,2026-05-31T23:59:59Z
STG-00000655,APP-0000305,screen,2,2025-05-04,2025-05-06,rejected,2025-05-06T12:35:22Z,2026-05-31T23:59:59Z
STG-00000656,APP-0000306,review,1,2025-05-03,2025-05-04,rejected,2025-05-04T14:12:00Z,2026-05-31T23:59:59Z
STG-00000657,APP-0000307,review,1,2025-05-04,2025-05-09,,2025-05-09T10:25:42Z,2026-05-31T23:59:59Z
STG-00000658,APP-0000307,screen,2,2025-05-09,2025-05-14,rejected,2025-05-14T17:58:15Z,2026-05-31T23:59:59Z
STG-00000659,APP-0000308,review,1,2025-05-04,2025-05-05,,2025-05-05T18:20:17Z,2026-05-31T23:59:59Z
STG-00000660,APP-0000308,screen,2,2025-05-05,2025-05-07,,2025-05-07T08:27:50Z,2026-05-31T23:59:59Z
STG-00000661,APP-0000308,assessment,3,2025-05-07,2025-05-08,,2025-05-08T16:26:56Z,2026-05-31T23:59:59Z
STG-00000662,APP-0000308,interview,4,2025-05-08,2025-05-12,,2025-05-12T17:48:26Z,2026-05-31T23:59:59Z
STG-00000663,APP-0000308,offer,5,2025-05-12,2025-05-17,,2025-05-17T11:31:08Z,2026-05-31T23:59:59Z
STG-00000664,APP-0000309,review,1,2025-05-06,2025-05-10,rejected,2025-05-10T17:48:15Z,2026-05-31T23:59:59Z
STG-00000665,APP-0000310,review,1,2025-05-07,2025-05-11,,2025-05-11T11:00:25Z,2026-05-31T23:59:59Z
STG-00000666,APP-0000310,screen,2,2025-05-11,2025-05-13,,2025-05-13T09:04:51Z,2026-05-31T23:59:59Z
STG-00000667,APP-0000310,assessment,3,2025-05-13,2025-05-17,rejected,2025-05-17T11:23:17Z,2026-05-31T23:59:59Z
STG-00000668,APP-0000311,review,1,2025-05-08,2025-05-09,withdrawn,2025-05-09T12:07:16Z,2026-05-31T23:59:59Z
STG-00000669,APP-0000312,review,1,2025-05-08,2025-05-12,rejected,2025-05-12T16:27:14Z,2026-05-31T23:59:59Z
STG-00000670,APP-0000313,review,1,2025-05-10,2025-05-14,withdrawn,2025-05-14T14:15:35Z,2026-05-31T23:59:59Z
STG-00000671,APP-0000314,review,1,2025-05-11,2025-05-13,,2025-05-13T16:53:37Z,2026-05-31T23:59:59Z
STG-00000672,APP-0000314,screen,2,2025-05-13,2025-05-17,withdrawn,2025-05-17T19:03:07Z,2026-05-31T23:59:59Z
STG-00000673,APP-0000315,review,1,2025-05-11,2025-05-28,rejected,2025-05-28T14:52:45Z,2026-05-31T23:59:59Z
STG-00000674,APP-0000316,review,1,2025-05-11,2025-05-16,withdrawn,2025-05-16T11:14:38Z,2026-05-31T23:59:59Z
STG-00000675,APP-0000317,review,1,2025-05-14,2025-05-17,,2025-05-17T17:15:52Z,2026-05-31T23:59:59Z
STG-00000676,APP-0000317,screen,2,2025-05-17,2025-05-20,rejected,2025-05-20T16:30:42Z,2026-05-31T23:59:59Z
STG-00000677,APP-0000318,review,1,2025-05-15,2025-05-21,withdrawn,2025-05-21T15:06:12Z,2026-05-31T23:59:59Z
STG-00000678,APP-0000319,review,1,2025-05-19,2025-05-22,rejected,2025-05-22T12:11:33Z,2026-05-31T23:59:59Z
STG-00000679,APP-0000320,review,1,2025-05-19,2025-05-21,rejected,2025-05-21T10:21:23Z,2026-05-31T23:59:59Z
STG-00000680,APP-0000321,review,1,2025-06-05,2025-06-09,rejected,2025-06-09T09:02:00Z,2026-05-31T23:59:59Z
STG-00000681,APP-0000322,review,1,2025-06-08,2025-06-10,,2025-06-10T13:56:46Z,2026-05-31T23:59:59Z
STG-00000682,APP-0000322,screen,2,2025-06-10,2025-06-16,rejected,2025-06-16T18:34:12Z,2026-05-31T23:59:59Z
STG-00000683,APP-0000323,review,1,2025-06-12,2025-06-18,withdrawn,2025-06-18T12:46:42Z,2026-05-31T23:59:59Z
STG-00000684,APP-0000324,review,1,2025-06-14,2025-06-20,,2025-06-20T13:20:17Z,2026-05-31T23:59:59Z
STG-00000685,APP-0000324,screen,2,2025-06-20,2025-06-22,,2025-06-22T12:23:35Z,2026-05-31T23:59:59Z
STG-00000686,APP-0000324,assessment,3,2025-06-22,2025-06-27,,2025-06-27T12:55:25Z,2026-05-31T23:59:59Z
STG-00000687,APP-0000324,interview,4,2025-06-27,2025-07-05,withdrawn,2025-07-05T08:26:19Z,2026-05-31T23:59:59Z
STG-00000688,APP-0000325,review,1,2025-06-23,2025-06-24,,2025-06-24T18:10:02Z,2026-05-31T23:59:59Z
STG-00000689,APP-0000325,screen,2,2025-06-24,2025-07-01,,2025-07-01T14:42:52Z,2026-05-31T23:59:59Z
STG-00000690,APP-0000325,assessment,3,2025-07-01,2025-07-06,,2025-07-06T18:19:53Z,2026-05-31T23:59:59Z
STG-00000691,APP-0000325,interview,4,2025-07-06,2025-07-17,,2025-07-17T15:47:43Z,2026-05-31T23:59:59Z
STG-00000692,APP-0000325,offer,5,2025-07-17,2025-07-22,,2025-07-22T13:52:37Z,2026-05-31T23:59:59Z
STG-00000693,APP-0000326,review,1,2025-06-26,2025-06-28,,2025-06-28T17:10:11Z,2026-05-31T23:59:59Z
STG-00000694,APP-0000326,screen,2,2025-06-28,2025-07-05,rejected,2025-07-05T11:05:52Z,2026-05-31T23:59:59Z
STG-00000695,APP-0000327,review,1,2025-07-11,2025-07-17,,2025-07-17T19:14:14Z,2026-05-31T23:59:59Z
STG-00000696,APP-0000327,screen,2,2025-07-17,2025-07-22,,2025-07-22T15:14:04Z,2026-05-31T23:59:59Z
STG-00000697,APP-0000327,assessment,3,2025-07-22,2025-07-24,rejected,2025-07-24T12:22:02Z,2026-05-31T23:59:59Z
STG-00000698,APP-0000328,review,1,2025-07-17,2025-07-20,rejected,2025-07-20T15:43:55Z,2026-05-31T23:59:59Z
STG-00000699,APP-0000329,review,1,2025-07-20,2025-07-22,,2025-07-22T17:38:53Z,2026-05-31T23:59:59Z
STG-00000700,APP-0000329,screen,2,2025-07-22,2025-07-27,rejected,2025-07-27T17:00:39Z,2026-05-31T23:59:59Z
STG-00000701,APP-0000330,review,1,2025-07-22,2025-07-26,rejected,2025-07-26T14:08:33Z,2026-05-31T23:59:59Z
STG-00000702,APP-0000331,review,1,2025-07-23,2025-07-26,,2025-07-26T18:31:55Z,2026-05-31T23:59:59Z
STG-00000703,APP-0000331,screen,2,2025-07-26,2025-07-28,,2025-07-28T15:58:05Z,2026-05-31T23:59:59Z
STG-00000704,APP-0000331,assessment,3,2025-07-28,2025-08-06,,2025-08-06T18:27:58Z,2026-05-31T23:59:59Z
STG-00000705,APP-0000331,interview,4,2025-08-06,2025-08-15,rejected,2025-08-15T14:17:28Z,2026-05-31T23:59:59Z
STG-00000706,APP-0000332,review,1,2025-07-24,2025-07-27,rejected,2025-07-27T10:46:26Z,2026-05-31T23:59:59Z
STG-00000707,APP-0000333,review,1,2025-07-28,2025-07-30,,2025-07-30T14:04:04Z,2026-05-31T23:59:59Z
STG-00000708,APP-0000333,screen,2,2025-07-30,2025-07-31,,2025-07-31T08:10:45Z,2026-05-31T23:59:59Z
STG-00000709,APP-0000333,assessment,3,2025-07-31,2025-08-05,,2025-08-05T09:46:59Z,2026-05-31T23:59:59Z
STG-00000710,APP-0000333,interview,4,2025-08-05,2025-08-10,,2025-08-10T10:27:02Z,2026-05-31T23:59:59Z
STG-00000711,APP-0000333,offer,5,2025-08-10,2025-08-12,,2025-08-12T09:12:00Z,2026-05-31T23:59:59Z
STG-00000712,APP-0000334,review,1,2025-07-29,2025-08-01,rejected,2025-08-01T14:14:50Z,2026-05-31T23:59:59Z
STG-00000713,APP-0000335,review,1,2025-07-29,2025-08-01,rejected,2025-08-01T08:46:04Z,2026-05-31T23:59:59Z
STG-00000714,APP-0000336,review,1,2025-07-31,2025-08-02,rejected,2025-08-02T11:26:39Z,2026-05-31T23:59:59Z
STG-00000715,APP-0000337,review,1,2025-08-04,2025-08-09,rejected,2025-08-09T16:21:13Z,2026-05-31T23:59:59Z
STG-00000716,APP-0000338,review,1,2025-08-05,2025-08-14,withdrawn,2025-08-14T11:29:07Z,2026-05-31T23:59:59Z
STG-00000717,APP-0000339,review,1,2025-08-05,2025-08-08,,2025-08-08T19:19:49Z,2026-05-31T23:59:59Z
STG-00000718,APP-0000339,screen,2,2025-08-08,2025-08-11,rejected,2025-08-11T13:21:08Z,2026-05-31T23:59:59Z
STG-00000719,APP-0000340,review,1,2025-09-14,2025-09-18,withdrawn,2025-09-18T15:45:22Z,2026-05-31T23:59:59Z
STG-00000720,APP-0000341,review,1,2025-09-16,2025-09-17,,2025-09-17T12:42:29Z,2026-05-31T23:59:59Z
STG-00000721,APP-0000341,screen,2,2025-09-17,2025-09-19,,2025-09-19T15:05:07Z,2026-05-31T23:59:59Z
STG-00000722,APP-0000341,assessment,3,2025-09-19,2025-09-22,rejected,2025-09-22T09:41:45Z,2026-05-31T23:59:59Z
STG-00000723,APP-0000342,review,1,2025-09-17,2025-09-21,,2025-09-21T15:38:55Z,2026-05-31T23:59:59Z
STG-00000724,APP-0000342,screen,2,2025-09-21,2025-09-23,,2025-09-23T16:03:56Z,2026-05-31T23:59:59Z
STG-00000725,APP-0000342,assessment,3,2025-09-23,2025-09-28,,2025-09-28T09:42:18Z,2026-05-31T23:59:59Z
STG-00000726,APP-0000342,interview,4,2025-09-28,2025-10-03,,2025-10-03T14:12:16Z,2026-05-31T23:59:59Z
STG-00000727,APP-0000342,offer,5,2025-10-03,2025-10-05,,2025-10-05T09:26:46Z,2026-05-31T23:59:59Z
STG-00000728,APP-0000343,review,1,2025-09-18,2025-09-22,,2025-09-22T15:30:15Z,2026-05-31T23:59:59Z
STG-00000729,APP-0000343,screen,2,2025-09-22,2025-09-27,,2025-09-27T10:00:49Z,2026-05-31T23:59:59Z
STG-00000730,APP-0000343,assessment,3,2025-09-27,2025-09-30,,2025-09-30T14:40:52Z,2026-05-31T23:59:59Z
STG-00000731,APP-0000343,interview,4,2025-09-30,2025-10-07,rejected,2025-10-07T12:31:30Z,2026-05-31T23:59:59Z
STG-00000732,APP-0000344,review,1,2025-09-18,2025-09-23,,2025-09-23T09:24:40Z,2026-05-31T23:59:59Z
STG-00000733,APP-0000344,screen,2,2025-09-23,2025-09-29,,2025-09-29T15:21:50Z,2026-05-31T23:59:59Z
STG-00000734,APP-0000344,assessment,3,2025-09-29,2025-10-19,rejected,2025-10-19T17:34:37Z,2026-05-31T23:59:59Z
STG-00000735,APP-0000345,review,1,2025-09-19,2025-09-21,,2025-09-21T14:08:59Z,2026-05-31T23:59:59Z
STG-00000736,APP-0000345,screen,2,2025-09-21,2025-09-28,,2025-09-28T18:54:57Z,2026-05-31T23:59:59Z
STG-00000737,APP-0000345,assessment,3,2025-09-28,2025-10-05,rejected,2025-10-05T09:37:27Z,2026-05-31T23:59:59Z
STG-00000738,APP-0000346,review,1,2025-09-19,2025-09-24,rejected,2025-09-24T16:39:34Z,2026-05-31T23:59:59Z
STG-00000739,APP-0000347,review,1,2025-09-20,2025-09-21,,2025-09-21T09:05:20Z,2026-05-31T23:59:59Z
STG-00000740,APP-0000347,screen,2,2025-09-21,2025-09-26,,2025-09-26T18:23:47Z,2026-05-31T23:59:59Z
STG-00000741,APP-0000347,assessment,3,2025-09-26,2025-09-30,,2025-09-30T14:12:53Z,2026-05-31T23:59:59Z
STG-00000742,APP-0000347,interview,4,2025-09-30,2025-10-04,,2025-10-04T19:07:11Z,2026-05-31T23:59:59Z
STG-00000743,APP-0000347,offer,5,2025-10-04,2025-10-08,offer_withdrawn,2025-10-08T17:52:09Z,2026-05-31T23:59:59Z
STG-00000744,APP-0000348,review,1,2025-09-20,2025-09-24,,2025-09-24T15:19:06Z,2026-05-31T23:59:59Z
STG-00000745,APP-0000348,screen,2,2025-09-24,2025-09-26,,2025-09-26T15:41:48Z,2026-05-31T23:59:59Z
STG-00000746,APP-0000348,assessment,3,2025-09-26,2025-10-04,,2025-10-04T11:56:54Z,2026-05-31T23:59:59Z
STG-00000747,APP-0000348,interview,4,2025-10-04,2025-10-08,rejected,2025-10-08T10:41:20Z,2026-05-31T23:59:59Z
STG-00000748,APP-0000349,review,1,2025-09-20,2025-09-29,,2025-09-29T19:54:41Z,2026-05-31T23:59:59Z
STG-00000749,APP-0000349,screen,2,2025-09-29,2025-10-08,,2025-10-08T10:47:51Z,2026-05-31T23:59:59Z
STG-00000750,APP-0000349,assessment,3,2025-10-08,2025-10-17,,2025-10-17T15:14:58Z,2026-05-31T23:59:59Z
STG-00000751,APP-0000349,interview,4,2025-10-17,2025-11-03,,2025-11-03T12:41:08Z,2026-05-31T23:59:59Z
STG-00000752,APP-0000349,offer,5,2025-11-03,2025-11-11,,2025-11-11T11:25:18Z,2026-05-31T23:59:59Z
STG-00000753,APP-0000350,review,1,2025-09-21,2025-10-03,rejected,2025-10-03T19:15:20Z,2026-05-31T23:59:59Z
STG-00000754,APP-0000351,review,1,2025-09-22,2025-09-25,rejected,2025-09-25T17:10:03Z,2026-05-31T23:59:59Z
STG-00000755,APP-0000352,review,1,2025-09-22,2025-09-27,rejected,2025-09-27T14:37:49Z,2026-05-31T23:59:59Z
STG-00000756,APP-0000353,review,1,2025-09-22,2025-09-25,rejected,2025-09-25T15:47:19Z,2026-05-31T23:59:59Z
STG-00000757,APP-0000354,review,1,2025-09-23,2025-09-26,rejected,2025-09-26T19:04:49Z,2026-05-31T23:59:59Z
STG-00000758,APP-0000355,review,1,2025-09-24,2025-09-27,,2025-09-27T09:57:20Z,2026-05-31T23:59:59Z
STG-00000759,APP-0000355,screen,2,2025-09-27,2025-09-30,,2025-09-30T13:38:30Z,2026-05-31T23:59:59Z
STG-00000760,APP-0000355,assessment,3,2025-09-30,2025-10-01,,2025-10-01T09:01:37Z,2026-05-31T23:59:59Z
STG-00000761,APP-0000355,interview,4,2025-10-01,2025-10-08,rejected,2025-10-08T16:35:51Z,2026-05-31T23:59:59Z
STG-00000762,APP-0000356,review,1,2025-09-25,2025-09-29,rejected,2025-09-29T17:31:09Z,2026-05-31T23:59:59Z
STG-00000763,APP-0000357,review,1,2025-09-25,2025-10-01,,2025-10-01T18:16:43Z,2026-05-31T23:59:59Z
STG-00000764,APP-0000357,screen,2,2025-10-01,2025-10-05,rejected,2025-10-05T14:44:56Z,2026-05-31T23:59:59Z
STG-00000765,APP-0000358,review,1,2025-09-30,2025-10-03,rejected,2025-10-03T12:54:22Z,2026-05-31T23:59:59Z
STG-00000766,APP-0000359,review,1,2025-10-01,2025-10-03,,2025-10-03T11:22:44Z,2026-05-31T23:59:59Z
STG-00000767,APP-0000359,screen,2,2025-10-03,2025-10-07,withdrawn,2025-10-07T14:06:10Z,2026-05-31T23:59:59Z
STG-00000768,APP-0000360,review,1,2025-10-01,2025-10-04,rejected,2025-10-04T10:10:11Z,2026-05-31T23:59:59Z
STG-00000769,APP-0000361,review,1,2025-10-01,2025-10-08,,2025-10-08T12:28:05Z,2026-05-31T23:59:59Z
STG-00000770,APP-0000361,screen,2,2025-10-08,2025-10-14,,2025-10-14T14:24:48Z,2026-05-31T23:59:59Z
STG-00000771,APP-0000361,assessment,3,2025-10-14,2025-10-19,rejected,2025-10-19T17:27:02Z,2026-05-31T23:59:59Z
STG-00000772,APP-0000362,review,1,2025-10-04,2025-10-08,withdrawn,2025-10-08T13:49:16Z,2026-05-31T23:59:59Z
STG-00000773,APP-0000363,review,1,2025-10-05,2025-10-08,withdrawn,2025-10-08T14:34:50Z,2026-05-31T23:59:59Z
STG-00000774,APP-0000364,review,1,2025-10-06,2025-10-13,withdrawn,2025-10-13T13:07:53Z,2026-05-31T23:59:59Z
STG-00000775,APP-0000365,review,1,2025-10-17,2025-10-19,,2025-10-19T14:13:19Z,2026-05-31T23:59:59Z
STG-00000776,APP-0000365,screen,2,2025-10-19,2025-10-21,,2025-10-21T19:13:09Z,2026-05-31T23:59:59Z
STG-00000777,APP-0000365,assessment,3,2025-10-21,2025-11-11,,2025-11-11T17:24:35Z,2026-05-31T23:59:59Z
STG-00000778,APP-0000365,interview,4,2025-11-11,2025-11-13,withdrawn,2025-11-13T08:11:46Z,2026-05-31T23:59:59Z
STG-00000779,APP-0000366,review,1,2025-10-20,2025-10-27,withdrawn,2025-10-27T08:24:52Z,2026-05-31T23:59:59Z
STG-00000780,APP-0000367,review,1,2025-10-21,2025-10-24,,2025-10-24T12:23:27Z,2026-05-31T23:59:59Z
STG-00000781,APP-0000367,screen,2,2025-10-24,2025-10-27,,2025-10-27T12:20:57Z,2026-05-31T23:59:59Z
STG-00000782,APP-0000367,assessment,3,2025-10-27,2025-11-09,,2025-11-09T16:32:19Z,2026-05-31T23:59:59Z
STG-00000783,APP-0000367,interview,4,2025-11-09,2025-11-13,rejected,2025-11-13T10:19:49Z,2026-05-31T23:59:59Z
STG-00000784,APP-0000368,review,1,2025-10-27,2025-10-29,,2025-10-29T13:04:38Z,2026-05-31T23:59:59Z
STG-00000785,APP-0000368,screen,2,2025-10-29,2025-11-07,withdrawn,2025-11-07T12:32:48Z,2026-05-31T23:59:59Z
STG-00000786,APP-0000369,review,1,2025-10-28,2025-10-31,,2025-10-31T13:28:42Z,2026-05-31T23:59:59Z
STG-00000787,APP-0000369,screen,2,2025-10-31,2025-11-11,rejected,2025-11-11T13:56:44Z,2026-05-31T23:59:59Z
STG-00000788,APP-0000370,review,1,2025-11-01,2025-11-06,rejected,2025-11-06T16:19:25Z,2026-05-31T23:59:59Z
STG-00000789,APP-0000371,review,1,2025-11-11,2025-11-13,,2025-11-13T09:34:19Z,2026-05-31T23:59:59Z
STG-00000790,APP-0000371,screen,2,2025-11-13,2025-11-23,,2025-11-23T16:44:46Z,2026-05-31T23:59:59Z
STG-00000791,APP-0000371,assessment,3,2025-11-23,2025-11-25,rejected,2025-11-25T19:08:24Z,2026-05-31T23:59:59Z
STG-00000792,APP-0000372,review,1,2025-11-14,2025-11-18,rejected,2025-11-18T11:26:10Z,2026-05-31T23:59:59Z
STG-00000793,APP-0000373,review,1,2025-11-15,2025-11-21,,2025-11-21T15:07:48Z,2026-05-31T23:59:59Z
STG-00000794,APP-0000373,screen,2,2025-11-21,2025-11-25,,2025-11-25T11:14:47Z,2026-05-31T23:59:59Z
STG-00000795,APP-0000373,assessment,3,2025-11-25,2025-11-29,,2025-11-29T18:58:57Z,2026-05-31T23:59:59Z
STG-00000796,APP-0000373,interview,4,2025-11-29,2025-12-04,rejected,2025-12-04T08:43:55Z,2026-05-31T23:59:59Z
STG-00000797,APP-0000374,review,1,2025-11-17,2025-11-25,,2025-11-25T12:55:57Z,2026-05-31T23:59:59Z
STG-00000798,APP-0000374,screen,2,2025-11-25,2025-11-29,,2025-11-29T10:34:52Z,2026-05-31T23:59:59Z
STG-00000799,APP-0000374,assessment,3,2025-11-29,2025-12-09,rejected,2025-12-09T15:48:42Z,2026-05-31T23:59:59Z
STG-00000800,APP-0000375,review,1,2025-11-17,2025-11-21,rejected,2025-11-21T11:17:30Z,2026-05-31T23:59:59Z
STG-00000801,APP-0000376,review,1,2025-11-19,2025-11-21,,2025-11-21T08:49:32Z,2026-05-31T23:59:59Z
STG-00000802,APP-0000376,screen,2,2025-11-21,2025-11-26,rejected,2025-11-26T19:39:18Z,2026-05-31T23:59:59Z
STG-00000803,APP-0000377,review,1,2025-11-20,2025-11-23,,2025-11-23T10:03:28Z,2026-05-31T23:59:59Z
STG-00000804,APP-0000377,screen,2,2025-11-23,2025-11-26,,2025-11-26T16:15:15Z,2026-05-31T23:59:59Z
STG-00000805,APP-0000377,assessment,3,2025-11-26,2025-12-08,rejected,2025-12-08T11:40:53Z,2026-05-31T23:59:59Z
STG-00000806,APP-0000378,review,1,2025-11-20,2025-11-22,rejected,2025-11-22T19:14:07Z,2026-05-31T23:59:59Z
STG-00000807,APP-0000379,review,1,2025-11-21,2025-11-23,rejected,2025-11-23T17:33:29Z,2026-05-31T23:59:59Z
STG-00000808,APP-0000380,review,1,2025-11-23,2025-11-27,withdrawn,2025-11-27T09:19:52Z,2026-05-31T23:59:59Z
STG-00000809,APP-0000381,review,1,2025-11-23,2025-12-02,rejected,2025-12-02T12:37:02Z,2026-05-31T23:59:59Z
STG-00000810,APP-0000382,review,1,2025-11-23,2025-11-24,,2025-11-24T12:52:27Z,2026-05-31T23:59:59Z
STG-00000811,APP-0000382,screen,2,2025-11-24,2025-11-27,,2025-11-27T18:40:29Z,2026-05-31T23:59:59Z
STG-00000812,APP-0000382,assessment,3,2025-11-27,2025-12-06,rejected,2025-12-06T11:29:43Z,2026-05-31T23:59:59Z
STG-00000813,APP-0000383,review,1,2025-11-25,2025-11-30,rejected,2025-11-30T17:37:53Z,2026-05-31T23:59:59Z
STG-00000814,APP-0000384,review,1,2025-11-25,2025-11-27,,2025-11-27T17:28:50Z,2026-05-31T23:59:59Z
STG-00000815,APP-0000384,screen,2,2025-11-27,2025-12-01,,2025-12-01T15:20:36Z,2026-05-31T23:59:59Z
STG-00000816,APP-0000384,assessment,3,2025-12-01,2025-12-10,rejected,2025-12-10T17:15:42Z,2026-05-31T23:59:59Z
STG-00000817,APP-0000385,review,1,2025-11-25,2025-11-28,,2025-11-28T13:29:12Z,2026-05-31T23:59:59Z
STG-00000818,APP-0000385,screen,2,2025-11-28,2025-12-03,,2025-12-03T11:59:53Z,2026-05-31T23:59:59Z
STG-00000819,APP-0000385,assessment,3,2025-12-03,2025-12-17,,2025-12-17T10:43:59Z,2026-05-31T23:59:59Z
STG-00000820,APP-0000385,interview,4,2025-12-17,2025-12-23,rejected,2025-12-23T12:58:48Z,2026-05-31T23:59:59Z
STG-00000821,APP-0000386,review,1,2025-11-25,2025-11-29,withdrawn,2025-11-29T08:19:42Z,2026-05-31T23:59:59Z
STG-00000822,APP-0000387,review,1,2025-11-27,2025-11-30,withdrawn,2025-11-30T15:10:28Z,2026-05-31T23:59:59Z
STG-00000823,APP-0000388,review,1,2025-12-01,2025-12-05,withdrawn,2025-12-05T09:31:30Z,2026-05-31T23:59:59Z
STG-00000824,APP-0000389,review,1,2025-12-02,2025-12-06,rejected,2025-12-06T18:12:33Z,2026-05-31T23:59:59Z
STG-00000825,APP-0000390,review,1,2025-12-08,2025-12-12,rejected,2025-12-12T18:52:55Z,2026-05-31T23:59:59Z
STG-00000826,APP-0000391,review,1,2025-12-09,2025-12-12,,2025-12-12T16:39:25Z,2026-05-31T23:59:59Z
STG-00000827,APP-0000391,screen,2,2025-12-12,2025-12-19,,2025-12-19T11:29:47Z,2026-05-31T23:59:59Z
STG-00000828,APP-0000391,assessment,3,2025-12-19,2025-12-23,,2025-12-23T13:01:46Z,2026-05-31T23:59:59Z
STG-00000829,APP-0000391,interview,4,2025-12-23,2026-01-06,withdrawn,2026-01-06T11:11:40Z,2026-05-31T23:59:59Z
STG-00000830,APP-0000392,review,1,2025-12-10,2025-12-12,rejected,2025-12-12T12:10:49Z,2026-05-31T23:59:59Z
STG-00000831,APP-0000393,review,1,2025-12-12,2025-12-14,,2025-12-14T09:38:39Z,2026-05-31T23:59:59Z
STG-00000832,APP-0000393,screen,2,2025-12-14,2025-12-27,,2025-12-27T12:05:57Z,2026-05-31T23:59:59Z
STG-00000833,APP-0000393,assessment,3,2025-12-27,2026-01-06,rejected,2026-01-06T13:05:55Z,2026-05-31T23:59:59Z
STG-00000834,APP-0000394,review,1,2025-12-12,2025-12-13,,2025-12-13T17:03:12Z,2026-05-31T23:59:59Z
STG-00000835,APP-0000394,screen,2,2025-12-13,2025-12-16,,2025-12-16T14:00:38Z,2026-05-31T23:59:59Z
STG-00000836,APP-0000394,assessment,3,2025-12-16,2025-12-21,,2025-12-21T19:46:04Z,2026-05-31T23:59:59Z
STG-00000837,APP-0000394,interview,4,2025-12-21,2026-01-01,,2026-01-01T15:25:30Z,2026-05-31T23:59:59Z
STG-00000838,APP-0000394,offer,5,2026-01-01,2026-01-06,,2026-01-06T10:35:39Z,2026-05-31T23:59:59Z
STG-00000839,APP-0000395,review,1,2025-12-13,2025-12-26,rejected,2025-12-26T13:19:41Z,2026-05-31T23:59:59Z
STG-00000840,APP-0000396,review,1,2025-12-16,2025-12-30,,2025-12-30T14:17:50Z,2026-05-31T23:59:59Z
STG-00000841,APP-0000396,screen,2,2025-12-30,2026-01-13,rejected,2026-01-13T13:47:04Z,2026-05-31T23:59:59Z
STG-00000842,APP-0000397,review,1,2025-12-20,2025-12-26,,2025-12-26T12:05:54Z,2026-05-31T23:59:59Z
STG-00000843,APP-0000397,screen,2,2025-12-26,2025-12-29,rejected,2025-12-29T12:32:52Z,2026-05-31T23:59:59Z
STG-00000844,APP-0000398,review,1,2025-12-21,2025-12-30,withdrawn,2025-12-30T11:46:31Z,2026-05-31T23:59:59Z
STG-00000845,APP-0000399,review,1,2025-12-21,2025-12-23,,2025-12-23T08:28:49Z,2026-05-31T23:59:59Z
STG-00000846,APP-0000399,screen,2,2025-12-23,2025-12-24,,2025-12-24T16:15:55Z,2026-05-31T23:59:59Z
STG-00000847,APP-0000399,assessment,3,2025-12-24,2025-12-31,,2025-12-31T13:18:37Z,2026-05-31T23:59:59Z
STG-00000848,APP-0000399,interview,4,2025-12-31,2026-01-07,,2026-01-07T11:48:12Z,2026-05-31T23:59:59Z
STG-00000849,APP-0000399,offer,5,2026-01-07,2026-01-13,offer_declined,2026-01-13T19:38:18Z,2026-05-31T23:59:59Z
STG-00000850,APP-0000400,review,1,2025-12-25,2025-12-29,rejected,2025-12-29T12:27:59Z,2026-05-31T23:59:59Z
STG-00000851,APP-0000401,review,1,2025-12-27,2025-12-28,rejected,2025-12-28T08:13:13Z,2026-05-31T23:59:59Z
STG-00000852,APP-0000402,review,1,2025-12-27,2025-12-30,,2025-12-30T19:21:07Z,2026-05-31T23:59:59Z
STG-00000853,APP-0000402,screen,2,2025-12-30,2026-01-01,,2026-01-01T11:32:05Z,2026-05-31T23:59:59Z
STG-00000854,APP-0000402,assessment,3,2026-01-01,2026-01-06,rejected,2026-01-06T16:07:50Z,2026-05-31T23:59:59Z
STG-00000855,APP-0000403,review,1,2026-01-01,2026-01-02,rejected,2026-01-02T15:16:16Z,2026-05-31T23:59:59Z
STG-00000856,APP-0000404,review,1,2026-01-06,2026-01-11,rejected,2026-01-11T11:09:46Z,2026-05-31T23:59:59Z
STG-00000857,APP-0000405,review,1,2026-01-13,2026-01-15,rejected,2026-01-15T18:06:36Z,2026-05-31T23:59:59Z
STG-00000858,APP-0000406,review,1,2026-01-18,2026-01-22,rejected,2026-01-22T17:35:57Z,2026-05-31T23:59:59Z
STG-00000859,APP-0000407,review,1,2026-01-25,2026-01-28,withdrawn,2026-01-28T08:52:59Z,2026-05-31T23:59:59Z
STG-00000860,APP-0000408,review,1,2026-02-01,2026-02-02,,2026-02-02T19:59:08Z,2026-05-31T23:59:59Z
STG-00000861,APP-0000408,screen,2,2026-02-02,2026-02-13,rejected,2026-02-13T17:15:06Z,2026-05-31T23:59:59Z
STG-00000862,APP-0000409,review,1,2026-02-20,2026-02-23,,2026-02-23T17:47:12Z,2026-05-31T23:59:59Z
STG-00000863,APP-0000409,screen,2,2026-02-23,2026-03-04,,2026-03-04T10:13:10Z,2026-05-31T23:59:59Z
STG-00000864,APP-0000409,assessment,3,2026-03-04,2026-03-07,rejected,2026-03-07T18:29:41Z,2026-05-31T23:59:59Z
STG-00000865,APP-0000410,review,1,2026-02-21,2026-02-27,rejected,2026-02-27T14:57:07Z,2026-05-31T23:59:59Z
STG-00000866,APP-0000411,review,1,2026-02-22,2026-03-01,rejected,2026-03-01T18:45:13Z,2026-05-31T23:59:59Z
STG-00000867,APP-0000412,review,1,2026-02-23,2026-02-26,,2026-02-26T17:48:31Z,2026-05-31T23:59:59Z
STG-00000868,APP-0000412,screen,2,2026-02-26,2026-03-03,,2026-03-03T19:30:06Z,2026-05-31T23:59:59Z
STG-00000869,APP-0000412,assessment,3,2026-03-03,2026-03-05,,2026-03-05T10:10:48Z,2026-05-31T23:59:59Z
STG-00000870,APP-0000412,interview,4,2026-03-05,2026-03-21,,2026-03-21T15:46:21Z,2026-05-31T23:59:59Z
STG-00000871,APP-0000412,offer,5,2026-03-21,2026-03-24,,2026-03-24T15:09:15Z,2026-05-31T23:59:59Z
STG-00000872,APP-0000413,review,1,2026-02-25,2026-03-04,rejected,2026-03-04T18:07:29Z,2026-05-31T23:59:59Z
STG-00000873,APP-0000414,review,1,2026-02-26,2026-02-28,rejected,2026-02-28T17:12:23Z,2026-05-31T23:59:59Z
STG-00000874,APP-0000415,review,1,2026-02-26,2026-03-06,,2026-03-06T08:28:04Z,2026-05-31T23:59:59Z
STG-00000875,APP-0000415,screen,2,2026-03-06,2026-03-12,,2026-03-12T13:12:34Z,2026-05-31T23:59:59Z
STG-00000876,APP-0000415,assessment,3,2026-03-12,2026-03-18,,2026-03-18T18:44:08Z,2026-05-31T23:59:59Z
STG-00000877,APP-0000415,interview,4,2026-03-18,2026-03-24,rejected,2026-03-24T18:36:30Z,2026-05-31T23:59:59Z
STG-00000878,APP-0000416,review,1,2026-02-27,2026-03-02,,2026-03-02T08:11:43Z,2026-05-31T23:59:59Z
STG-00000879,APP-0000416,screen,2,2026-03-02,2026-03-11,rejected,2026-03-11T15:26:33Z,2026-05-31T23:59:59Z
STG-00000880,APP-0000417,review,1,2026-02-27,2026-03-03,,2026-03-03T19:52:34Z,2026-05-31T23:59:59Z
STG-00000881,APP-0000417,screen,2,2026-03-03,2026-03-14,,2026-03-14T08:14:12Z,2026-05-31T23:59:59Z
STG-00000882,APP-0000417,assessment,3,2026-03-14,2026-03-17,rejected,2026-03-17T19:08:30Z,2026-05-31T23:59:59Z
STG-00000883,APP-0000418,review,1,2026-03-01,2026-03-03,rejected,2026-03-03T17:54:00Z,2026-05-31T23:59:59Z
STG-00000884,APP-0000419,review,1,2026-03-02,2026-03-04,rejected,2026-03-04T13:11:55Z,2026-05-31T23:59:59Z
STG-00000885,APP-0000420,review,1,2026-03-02,2026-03-05,withdrawn,2026-03-05T12:16:13Z,2026-05-31T23:59:59Z
STG-00000886,APP-0000421,review,1,2026-03-04,2026-03-06,,2026-03-06T13:36:55Z,2026-05-31T23:59:59Z
STG-00000887,APP-0000421,screen,2,2026-03-06,2026-03-12,rejected,2026-03-12T09:06:41Z,2026-05-31T23:59:59Z
STG-00000888,APP-0000422,review,1,2026-03-05,2026-03-08,rejected,2026-03-08T15:41:36Z,2026-05-31T23:59:59Z
STG-00000889,APP-0000423,review,1,2026-03-08,2026-03-10,rejected,2026-03-10T10:37:26Z,2026-05-31T23:59:59Z
STG-00000890,APP-0000424,review,1,2026-03-10,2026-03-13,rejected,2026-03-13T09:43:31Z,2026-05-31T23:59:59Z
STG-00000891,APP-0000425,review,1,2026-03-15,2026-03-21,,2026-03-21T19:10:13Z,2026-05-31T23:59:59Z
STG-00000892,APP-0000425,screen,2,2026-03-21,2026-03-23,rejected,2026-03-23T10:58:55Z,2026-05-31T23:59:59Z
STG-00000893,APP-0000426,review,1,2026-03-17,2026-03-22,,2026-03-22T14:17:29Z,2026-05-31T23:59:59Z
STG-00000894,APP-0000426,screen,2,2026-03-22,2026-03-28,,2026-03-28T10:03:06Z,2026-05-31T23:59:59Z
STG-00000895,APP-0000426,assessment,3,2026-03-28,2026-04-13,,2026-04-13T10:44:28Z,2026-05-31T23:59:59Z
STG-00000896,APP-0000426,interview,4,2026-04-13,2026-04-23,rejected,2026-04-23T17:55:02Z,2026-05-31T23:59:59Z
STG-00000897,APP-0000427,review,1,2026-03-18,2026-03-20,,2026-03-20T10:29:52Z,2026-05-31T23:59:59Z
STG-00000898,APP-0000427,screen,2,2026-03-20,2026-03-24,withdrawn,2026-03-24T18:05:37Z,2026-05-31T23:59:59Z
STG-00000899,APP-0000428,review,1,2026-03-21,2026-03-24,,2026-03-24T19:39:19Z,2026-05-31T23:59:59Z
STG-00000900,APP-0000428,screen,2,2026-03-24,2026-03-29,,2026-03-29T08:15:57Z,2026-05-31T23:59:59Z
STG-00000901,APP-0000428,assessment,3,2026-03-29,2026-04-03,withdrawn,2026-04-03T17:22:51Z,2026-05-31T23:59:59Z
STG-00000902,APP-0000429,review,1,2026-03-23,2026-03-27,,2026-03-27T15:46:25Z,2026-05-31T23:59:59Z
STG-00000903,APP-0000429,screen,2,2026-03-27,2026-04-01,,2026-04-01T13:13:43Z,2026-05-31T23:59:59Z
STG-00000904,APP-0000429,assessment,3,2026-04-01,2026-04-24,rejected,2026-04-24T17:16:20Z,2026-05-31T23:59:59Z
STG-00000905,APP-0000430,review,1,2026-03-23,2026-03-27,,2026-03-27T17:38:58Z,2026-05-31T23:59:59Z
STG-00000906,APP-0000430,screen,2,2026-03-27,2026-04-05,,2026-04-05T13:36:08Z,2026-05-31T23:59:59Z
STG-00000907,APP-0000430,assessment,3,2026-04-05,2026-04-09,rejected,2026-04-09T12:20:46Z,2026-05-31T23:59:59Z
STG-00000908,APP-0000431,review,1,2026-03-27,2026-03-31,,2026-03-31T10:24:15Z,2026-05-31T23:59:59Z
STG-00000909,APP-0000431,screen,2,2026-03-31,2026-04-07,,2026-04-07T11:39:05Z,2026-05-31T23:59:59Z
STG-00000910,APP-0000431,assessment,3,2026-04-07,2026-04-11,rejected,2026-04-11T09:26:20Z,2026-05-31T23:59:59Z
STG-00000911,APP-0000432,review,1,2026-03-28,2026-04-10,,2026-04-10T15:38:18Z,2026-05-31T23:59:59Z
STG-00000912,APP-0000432,screen,2,2026-04-10,2026-04-16,,2026-04-16T14:40:16Z,2026-05-31T23:59:59Z
STG-00000913,APP-0000432,assessment,3,2026-04-16,2026-04-24,,2026-04-24T13:44:38Z,2026-05-31T23:59:59Z
STG-00000914,APP-0000432,interview,4,2026-04-24,2026-05-05,rejected,2026-05-05T11:26:29Z,2026-05-31T23:59:59Z
STG-00000915,APP-0000433,review,1,2026-03-30,2026-04-05,rejected,2026-04-05T16:22:11Z,2026-05-31T23:59:59Z
STG-00000916,APP-0000434,review,1,2026-03-31,2026-04-12,,2026-04-12T12:02:17Z,2026-05-31T23:59:59Z
STG-00000917,APP-0000434,screen,2,2026-04-12,2026-04-16,,2026-04-16T19:51:59Z,2026-05-31T23:59:59Z
STG-00000918,APP-0000434,assessment,3,2026-04-16,2026-04-28,withdrawn,2026-04-28T11:01:34Z,2026-05-31T23:59:59Z
STG-00000919,APP-0000435,review,1,2026-04-11,2026-04-14,rejected,2026-04-14T11:48:40Z,2026-05-31T23:59:59Z
STG-00000920,APP-0000436,review,1,2026-04-11,2026-04-13,,2026-04-13T09:24:15Z,2026-05-31T23:59:59Z
STG-00000921,APP-0000436,screen,2,2026-04-13,2026-04-15,,2026-04-15T11:47:53Z,2026-05-31T23:59:59Z
STG-00000922,APP-0000436,assessment,3,2026-04-15,2026-04-17,rejected,2026-04-17T12:24:51Z,2026-05-31T23:59:59Z
STG-00000923,APP-0000437,review,1,2026-04-12,2026-04-15,withdrawn,2026-04-15T18:20:53Z,2026-05-31T23:59:59Z
STG-00000924,APP-0000438,review,1,2026-04-12,2026-04-13,,2026-04-13T12:52:54Z,2026-05-31T23:59:59Z
STG-00000925,APP-0000438,screen,2,2026-04-13,2026-04-15,,2026-04-15T13:58:08Z,2026-05-31T23:59:59Z
STG-00000926,APP-0000438,assessment,3,2026-04-15,2026-04-20,,2026-04-20T17:56:26Z,2026-05-31T23:59:59Z
STG-00000927,APP-0000438,interview,4,2026-04-20,2026-04-22,rejected,2026-04-22T17:43:56Z,2026-05-31T23:59:59Z
STG-00000928,APP-0000439,review,1,2026-04-13,2026-04-17,,2026-04-17T11:54:53Z,2026-05-31T23:59:59Z
STG-00000929,APP-0000439,screen,2,2026-04-17,2026-04-22,,2026-04-22T18:46:51Z,2026-05-31T23:59:59Z
STG-00000930,APP-0000439,assessment,3,2026-04-22,2026-04-29,,2026-04-29T15:39:42Z,2026-05-31T23:59:59Z
STG-00000931,APP-0000439,interview,4,2026-04-29,2026-05-03,,2026-05-03T18:03:20Z,2026-05-31T23:59:59Z
STG-00000932,APP-0000439,offer,5,2026-05-03,2026-05-04,,2026-05-04T08:55:46Z,2026-05-31T23:59:59Z
STG-00000933,APP-0000440,review,1,2026-04-14,2026-04-18,rejected,2026-04-18T10:19:48Z,2026-05-31T23:59:59Z
STG-00000934,APP-0000441,review,1,2026-04-15,2026-04-19,,2026-04-19T12:08:07Z,2026-05-31T23:59:59Z
STG-00000935,APP-0000441,screen,2,2026-04-19,2026-04-27,rejected,2026-04-27T08:41:21Z,2026-05-31T23:59:59Z
STG-00000936,APP-0000442,review,1,2026-04-15,2026-04-20,rejected,2026-04-20T13:59:39Z,2026-05-31T23:59:59Z
STG-00000937,APP-0000443,review,1,2026-04-16,2026-04-24,,2026-04-24T16:43:09Z,2026-05-31T23:59:59Z
STG-00000938,APP-0000443,screen,2,2026-04-24,2026-04-28,,2026-04-28T18:10:20Z,2026-05-31T23:59:59Z
STG-00000939,APP-0000443,assessment,3,2026-04-28,2026-05-03,rejected,2026-05-03T12:13:14Z,2026-05-31T23:59:59Z
STG-00000940,APP-0000444,review,1,2026-04-16,2026-04-18,rejected,2026-04-18T11:59:53Z,2026-05-31T23:59:59Z
STG-00000941,APP-0000445,review,1,2026-04-17,2026-04-21,,2026-04-21T11:04:15Z,2026-05-31T23:59:59Z
STG-00000942,APP-0000445,screen,2,2026-04-21,2026-04-28,,2026-04-28T15:09:09Z,2026-05-31T23:59:59Z
STG-00000943,APP-0000445,assessment,3,2026-04-28,2026-04-30,,2026-04-30T10:38:59Z,2026-05-31T23:59:59Z
STG-00000944,APP-0000445,interview,4,2026-04-30,2026-05-05,withdrawn,2026-05-05T12:03:44Z,2026-05-31T23:59:59Z
STG-00000945,APP-0000446,review,1,2026-04-17,2026-04-20,,2026-04-20T13:43:18Z,2026-05-31T23:59:59Z
STG-00000946,APP-0000446,screen,2,2026-04-20,2026-04-25,,2026-04-25T15:42:04Z,2026-05-31T23:59:59Z
STG-00000947,APP-0000446,assessment,3,2026-04-25,2026-04-30,,2026-04-30T13:09:46Z,2026-05-31T23:59:59Z
STG-00000948,APP-0000446,interview,4,2026-04-30,2026-05-06,rejected,2026-05-06T17:56:27Z,2026-05-31T23:59:59Z
STG-00000949,APP-0000447,review,1,2026-04-18,2026-04-19,,2026-04-19T11:44:29Z,2026-05-31T23:59:59Z
STG-00000950,APP-0000447,screen,2,2026-04-19,2026-04-21,,2026-04-21T09:45:28Z,2026-05-31T23:59:59Z
STG-00000951,APP-0000447,assessment,3,2026-04-21,2026-04-25,,2026-04-25T17:54:54Z,2026-05-31T23:59:59Z
STG-00000952,APP-0000447,interview,4,2026-04-25,2026-05-01,,2026-05-01T17:27:48Z,2026-05-31T23:59:59Z
STG-00000953,APP-0000447,offer,5,2026-05-01,2026-05-05,offer_withdrawn,2026-05-05T14:34:42Z,2026-05-31T23:59:59Z
STG-00000954,APP-0000448,review,1,2026-04-20,2026-04-22,withdrawn,2026-04-22T09:21:37Z,2026-05-31T23:59:59Z
STG-00000955,APP-0000449,review,1,2026-04-20,2026-04-22,,2026-04-22T15:34:15Z,2026-05-31T23:59:59Z
STG-00000956,APP-0000449,screen,2,2026-04-22,2026-05-02,,2026-05-02T11:00:29Z,2026-05-31T23:59:59Z
STG-00000957,APP-0000449,assessment,3,2026-05-02,2026-05-06,rejected,2026-05-06T17:33:15Z,2026-05-31T23:59:59Z
STG-00000958,APP-0000450,review,1,2026-04-21,2026-04-23,,2026-04-23T09:41:30Z,2026-05-31T23:59:59Z
STG-00000959,APP-0000450,screen,2,2026-04-23,2026-04-29,rejected,2026-04-29T15:01:48Z,2026-05-31T23:59:59Z
STG-00000960,APP-0000451,review,1,2026-04-21,2026-05-02,,2026-05-02T11:20:27Z,2026-05-31T23:59:59Z
STG-00000961,APP-0000451,screen,2,2026-05-02,2026-05-27,rejected,2026-05-27T15:39:25Z,2026-05-31T23:59:59Z
STG-00000962,APP-0000452,review,1,2026-04-23,2026-04-24,,2026-04-24T15:45:27Z,2026-05-31T23:59:59Z
STG-00000963,APP-0000452,screen,2,2026-04-24,2026-04-29,,2026-04-29T19:46:09Z,2026-05-31T23:59:59Z
STG-00000964,APP-0000452,assessment,3,2026-04-29,2026-05-02,rejected,2026-05-02T18:13:54Z,2026-05-31T23:59:59Z
STG-00000965,APP-0000453,review,1,2026-04-24,2026-04-25,rejected,2026-04-25T15:06:28Z,2026-05-31T23:59:59Z
STG-00000966,APP-0000454,review,1,2026-04-24,2026-04-26,,2026-04-26T19:18:38Z,2026-05-31T23:59:59Z
STG-00000967,APP-0000454,screen,2,2026-04-26,2026-05-03,,2026-05-03T11:18:48Z,2026-05-31T23:59:59Z
STG-00000968,APP-0000454,assessment,3,2026-05-03,2026-05-06,rejected,2026-05-06T17:39:21Z,2026-05-31T23:59:59Z
STG-00000969,APP-0000455,review,1,2026-04-26,2026-04-30,,2026-04-30T17:02:23Z,2026-05-31T23:59:59Z
STG-00000970,APP-0000455,screen,2,2026-04-30,2026-05-06,rejected,2026-05-06T14:11:06Z,2026-05-31T23:59:59Z
STG-00000971,APP-0000456,review,1,2026-04-27,2026-05-03,rejected,2026-05-03T18:30:04Z,2026-05-31T23:59:59Z
STG-00000972,APP-0000457,review,1,2026-04-28,2026-05-03,rejected,2026-05-03T15:41:10Z,2026-05-31T23:59:59Z
STG-00000973,APP-0000458,review,1,2026-04-30,2026-05-03,rejected,2026-05-03T15:09:52Z,2026-05-31T23:59:59Z
STG-00000974,APP-0000459,review,1,2026-05-01,2026-05-06,rejected,2026-05-06T08:36:51Z,2026-05-31T23:59:59Z
STG-00000975,APP-0000460,review,1,2026-05-05,2026-05-09,,2026-05-09T12:57:25Z,2026-05-31T23:59:59Z
STG-00000976,APP-0000460,screen,2,2026-05-09,2026-05-12,,2026-05-12T12:14:07Z,2026-05-31T23:59:59Z
STG-00000977,APP-0000460,assessment,3,2026-05-12,2026-05-16,,2026-05-16T19:10:17Z,2026-05-31T23:59:59Z
STG-00000978,APP-0000460,interview,4,2026-05-16,2026-05-25,rejected,2026-05-25T15:02:32Z,2026-05-31T23:59:59Z
STG-00000979,APP-0000461,review,1,2026-05-13,2026-05-18,rejected,2026-05-18T13:36:30Z,2026-05-31T23:59:59Z
STG-00000980,APP-0000462,review,1,2026-05-15,2026-05-20,,2026-05-20T08:26:29Z,2026-05-31T23:59:59Z
STG-00000981,APP-0000462,screen,2,2026-05-20,2026-05-27,,2026-05-27T08:22:59Z,2026-05-31T23:59:59Z
STG-00000982,APP-0000462,assessment,3,2026-05-27,,,2026-05-27T18:51:05Z,2026-05-31T23:59:59Z
STG-00000983,APP-0000463,review,1,2026-05-18,2026-05-20,rejected,2026-05-20T12:39:43Z,2026-05-31T23:59:59Z
STG-00000984,APP-0000464,review,1,2026-05-28,,,2026-05-28T10:08:44Z,2026-05-31T23:59:59Z
STG-00000985,APP-0000465,review,1,2026-05-31,,,2026-05-31T14:10:02Z,2026-05-31T23:59:59Z
