offer_version_id,offer_id,application_id,requisition_id,offer_cycle_number,offer_version_number,version_reason,offer_status,is_current_version,offer_extended_date,offer_accepted_date,offer_declined_date,offer_withdrawn_date,offer_rescinded_date,candidate_renege_date,proposed_start_date,base_salary,currency
OFR-000001-V1,OFR-000001,APP-0000008,REQ-2024-00028,1,1,initial,accepted,true,2024-01-20,2024-01-23,,,,,2024-02-12,81000,USD
OFR-000002-V1,OFR-000002,APP-0000044,REQ-2024-00045,1,1,initial,accepted,true,2024-02-18,2024-02-20,,,,,2024-04-01,145000,USD
OFR-000003-V1,OFR-000003,APP-0000050,REQ-2024-00063,1,1,initial,accepted,true,2024-01-19,2024-01-22,,,,,2024-02-12,75500,USD
OFR-000004-V1,OFR-000004,APP-0000052,REQ-2024-00068,1,1,initial,accepted,true,2024-01-28,2024-02-02,,,,,2024-03-11,111500,USD
OFR-000005-V1,OFR-000005,APP-0000056,REQ-2024-00008,1,1,initial,accepted,true,2024-01-17,2024-01-18,,,,,2024-02-12,75000,USD
OFR-000006-V1,OFR-000006,APP-0000085,REQ-2024-00035,1,1,initial,accepted,true,2024-01-17,2024-01-19,,,,,2024-02-19,86000,USD
OFR-000007-V1,OFR-000007,APP-0000086,REQ-2024-00035,1,1,initial,accepted,true,2024-03-17,2024-03-22,,,,,2024-04-29,83500,USD
OFR-000008-V1,OFR-000008,APP-0000092,REQ-2024-00038,1,1,initial,accepted,true,2024-02-05,2024-02-11,,,,,2024-04-01,162000,USD
OFR-000009-V1,OFR-000009,APP-0000113,REQ-2024-00024,1,1,initial,accepted,true,2024-01-26,2024-01-29,,,,,2024-03-11,131000,USD
OFR-000010-V1,OFR-000010,APP-0000118,REQ-2024-00026,1,1,initial,superseded,false,2024-01-26,,,,,,2024-03-11,98000,USD
OFR-000010-V2,OFR-000010,APP-0000118,REQ-2024-00026,1,2,negotiation_revision,accepted,true,2024-01-27,2024-01-29,,,,,2024-03-11,105000,USD
OFR-000011-V1,OFR-000011,APP-0000130,REQ-2024-00036,1,1,initial,accepted,true,2024-02-02,2024-02-08,,,,,2024-03-04,62000,USD
OFR-000012-V1,OFR-000012,APP-0000148,REQ-2024-00056,1,1,initial,declined,true,2024-02-01,,2024-02-08,,,,2024-02-29,107000,USD
OFR-000013-V1,OFR-000013,APP-0000151,REQ-2024-00062,1,1,initial,accepted,true,2024-01-21,2024-01-23,,,,,2024-03-04,106500,USD
OFR-000014-V1,OFR-000014,APP-0000158,REQ-2024-00070,1,1,initial,accepted,true,2024-02-17,2024-02-18,,,,,2024-03-25,79500,USD
OFR-000015-V1,OFR-000015,APP-0000170,REQ-2024-00080,1,1,initial,accepted,true,2024-02-23,2024-03-02,,,,,2024-04-01,121500,USD
OFR-000016-V1,OFR-000016,APP-0000178,REQ-2024-00096,1,1,initial,declined,true,2024-01-27,,2024-02-03,,,,2024-02-24,104000,USD
OFR-000017-V1,OFR-000017,APP-0000197,REQ-2024-00017,1,1,initial,rescinded,true,2024-01-26,2024-01-31,,,2024-02-14,,2024-03-04,75500,USD
OFR-000018-V1,OFR-000018,APP-0000199,REQ-2024-00019,1,1,initial,accepted,false,2024-02-01,2024-02-05,,,,,2024-03-11,106000,USD
OFR-000018-V2,OFR-000018,APP-0000199,REQ-2024-00019,1,2,letter_reissue,rescinded,true,2024-02-18,2024-02-18,,,2024-03-04,,2024-03-11,106000,USD
OFR-000019-V1,OFR-000019,APP-0000206,REQ-2024-00032,1,1,initial,accepted,false,2024-02-10,2024-02-14,,,,,2024-04-15,206500,USD
OFR-000019-V2,OFR-000019,APP-0000206,REQ-2024-00032,1,2,letter_reissue,accepted,true,2024-02-28,2024-02-28,,,,,2024-04-15,206500,USD
OFR-000020-V1,OFR-000020,APP-0000236,REQ-2024-00069,1,1,initial,accepted,true,2024-01-27,2024-01-28,,,,,2024-02-19,51000,USD
OFR-000021-V1,OFR-000021,APP-0000250,REQ-2024-00084,1,1,initial,superseded,false,2024-02-10,,,,,,2024-03-11,100000,USD
OFR-000021-V2,OFR-000021,APP-0000250,REQ-2024-00084,1,2,negotiation_revision,accepted,false,2024-02-13,2024-02-14,,,,,2024-03-11,104000,USD
OFR-000021-V3,OFR-000021,APP-0000250,REQ-2024-00084,1,3,letter_reissue,accepted,true,2024-02-26,2024-02-26,,,,,2024-03-11,104000,USD
OFR-000022-V1,OFR-000022,APP-0000271,REQ-2024-00007,1,1,initial,withdrawn,true,2024-02-08,,,2024-02-10,,,2024-03-07,70000,USD
OFR-000023-V1,OFR-000023,APP-0000277,REQ-2024-00014,1,1,initial,accepted,true,2024-02-09,2024-02-11,,,,,2024-03-18,105000,USD
OFR-000024-V1,OFR-000024,APP-0000311,REQ-2024-00044,1,1,initial,accepted,true,2024-01-26,2024-01-30,,,,,2024-02-26,80000,USD
OFR-000025-V1,OFR-000025,APP-0000330,REQ-2024-00069,1,1,initial,accepted,true,2024-01-28,2024-01-31,,,,,2024-02-12,44500,USD
OFR-000026-V1,OFR-000026,APP-0000339,REQ-2024-00083,1,1,initial,accepted,false,2024-02-01,2024-02-04,,,,,2024-03-11,133000,USD
OFR-000026-V2,OFR-000026,APP-0000339,REQ-2024-00083,1,2,start_date_revision,accepted,true,2024-02-08,2024-02-08,,,,,2024-03-25,133000,USD
OFR-000027-V1,OFR-000027,APP-0000356,REQ-2024-00112,1,1,initial,accepted,true,2024-01-20,2024-01-22,,,,,2024-02-12,54000,USD
OFR-000028-V1,OFR-000028,APP-0000357,REQ-2024-00112,1,1,initial,accepted,true,2024-01-27,2024-01-30,,,,,2024-02-26,62500,USD
OFR-000029-V1,OFR-000029,APP-0000365,REQ-2024-00133,1,1,initial,rescinded,true,2024-01-17,2024-01-20,,,2024-02-16,,2024-02-19,83500,USD
OFR-000030-V1,OFR-000030,APP-0000366,REQ-2024-00133,1,1,initial,superseded,false,2024-01-30,,,,,,2024-03-04,89000,USD
OFR-000030-V2,OFR-000030,APP-0000366,REQ-2024-00133,1,2,negotiation_revision,accepted,true,2024-01-31,2024-02-02,,,,,2024-03-04,94000,USD
OFR-000031-V1,OFR-000031,APP-0000373,REQ-2024-00008,1,1,initial,accepted,true,2024-02-01,2024-02-02,,,,,2024-02-26,74000,USD
OFR-000032-V1,OFR-000032,APP-0000384,REQ-2024-00019,1,1,initial,rescinded,true,2024-02-04,2024-02-07,,,2024-03-04,,2024-03-18,100500,USD
OFR-000033-V1,OFR-000033,APP-0000391,REQ-2024-00025,1,1,initial,accepted,false,2024-01-21,2024-01-23,,,,,2024-02-26,77000,USD
OFR-000033-V2,OFR-000033,APP-0000391,REQ-2024-00025,1,2,salary_correction,accepted,true,2024-01-26,2024-01-26,,,,,2024-02-26,78000,USD
OFR-000034-V1,OFR-000034,APP-0000396,REQ-2024-00028,1,1,initial,declined,true,2024-01-28,,2024-01-30,,,,2024-02-25,74500,USD
OFR-000035-V1,OFR-000035,APP-0000397,REQ-2024-00028,1,1,initial,accepted,true,2024-01-30,2024-02-02,,,,,2024-03-04,72500,USD
OFR-000036-V1,OFR-000036,APP-0000400,REQ-2024-00031,1,1,initial,accepted,true,2024-02-02,2024-02-06,,,,,2024-02-26,57500,USD
OFR-000037-V1,OFR-000037,APP-0000409,REQ-2024-00037,1,1,initial,accepted,true,2024-01-27,2024-01-29,,,,,2024-02-12,44500,USD
OFR-000038-V1,OFR-000038,APP-0000425,REQ-2024-00052,1,1,initial,declined,true,2024-02-02,,2024-02-04,,,,2024-03-01,78500,USD
OFR-000039-V1,OFR-000039,APP-0000441,REQ-2024-00063,1,1,initial,accepted,true,2024-02-05,2024-02-08,,,,,2024-03-04,77000,USD
OFR-000040-V1,OFR-000040,APP-0000442,REQ-2024-00063,1,1,initial,accepted,true,2024-01-25,2024-01-31,,,,,2024-03-04,83500,USD
OFR-000041-V1,OFR-000041,APP-0000443,REQ-2024-00064,1,1,initial,declined,true,2024-02-14,,2024-02-19,,,,2024-03-13,113500,USD
OFR-000042-V1,OFR-000042,APP-0000445,REQ-2024-00067,1,1,initial,accepted,true,2024-01-26,2024-01-30,,,,,2024-03-25,140500,USD
OFR-000043-V1,OFR-000043,APP-0000453,REQ-2024-00072,1,1,initial,accepted,true,2024-02-08,2024-02-11,,,,,2024-03-11,82000,USD
OFR-000044-V1,OFR-000044,APP-0000456,REQ-2024-00080,1,1,initial,accepted,true,2024-02-03,2024-02-14,,,,,2024-03-25,122500,USD
OFR-000045-V1,OFR-000045,APP-0000467,REQ-2024-00112,1,1,initial,withdrawn,true,2024-01-26,,,2024-01-30,,,2024-02-23,56500,USD
OFR-000046-V1,OFR-000046,APP-0000480,REQ-2024-00141,1,1,initial,accepted,true,2024-02-08,2024-02-13,,,,,2024-03-25,133000,USD
OFR-000047-V1,OFR-000047,APP-0000491,REQ-2024-00025,1,1,initial,accepted,true,2024-01-28,2024-02-02,,,,,2024-02-26,77500,USD
OFR-000048-V1,OFR-000048,APP-0000525,REQ-2024-00063,1,1,initial,superseded,false,2024-02-01,,,,,,2024-02-26,85000,USD
OFR-000048-V2,OFR-000048,APP-0000525,REQ-2024-00063,1,2,negotiation_revision,accepted,true,2024-02-02,2024-02-03,,,,,2024-02-26,88500,USD
OFR-000049-V1,OFR-000049,APP-0000526,REQ-2024-00063,1,1,initial,superseded,false,2024-01-23,,,,,,2024-02-19,73500,USD
OFR-000049-V2,OFR-000049,APP-0000526,REQ-2024-00063,1,2,negotiation_revision,accepted,true,2024-01-24,2024-01-25,,,,,2024-02-19,79500,USD
OFR-000050-V1,OFR-000050,APP-0000529,REQ-2024-00069,1,1,initial,accepted,false,2024-01-26,2024-01-29,,,,,2024-02-19,46500,USD
OFR-000050-V2,OFR-000050,APP-0000529,REQ-2024-00069,1,2,start_date_revision,accepted,true,2024-02-05,2024-02-05,,,,,2024-03-04,46500,USD
OFR-000051-V1,OFR-000051,APP-0000535,REQ-2024-00081,1,1,initial,superseded,false,2024-01-31,,,,,,2024-02-26,78500,USD
OFR-000051-V2,OFR-000051,APP-0000535,REQ-2024-00081,1,2,negotiation_revision,accepted,true,2024-02-02,2024-02-03,,,,,2024-02-26,82000,USD
OFR-000052-V1,OFR-000052,APP-0000542,REQ-2024-00092,1,1,initial,accepted,false,2024-01-31,2024-02-03,,,,,2024-02-26,73000,USD
OFR-000052-V2,OFR-000052,APP-0000542,REQ-2024-00092,1,2,letter_reissue,rescinded,true,2024-02-08,2024-02-08,,,2024-02-10,,2024-02-26,73000,USD
OFR-000053-V1,OFR-000053,APP-0000547,REQ-2024-00096,1,1,initial,accepted,false,2024-02-05,2024-02-13,,,,,2024-03-11,100000,USD
OFR-000053-V2,OFR-000053,APP-0000547,REQ-2024-00096,1,2,letter_reissue,accepted,true,2024-02-17,2024-02-17,,,,,2024-03-11,100000,USD
OFR-000054-V1,OFR-000054,APP-0000576,REQ-2024-00133,1,1,initial,withdrawn,true,2024-02-08,,,2024-02-11,,,2024-03-07,83000,USD
OFR-000055-V1,OFR-000055,APP-0000587,REQ-2024-00008,1,1,initial,declined,true,2024-01-30,,2024-01-31,,,,2024-02-27,68500,USD
OFR-000056-V1,OFR-000056,APP-0000597,REQ-2024-00021,1,1,initial,accepted,false,2024-01-31,2024-02-02,,,,,2024-02-26,51000,USD
OFR-000056-V2,OFR-000056,APP-0000597,REQ-2024-00021,1,2,letter_reissue,rescinded,true,2024-02-08,2024-02-08,,,2024-02-08,,2024-02-26,51000,USD
OFR-000057-V1,OFR-000057,APP-0000604,REQ-2024-00034,1,1,initial,withdrawn,true,2024-01-28,,,2024-02-01,,,2024-02-25,72000,USD
OFR-000058-V1,OFR-000058,APP-0000614,REQ-2024-00037,1,1,initial,superseded,false,2024-01-25,,,,,,2024-02-12,48500,USD
OFR-000058-V2,OFR-000058,APP-0000614,REQ-2024-00037,1,2,negotiation_revision,accepted,false,2024-01-26,2024-01-27,,,,,2024-02-12,50000,USD
OFR-000058-V3,OFR-000058,APP-0000614,REQ-2024-00037,1,3,letter_reissue,accepted,true,2024-02-07,2024-02-07,,,,,2024-02-12,50000,USD
OFR-000059-V1,OFR-000059,APP-0000617,REQ-2024-00040,1,1,initial,accepted,true,2024-02-05,2024-02-06,,,,,2024-03-11,70000,USD
OFR-000060-V1,OFR-000060,APP-0000621,REQ-2024-00047,1,1,initial,accepted,false,2024-02-13,2024-02-20,,,,,2024-04-01,98500,USD
OFR-000060-V2,OFR-000060,APP-0000621,REQ-2024-00047,1,2,letter_reissue,accepted,true,2024-02-24,2024-02-24,,,,,2024-04-01,98500,USD
OFR-000061-V1,OFR-000061,APP-0000622,REQ-2024-00051,1,1,initial,accepted,true,2024-02-06,2024-02-09,,,,,2024-03-18,94500,USD
OFR-000062-V1,OFR-000062,APP-0000645,REQ-2024-00081,1,1,initial,accepted,true,2024-01-31,2024-02-02,,,,,2024-02-26,85500,USD
OFR-000063-V1,OFR-000063,APP-0000659,REQ-2024-00115,1,1,initial,accepted,false,2024-02-02,2024-02-05,,,,,2024-03-11,79500,USD
OFR-000063-V2,OFR-000063,APP-0000659,REQ-2024-00115,1,2,start_date_revision,accepted,true,2024-02-11,2024-02-11,,,,,2024-04-01,79500,USD
OFR-000064-V1,OFR-000064,APP-0000677,REQ-2024-00133,1,1,initial,accepted,true,2024-02-01,2024-02-03,,,,,2024-03-18,77500,USD
OFR-000065-V1,OFR-000065,APP-0000680,REQ-2024-00136,1,1,initial,superseded,false,2024-01-25,,,,,,2024-03-11,80500,USD
OFR-000065-V2,OFR-000065,APP-0000680,REQ-2024-00136,1,2,negotiation_revision,accepted,false,2024-01-28,2024-01-29,,,,,2024-03-11,83500,USD
OFR-000065-V3,OFR-000065,APP-0000680,REQ-2024-00136,1,3,salary_correction,accepted,true,2024-01-31,2024-01-31,,,,,2024-03-11,85000,USD
OFR-000066-V1,OFR-000066,APP-0000686,REQ-2024-00145,1,1,initial,accepted,true,2024-01-19,2024-01-23,,,,,2024-02-19,44000,USD
OFR-000067-V1,OFR-000067,APP-0000693,REQ-2024-00147,1,1,initial,accepted,true,2024-01-26,2024-02-03,,,,,2024-03-18,80500,USD
OFR-000068-V1,OFR-000068,APP-0000698,REQ-2024-00158,1,1,initial,declined,true,2024-01-26,,2024-01-27,,,,2024-02-23,89000,USD
OFR-000069-V1,OFR-000069,APP-0000700,REQ-2024-00160,1,1,initial,superseded,false,2024-02-01,,,,,,2024-02-29,43500,USD
OFR-000069-V2,OFR-000069,APP-0000700,REQ-2024-00160,1,2,negotiation_revision,withdrawn,true,2024-02-03,,,2024-02-07,,,2024-02-29,45000,USD
OFR-000070-V1,OFR-000070,APP-0000713,REQ-2024-00012,1,1,initial,accepted,true,2024-02-06,2024-02-09,,,,,2024-02-26,57500,USD
OFR-000071-V1,OFR-000071,APP-0000720,REQ-2024-00023,1,1,initial,declined,true,2024-01-24,,2024-01-26,,,,2024-02-21,47500,USD
OFR-000072-V1,OFR-000072,APP-0000739,REQ-2024-00043,1,1,initial,declined,true,2024-02-07,,2024-02-10,,,,2024-03-06,118000,USD
OFR-000073-V1,OFR-000073,APP-0000767,REQ-2024-00075,1,1,initial,accepted,true,2024-01-24,2024-01-27,,,,,2024-02-26,74500,USD
OFR-000074-V1,OFR-000074,APP-0000778,REQ-2024-00085,1,1,initial,accepted,true,2024-01-23,2024-01-26,,,,,2024-02-26,78000,USD
OFR-000075-V1,OFR-000075,APP-0000781,REQ-2024-00094,1,1,initial,superseded,false,2024-02-02,,,,,,2024-04-01,153500,USD
OFR-000075-V2,OFR-000075,APP-0000781,REQ-2024-00094,1,2,negotiation_revision,accepted,false,2024-02-05,2024-02-08,,,,,2024-04-01,161000,USD
OFR-000075-V3,OFR-000075,APP-0000781,REQ-2024-00094,1,3,start_date_revision,reneged,true,2024-02-11,2024-02-11,,,,2024-03-01,2024-04-17,161000,USD
OFR-000076-V1,OFR-000076,APP-0000800,REQ-2024-00126,1,1,initial,declined,true,2024-01-21,,2024-01-24,,,,2024-02-18,99000,USD
OFR-000077-V1,OFR-000077,APP-0000818,REQ-2024-00147,1,1,initial,accepted,true,2024-01-31,2024-02-05,,,,,2024-03-11,81000,USD
OFR-000078-V1,OFR-000078,APP-0000825,REQ-2024-00160,1,1,initial,accepted,false,2024-01-28,2024-01-31,,,,,2024-02-19,46000,USD
OFR-000078-V2,OFR-000078,APP-0000825,REQ-2024-00160,1,2,letter_reissue,accepted,true,2024-02-09,2024-02-09,,,,,2024-02-19,46000,USD
OFR-000079-V1,OFR-000079,APP-0000828,REQ-2024-00161,1,1,initial,declined,true,2024-02-16,,2024-02-19,,,,2024-03-15,106500,USD
OFR-000080-V1,OFR-000080,APP-0000833,REQ-2024-00164,1,1,initial,accepted,true,2024-02-05,2024-02-08,,,,,2024-03-11,70000,USD
OFR-000081-V1,OFR-000081,APP-0000862,REQ-2024-00031,1,1,initial,withdrawn,true,2024-02-05,,,2024-02-07,,,2024-03-04,57500,USD
OFR-000082-V1,OFR-000082,APP-0000869,REQ-2024-00034,1,1,initial,superseded,false,2024-02-03,,,,,,2024-02-26,83500,USD
OFR-000082-V2,OFR-000082,APP-0000869,REQ-2024-00034,1,2,negotiation_revision,accepted,false,2024-02-06,2024-02-07,,,,,2024-02-26,87000,USD
OFR-000082-V3,OFR-000082,APP-0000869,REQ-2024-00034,1,3,start_date_revision,accepted,true,2024-02-19,2024-02-19,,,,,2024-03-11,87000,USD
OFR-000083-V1,OFR-000083,APP-0000887,REQ-2024-00062,1,1,initial,declined,true,2024-01-28,,2024-01-29,,,,2024-02-25,108000,USD
OFR-000084-V1,OFR-000084,APP-0000910,REQ-2024-00082,1,1,initial,accepted,true,2024-02-09,2024-02-11,,,,,2024-03-11,104500,USD
OFR-000085-V1,OFR-000085,APP-0000923,REQ-2024-00102,1,1,initial,superseded,false,2024-02-02,,,,,,2024-03-18,88500,USD
OFR-000085-V2,OFR-000085,APP-0000923,REQ-2024-00102,1,2,negotiation_revision,accepted,true,2024-02-03,2024-02-05,,,,,2024-03-18,92000,USD
OFR-000086-V1,OFR-000086,APP-0000932,REQ-2024-00115,1,1,initial,accepted,true,2024-02-08,2024-02-10,,,,,2024-03-04,80000,USD
OFR-000087-V1,OFR-000087,APP-0000935,REQ-2024-00117,1,1,initial,superseded,false,2024-02-04,,,,,,2024-03-03,94500,USD
OFR-000087-V2,OFR-000087,APP-0000935,REQ-2024-00117,1,2,negotiation_revision,declined,true,2024-02-08,,2024-02-10,,,,2024-03-03,99000,USD
OFR-000088-V1,OFR-000088,APP-0000948,REQ-2024-00133,1,1,initial,accepted,false,2024-02-01,2024-02-04,,,,,2024-03-11,85500,USD
OFR-000088-V2,OFR-000088,APP-0000948,REQ-2024-00133,1,2,salary_correction,accepted,true,2024-02-18,2024-02-18,,,,,2024-03-11,87000,USD
OFR-000089-V1,OFR-000089,APP-0000949,REQ-2024-00133,1,1,initial,accepted,true,2024-01-26,2024-02-01,,,,,2024-03-11,82000,USD
OFR-000090-V1,OFR-000090,APP-0000950,REQ-2024-00134,1,1,initial,withdrawn,true,2024-02-01,,,2024-02-05,,,2024-02-29,58000,USD
OFR-000091-V1,OFR-000091,APP-0000953,REQ-2024-00139,1,1,initial,declined,true,2024-02-08,,2024-02-12,,,,2024-03-07,142000,USD
OFR-000092-V1,OFR-000092,APP-0000956,REQ-2024-00145,1,1,initial,superseded,false,2024-02-04,,,,,,2024-02-19,49000,USD
OFR-000092-V2,OFR-000092,APP-0000956,REQ-2024-00145,1,2,negotiation_revision,accepted,true,2024-02-07,2024-02-08,,,,,2024-02-19,52000,USD
OFR-000093-V1,OFR-000093,APP-0000959,REQ-2024-00147,1,1,initial,superseded,false,2024-01-31,,,,,,2024-02-28,86000,USD
OFR-000093-V2,OFR-000093,APP-0000959,REQ-2024-00147,1,2,negotiation_revision,declined,true,2024-02-01,,2024-02-03,,,,2024-02-28,91000,USD
OFR-000094-V1,OFR-000094,APP-0000968,REQ-2024-00172,1,1,initial,superseded,false,2024-02-22,,,,,,2024-04-01,106000,USD
OFR-000094-V2,OFR-000094,APP-0000968,REQ-2024-00172,1,2,negotiation_revision,accepted,true,2024-02-23,2024-02-24,,,,,2024-04-01,112500,USD
OFR-000095-V1,OFR-000095,APP-0000971,REQ-2024-00175,1,1,initial,accepted,true,2024-02-02,2024-02-06,,,,,2024-03-04,75500,USD
OFR-000096-V1,OFR-000096,APP-0000980,REQ-2024-00190,1,1,initial,withdrawn,true,2024-02-11,,,2024-02-24,,,2024-03-10,92500,USD
OFR-000097-V1,OFR-000097,APP-0000987,REQ-2024-00202,1,1,initial,accepted,false,2024-02-06,2024-02-07,,,,,2024-03-18,84000,USD
OFR-000097-V2,OFR-000097,APP-0000987,REQ-2024-00202,1,2,start_date_revision,accepted,true,2024-02-22,2024-02-22,,,,,2024-04-01,84000,USD
OFR-000098-V1,OFR-000098,APP-0001008,REQ-2024-00034,1,1,initial,accepted,true,2024-01-29,2024-01-30,,,,,2024-03-04,73000,USD
OFR-000099-V1,OFR-000099,APP-0001031,REQ-2024-00069,1,1,initial,withdrawn,true,2024-01-31,,,2024-02-05,,,2024-02-28,48500,USD
OFR-000100-V1,OFR-000100,APP-0001042,REQ-2024-00081,1,1,initial,accepted,true,2024-01-28,2024-01-29,,,,,2024-02-26,79000,USD
OFR-000101-V1,OFR-000101,APP-0001056,REQ-2024-00112,1,1,initial,withdrawn,true,2024-01-29,,,2024-01-31,,,2024-02-26,61000,USD
OFR-000102-V1,OFR-000102,APP-0001063,REQ-2024-00118,1,1,initial,accepted,true,2024-02-07,2024-02-09,,,,,2024-03-11,82000,USD
OFR-000103-V1,OFR-000103,APP-0001067,REQ-2024-00126,1,1,initial,accepted,true,2024-02-14,2024-02-15,,,,,2024-03-25,94000,USD
OFR-000104-V1,OFR-000104,APP-0001081,REQ-2024-00147,1,1,initial,accepted,true,2024-01-26,2024-01-29,,,,,2024-02-26,86500,USD
OFR-000105-V1,OFR-000105,APP-0001086,REQ-2024-00155,1,1,initial,accepted,true,2024-02-12,2024-02-14,,,,,2024-03-11,60500,USD
OFR-000106-V1,OFR-000106,APP-0001092,REQ-2024-00168,1,1,initial,reneged,true,2024-02-02,2024-02-08,,,,2024-03-01,2024-03-04,103500,USD
OFR-000107-V1,OFR-000107,APP-0001097,REQ-2024-00178,1,1,initial,accepted,true,2024-01-27,2024-02-02,,,,,2024-03-11,104000,USD
OFR-000108-V1,OFR-000108,APP-0001107,REQ-2024-00206,1,1,initial,accepted,true,2024-02-25,2024-03-01,,,,,2024-04-01,123000,USD
OFR-000109-V1,OFR-000109,APP-0001115,REQ-2024-00004,1,1,initial,accepted,true,2024-02-02,2024-02-06,,,,,2024-03-18,88000,USD
OFR-000110-V1,OFR-000110,APP-0001120,REQ-2024-00007,1,1,initial,accepted,true,2024-02-04,2024-02-08,,,,,2024-03-11,71500,USD
OFR-000111-V1,OFR-000111,APP-0001160,REQ-2024-00064,1,1,initial,declined,true,2024-01-30,,2024-02-06,,,,2024-02-27,130500,USD
OFR-000112-V1,OFR-000112,APP-0001175,REQ-2024-00096,1,1,initial,accepted,true,2024-02-22,2024-02-26,,,,,2024-03-18,101000,USD
OFR-000113-V1,OFR-000113,APP-0001193,REQ-2024-00128,1,1,initial,accepted,false,2024-01-31,2024-02-02,,,,,2024-03-04,97500,USD
OFR-000113-V2,OFR-000113,APP-0001193,REQ-2024-00128,1,2,start_date_revision,accepted,true,2024-02-08,2024-02-08,,,,,2024-03-18,97500,USD
OFR-000114-V1,OFR-000114,APP-0001200,REQ-2024-00136,1,1,initial,withdrawn,true,2024-01-29,,,2024-01-29,,,2024-02-26,83500,USD
OFR-000115-V1,OFR-000115,APP-0001216,REQ-2024-00147,1,1,initial,accepted,true,2024-02-01,2024-02-07,,,,,2024-03-11,88000,USD
OFR-000116-V1,OFR-000116,APP-0001220,REQ-2024-00153,1,1,initial,accepted,false,2024-02-04,2024-02-07,,,,,2024-03-11,102500,USD
OFR-000116-V2,OFR-000116,APP-0001220,REQ-2024-00153,1,2,start_date_revision,reneged,true,2024-02-17,2024-02-17,,,,2024-03-26,2024-03-30,102500,USD
OFR-000117-V1,OFR-000117,APP-0001232,REQ-2024-00167,1,1,initial,accepted,true,2024-02-17,2024-02-22,,,,,2024-03-25,182000,USD
OFR-000118-V1,OFR-000118,APP-0001251,REQ-2024-00192,1,1,initial,accepted,false,2024-02-05,2024-02-08,,,,,2024-03-04,64500,USD
OFR-000118-V2,OFR-000118,APP-0001251,REQ-2024-00192,1,2,salary_correction,accepted,true,2024-02-12,2024-02-12,,,,,2024-03-04,65000,USD
OFR-000119-V1,OFR-000119,APP-0001271,REQ-2024-00225,1,1,initial,accepted,true,2024-02-03,2024-02-09,,,,,2024-03-04,59000,USD
OFR-000120-V1,OFR-000120,APP-0001284,REQ-2024-00005,1,1,initial,superseded,false,2024-01-28,,,,,,2024-02-12,59000,USD
OFR-000120-V2,OFR-000120,APP-0001284,REQ-2024-00005,1,2,negotiation_revision,accepted,true,2024-01-29,2024-01-31,,,,,2024-02-12,61000,USD
OFR-000121-V1,OFR-000121,APP-0001285,REQ-2024-00007,1,1,initial,superseded,false,2024-02-05,,,,,,2024-03-04,76500,USD
OFR-000121-V2,OFR-000121,APP-0001285,REQ-2024-00007,1,2,negotiation_revision,declined,true,2024-02-08,,2024-02-09,,,,2024-03-04,80000,USD
OFR-000122-V1,OFR-000122,APP-0001314,REQ-2024-00055,1,1,initial,superseded,false,2024-02-16,,,,,,2024-04-01,99000,USD
OFR-000122-V2,OFR-000122,APP-0001314,REQ-2024-00055,1,2,negotiation_revision,accepted,true,2024-02-17,2024-02-19,,,,,2024-04-01,103000,USD
OFR-000123-V1,OFR-000123,APP-0001317,REQ-2024-00062,1,1,initial,declined,true,2024-02-20,,2024-02-23,,,,2024-03-19,106500,USD
OFR-000124-V1,OFR-000124,APP-0001320,REQ-2024-00062,1,1,initial,superseded,false,2024-02-14,,,,,,2024-03-13,105000,USD
OFR-000124-V2,OFR-000124,APP-0001320,REQ-2024-00062,1,2,negotiation_revision,declined,true,2024-02-17,,2024-02-19,,,,2024-03-13,109500,USD
OFR-000125-V1,OFR-000125,APP-0001329,REQ-2024-00075,1,1,initial,declined,true,2024-01-29,,2024-01-31,,,,2024-02-26,72500,USD
OFR-000126-V1,OFR-000126,APP-0001333,REQ-2024-00079,1,1,initial,accepted,true,2024-02-17,2024-02-21,,,,,2024-04-01,104500,USD
OFR-000127-V1,OFR-000127,APP-0001344,REQ-2024-00102,1,1,initial,superseded,false,2024-02-03,,,,,,2024-03-02,95000,USD
OFR-000127-V2,OFR-000127,APP-0001344,REQ-2024-00102,1,2,negotiation_revision,withdrawn,true,2024-02-05,,,2024-02-06,,,2024-03-02,101000,USD
OFR-000128-V1,OFR-000128,APP-0001349,REQ-2024-00110,1,1,initial,declined,true,2024-02-26,,2024-03-01,,,,2024-03-25,94500,USD
OFR-000129-V1,OFR-000129,APP-0001371,REQ-2024-00133,1,1,initial,accepted,true,2024-02-02,2024-02-07,,,,,2024-03-18,80000,USD
OFR-000130-V1,OFR-000130,APP-0001397,REQ-2024-00158,1,1,initial,superseded,false,2024-02-17,,,,,,2024-03-25,95000,USD
OFR-000130-V2,OFR-000130,APP-0001397,REQ-2024-00158,1,2,negotiation_revision,accepted,true,2024-02-19,2024-02-20,,,,,2024-03-25,102500,USD
OFR-000131-V1,OFR-000131,APP-0001435,REQ-2024-00202,1,1,initial,declined,true,2024-02-02,,2024-02-05,,,,2024-03-01,92000,USD
OFR-000132-V1,OFR-000132,APP-0001442,REQ-2024-00210,1,1,initial,accepted,true,2024-02-14,2024-02-19,,,,,2024-04-08,217000,USD
OFR-000133-V1,OFR-000133,APP-0001452,REQ-2024-00217,1,1,initial,accepted,true,2024-03-08,2024-03-13,,,,,2024-04-15,100000,USD
OFR-000134-V1,OFR-000134,APP-0001461,REQ-2024-00239,1,1,initial,accepted,true,2024-02-05,2024-02-09,,,,,2024-03-11,99500,USD
OFR-000135-V1,OFR-000135,APP-0001469,REQ-2024-00003,1,1,initial,accepted,false,2024-02-04,2024-02-08,,,,,2024-03-25,154500,USD
OFR-000135-V2,OFR-000135,APP-0001469,REQ-2024-00003,1,2,letter_reissue,accepted,true,2024-02-13,2024-02-13,,,,,2024-03-25,154500,USD
OFR-000136-V1,OFR-000136,APP-0001529,REQ-2024-00075,1,1,initial,declined,true,2024-02-03,,2024-02-07,,,,2024-03-02,67500,USD
OFR-000137-V1,OFR-000137,APP-0001537,REQ-2024-00091,1,1,initial,declined,true,2024-02-13,,2024-02-16,,,,2024-03-12,158500,USD
OFR-000138-V1,OFR-000138,APP-0001539,REQ-2024-00100,1,1,initial,accepted,true,2024-02-10,2024-02-20,,,,,2024-03-18,79500,USD
OFR-000139-V1,OFR-000139,APP-0001547,REQ-2024-00115,1,1,initial,accepted,true,2024-01-31,2024-02-02,,,,,2024-03-04,85500,USD
OFR-000140-V1,OFR-000140,APP-0001560,REQ-2024-00134,1,1,initial,accepted,true,2024-02-01,2024-02-04,,,,,2024-03-04,63500,USD
OFR-000141-V1,OFR-000141,APP-0001571,REQ-2024-00145,1,1,initial,declined,true,2024-01-31,,2024-02-01,,,,2024-02-28,47500,USD
OFR-000142-V1,OFR-000142,APP-0001579,REQ-2024-00148,1,1,initial,accepted,true,2024-02-02,2024-02-11,,,,,2024-03-11,84500,USD
OFR-000143-V1,OFR-000143,APP-0001583,REQ-2024-00157,1,1,initial,superseded,false,2024-02-23,,,,,,2024-03-22,136000,USD
OFR-000143-V2,OFR-000143,APP-0001583,REQ-2024-00157,1,2,negotiation_revision,declined,true,2024-02-26,,2024-02-29,,,,2024-03-22,145000,USD
OFR-000144-V1,OFR-000144,APP-0001588,REQ-2024-00160,1,1,initial,superseded,false,2024-02-02,,,,,,2024-03-04,46500,USD
OFR-000144-V2,OFR-000144,APP-0001588,REQ-2024-00160,1,2,negotiation_revision,accepted,true,2024-02-05,2024-02-06,,,,,2024-03-04,48000,USD
OFR-000145-V1,OFR-000145,APP-0001591,REQ-2024-00163,1,1,initial,accepted,true,2024-02-02,2024-02-03,,,,,2024-03-04,80000,USD
OFR-000146-V1,OFR-000146,APP-0001592,REQ-2024-00164,1,1,initial,withdrawn,true,2024-02-04,,,2024-02-12,,,2024-03-03,74500,USD
OFR-000147-V1,OFR-000147,APP-0001604,REQ-2024-00185,1,1,initial,reneged,true,2024-01-28,2024-02-05,,,,2024-02-25,2024-02-26,47500,USD
OFR-000148-V1,OFR-000148,APP-0001617,REQ-2024-00202,1,1,initial,accepted,false,2024-02-03,2024-02-08,,,,,2024-03-18,90000,USD
OFR-000148-V2,OFR-000148,APP-0001617,REQ-2024-00202,1,2,start_date_revision,accepted,true,2024-02-17,2024-02-17,,,,,2024-04-08,90000,USD
OFR-000149-V1,OFR-000149,APP-0001638,REQ-2024-00226,1,1,initial,accepted,true,2024-01-28,2024-01-31,,,,,2024-03-04,60500,USD
OFR-000150-V1,OFR-000150,APP-0001642,REQ-2024-00229,1,1,initial,accepted,true,2024-02-03,2024-02-05,,,,,2024-03-04,67500,USD
OFR-000151-V1,OFR-000151,APP-0001648,REQ-2024-00237,1,1,initial,withdrawn,true,2024-02-14,,,2024-02-18,,,2024-03-13,87500,USD
OFR-000152-V1,OFR-000152,APP-0001663,REQ-2024-00266,1,1,initial,accepted,true,2024-02-07,2024-02-08,,,,,2024-03-04,79000,USD
OFR-000153-V1,OFR-000153,APP-0001675,REQ-2024-00008,1,1,initial,accepted,false,2024-02-06,2024-02-09,,,,,2024-03-11,76500,USD
OFR-000153-V2,OFR-000153,APP-0001675,REQ-2024-00008,1,2,salary_correction,accepted,true,2024-02-23,2024-02-23,,,,,2024-03-11,77700,USD
OFR-000154-V1,OFR-000154,APP-0001703,REQ-2024-00034,1,1,initial,accepted,true,2024-02-07,2024-02-09,,,,,2024-03-11,80000,USD
OFR-000155-V1,OFR-000155,APP-0001706,REQ-2024-00039,1,1,initial,declined,true,2024-01-30,,2024-02-01,,,,2024-02-27,48500,USD
OFR-000156-V1,OFR-000156,APP-0001716,REQ-2024-00063,1,1,initial,withdrawn,true,2024-02-06,,,2024-02-08,,,2024-03-05,73500,USD
OFR-000157-V1,OFR-000157,APP-0001749,REQ-2024-00126,1,1,initial,superseded,false,2024-02-07,,,,,,2024-03-25,87000,USD
OFR-000157-V2,OFR-000157,APP-0001749,REQ-2024-00126,1,2,negotiation_revision,accepted,true,2024-02-10,2024-02-11,,,,,2024-03-25,93500,USD
OFR-000158-V1,OFR-000158,APP-0001751,REQ-2024-00130,1,1,initial,accepted,true,2024-02-18,2024-02-27,,,,,2024-04-08,145500,USD
OFR-000159-V1,OFR-000159,APP-0001756,REQ-2024-00133,1,1,initial,accepted,true,2024-02-05,2024-02-08,,,,,2024-03-11,79000,USD
OFR-000160-V1,OFR-000160,APP-0001772,REQ-2024-00147,1,1,initial,withdrawn,true,2024-02-13,,,2024-02-15,,,2024-03-12,90500,USD
OFR-000161-V1,OFR-000161,APP-0001773,REQ-2024-00147,1,1,initial,accepted,true,2024-02-01,2024-02-06,,,,,2024-03-04,79000,USD
OFR-000162-V1,OFR-000162,APP-0001780,REQ-2024-00157,1,1,initial,declined,true,2024-03-02,,2024-03-06,,,,2024-03-30,129000,USD
OFR-000163-V1,OFR-000163,APP-0001793,REQ-2024-00180,1,1,initial,accepted,true,2024-02-01,2024-02-04,,,,,2024-03-04,67000,USD
OFR-000164-V1,OFR-000164,APP-0001797,REQ-2024-00185,1,1,initial,withdrawn,true,2024-02-02,,,2024-02-05,,,2024-03-01,45000,USD
OFR-000165-V1,OFR-000165,APP-0001803,REQ-2024-00193,1,1,initial,accepted,true,2024-02-06,2024-02-14,,,,,2024-02-26,71000,USD
OFR-000166-V1,OFR-000166,APP-0001835,REQ-2024-00226,1,1,initial,withdrawn,true,2024-02-12,,,2024-02-17,,,2024-03-11,60000,USD
OFR-000167-V1,OFR-000167,APP-0001836,REQ-2024-00226,1,1,initial,accepted,true,2024-02-01,2024-02-03,,,,,2024-03-04,62000,USD
OFR-000168-V1,OFR-000168,APP-0001848,REQ-2024-00242,1,1,initial,superseded,false,2024-02-09,,,,,,2024-03-25,99500,USD
OFR-000168-V2,OFR-000168,APP-0001848,REQ-2024-00242,1,2,negotiation_revision,accepted,true,2024-02-10,2024-02-12,,,,,2024-03-25,102500,USD
OFR-000169-V1,OFR-000169,APP-0001850,REQ-2024-00247,1,1,initial,superseded,false,2024-02-02,,,,,,2024-03-04,62000,USD
OFR-000169-V2,OFR-000169,APP-0001850,REQ-2024-00247,1,2,negotiation_revision,accepted,true,2024-02-03,2024-02-04,,,,,2024-03-04,67000,USD
OFR-000170-V1,OFR-000170,APP-0001852,REQ-2024-00248,1,1,initial,withdrawn,true,2024-02-09,,,2024-02-11,,,2024-03-08,80500,USD
OFR-000171-V1,OFR-000171,APP-0001858,REQ-2024-00255,1,1,initial,accepted,true,2024-02-08,2024-02-09,,,,,2024-02-26,57500,USD
OFR-000172-V1,OFR-000172,APP-0001863,REQ-2024-00274,1,1,initial,accepted,false,2024-02-14,2024-02-20,,,,,2024-04-01,103000,USD
OFR-000172-V2,OFR-000172,APP-0001863,REQ-2024-00274,1,2,letter_reissue,accepted,true,2024-02-24,2024-02-24,,,,,2024-04-01,103000,USD
OFR-000173-V1,OFR-000173,APP-0001867,REQ-2024-00289,1,1,initial,accepted,true,2024-02-04,2024-02-06,,,,,2024-02-26,72000,USD
OFR-000174-V1,OFR-000174,APP-0001881,REQ-2024-00025,1,1,initial,declined,true,2024-02-02,,2024-02-06,,,,2024-03-01,82000,USD
OFR-000175-V1,OFR-000175,APP-0001882,REQ-2024-00026,1,1,initial,superseded,false,2024-02-03,,,,,,2024-03-11,100500,USD
OFR-000175-V2,OFR-000175,APP-0001882,REQ-2024-00026,1,2,negotiation_revision,accepted,false,2024-02-05,2024-02-06,,,,,2024-03-11,108000,USD
OFR-000175-V3,OFR-000175,APP-0001882,REQ-2024-00026,1,3,letter_reissue,accepted,true,2024-02-08,2024-02-08,,,,,2024-03-11,108000,USD
OFR-000176-V1,OFR-000176,APP-0001883,REQ-2024-00028,1,1,initial,withdrawn,true,2024-02-01,,,2024-02-03,,,2024-02-29,82000,USD
OFR-000177-V1,OFR-000177,APP-0001884,REQ-2024-00030,1,1,initial,superseded,false,2024-02-11,,,,,,2024-04-01,117500,USD
OFR-000177-V2,OFR-000177,APP-0001884,REQ-2024-00030,1,2,negotiation_revision,accepted,true,2024-02-12,2024-02-19,,,,,2024-04-01,126500,USD
OFR-000178-V1,OFR-000178,APP-0001899,REQ-2024-00056,1,1,initial,accepted,true,2024-02-10,2024-02-29,,,,,2024-04-08,103000,USD
OFR-000179-V1,OFR-000179,APP-0001900,REQ-2024-00060,1,1,initial,superseded,false,2024-03-04,,,,,,2024-04-01,123500,USD
OFR-000179-V2,OFR-000179,APP-0001900,REQ-2024-00060,1,2,negotiation_revision,declined,true,2024-03-06,,2024-03-15,,,,2024-04-01,133000,USD
OFR-000180-V1,OFR-000180,APP-0001933,REQ-2024-00115,1,1,initial,accepted,true,2024-02-04,2024-02-06,,,,,2024-03-11,81500,USD
OFR-000181-V1,OFR-000181,APP-0001938,REQ-2024-00133,1,1,initial,withdrawn,true,2024-01-31,,,2024-02-12,,,2024-02-28,77500,USD
OFR-000182-V1,OFR-000182,APP-0001944,REQ-2024-00133,1,1,initial,accepted,true,2024-02-03,2024-02-09,,,,,2024-03-11,89500,USD
OFR-000183-V1,OFR-000183,APP-0001960,REQ-2024-00147,1,1,initial,accepted,true,2024-02-09,2024-02-13,,,,,2024-03-18,90500,USD
OFR-000184-V1,OFR-000184,APP-0002000,REQ-2024-00202,1,1,initial,accepted,true,2024-02-10,2024-02-14,,,,,2024-03-25,87000,USD
OFR-000185-V1,OFR-000185,APP-0002008,REQ-2024-00208,1,1,initial,declined,true,2024-02-05,,2024-02-12,,,,2024-03-04,122500,USD
OFR-000186-V1,OFR-000186,APP-0002013,REQ-2024-00211,1,1,initial,accepted,true,2024-02-16,2024-02-19,,,,,2024-03-18,58000,USD
OFR-000187-V1,OFR-000187,APP-0002017,REQ-2024-00219,1,1,initial,accepted,false,2024-02-09,2024-02-13,,,,,2024-03-11,68500,USD
OFR-000187-V2,OFR-000187,APP-0002017,REQ-2024-00219,1,2,start_date_revision,reneged,true,2024-02-15,2024-02-15,,,,2024-02-16,2024-03-18,68500,USD
OFR-000188-V1,OFR-000188,APP-0002020,REQ-2024-00221,1,1,initial,declined,true,2024-02-07,,2024-02-14,,,,2024-03-06,74000,USD
OFR-000189-V1,OFR-000189,APP-0002022,REQ-2024-00223,1,1,initial,accepted,true,2024-02-24,2024-02-28,,,,,2024-04-01,127000,USD
OFR-000190-V1,OFR-000190,APP-0002042,REQ-2024-00256,1,1,initial,accepted,true,2024-02-26,2024-02-29,,,,,2024-04-01,132500,USD
OFR-000191-V1,OFR-000191,APP-0002045,REQ-2024-00257,1,1,initial,accepted,false,2024-02-25,2024-03-01,,,,,2024-04-08,97500,USD
OFR-000191-V2,OFR-000191,APP-0002045,REQ-2024-00257,1,2,start_date_revision,accepted,true,2024-03-04,2024-03-04,,,,,2024-04-22,97500,USD
OFR-000192-V1,OFR-000192,APP-0002059,REQ-2024-00278,1,1,initial,accepted,true,2024-03-01,2024-03-05,,,,,2024-05-06,205500,USD
OFR-000193-V1,OFR-000193,APP-0002062,REQ-2024-00282,1,1,initial,withdrawn,true,2024-02-26,,,2024-03-02,,,2024-03-25,160000,USD
OFR-000194-V1,OFR-000194,APP-0002079,REQ-2024-00012,1,1,initial,superseded,false,2024-02-23,,,,,,2024-03-22,54500,USD
OFR-000194-V2,OFR-000194,APP-0002079,REQ-2024-00012,1,2,negotiation_revision,withdrawn,true,2024-02-26,,,2024-02-29,,,2024-03-22,56000,USD
OFR-000195-V1,OFR-000195,APP-0002085,REQ-2024-00022,1,1,initial,accepted,true,2024-02-05,2024-02-07,,,,,2024-03-04,81000,USD
OFR-000196-V1,OFR-000196,APP-0002092,REQ-2024-00034,1,1,initial,accepted,true,2024-02-09,2024-02-12,,,,,2024-03-11,77000,USD
OFR-000197-V1,OFR-000197,APP-0002115,REQ-2024-00090,1,1,initial,superseded,false,2024-02-15,,,,,,2024-03-25,78500,USD
OFR-000197-V2,OFR-000197,APP-0002115,REQ-2024-00090,1,2,negotiation_revision,accepted,true,2024-02-18,2024-02-19,,,,,2024-03-25,84000,USD
OFR-000198-V1,OFR-000198,APP-0002159,REQ-2024-00147,1,1,initial,superseded,false,2024-02-03,,,,,,2024-03-18,79000,USD
OFR-000198-V2,OFR-000198,APP-0002159,REQ-2024-00147,1,2,negotiation_revision,accepted,true,2024-02-06,2024-02-09,,,,,2024-03-18,84500,USD
OFR-000199-V1,OFR-000199,APP-0002169,REQ-2024-00158,1,1,initial,accepted,true,2024-02-13,2024-02-19,,,,,2024-03-18,96500,USD
OFR-000200-V1,OFR-000200,APP-0002174,REQ-2024-00161,1,1,initial,reneged,true,2024-02-04,2024-02-06,,,,2024-02-22,2024-03-18,114500,USD
OFR-000201-V1,OFR-000201,APP-0002178,REQ-2024-00176,1,1,initial,accepted,true,2024-02-17,2024-02-21,,,,,2024-03-11,88500,USD
OFR-000202-V1,OFR-000202,APP-0002182,REQ-2024-00190,1,1,initial,superseded,false,2024-02-19,,,,,,2024-03-25,95500,USD
OFR-000202-V2,OFR-000202,APP-0002182,REQ-2024-00190,1,2,negotiation_revision,accepted,true,2024-02-21,2024-02-24,,,,,2024-03-25,101500,USD
OFR-000203-V1,OFR-000203,APP-0002213,REQ-2024-00229,1,1,initial,superseded,false,2024-02-06,,,,,,2024-03-05,75000,USD
OFR-000203-V2,OFR-000203,APP-0002213,REQ-2024-00229,1,2,negotiation_revision,withdrawn,true,2024-02-09,,,2024-02-10,,,2024-03-05,80500,USD
OFR-000204-V1,OFR-000204,APP-0002217,REQ-2024-00238,1,1,initial,accepted,false,2024-02-03,2024-02-05,,,,,2024-02-26,63500,USD
OFR-000204-V2,OFR-000204,APP-0002217,REQ-2024-00238,1,2,salary_correction,accepted,true,2024-02-15,2024-02-15,,,,,2024-02-26,64700,USD
OFR-000205-V1,OFR-000205,APP-0002241,REQ-2024-00273,1,1,initial,accepted,false,2024-02-03,2024-02-07,,,,,2024-03-11,105500,USD
OFR-000205-V2,OFR-000205,APP-0002241,REQ-2024-00273,1,2,letter_reissue,accepted,true,2024-02-22,2024-02-22,,,,,2024-03-11,105500,USD
OFR-000206-V1,OFR-000206,APP-0002260,REQ-2024-00308,1,1,initial,accepted,true,2024-02-08,2024-02-13,,,,,2024-03-11,65000,USD
OFR-000207-V1,OFR-000207,APP-0002268,REQ-2024-00019,1,1,initial,rescinded,true,2024-02-21,2024-02-23,,,2024-03-04,,2024-04-01,108000,USD
OFR-000208-V1,OFR-000208,APP-0002276,REQ-2024-00034,1,1,initial,accepted,true,2024-02-09,2024-02-12,,,,,2024-03-11,79000,USD
OFR-000209-V1,OFR-000209,APP-0002278,REQ-2024-00035,1,1,initial,declined,true,2024-02-20,,2024-02-26,,,,2024-03-19,89000,USD
OFR-000210-V1,OFR-000210,APP-0002306,REQ-2024-00098,1,1,initial,accepted,true,2024-03-12,2024-03-18,,,,,2024-04-29,147500,USD
OFR-000211-V1,OFR-000211,APP-0002316,REQ-2024-00127,1,1,initial,accepted,true,2024-02-14,2024-02-16,,,,,2024-04-15,206000,USD
OFR-000212-V1,OFR-000212,APP-0002327,REQ-2024-00144,1,1,initial,accepted,true,2024-02-21,2024-02-24,,,,,2024-03-18,78500,USD
OFR-000213-V1,OFR-000213,APP-0002338,REQ-2024-00147,1,1,initial,withdrawn,true,2024-02-09,,,2024-02-13,,,2024-03-08,80500,USD
OFR-000214-V1,OFR-000214,APP-0002368,REQ-2024-00192,1,1,initial,accepted,true,2024-02-10,2024-02-11,,,,,2024-03-11,68000,USD
OFR-000215-V1,OFR-000215,APP-0002384,REQ-2024-00211,1,1,initial,accepted,true,2024-01-30,2024-02-02,,,,,2024-02-19,57500,USD
OFR-000216-V1,OFR-000216,APP-0002395,REQ-2024-00220,1,1,initial,declined,true,2024-02-21,,2024-02-24,,,,2024-03-20,71000,USD
OFR-000217-V1,OFR-000217,APP-0002400,REQ-2024-00227,1,1,initial,superseded,false,2024-02-13,,,,,,2024-03-25,127500,USD
OFR-000217-V2,OFR-000217,APP-0002400,REQ-2024-00227,1,2,negotiation_revision,accepted,true,2024-02-14,2024-02-18,,,,,2024-03-25,132000,USD
OFR-000218-V1,OFR-000218,APP-0002403,REQ-2024-00231,1,1,initial,accepted,true,2024-02-15,2024-02-17,,,,,2024-03-11,81500,USD
OFR-000219-V1,OFR-000219,APP-0002419,REQ-2024-00274,1,1,initial,superseded,false,2024-02-14,,,,,,2024-03-13,99000,USD
OFR-000219-V2,OFR-000219,APP-0002419,REQ-2024-00274,1,2,negotiation_revision,declined,true,2024-02-16,,2024-02-17,,,,2024-03-13,104500,USD
OFR-000220-V1,OFR-000220,APP-0002421,REQ-2024-00275,1,1,initial,accepted,true,2024-02-15,2024-02-17,,,,,2024-03-11,71500,USD
OFR-000221-V1,OFR-000221,APP-0002452,REQ-2024-00019,1,1,initial,superseded,false,2024-02-16,,,,,,2024-03-25,101000,USD
OFR-000221-V2,OFR-000221,APP-0002452,REQ-2024-00019,1,2,negotiation_revision,rescinded,true,2024-02-17,2024-02-19,,,2024-03-04,,2024-03-25,104500,USD
OFR-000222-V1,OFR-000222,APP-0002474,REQ-2024-00062,1,1,initial,accepted,true,2024-02-16,2024-02-22,,,,,2024-04-01,102500,USD
OFR-000223-V1,OFR-000223,APP-0002482,REQ-2024-00074,1,1,initial,declined,true,2024-02-15,,2024-02-17,,,,2024-03-14,92500,USD
OFR-000224-V1,OFR-000224,APP-0002483,REQ-2024-00078,1,1,initial,accepted,true,2024-02-29,2024-03-06,,,,,2024-04-29,166500,USD
OFR-000225-V1,OFR-000225,APP-0002492,REQ-2024-00106,1,1,initial,accepted,true,2024-02-12,2024-02-15,,,,,2024-03-11,64500,USD
OFR-000226-V1,OFR-000226,APP-0002496,REQ-2024-00114,1,1,initial,declined,true,2024-02-26,,2024-02-29,,,,2024-03-25,181000,USD
OFR-000227-V1,OFR-000227,APP-0002515,REQ-2024-00146,1,1,initial,declined,true,2024-02-18,,2024-02-21,,,,2024-03-17,59500,USD
OFR-000228-V1,OFR-000228,APP-0002533,REQ-2024-00173,1,1,initial,declined,true,2024-02-08,,2024-02-10,,,,2024-03-07,111000,USD
OFR-000229-V1,OFR-000229,APP-0002551,REQ-2024-00203,1,1,initial,superseded,false,2024-02-20,,,,,,2024-04-01,104500,USD
OFR-000229-V2,OFR-000229,APP-0002551,REQ-2024-00203,1,2,negotiation_revision,accepted,true,2024-02-22,2024-02-23,,,,,2024-04-01,108500,USD
OFR-000230-V1,OFR-000230,APP-0002574,REQ-2024-00229,1,1,initial,accepted,true,2024-02-06,2024-02-07,,,,,2024-03-04,74000,USD
OFR-000231-V1,OFR-000231,APP-0002576,REQ-2024-00233,1,1,initial,superseded,false,2024-02-18,,,,,,2024-03-11,80500,USD
OFR-000231-V2,OFR-000231,APP-0002576,REQ-2024-00233,1,2,negotiation_revision,accepted,false,2024-02-19,2024-02-20,,,,,2024-03-11,83500,USD
OFR-000231-V3,OFR-000231,APP-0002576,REQ-2024-00233,1,3,letter_reissue,accepted,true,2024-03-02,2024-03-02,,,,,2024-03-11,83500,USD
OFR-000232-V1,OFR-000232,APP-0002583,REQ-2024-00242,1,1,initial,withdrawn,true,2024-02-12,,,2024-02-14,,,2024-03-11,102000,USD
OFR-000233-V1,OFR-000233,APP-0002586,REQ-2024-00245,1,1,initial,accepted,true,2024-02-08,2024-02-11,,,,,2024-03-25,82500,USD
OFR-000234-V1,OFR-000234,APP-0002588,REQ-2024-00249,1,1,initial,accepted,true,2024-02-05,2024-02-11,,,,,2024-03-04,77000,USD
OFR-000235-V1,OFR-000235,APP-0002604,REQ-2024-00275,1,1,initial,withdrawn,true,2024-02-15,,,2024-02-18,,,2024-03-14,73000,USD
OFR-000236-V1,OFR-000236,APP-0002625,REQ-2024-00295,1,1,initial,accepted,true,2024-02-08,2024-02-12,,,,,2024-03-18,96500,USD
OFR-000237-V1,OFR-000237,APP-0002629,REQ-2024-00303,1,1,initial,accepted,true,2024-02-17,2024-02-19,,,,,2024-03-18,83500,USD
OFR-000238-V1,OFR-000238,APP-0002630,REQ-2024-00303,1,1,initial,accepted,false,2024-02-07,2024-02-11,,,,,2024-03-25,82000,USD
OFR-000238-V2,OFR-000238,APP-0002630,REQ-2024-00303,1,2,salary_correction,accepted,true,2024-02-23,2024-02-23,,,,,2024-03-25,83000,USD
OFR-000239-V1,OFR-000239,APP-0002638,REQ-2024-00316,1,1,initial,withdrawn,true,2024-02-12,,,2024-02-16,,,2024-03-11,80000,USD
OFR-000240-V1,OFR-000240,APP-0002641,REQ-2024-00321,1,1,initial,reneged,true,2024-03-04,2024-03-08,,,,2024-03-13,2024-04-08,103500,USD
OFR-000241-V1,OFR-000241,APP-0002645,REQ-2024-00325,1,1,initial,superseded,false,2024-02-05,,,,,,2024-03-04,60500,USD
OFR-000241-V2,OFR-000241,APP-0002645,REQ-2024-00325,1,2,negotiation_revision,accepted,true,2024-02-06,2024-02-07,,,,,2024-03-04,65000,USD
OFR-000242-V1,OFR-000242,APP-0002650,REQ-2024-00001,1,1,initial,declined,true,2024-03-22,,2024-04-08,,,,2024-04-19,133000,USD
OFR-000243-V1,OFR-000243,APP-0002656,REQ-2024-00012,1,1,initial,accepted,false,2024-02-10,2024-02-14,,,,,2024-03-04,53000,USD
OFR-000243-V2,OFR-000243,APP-0002656,REQ-2024-00012,1,2,letter_reissue,accepted,true,2024-02-21,2024-02-21,,,,,2024-03-04,53000,USD
OFR-000244-V1,OFR-000244,APP-0002671,REQ-2024-00044,1,1,initial,declined,true,2024-02-09,,2024-02-11,,,,2024-03-08,76000,USD
OFR-000245-V1,OFR-000245,APP-0002677,REQ-2024-00052,1,1,initial,accepted,true,2024-02-06,2024-02-08,,,,,2024-03-04,70500,USD
OFR-000246-V1,OFR-000246,APP-0002710,REQ-2024-00123,1,1,initial,accepted,true,2024-02-17,2024-02-21,,,,,2024-03-25,129500,USD
OFR-000247-V1,OFR-000247,APP-0002720,REQ-2024-00147,1,1,initial,withdrawn,true,2024-02-13,,,2024-02-15,,,2024-03-12,89500,USD
OFR-000248-V1,OFR-000248,APP-0002730,REQ-2024-00159,1,1,initial,accepted,true,2024-02-21,2024-02-27,,,,,2024-04-22,142000,USD
OFR-000249-V1,OFR-000249,APP-0002754,REQ-2024-00202,1,1,initial,accepted,true,2024-02-06,2024-02-09,,,,,2024-03-11,86000,USD
OFR-000250-V1,OFR-000250,APP-0002763,REQ-2024-00211,1,1,initial,superseded,false,2024-02-13,,,,,,2024-03-11,64000,USD
OFR-000250-V2,OFR-000250,APP-0002763,REQ-2024-00211,1,2,negotiation_revision,accepted,true,2024-02-14,2024-02-15,,,,,2024-03-11,68500,USD
OFR-000251-V1,OFR-000251,APP-0002779,REQ-2024-00226,1,1,initial,accepted,true,2024-02-11,2024-02-15,,,,,2024-03-18,66000,USD
OFR-000252-V1,OFR-000252,APP-0002785,REQ-2024-00237,1,1,initial,reneged,true,2024-02-05,2024-02-08,,,,2024-02-21,2024-03-11,91500,USD
OFR-000253-V1,OFR-000253,APP-0002786,REQ-2024-00238,1,1,initial,withdrawn,true,2024-02-04,,,2024-02-05,,,2024-03-03,60500,USD
OFR-000254-V1,OFR-000254,APP-0002788,REQ-2024-00240,1,1,initial,accepted,false,2024-02-08,2024-02-11,,,,,2024-03-04,68500,USD
OFR-000254-V2,OFR-000254,APP-0002788,REQ-2024-00240,1,2,start_date_revision,accepted,true,2024-02-14,2024-02-14,,,,,2024-03-11,68500,USD
OFR-000255-V1,OFR-000255,APP-0002806,REQ-2024-00270,1,1,initial,declined,true,2024-02-19,,2024-02-23,,,,2024-03-18,101500,USD
OFR-000256-V1,OFR-000256,APP-0002817,REQ-2024-00285,1,1,initial,accepted,false,2024-02-05,2024-02-07,,,,,2024-02-26,57000,USD
OFR-000256-V2,OFR-000256,APP-0002817,REQ-2024-00285,1,2,letter_reissue,accepted,true,2024-02-15,2024-02-15,,,,,2024-02-26,57000,USD
OFR-000257-V1,OFR-000257,APP-0002839,REQ-2024-00308,1,1,initial,superseded,false,2024-02-12,,,,,,2024-03-11,68000,USD
OFR-000257-V2,OFR-000257,APP-0002839,REQ-2024-00308,1,2,negotiation_revision,declined,true,2024-02-13,,2024-02-15,,,,2024-03-11,73000,USD
OFR-000258-V1,OFR-000258,APP-0002842,REQ-2024-00310,1,1,initial,accepted,true,2024-02-09,2024-02-12,,,,,2024-03-18,84000,USD
OFR-000259-V1,OFR-000259,APP-0002843,REQ-2024-00312,1,1,initial,declined,true,2024-02-18,,2024-02-21,,,,2024-03-17,80000,USD
OFR-000260-V1,OFR-000260,APP-0002861,REQ-2024-00002,1,1,initial,accepted,true,2024-02-09,2024-02-12,,,,,2024-04-01,130500,USD
OFR-000261-V1,OFR-000261,APP-0002902,REQ-2024-00080,1,1,initial,declined,true,2024-02-17,,2024-02-20,,,,2024-03-16,133000,USD
OFR-000262-V1,OFR-000262,APP-0002913,REQ-2024-00108,1,1,initial,accepted,true,2024-03-11,2024-03-25,,,,,2024-04-29,130500,USD
OFR-000263-V1,OFR-000263,APP-0002937,REQ-2024-00143,1,1,initial,withdrawn,true,2024-02-25,,,2024-02-28,,,2024-03-24,157000,USD
OFR-000264-V1,OFR-000264,APP-0002938,REQ-2024-00144,1,1,initial,reneged,true,2024-02-27,2024-03-13,,,,2024-04-07,2024-04-15,76000,USD
OFR-000265-V1,OFR-000265,APP-0002938,REQ-2024-00144,2,1,initial,reneged,true,2024-04-19,2024-04-24,,,,2024-04-27,2024-05-15,80500,USD
OFR-000266-V1,OFR-000266,APP-0002965,REQ-2024-00192,1,1,initial,superseded,false,2024-02-09,,,,,,2024-03-08,71500,USD
OFR-000266-V2,OFR-000266,APP-0002965,REQ-2024-00192,1,2,negotiation_revision,declined,true,2024-02-10,,2024-02-12,,,,2024-03-08,74000,USD
OFR-000267-V1,OFR-000267,APP-0002985,REQ-2024-00226,1,1,initial,declined,true,2024-02-06,,2024-02-08,,,,2024-03-05,60500,USD
OFR-000268-V1,OFR-000268,APP-0002992,REQ-2024-00237,1,1,initial,withdrawn,true,2024-02-14,,,2024-02-15,,,2024-03-13,87000,USD
OFR-000269-V1,OFR-000269,APP-0002993,REQ-2024-00237,1,1,initial,superseded,false,2024-02-11,,,,,,2024-03-25,88500,USD
OFR-000269-V2,OFR-000269,APP-0002993,REQ-2024-00237,1,2,negotiation_revision,accepted,true,2024-02-14,2024-02-15,,,,,2024-03-25,91000,USD
OFR-000270-V1,OFR-000270,APP-0002995,REQ-2024-00239,1,1,initial,withdrawn,true,2024-02-09,,,2024-02-11,,,2024-03-08,93000,USD
OFR-000271-V1,OFR-000271,APP-0003008,REQ-2024-00249,1,1,initial,accepted,true,2024-02-10,2024-02-14,,,,,2024-03-18,76500,USD
OFR-000272-V1,OFR-000272,APP-0003059,REQ-2024-00318,1,1,initial,accepted,true,2024-02-18,2024-02-23,,,,,2024-03-25,105000,USD
OFR-000273-V1,OFR-000273,APP-0003067,REQ-2024-00329,1,1,initial,superseded,false,2024-02-11,,,,,,2024-03-25,112500,USD
OFR-000273-V2,OFR-000273,APP-0003067,REQ-2024-00329,1,2,negotiation_revision,reneged,true,2024-02-15,2024-02-16,,,,2024-03-09,2024-03-25,117000,USD
OFR-000274-V1,OFR-000274,APP-0003072,REQ-2024-00332,1,1,initial,accepted,false,2024-02-17,2024-02-26,,,,,2024-03-25,85500,USD
OFR-000274-V2,OFR-000274,APP-0003072,REQ-2024-00332,1,2,letter_reissue,accepted,true,2024-03-12,2024-03-12,,,,,2024-03-25,85500,USD
OFR-000275-V1,OFR-000275,APP-0003110,REQ-2024-00072,1,1,initial,rescinded,true,2024-02-15,2024-02-19,,,2024-02-21,,2024-03-18,80500,USD
OFR-000276-V1,OFR-000276,APP-0003126,REQ-2024-00099,1,1,initial,superseded,false,2024-02-19,,,,,,2024-03-25,75500,USD
OFR-000276-V2,OFR-000276,APP-0003126,REQ-2024-00099,1,2,negotiation_revision,accepted,true,2024-02-21,2024-02-22,,,,,2024-03-25,81500,USD
OFR-000277-V1,OFR-000277,APP-0003142,REQ-2024-00142,1,1,initial,accepted,true,2024-03-04,2024-03-16,,,,,2024-04-15,127500,USD
OFR-000278-V1,OFR-000278,APP-0003146,REQ-2024-00145,1,1,initial,withdrawn,true,2024-02-07,,,2024-02-08,,,2024-03-06,46500,USD
OFR-000279-V1,OFR-000279,APP-0003152,REQ-2024-00147,1,1,initial,withdrawn,true,2024-02-11,,,2024-02-15,,,2024-03-10,81500,USD
OFR-000280-V1,OFR-000280,APP-0003174,REQ-2024-00183,1,1,initial,accepted,false,2024-02-19,2024-02-21,,,,,2024-03-25,131500,USD
OFR-000280-V2,OFR-000280,APP-0003174,REQ-2024-00183,1,2,letter_reissue,accepted,true,2024-03-03,2024-03-03,,,,,2024-03-25,131500,USD
OFR-000281-V1,OFR-000281,APP-0003199,REQ-2024-00215,1,1,initial,accepted,true,2024-02-18,2024-02-21,,,,,2024-03-18,60000,USD
OFR-000282-V1,OFR-000282,APP-0003231,REQ-2024-00257,1,1,initial,accepted,true,2024-02-15,2024-02-21,,,,,2024-03-25,107500,USD
OFR-000283-V1,OFR-000283,APP-0003232,REQ-2024-00257,1,1,initial,accepted,false,2024-02-11,2024-02-13,,,,,2024-03-18,99500,USD
OFR-000283-V2,OFR-000283,APP-0003232,REQ-2024-00257,1,2,start_date_revision,accepted,true,2024-02-25,2024-02-25,,,,,2024-04-08,99500,USD
OFR-000284-V1,OFR-000284,APP-0003233,REQ-2024-00257,1,1,initial,superseded,false,2024-02-11,,,,,,2024-03-18,99000,USD
OFR-000284-V2,OFR-000284,APP-0003233,REQ-2024-00257,1,2,negotiation_revision,accepted,false,2024-02-12,2024-02-13,,,,,2024-03-18,104500,USD
OFR-000284-V3,OFR-000284,APP-0003233,REQ-2024-00257,1,3,letter_reissue,rescinded,true,2024-02-20,2024-02-20,,,2024-03-09,,2024-03-18,104500,USD
OFR-000285-V1,OFR-000285,APP-0003243,REQ-2024-00277,1,1,initial,accepted,true,2024-02-09,2024-02-12,,,,,2024-03-11,78500,USD
OFR-000286-V1,OFR-000286,APP-0003245,REQ-2024-00281,1,1,initial,superseded,false,2024-02-12,,,,,,2024-03-18,76000,USD
OFR-000286-V2,OFR-000286,APP-0003245,REQ-2024-00281,1,2,negotiation_revision,accepted,true,2024-02-13,2024-02-14,,,,,2024-03-18,80000,USD
OFR-000287-V1,OFR-000287,APP-0003266,REQ-2024-00308,1,1,initial,accepted,true,2024-02-08,2024-02-12,,,,,2024-03-11,77000,USD
OFR-000288-V1,OFR-000288,APP-0003280,REQ-2024-00322,1,1,initial,accepted,true,2024-02-17,2024-02-22,,,,,2024-03-18,75000,USD
OFR-000289-V1,OFR-000289,APP-0003320,REQ-2024-00063,1,1,initial,withdrawn,true,2024-02-05,,,2024-02-09,,,2024-03-04,73500,USD
OFR-000290-V1,OFR-000290,APP-0003351,REQ-2024-00140,1,1,initial,superseded,false,2024-03-19,,,,,,2024-04-16,86500,USD
OFR-000290-V2,OFR-000290,APP-0003351,REQ-2024-00140,1,2,negotiation_revision,declined,true,2024-03-20,,2024-03-23,,,,2024-04-16,92500,USD
OFR-000291-V1,OFR-000291,APP-0003354,REQ-2024-00144,1,1,initial,accepted,false,2024-02-26,2024-02-28,,,,,2024-03-25,75500,USD
OFR-000291-V2,OFR-000291,APP-0003354,REQ-2024-00144,1,2,letter_reissue,accepted,true,2024-03-03,2024-03-03,,,,,2024-03-25,75500,USD
OFR-000292-V1,OFR-000292,APP-0003356,REQ-2024-00146,1,1,initial,accepted,true,2024-02-10,2024-02-11,,,,,2024-03-11,66000,USD
OFR-000293-V1,OFR-000293,APP-0003379,REQ-2024-00189,1,1,initial,accepted,true,2024-02-14,2024-02-18,,,,,2024-03-25,136000,USD
OFR-000294-V1,OFR-000294,APP-0003390,REQ-2024-00207,1,1,initial,accepted,true,2024-02-22,2024-02-24,,,,,2024-03-18,64000,USD
OFR-000295-V1,OFR-000295,APP-0003392,REQ-2024-00208,1,1,initial,superseded,false,2024-03-02,,,,,,2024-04-15,131000,USD
OFR-000295-V2,OFR-000295,APP-0003392,REQ-2024-00208,1,2,negotiation_revision,accepted,true,2024-03-03,2024-03-07,,,,,2024-04-15,137500,USD
OFR-000296-V1,OFR-000296,APP-0003395,REQ-2024-00211,1,1,initial,accepted,false,2024-02-18,2024-02-20,,,,,2024-03-04,53500,USD
OFR-000296-V2,OFR-000296,APP-0003395,REQ-2024-00211,1,2,letter_reissue,accepted,true,2024-03-01,2024-03-01,,,,,2024-03-04,53500,USD
OFR-000297-V1,OFR-000297,APP-0003403,REQ-2024-00226,1,1,initial,accepted,true,2024-02-08,2024-02-11,,,,,2024-03-11,66000,USD
OFR-000298-V1,OFR-000298,APP-0003415,REQ-2024-00255,1,1,initial,superseded,false,2024-02-08,,,,,,2024-03-07,54500,USD
OFR-000298-V2,OFR-000298,APP-0003415,REQ-2024-00255,1,2,negotiation_revision,withdrawn,true,2024-02-10,,,2024-02-11,,,2024-03-07,57500,USD
OFR-000299-V1,OFR-000299,APP-0003456,REQ-2024-00296,1,1,initial,accepted,false,2024-03-05,2024-03-17,,,,,2024-05-13,174500,USD
OFR-000299-V2,OFR-000299,APP-0003456,REQ-2024-00296,1,2,letter_reissue,accepted,true,2024-03-24,2024-03-24,,,,,2024-05-13,174500,USD
OFR-000300-V1,OFR-000300,APP-0003460,REQ-2024-00301,1,1,initial,accepted,false,2024-02-17,2024-02-20,,,,,2024-03-25,129000,USD
OFR-000300-V2,OFR-000300,APP-0003460,REQ-2024-00301,1,2,letter_reissue,accepted,true,2024-02-24,2024-02-24,,,,,2024-03-25,129000,USD
OFR-000301-V1,OFR-000301,APP-0003467,REQ-2024-00303,1,1,initial,declined,true,2024-02-11,,2024-02-12,,,,2024-03-10,82000,USD
OFR-000302-V1,OFR-000302,APP-0003476,REQ-2024-00311,1,1,initial,accepted,false,2024-03-28,2024-04-01,,,,,2024-05-20,190500,USD
OFR-000302-V2,OFR-000302,APP-0003476,REQ-2024-00311,1,2,letter_reissue,accepted,true,2024-04-04,2024-04-04,,,,,2024-05-20,190500,USD
OFR-000303-V1,OFR-000303,APP-0003480,REQ-2024-00320,1,1,initial,accepted,true,2024-02-13,2024-02-16,,,,,2024-03-11,75000,USD
OFR-000304-V1,OFR-000304,APP-0003489,REQ-2024-00332,1,1,initial,accepted,true,2024-02-10,2024-02-14,,,,,2024-03-11,85500,USD
OFR-000305-V1,OFR-000305,APP-0003496,REQ-2024-00343,1,1,initial,superseded,false,2024-02-03,,,,,,2024-03-02,60000,USD
OFR-000305-V2,OFR-000305,APP-0003496,REQ-2024-00343,1,2,negotiation_revision,declined,true,2024-02-05,,2024-02-07,,,,2024-03-02,64500,USD
OFR-000306-V1,OFR-000306,APP-0003497,REQ-2024-00343,1,1,initial,accepted,false,2024-02-16,2024-02-20,,,,,2024-03-04,55500,USD
OFR-000306-V2,OFR-000306,APP-0003497,REQ-2024-00343,1,2,salary_correction,accepted,true,2024-03-03,2024-03-03,,,,,2024-03-04,55300,USD
OFR-000307-V1,OFR-000307,APP-0003515,REQ-2024-00027,1,1,initial,accepted,false,2024-02-26,2024-03-02,,,,,2024-03-25,83000,USD
OFR-000307-V2,OFR-000307,APP-0003515,REQ-2024-00027,1,2,letter_reissue,accepted,true,2024-03-07,2024-03-07,,,,,2024-03-25,83000,USD
OFR-000308-V1,OFR-000308,APP-0003519,REQ-2024-00034,1,1,initial,accepted,true,2024-02-16,2024-02-17,,,,,2024-03-11,72000,USD
OFR-000309-V1,OFR-000309,APP-0003524,REQ-2024-00035,1,1,initial,accepted,true,2024-02-15,2024-02-17,,,,,2024-04-01,77500,USD
OFR-000310-V1,OFR-000310,APP-0003525,REQ-2024-00041,1,1,initial,superseded,false,2024-02-21,,,,,,2024-03-25,84000,USD
OFR-000310-V2,OFR-000310,APP-0003525,REQ-2024-00041,1,2,negotiation_revision,accepted,true,2024-02-22,2024-02-23,,,,,2024-03-25,89000,USD
OFR-000311-V1,OFR-000311,APP-0003532,REQ-2024-00062,1,1,initial,accepted,false,2024-03-03,2024-03-04,,,,,2024-04-08,97000,USD
OFR-000311-V2,OFR-000311,APP-0003532,REQ-2024-00062,1,2,start_date_revision,accepted,true,2024-03-09,2024-03-09,,,,,2024-04-29,97000,USD
OFR-000312-V1,OFR-000312,APP-0003534,REQ-2024-00064,1,1,initial,accepted,true,2024-02-17,2024-02-21,,,,,2024-04-01,125000,USD
OFR-000313-V1,OFR-000313,APP-0003535,REQ-2024-00075,1,1,initial,accepted,false,2024-02-18,2024-02-19,,,,,2024-03-18,72000,USD
OFR-000313-V2,OFR-000313,APP-0003535,REQ-2024-00075,1,2,letter_reissue,accepted,true,2024-02-23,2024-02-23,,,,,2024-03-18,72000,USD
OFR-000314-V1,OFR-000314,APP-0003547,REQ-2024-00093,1,1,initial,reneged,true,2024-02-18,2024-02-20,,,,2024-02-21,2024-03-25,103500,USD
OFR-000315-V1,OFR-000315,APP-0003552,REQ-2024-00110,1,1,initial,accepted,true,2024-02-21,2024-02-23,,,,,2024-03-25,105000,USD
OFR-000316-V1,OFR-000316,APP-0003580,REQ-2024-00147,1,1,initial,accepted,true,2024-02-09,2024-02-11,,,,,2024-03-18,89500,USD
OFR-000317-V1,OFR-000317,APP-0003650,REQ-2024-00277,1,1,initial,accepted,true,2024-02-10,2024-02-13,,,,,2024-03-04,77500,USD
OFR-000318-V1,OFR-000318,APP-0003688,REQ-2024-00320,1,1,initial,accepted,true,2024-02-11,2024-02-14,,,,,2024-03-11,82000,USD
OFR-000319-V1,OFR-000319,APP-0003709,REQ-2024-00342,1,1,initial,superseded,false,2024-02-13,,,,,,2024-03-25,91500,USD
OFR-000319-V2,OFR-000319,APP-0003709,REQ-2024-00342,1,2,negotiation_revision,accepted,true,2024-02-15,2024-02-16,,,,,2024-03-25,95000,USD
OFR-000320-V1,OFR-000320,APP-0003710,REQ-2024-00342,1,1,initial,accepted,true,2024-02-18,2024-02-21,,,,,2024-03-25,98500,USD
OFR-000321-V1,OFR-000321,APP-0003714,REQ-2024-00347,1,1,initial,declined,true,2024-02-12,,2024-02-13,,,,2024-03-11,72500,USD
OFR-000322-V1,OFR-000322,APP-0003717,REQ-2024-00347,1,1,initial,accepted,true,2024-02-12,2024-02-16,,,,,2024-03-11,73500,USD
OFR-000323-V1,OFR-000323,APP-0003737,REQ-2024-00034,1,1,initial,accepted,true,2024-02-12,2024-02-15,,,,,2024-03-11,72000,USD
OFR-000324-V1,OFR-000324,APP-0003743,REQ-2024-00040,1,1,initial,withdrawn,true,2024-02-05,,,2024-02-07,,,2024-03-04,74500,USD
OFR-000325-V1,OFR-000325,APP-0003777,REQ-2024-00142,1,1,initial,reneged,true,2024-03-15,2024-03-17,,,,2024-03-26,2024-04-22,118500,USD
OFR-000326-V1,OFR-000326,APP-0003810,REQ-2024-00178,1,1,initial,accepted,true,2024-02-06,2024-02-08,,,,,2024-03-11,105000,USD
OFR-000327-V1,OFR-000327,APP-0003835,REQ-2024-00221,1,1,initial,accepted,true,2024-02-18,2024-02-24,,,,,2024-03-18,73000,USD
OFR-000328-V1,OFR-000328,APP-0003836,REQ-2024-00221,1,1,initial,accepted,true,2024-02-19,2024-02-22,,,,,2024-03-18,75500,USD
OFR-000329-V1,OFR-000329,APP-0003877,REQ-2024-00283,1,1,initial,accepted,true,2024-03-02,2024-03-07,,,,,2024-05-20,271000,USD
OFR-000330-V1,OFR-000330,APP-0003882,REQ-2024-00286,1,1,initial,accepted,true,2024-02-24,2024-02-26,,,,,2024-04-01,84500,USD
OFR-000331-V1,OFR-000331,APP-0003897,REQ-2024-00310,1,1,initial,superseded,false,2024-02-20,,,,,,2024-03-19,84000,USD
OFR-000331-V2,OFR-000331,APP-0003897,REQ-2024-00310,1,2,negotiation_revision,declined,true,2024-02-23,,2024-02-24,,,,2024-03-19,87000,USD
OFR-000332-V1,OFR-000332,APP-0003898,REQ-2024-00310,1,1,initial,accepted,false,2024-02-11,2024-02-14,,,,,2024-03-11,77500,USD
OFR-000332-V2,OFR-000332,APP-0003898,REQ-2024-00310,1,2,letter_reissue,accepted,true,2024-02-25,2024-02-25,,,,,2024-03-11,77500,USD
OFR-000333-V1,OFR-000333,APP-0003902,REQ-2024-00319,1,1,initial,accepted,true,2024-02-27,2024-03-04,,,,,2024-04-15,139500,USD
OFR-000334-V1,OFR-000334,APP-0003929,REQ-2024-00342,1,1,initial,accepted,true,2024-02-21,2024-03-01,,,,,2024-04-08,95500,USD
OFR-000335-V1,OFR-000335,APP-0003932,REQ-2024-00343,1,1,initial,withdrawn,true,2024-02-24,,,2024-02-25,,,2024-03-23,63500,USD
OFR-000336-V1,OFR-000336,APP-0003943,REQ-2024-00356,1,1,initial,accepted,true,2024-02-13,2024-02-16,,,,,2024-03-11,45500,USD
OFR-000337-V1,OFR-000337,APP-0003975,REQ-2024-00066,1,1,initial,superseded,false,2024-03-06,,,,,,2024-04-08,90000,USD
OFR-000337-V2,OFR-000337,APP-0003975,REQ-2024-00066,1,2,negotiation_revision,accepted,false,2024-03-07,2024-03-10,,,,,2024-04-08,95000,USD
OFR-000337-V3,OFR-000337,APP-0003975,REQ-2024-00066,1,3,letter_reissue,accepted,true,2024-03-23,2024-03-23,,,,,2024-04-08,95000,USD
OFR-000338-V1,OFR-000338,APP-0003982,REQ-2024-00080,1,1,initial,accepted,true,2024-02-23,2024-02-25,,,,,2024-03-25,128000,USD
OFR-000339-V1,OFR-000339,APP-0003994,REQ-2024-00116,1,1,initial,superseded,false,2024-02-28,,,,,,2024-03-27,155000,USD
OFR-000339-V2,OFR-000339,APP-0003994,REQ-2024-00116,1,2,negotiation_revision,declined,true,2024-03-01,,2024-03-06,,,,2024-03-27,166500,USD
OFR-000340-V1,OFR-000340,APP-0004010,REQ-2024-00147,1,1,initial,withdrawn,true,2024-02-11,,,2024-02-15,,,2024-03-10,86500,USD
OFR-000341-V1,OFR-000341,APP-0004031,REQ-2024-00202,1,1,initial,declined,true,2024-02-14,,2024-02-17,,,,2024-03-13,91000,USD
OFR-000342-V1,OFR-000342,APP-0004059,REQ-2024-00245,1,1,initial,withdrawn,true,2024-02-13,,,2024-02-16,,,2024-03-12,78000,USD
OFR-000343-V1,OFR-000343,APP-0004061,REQ-2024-00245,1,1,initial,reneged,true,2024-02-12,2024-02-14,,,,2024-02-20,2024-03-18,84500,USD
OFR-000344-V1,OFR-000344,APP-0004091,REQ-2024-00286,1,1,initial,superseded,false,2024-02-09,,,,,,2024-03-25,91500,USD
OFR-000344-V2,OFR-000344,APP-0004091,REQ-2024-00286,1,2,negotiation_revision,accepted,true,2024-02-12,2024-02-13,,,,,2024-03-25,97000,USD
OFR-000345-V1,OFR-000345,APP-0004094,REQ-2024-00289,1,1,initial,superseded,false,2024-02-21,,,,,,2024-03-20,66500,USD
OFR-000345-V2,OFR-000345,APP-0004094,REQ-2024-00289,1,2,negotiation_revision,withdrawn,true,2024-02-23,,,2024-02-24,,,2024-03-20,71000,USD
OFR-000346-V1,OFR-000346,APP-0004101,REQ-2024-00294,1,1,initial,accepted,true,2024-02-09,2024-02-11,,,,,2024-03-11,74000,USD
OFR-000347-V1,OFR-000347,APP-0004104,REQ-2024-00299,1,1,initial,withdrawn,true,2024-02-17,,,2024-02-19,,,2024-03-16,78000,USD
OFR-000348-V1,OFR-000348,APP-0004111,REQ-2024-00303,1,1,initial,rescinded,true,2024-02-24,2024-02-27,,,2024-03-29,,2024-04-01,90500,USD
OFR-000349-V1,OFR-000349,APP-0004119,REQ-2024-00308,1,1,initial,accepted,true,2024-02-12,2024-02-15,,,,,2024-03-18,76000,USD
OFR-000350-V1,OFR-000350,APP-0004130,REQ-2024-00321,1,1,initial,superseded,false,2024-02-07,,,,,,2024-03-18,103000,USD
OFR-000350-V2,OFR-000350,APP-0004130,REQ-2024-00321,1,2,negotiation_revision,accepted,true,2024-02-13,2024-02-14,,,,,2024-03-18,110500,USD
OFR-000351-V1,OFR-000351,APP-0004135,REQ-2024-00332,1,1,initial,declined,true,2024-02-16,,2024-02-20,,,,2024-03-15,82000,USD
OFR-000352-V1,OFR-000352,APP-0004152,REQ-2024-00351,1,1,initial,accepted,true,2024-02-19,2024-02-24,,,,,2024-04-01,110000,USD
OFR-000353-V1,OFR-000353,APP-0004193,REQ-2024-00128,1,1,initial,superseded,false,2024-02-08,,,,,,2024-03-25,97000,USD
OFR-000353-V2,OFR-000353,APP-0004193,REQ-2024-00128,1,2,negotiation_revision,accepted,true,2024-02-11,2024-02-13,,,,,2024-03-25,101500,USD
OFR-000354-V1,OFR-000354,APP-0004198,REQ-2024-00146,1,1,initial,superseded,false,2024-02-11,,,,,,2024-03-18,64500,USD
OFR-000354-V2,OFR-000354,APP-0004198,REQ-2024-00146,1,2,negotiation_revision,accepted,true,2024-02-18,2024-02-19,,,,,2024-03-18,69000,USD
OFR-000355-V1,OFR-000355,APP-0004216,REQ-2024-00194,1,1,initial,accepted,false,2024-03-06,2024-03-09,,,,,2024-04-22,134000,USD
OFR-000355-V2,OFR-000355,APP-0004216,REQ-2024-00194,1,2,salary_correction,accepted,true,2024-03-14,2024-03-14,,,,,2024-04-22,136000,USD
OFR-000356-V1,OFR-000356,APP-0004248,REQ-2024-00236,1,1,initial,reneged,true,2024-02-15,2024-02-16,,,,2024-03-01,2024-03-04,47500,USD
OFR-000357-V1,OFR-000357,APP-0004255,REQ-2024-00248,1,1,initial,accepted,true,2024-02-19,2024-02-23,,,,,2024-03-18,80500,USD
OFR-000358-V1,OFR-000358,APP-0004256,REQ-2024-00249,1,1,initial,accepted,true,2024-02-17,2024-02-20,,,,,2024-03-18,73000,USD
OFR-000359-V1,OFR-000359,APP-0004264,REQ-2024-00257,1,1,initial,declined,true,2024-03-04,,2024-03-05,,,,2024-04-01,98000,USD
OFR-000360-V1,OFR-000360,APP-0004265,REQ-2024-00257,1,1,initial,accepted,true,2024-02-23,2024-02-25,,,,,2024-03-25,111000,USD
OFR-000361-V1,OFR-000361,APP-0004279,REQ-2024-00279,1,1,initial,accepted,true,2024-02-21,2024-02-27,,,,,2024-04-01,107500,USD
OFR-000362-V1,OFR-000362,APP-0004317,REQ-2024-00332,1,1,initial,declined,true,2024-02-17,,2024-02-18,,,,2024-03-16,75000,USD
OFR-000363-V1,OFR-000363,APP-0004337,REQ-2024-00344,1,1,initial,accepted,true,2024-02-20,2024-02-21,,,,,2024-03-25,59000,USD
OFR-000364-V1,OFR-000364,APP-0004341,REQ-2024-00348,1,1,initial,superseded,false,2024-02-23,,,,,,2024-04-01,82000,USD
OFR-000364-V2,OFR-000364,APP-0004341,REQ-2024-00348,1,2,negotiation_revision,accepted,true,2024-02-25,2024-02-27,,,,,2024-04-01,87000,USD
OFR-000365-V1,OFR-000365,APP-0004344,REQ-2024-00355,1,1,initial,declined,true,2024-02-19,,2024-02-25,,,,2024-03-18,88000,USD
OFR-000366-V1,OFR-000366,APP-0004362,REQ-2024-00034,1,1,initial,declined,true,2024-02-19,,2024-02-21,,,,2024-03-18,79000,USD
OFR-000367-V1,OFR-000367,APP-0004394,REQ-2024-00146,1,1,initial,withdrawn,true,2024-02-19,,,2024-02-20,,,2024-03-18,64500,USD
OFR-000368-V1,OFR-000368,APP-0004425,REQ-2024-00219,1,1,initial,declined,true,2024-02-16,,2024-02-17,,,,2024-03-15,65500,USD
OFR-000369-V1,OFR-000369,APP-0004437,REQ-2024-00241,1,1,initial,accepted,true,2024-03-01,2024-03-03,,,,,2024-04-22,139500,USD
OFR-000370-V1,OFR-000370,APP-0004446,REQ-2024-00249,1,1,initial,declined,true,2024-02-13,,2024-02-17,,,,2024-03-12,71500,USD
OFR-000371-V1,OFR-000371,APP-0004451,REQ-2024-00257,1,1,initial,accepted,true,2024-02-26,2024-03-03,,,,,2024-04-08,115500,USD
OFR-000372-V1,OFR-000372,APP-0004455,REQ-2024-00259,1,1,initial,accepted,true,2024-02-22,2024-02-24,,,,,2024-04-08,90500,USD
OFR-000373-V1,OFR-000373,APP-0004464,REQ-2024-00276,1,1,initial,accepted,true,2024-02-27,2024-03-04,,,,,2024-04-08,105500,USD
OFR-000374-V1,OFR-000374,APP-0004503,REQ-2024-00310,1,1,initial,declined,true,2024-02-13,,2024-02-18,,,,2024-03-12,85500,USD
OFR-000375-V1,OFR-000375,APP-0004509,REQ-2024-00316,1,1,initial,accepted,true,2024-02-12,2024-02-15,,,,,2024-03-11,79500,USD
OFR-000376-V1,OFR-000376,APP-0004514,REQ-2024-00322,1,1,initial,superseded,false,2024-02-19,,,,,,2024-03-25,71000,USD
OFR-000376-V2,OFR-000376,APP-0004514,REQ-2024-00322,1,2,negotiation_revision,accepted,false,2024-02-21,2024-02-22,,,,,2024-03-25,73500,USD
OFR-000376-V3,OFR-000376,APP-0004514,REQ-2024-00322,1,3,letter_reissue,accepted,true,2024-02-27,2024-02-27,,,,,2024-03-25,73500,USD
OFR-000377-V1,OFR-000377,APP-0004523,REQ-2024-00336,1,1,initial,accepted,true,2024-02-27,2024-02-29,,,,,2024-04-01,79500,USD
OFR-000378-V1,OFR-000378,APP-0004532,REQ-2024-00342,1,1,initial,accepted,true,2024-02-23,2024-02-25,,,,,2024-04-01,88500,USD
OFR-000379-V1,OFR-000379,APP-0004538,REQ-2024-00343,1,1,initial,declined,true,2024-02-20,,2024-02-23,,,,2024-03-19,60500,USD
OFR-000380-V1,OFR-000380,APP-0004609,REQ-2024-00202,1,1,initial,accepted,true,2024-02-14,2024-02-16,,,,,2024-03-18,83000,USD
OFR-000381-V1,OFR-000381,APP-0004621,REQ-2024-00226,1,1,initial,withdrawn,true,2024-02-15,,,2024-02-17,,,2024-03-14,62500,USD
OFR-000382-V1,OFR-000382,APP-0004630,REQ-2024-00236,1,1,initial,withdrawn,true,2024-02-15,,,2024-02-17,,,2024-03-14,46500,USD
OFR-000383-V1,OFR-000383,APP-0004642,REQ-2024-00257,1,1,initial,declined,true,2024-02-18,,2024-02-19,,,,2024-03-17,106500,USD
OFR-000384-V1,OFR-000384,APP-0004645,REQ-2024-00257,1,1,initial,superseded,false,2024-02-19,,,,,,2024-04-01,98000,USD
OFR-000384-V2,OFR-000384,APP-0004645,REQ-2024-00257,1,2,negotiation_revision,accepted,false,2024-02-22,2024-02-24,,,,,2024-04-01,106000,USD
OFR-000384-V3,OFR-000384,APP-0004645,REQ-2024-00257,1,3,letter_reissue,accepted,true,2024-03-06,2024-03-06,,,,,2024-04-01,106000,USD
OFR-000385-V1,OFR-000385,APP-0004661,REQ-2024-00284,1,1,initial,accepted,false,2024-02-14,2024-02-17,,,,,2024-03-25,79000,USD
OFR-000385-V2,OFR-000385,APP-0004661,REQ-2024-00284,1,2,start_date_revision,accepted,true,2024-02-21,2024-02-21,,,,,2024-04-01,79000,USD
OFR-000386-V1,OFR-000386,APP-0004673,REQ-2024-00303,1,1,initial,accepted,true,2024-02-17,2024-02-27,,,,,2024-04-01,84000,USD
OFR-000387-V1,OFR-000387,APP-0004696,REQ-2024-00343,1,1,initial,accepted,true,2024-02-19,2024-02-20,,,,,2024-03-11,59000,USD
OFR-000388-V1,OFR-000388,APP-0004708,REQ-2024-00359,1,1,initial,withdrawn,true,2024-02-13,,,2024-02-16,,,2024-03-12,63000,USD
OFR-000389-V1,OFR-000389,APP-0004709,REQ-2024-00359,1,1,initial,accepted,true,2024-02-12,2024-02-15,,,,,2024-03-11,62000,USD
OFR-000390-V1,OFR-000390,APP-0004711,REQ-2024-00361,1,1,initial,accepted,true,2024-02-27,2024-03-04,,,,,2024-04-29,169500,USD
OFR-000391-V1,OFR-000391,APP-0004718,REQ-2024-00029,1,1,initial,declined,true,2024-02-21,,2024-02-24,,,,2024-03-20,78000,USD
OFR-000392-V1,OFR-000392,APP-0004722,REQ-2024-00039,1,1,initial,accepted,false,2024-02-19,2024-02-22,,,,,2024-03-18,50500,USD
OFR-000392-V2,OFR-000392,APP-0004722,REQ-2024-00039,1,2,letter_reissue,accepted,true,2024-03-07,2024-03-07,,,,,2024-03-18,50500,USD
OFR-000393-V1,OFR-000393,APP-0004728,REQ-2024-00075,1,1,initial,accepted,true,2024-02-27,2024-03-01,,,,,2024-03-25,72000,USD
OFR-000394-V1,OFR-000394,APP-0004755,REQ-2024-00162,1,1,initial,accepted,true,2024-02-23,2024-02-25,,,,,2024-04-01,112000,USD
OFR-000395-V1,OFR-000395,APP-0004756,REQ-2024-00165,1,1,initial,accepted,false,2024-02-24,2024-02-26,,,,,2024-03-18,54000,USD
OFR-000395-V2,OFR-000395,APP-0004756,REQ-2024-00165,1,2,salary_correction,accepted,true,2024-03-09,2024-03-09,,,,,2024-03-18,53900,USD
OFR-000396-V1,OFR-000396,APP-0004757,REQ-2024-00166,1,1,initial,declined,true,2024-03-08,,2024-03-11,,,,2024-04-05,137000,USD
OFR-000397-V1,OFR-000397,APP-0004774,REQ-2024-00203,1,1,initial,declined,true,2024-02-24,,2024-02-26,,,,2024-03-23,99000,USD
OFR-000398-V1,OFR-000398,APP-0004813,REQ-2024-00281,1,1,initial,accepted,true,2024-02-17,2024-02-19,,,,,2024-03-18,73500,USD
OFR-000399-V1,OFR-000399,APP-0004814,REQ-2024-00282,1,1,initial,superseded,false,2024-02-26,,,,,,2024-04-22,169000,USD
OFR-000399-V2,OFR-000399,APP-0004814,REQ-2024-00282,1,2,negotiation_revision,accepted,true,2024-02-27,2024-02-29,,,,,2024-04-22,178500,USD
OFR-000400-V1,OFR-000400,APP-0004827,REQ-2024-00299,1,1,initial,accepted,true,2024-02-13,2024-02-15,,,,,2024-03-18,80500,USD
OFR-000401-V1,OFR-000401,APP-0004839,REQ-2024-00314,1,1,initial,accepted,true,2024-04-14,2024-04-25,,,,,2024-05-20,92000,USD
OFR-000402-V1,OFR-000402,APP-0004874,REQ-2024-00350,1,1,initial,accepted,true,2024-02-24,2024-02-27,,,,,2024-04-01,81000,USD
OFR-000403-V1,OFR-000403,APP-0004876,REQ-2024-00353,1,1,initial,declined,true,2024-03-20,,2024-03-23,,,,2024-04-17,204000,USD
OFR-000404-V1,OFR-000404,APP-0004877,REQ-2024-00354,1,1,initial,superseded,false,2024-02-21,,,,,,2024-03-18,58500,USD
OFR-000404-V2,OFR-000404,APP-0004877,REQ-2024-00354,1,2,negotiation_revision,accepted,false,2024-02-25,2024-02-26,,,,,2024-03-18,62000,USD
OFR-000404-V3,OFR-000404,APP-0004877,REQ-2024-00354,1,3,letter_reissue,rescinded,true,2024-02-28,2024-02-28,,,2024-03-02,,2024-03-18,62000,USD
OFR-000405-V1,OFR-000405,APP-0004881,REQ-2024-00010,1,1,initial,superseded,false,2024-03-30,,,,,,2024-05-27,203500,USD
OFR-000405-V2,OFR-000405,APP-0004881,REQ-2024-00010,1,2,negotiation_revision,accepted,true,2024-04-02,2024-04-03,,,,,2024-05-27,215000,USD
OFR-000406-V1,OFR-000406,APP-0004929,REQ-2024-00199,1,1,initial,superseded,false,2024-03-11,,,,,,2024-04-08,147000,USD
OFR-000406-V2,OFR-000406,APP-0004929,REQ-2024-00199,1,2,negotiation_revision,declined,true,2024-03-12,,2024-03-15,,,,2024-04-08,156000,USD
OFR-000407-V1,OFR-000407,APP-0004952,REQ-2024-00249,1,1,initial,withdrawn,true,2024-02-18,,,2024-02-21,,,2024-03-17,74000,USD
OFR-000408-V1,OFR-000408,APP-0004977,REQ-2024-00291,1,1,initial,accepted,false,2024-03-02,2024-03-08,,,,,2024-04-08,165000,USD
OFR-000408-V2,OFR-000408,APP-0004977,REQ-2024-00291,1,2,start_date_revision,accepted,true,2024-03-15,2024-03-15,,,,,2024-04-29,165000,USD
OFR-000409-V1,OFR-000409,APP-0004982,REQ-2024-00299,1,1,initial,accepted,false,2024-02-14,2024-02-18,,,,,2024-03-25,83500,USD
OFR-000409-V2,OFR-000409,APP-0004982,REQ-2024-00299,1,2,start_date_revision,rescinded,true,2024-02-26,2024-02-26,,,2024-03-27,,2024-04-11,83500,USD
OFR-000410-V1,OFR-000410,APP-0004992,REQ-2024-00303,1,1,initial,accepted,true,2024-02-25,2024-03-02,,,,,2024-04-08,82500,USD
OFR-000411-V1,OFR-000411,APP-0005004,REQ-2024-00322,1,1,initial,withdrawn,true,2024-02-21,,,2024-02-24,,,2024-03-20,65500,USD
OFR-000412-V1,OFR-000412,APP-0005012,REQ-2024-00330,1,1,initial,accepted,true,2024-02-21,2024-02-23,,,,,2024-03-18,61500,USD
OFR-000413-V1,OFR-000413,APP-0005038,REQ-2024-00360,1,1,initial,accepted,false,2024-02-26,2024-03-02,,,,,2024-04-08,98500,USD
OFR-000413-V2,OFR-000413,APP-0005038,REQ-2024-00360,1,2,start_date_revision,accepted,true,2024-03-11,2024-03-11,,,,,2024-04-29,98500,USD
OFR-000414-V1,OFR-000414,APP-0005043,REQ-2024-00012,1,1,initial,accepted,true,2024-02-25,2024-02-28,,,,,2024-03-25,56500,USD
OFR-000415-V1,OFR-000415,APP-0005059,REQ-2024-00089,1,1,initial,accepted,true,2024-02-13,2024-02-14,,,,,2024-03-04,48000,USD
OFR-000416-V1,OFR-000416,APP-0005069,REQ-2024-00143,1,1,initial,accepted,false,2024-02-22,2024-02-27,,,,,2024-04-22,144000,USD
OFR-000416-V2,OFR-000416,APP-0005069,REQ-2024-00143,1,2,start_date_revision,accepted,true,2024-03-10,2024-03-10,,,,,2024-04-29,144000,USD
OFR-000417-V1,OFR-000417,APP-0005092,REQ-2024-00193,1,1,initial,accepted,true,2024-03-05,2024-03-09,,,,,2024-03-25,72000,USD
OFR-000418-V1,OFR-000418,APP-0005100,REQ-2024-00218,1,1,initial,declined,true,2024-03-10,,2024-03-13,,,,2024-04-07,174500,USD
OFR-000419-V1,OFR-000419,APP-0005157,REQ-2024-00309,1,1,initial,superseded,false,2024-03-21,,,,,,2024-04-29,141500,USD
OFR-000419-V2,OFR-000419,APP-0005157,REQ-2024-00309,1,2,negotiation_revision,accepted,true,2024-03-24,2024-03-26,,,,,2024-04-29,148500,USD
OFR-000420-V1,OFR-000420,APP-0005171,REQ-2024-00322,1,1,initial,superseded,false,2024-02-17,,,,,,2024-03-16,69000,USD
OFR-000420-V2,OFR-000420,APP-0005171,REQ-2024-00322,1,2,negotiation_revision,declined,true,2024-02-18,,2024-02-21,,,,2024-03-16,73000,USD
OFR-000421-V1,OFR-000421,APP-0005181,REQ-2024-00334,1,1,initial,accepted,true,2024-03-26,2024-04-12,,,,,2024-05-27,132500,USD
OFR-000422-V1,OFR-000422,APP-0005187,REQ-2024-00342,1,1,initial,declined,true,2024-02-27,,2024-03-05,,,,2024-03-26,103000,USD
OFR-000423-V1,OFR-000423,APP-0005189,REQ-2024-00343,1,1,initial,accepted,true,2024-02-13,2024-02-15,,,,,2024-03-11,55000,USD
OFR-000424-V1,OFR-000424,APP-0005190,REQ-2024-00343,1,1,initial,superseded,false,2024-02-17,,,,,,2024-03-18,63500,USD
OFR-000424-V2,OFR-000424,APP-0005190,REQ-2024-00343,1,2,negotiation_revision,accepted,true,2024-02-20,2024-02-22,,,,,2024-03-18,65500,USD
OFR-000425-V1,OFR-000425,APP-0005191,REQ-2024-00346,1,1,initial,declined,true,2024-02-19,,2024-02-23,,,,2024-03-18,94000,USD
OFR-000426-V1,OFR-000426,APP-0005205,REQ-2024-00360,1,1,initial,declined,true,2024-02-28,,2024-03-02,,,,2024-03-27,115500,USD
OFR-000427-V1,OFR-000427,APP-0005209,REQ-2024-00362,1,1,initial,accepted,true,2024-02-27,2024-03-02,,,,,2024-04-01,118000,USD
OFR-000428-V1,OFR-000428,APP-0005212,REQ-2024-00370,1,1,initial,accepted,false,2024-03-29,2024-04-06,,,,,2024-05-13,131500,USD
OFR-000428-V2,OFR-000428,APP-0005212,REQ-2024-00370,1,2,start_date_revision,accepted,true,2024-04-21,2024-04-21,,,,,2024-05-27,131500,USD
OFR-000429-V1,OFR-000429,APP-0005219,REQ-2024-00035,1,1,initial,accepted,false,2024-03-11,2024-03-14,,,,,2024-04-22,82000,USD
OFR-000429-V2,OFR-000429,APP-0005219,REQ-2024-00035,1,2,start_date_revision,accepted,true,2024-03-19,2024-03-19,,,,,2024-05-06,82000,USD
OFR-000430-V1,OFR-000430,APP-0005250,REQ-2024-00221,1,1,initial,accepted,true,2024-02-19,2024-02-20,,,,,2024-03-25,85500,USD
OFR-000431-V1,OFR-000431,APP-0005262,REQ-2024-00257,1,1,initial,accepted,true,2024-02-20,2024-02-23,,,,,2024-04-01,105500,USD
OFR-000432-V1,OFR-000432,APP-0005276,REQ-2024-00289,1,1,initial,accepted,true,2024-02-17,2024-02-23,,,,,2024-03-25,73500,USD
OFR-000433-V1,OFR-000433,APP-0005303,REQ-2024-00336,1,1,initial,withdrawn,true,2024-02-27,,,2024-02-29,,,2024-03-26,81000,USD
OFR-000434-V1,OFR-000434,APP-0005305,REQ-2024-00336,1,1,initial,accepted,true,2024-02-18,2024-02-21,,,,,2024-03-25,79500,USD
OFR-000435-V1,OFR-000435,APP-0005323,REQ-2024-00367,1,1,initial,accepted,false,2024-03-05,2024-03-12,,,,,2024-04-15,107000,USD
OFR-000435-V2,OFR-000435,APP-0005323,REQ-2024-00367,1,2,start_date_revision,accepted,true,2024-03-19,2024-03-19,,,,,2024-05-06,107000,USD
OFR-000436-V1,OFR-000436,APP-0005329,REQ-2024-00023,1,1,initial,accepted,true,2024-02-15,2024-02-17,,,,,2024-03-11,45500,USD
OFR-000437-V1,OFR-000437,APP-0005373,REQ-2024-00197,1,1,initial,accepted,true,2024-02-25,2024-03-02,,,,,2024-04-01,69500,USD
OFR-000438-V1,OFR-000438,APP-0005389,REQ-2024-00258,1,1,initial,superseded,false,2024-03-04,,,,,,2024-04-08,143000,USD
OFR-000438-V2,OFR-000438,APP-0005389,REQ-2024-00258,1,2,negotiation_revision,accepted,false,2024-03-05,2024-03-08,,,,,2024-04-08,150000,USD
OFR-000438-V3,OFR-000438,APP-0005389,REQ-2024-00258,1,3,start_date_revision,accepted,true,2024-03-19,2024-03-19,,,,,2024-04-22,150000,USD
OFR-000439-V1,OFR-000439,APP-0005398,REQ-2024-00272,1,1,initial,accepted,true,2024-02-12,2024-02-15,,,,,2024-03-11,57500,USD
OFR-000440-V1,OFR-000440,APP-0005404,REQ-2024-00281,1,1,initial,withdrawn,true,2024-02-24,,,2024-02-28,,,2024-03-23,76000,USD
OFR-000441-V1,OFR-000441,APP-0005434,REQ-2024-00336,1,1,initial,declined,true,2024-02-22,,2024-02-24,,,,2024-03-21,91000,USD
OFR-000442-V1,OFR-000442,APP-0005443,REQ-2024-00343,1,1,initial,accepted,false,2024-02-21,2024-02-22,,,,,2024-03-11,54000,USD
OFR-000442-V2,OFR-000442,APP-0005443,REQ-2024-00343,1,2,letter_reissue,accepted,true,2024-02-27,2024-02-27,,,,,2024-03-11,54000,USD
OFR-000443-V1,OFR-000443,APP-0005480,REQ-2024-00193,1,1,initial,withdrawn,true,2024-03-08,,,2024-03-09,,,2024-04-05,72000,USD
OFR-000444-V1,OFR-000444,APP-0005492,REQ-2024-00257,1,1,initial,superseded,false,2024-03-02,,,,,,2024-03-30,113500,USD
OFR-000444-V2,OFR-000444,APP-0005492,REQ-2024-00257,1,2,negotiation_revision,withdrawn,true,2024-03-03,,,2024-03-08,,,2024-03-30,121000,USD
OFR-000445-V1,OFR-000445,APP-0005513,REQ-2024-00313,1,1,initial,accepted,false,2024-03-06,2024-03-10,,,,,2024-05-13,196000,USD
OFR-000445-V2,OFR-000445,APP-0005513,REQ-2024-00313,1,2,letter_reissue,accepted,true,2024-03-15,2024-03-15,,,,,2024-05-13,196000,USD
OFR-000446-V1,OFR-000446,APP-0005518,REQ-2024-00322,1,1,initial,accepted,true,2024-02-16,2024-02-19,,,,,2024-03-11,65000,USD
OFR-000447-V1,OFR-000447,APP-0005531,REQ-2024-00336,1,1,initial,withdrawn,true,2024-02-29,,,2024-03-03,,,2024-03-28,79500,USD
OFR-000448-V1,OFR-000448,APP-0005546,REQ-2024-00356,1,1,initial,accepted,true,2024-02-25,2024-02-28,,,,,2024-03-18,44500,USD
OFR-000449-V1,OFR-000449,APP-0005559,REQ-2024-00377,1,1,initial,accepted,true,2024-02-24,2024-02-26,,,,,2024-03-25,68500,USD
OFR-000450-V1,OFR-000450,APP-0005579,REQ-2024-00096,1,1,initial,accepted,true,2024-03-22,2024-03-27,,,,,2024-04-29,93000,USD
OFR-000451-V1,OFR-000451,APP-0005621,REQ-2024-00274,1,1,initial,accepted,true,2024-02-25,2024-02-28,,,,,2024-04-01,98500,USD
OFR-000452-V1,OFR-000452,APP-0005625,REQ-2024-00281,1,1,initial,accepted,true,2024-02-22,2024-02-25,,,,,2024-03-18,71500,USD
OFR-000453-V1,OFR-000453,APP-0005635,REQ-2024-00303,1,1,initial,superseded,false,2024-03-01,,,,,,2024-03-29,88000,USD
OFR-000453-V2,OFR-000453,APP-0005635,REQ-2024-00303,1,2,negotiation_revision,withdrawn,true,2024-03-03,,,2024-03-06,,,2024-03-29,94500,USD
OFR-000454-V1,OFR-000454,APP-0005665,REQ-2024-00342,1,1,initial,declined,true,2024-02-29,,2024-03-02,,,,2024-03-28,90000,USD
OFR-000455-V1,OFR-000455,APP-0005671,REQ-2024-00343,1,1,initial,superseded,false,2024-02-22,,,,,,2024-03-18,60500,USD
OFR-000455-V2,OFR-000455,APP-0005671,REQ-2024-00343,1,2,negotiation_revision,accepted,false,2024-02-24,2024-02-25,,,,,2024-03-18,65000,USD
OFR-000455-V3,OFR-000455,APP-0005671,REQ-2024-00343,1,3,letter_reissue,accepted,true,2024-03-05,2024-03-05,,,,,2024-03-18,65000,USD
OFR-000456-V1,OFR-000456,APP-0005684,REQ-2024-00356,1,1,initial,superseded,false,2024-02-26,,,,,,2024-03-18,45500,USD
OFR-000456-V2,OFR-000456,APP-0005684,REQ-2024-00356,1,2,negotiation_revision,accepted,false,2024-02-27,2024-02-28,,,,,2024-03-18,48500,USD
OFR-000456-V3,OFR-000456,APP-0005684,REQ-2024-00356,1,3,salary_correction,accepted,true,2024-03-08,2024-03-08,,,,,2024-03-18,49400,USD
OFR-000457-V1,OFR-000457,APP-0005706,REQ-2024-00077,1,1,initial,superseded,false,2024-03-05,,,,,,2024-04-08,84500,USD
OFR-000457-V2,OFR-000457,APP-0005706,REQ-2024-00077,1,2,negotiation_revision,accepted,true,2024-03-06,2024-03-09,,,,,2024-04-08,87000,USD
OFR-000458-V1,OFR-000458,APP-0005707,REQ-2024-00091,1,1,initial,accepted,false,2024-03-28,2024-03-31,,,,,2024-05-27,156000,USD
OFR-000458-V2,OFR-000458,APP-0005707,REQ-2024-00091,1,2,start_date_revision,accepted,true,2024-04-06,2024-04-06,,,,,2024-06-17,156000,USD
OFR-000459-V1,OFR-000459,APP-0005785,REQ-2024-00312,1,1,initial,accepted,false,2024-02-22,2024-02-25,,,,,2024-03-18,80500,USD
OFR-000459-V2,OFR-000459,APP-0005785,REQ-2024-00312,1,2,letter_reissue,accepted,true,2024-03-07,2024-03-07,,,,,2024-03-18,80500,USD
OFR-000460-V1,OFR-000460,APP-0005793,REQ-2024-00325,1,1,initial,superseded,false,2024-02-23,,,,,,2024-04-08,64000,USD
OFR-000460-V2,OFR-000460,APP-0005793,REQ-2024-00325,1,2,negotiation_revision,accepted,true,2024-02-28,2024-03-02,,,,,2024-04-08,68500,USD
OFR-000461-V1,OFR-000461,APP-0005795,REQ-2024-00330,1,1,initial,accepted,true,2024-03-11,2024-03-13,,,,,2024-04-08,61500,USD
OFR-000462-V1,OFR-000462,APP-0005798,REQ-2024-00332,1,1,initial,accepted,true,2024-03-07,2024-03-12,,,,,2024-04-08,85000,USD
OFR-000463-V1,OFR-000463,APP-0005809,REQ-2024-00356,1,1,initial,declined,true,2024-02-27,,2024-03-01,,,,2024-03-26,44500,USD
OFR-000464-V1,OFR-000464,APP-0005815,REQ-2024-00366,1,1,initial,declined,true,2024-03-28,,2024-04-10,,,,2024-04-25,179500,USD
OFR-000465-V1,OFR-000465,APP-0005829,REQ-2024-00376,1,1,initial,superseded,false,2024-03-01,,,,,,2024-04-01,62000,USD
OFR-000465-V2,OFR-000465,APP-0005829,REQ-2024-00376,1,2,negotiation_revision,accepted,true,2024-03-04,2024-03-05,,,,,2024-04-01,64000,USD
OFR-000466-V1,OFR-000466,APP-0005870,REQ-2024-00252,1,1,initial,accepted,true,2024-03-12,2024-03-15,,,,,2024-04-22,164000,USD
OFR-000467-V1,OFR-000467,APP-0005938,REQ-2024-00379,1,1,initial,accepted,false,2024-02-28,2024-02-29,,,,,2024-03-25,48000,USD
OFR-000467-V2,OFR-000467,APP-0005938,REQ-2024-00379,1,2,salary_correction,accepted,true,2024-03-02,2024-03-02,,,,,2024-03-25,48500,USD
OFR-000468-V1,OFR-000468,APP-0005947,REQ-2024-00062,1,1,initial,accepted,true,2024-03-04,2024-03-06,,,,,2024-04-08,109000,USD
OFR-000469-V1,OFR-000469,APP-0005957,REQ-2024-00173,1,1,initial,accepted,true,2024-03-01,2024-03-04,,,,,2024-04-01,98000,USD
OFR-000470-V1,OFR-000470,APP-0005983,REQ-2024-00274,1,1,initial,superseded,false,2024-02-26,,,,,,2024-04-15,105000,USD
OFR-000470-V2,OFR-000470,APP-0005983,REQ-2024-00274,1,2,negotiation_revision,accepted,true,2024-02-27,2024-02-29,,,,,2024-04-15,110000,USD
OFR-000471-V1,OFR-000471,APP-0005987,REQ-2024-00281,1,1,initial,accepted,true,2024-02-22,2024-02-25,,,,,2024-03-25,68000,USD
OFR-000472-V1,OFR-000472,APP-0005990,REQ-2024-00284,1,1,initial,superseded,false,2024-02-25,,,,,,2024-04-01,84500,USD
OFR-000472-V2,OFR-000472,APP-0005990,REQ-2024-00284,1,2,negotiation_revision,accepted,true,2024-02-27,2024-03-01,,,,,2024-04-01,90500,USD
OFR-000473-V1,OFR-000473,APP-0006012,REQ-2024-00332,1,1,initial,accepted,true,2024-02-24,2024-02-27,,,,,2024-04-01,81500,USD
OFR-000474-V1,OFR-000474,APP-0006014,REQ-2024-00336,1,1,initial,withdrawn,true,2024-02-25,,,2024-03-02,,,2024-03-24,80500,USD
OFR-000475-V1,OFR-000475,APP-0006015,REQ-2024-00337,1,1,initial,accepted,true,2024-03-08,2024-03-11,,,,,2024-04-15,94500,USD
OFR-000476-V1,OFR-000476,APP-0006025,REQ-2024-00355,1,1,initial,superseded,false,2024-03-12,,,,,,2024-04-22,77500,USD
OFR-000476-V2,OFR-000476,APP-0006025,REQ-2024-00355,1,2,negotiation_revision,accepted,false,2024-03-16,2024-03-19,,,,,2024-04-22,82500,USD
OFR-000476-V3,OFR-000476,APP-0006025,REQ-2024-00355,1,3,salary_correction,accepted,true,2024-03-27,2024-03-27,,,,,2024-04-22,81800,USD
OFR-000477-V1,OFR-000477,APP-0006044,REQ-2024-00019,1,1,initial,withdrawn,true,2024-03-01,,,2024-03-04,,,2024-03-29,105000,USD
OFR-000478-V1,OFR-000478,APP-0006095,REQ-2024-00324,1,1,initial,accepted,true,2024-03-19,2024-03-22,,,,,2024-04-08,76500,USD
OFR-000479-V1,OFR-000479,APP-0006099,REQ-2024-00343,1,1,initial,withdrawn,true,2024-02-23,,,2024-02-25,,,2024-03-22,55500,USD
OFR-000480-V1,OFR-000480,APP-0006120,REQ-2024-00380,1,1,initial,accepted,false,2024-03-11,2024-03-19,,,,,2024-04-08,68500,USD
OFR-000480-V2,OFR-000480,APP-0006120,REQ-2024-00380,1,2,start_date_revision,accepted,true,2024-04-01,2024-04-01,,,,,2024-04-29,68500,USD
OFR-000481-V1,OFR-000481,APP-0006137,REQ-2024-00152,1,1,initial,accepted,false,2024-03-10,2024-03-12,,,,,2024-04-15,105000,USD
OFR-000481-V2,OFR-000481,APP-0006137,REQ-2024-00152,1,2,letter_reissue,accepted,true,2024-03-25,2024-03-25,,,,,2024-04-15,105000,USD
OFR-000482-V1,OFR-000482,APP-0006207,REQ-2024-00366,1,1,initial,declined,true,2024-04-01,,2024-04-10,,,,2024-04-29,185500,USD
OFR-000483-V1,OFR-000483,APP-0006208,REQ-2024-00371,1,1,initial,accepted,true,2024-03-09,2024-03-14,,,,,2024-04-15,117000,USD
OFR-000484-V1,OFR-000484,APP-0006213,REQ-2024-00378,1,1,initial,accepted,true,2024-03-03,2024-03-06,,,,,2024-04-01,58500,USD
OFR-000485-V1,OFR-000485,APP-0006227,REQ-2024-00050,1,1,initial,superseded,false,2024-03-25,,,,,,2024-04-22,114500,USD
OFR-000485-V2,OFR-000485,APP-0006227,REQ-2024-00050,1,2,negotiation_revision,declined,true,2024-03-26,,2024-03-31,,,,2024-04-22,121500,USD
OFR-000486-V1,OFR-000486,APP-0006242,REQ-2024-00199,1,1,initial,superseded,false,2024-04-05,,,,,,2024-06-03,147500,USD
OFR-000486-V2,OFR-000486,APP-0006242,REQ-2024-00199,1,2,negotiation_revision,accepted,false,2024-04-07,2024-04-11,,,,,2024-06-03,158500,USD
OFR-000486-V3,OFR-000486,APP-0006242,REQ-2024-00199,1,3,letter_reissue,accepted,true,2024-04-23,2024-04-23,,,,,2024-06-03,158500,USD
OFR-000487-V1,OFR-000487,APP-0006320,REQ-2024-00394,1,1,initial,superseded,false,2024-03-16,,,,,,2024-04-22,73500,USD
OFR-000487-V2,OFR-000487,APP-0006320,REQ-2024-00394,1,2,negotiation_revision,accepted,true,2024-03-20,2024-03-21,,,,,2024-04-22,77000,USD
OFR-000488-V1,OFR-000488,APP-0006378,REQ-2024-00325,1,1,initial,superseded,false,2024-03-15,,,,,,2024-04-12,61500,USD
OFR-000488-V2,OFR-000488,APP-0006378,REQ-2024-00325,1,2,negotiation_revision,withdrawn,true,2024-03-17,,,2024-03-18,,,2024-04-12,65000,USD
OFR-000489-V1,OFR-000489,APP-0006383,REQ-2024-00342,1,1,initial,accepted,true,2024-03-07,2024-03-11,,,,,2024-04-22,97000,USD
OFR-000490-V1,OFR-000490,APP-0006431,REQ-2024-00137,1,1,initial,accepted,true,2024-03-06,2024-03-08,,,,,2024-04-08,68500,USD
OFR-000491-V1,OFR-000491,APP-0006437,REQ-2024-00177,1,1,initial,accepted,true,2024-03-03,2024-03-07,,,,,2024-03-25,49500,USD
OFR-000492-V1,OFR-000492,APP-0006440,REQ-2024-00198,1,1,initial,accepted,true,2024-03-28,2024-04-01,,,,,2024-05-20,157000,USD
OFR-000493-V1,OFR-000493,APP-0006443,REQ-2024-00206,1,1,initial,superseded,false,2024-03-15,,,,,,2024-04-12,130500,USD
OFR-000493-V2,OFR-000493,APP-0006443,REQ-2024-00206,1,2,negotiation_revision,declined,true,2024-03-17,,2024-03-21,,,,2024-04-12,139000,USD
OFR-000494-V1,OFR-000494,APP-0006452,REQ-2024-00243,1,1,initial,declined,true,2024-04-07,,2024-04-14,,,,2024-05-05,182500,USD
OFR-000495-V1,OFR-000495,APP-0006458,REQ-2024-00271,1,1,initial,accepted,true,2024-03-26,2024-03-30,,,,,2024-05-13,131500,USD
OFR-000496-V1,OFR-000496,APP-0006471,REQ-2024-00310,1,1,initial,withdrawn,true,2024-03-09,,,2024-03-12,,,2024-04-06,84500,USD
OFR-000497-V1,OFR-000497,APP-0006479,REQ-2024-00325,1,1,initial,accepted,false,2024-03-10,2024-03-14,,,,,2024-04-15,64500,USD
OFR-000497-V2,OFR-000497,APP-0006479,REQ-2024-00325,1,2,letter_reissue,accepted,true,2024-03-16,2024-03-16,,,,,2024-04-15,64500,USD
OFR-000498-V1,OFR-000498,APP-0006504,REQ-2024-00382,1,1,initial,declined,true,2024-03-11,,2024-03-20,,,,2024-04-08,61500,USD
OFR-000499-V1,OFR-000499,APP-0006508,REQ-2024-00383,1,1,initial,accepted,false,2024-03-02,2024-03-05,,,,,2024-04-01,62000,USD
OFR-000499-V2,OFR-000499,APP-0006508,REQ-2024-00383,1,2,letter_reissue,reneged,true,2024-03-14,2024-03-14,,,,2024-03-16,2024-04-01,62000,USD
OFR-000500-V1,OFR-000500,APP-0006512,REQ-2024-00385,1,1,initial,accepted,false,2024-03-06,2024-03-11,,,,,2024-04-22,97500,USD
OFR-000500-V2,OFR-000500,APP-0006512,REQ-2024-00385,1,2,salary_correction,reneged,true,2024-03-22,2024-03-22,,,,2024-03-24,2024-04-22,97800,USD
OFR-000501-V1,OFR-000501,APP-0006525,REQ-2024-00035,1,1,initial,accepted,false,2024-03-09,2024-03-13,,,,,2024-04-22,85500,USD
OFR-000501-V2,OFR-000501,APP-0006525,REQ-2024-00035,1,2,start_date_revision,accepted,true,2024-03-28,2024-03-28,,,,,2024-05-06,85500,USD
OFR-000502-V1,OFR-000502,APP-0006543,REQ-2024-00217,1,1,initial,superseded,false,2024-03-06,,,,,,2024-04-08,106500,USD
OFR-000502-V2,OFR-000502,APP-0006543,REQ-2024-00217,1,2,negotiation_revision,accepted,true,2024-03-07,2024-03-09,,,,,2024-04-08,110500,USD
OFR-000503-V1,OFR-000503,APP-0006576,REQ-2024-00310,1,1,initial,accepted,true,2024-03-08,2024-03-11,,,,,2024-04-08,78500,USD
OFR-000504-V1,OFR-000504,APP-0006607,REQ-2024-00374,1,1,initial,accepted,true,2024-03-03,2024-03-06,,,,,2024-04-01,61500,USD
OFR-000505-V1,OFR-000505,APP-0006622,REQ-2024-00398,1,1,initial,superseded,false,2024-03-10,,,,,,2024-04-22,90500,USD
OFR-000505-V2,OFR-000505,APP-0006622,REQ-2024-00398,1,2,negotiation_revision,accepted,true,2024-03-14,2024-03-17,,,,,2024-04-22,96500,USD
OFR-000506-V1,OFR-000506,APP-0006642,REQ-2024-00142,1,1,initial,accepted,true,2024-03-11,2024-03-15,,,,,2024-04-15,115000,USD
OFR-000507-V1,OFR-000507,APP-0006670,REQ-2024-00342,1,1,initial,withdrawn,true,2024-03-11,,,2024-03-13,,,2024-04-08,99500,USD
OFR-000508-V1,OFR-000508,APP-0006674,REQ-2024-00352,1,1,initial,declined,true,2024-03-06,,2024-03-09,,,,2024-04-03,88500,USD
OFR-000509-V1,OFR-000509,APP-0006697,REQ-2024-00394,1,1,initial,accepted,true,2024-03-02,2024-03-06,,,,,2024-04-08,74500,USD
OFR-000510-V1,OFR-000510,APP-0006713,REQ-2024-00132,1,1,initial,reneged,true,2024-03-16,2024-03-19,,,,2024-03-20,2024-04-15,100000,USD
OFR-000511-V1,OFR-000511,APP-0006720,REQ-2024-00203,1,1,initial,superseded,false,2024-03-06,,,,,,2024-04-15,101500,USD
OFR-000511-V2,OFR-000511,APP-0006720,REQ-2024-00203,1,2,negotiation_revision,accepted,true,2024-03-08,2024-03-10,,,,,2024-04-15,108000,USD
OFR-000512-V1,OFR-000512,APP-0006735,REQ-2024-00306,1,1,initial,accepted,true,2024-03-08,2024-03-11,,,,,2024-04-01,79500,USD
OFR-000513-V1,OFR-000513,APP-0006744,REQ-2024-00330,1,1,initial,withdrawn,true,2024-03-13,,,2024-03-18,,,2024-04-10,58000,USD
OFR-000514-V1,OFR-000514,APP-0006775,REQ-2024-00385,1,1,initial,declined,true,2024-03-08,,2024-03-14,,,,2024-04-05,95000,USD
OFR-000515-V1,OFR-000515,APP-0006781,REQ-2024-00392,1,1,initial,accepted,true,2024-03-26,2024-03-27,,,,,2024-04-29,119500,USD
OFR-000516-V1,OFR-000516,APP-0006789,REQ-2024-00405,1,1,initial,superseded,false,2024-03-03,,,,,,2024-03-25,59000,USD
OFR-000516-V2,OFR-000516,APP-0006789,REQ-2024-00405,1,2,negotiation_revision,accepted,false,2024-03-04,2024-03-06,,,,,2024-03-25,61500,USD
OFR-000516-V3,OFR-000516,APP-0006789,REQ-2024-00405,1,3,salary_correction,accepted,true,2024-03-15,2024-03-15,,,,,2024-03-25,61600,USD
OFR-000517-V1,OFR-000517,APP-0006805,REQ-2024-00114,1,1,initial,declined,true,2024-04-07,,2024-04-28,,,,2024-05-05,165000,USD
OFR-000518-V1,OFR-000518,APP-0006859,REQ-2024-00383,1,1,initial,declined,true,2024-03-03,,2024-03-05,,,,2024-03-31,53500,USD
OFR-000519-V1,OFR-000519,APP-0006879,REQ-2024-00405,1,1,initial,accepted,true,2024-03-14,2024-03-15,,,,,2024-04-15,60500,USD
OFR-000520-V1,OFR-000520,APP-0006888,REQ-2024-00044,1,1,initial,accepted,true,2024-03-15,2024-03-17,,,,,2024-04-15,83000,USD
OFR-000521-V1,OFR-000521,APP-0006915,REQ-2024-00323,1,1,initial,accepted,false,2024-03-15,2024-03-18,,,,,2024-04-22,91000,USD
OFR-000521-V2,OFR-000521,APP-0006915,REQ-2024-00323,1,2,letter_reissue,accepted,true,2024-03-20,2024-03-20,,,,,2024-04-22,91000,USD
OFR-000522-V1,OFR-000522,APP-0006918,REQ-2024-00332,1,1,initial,accepted,false,2024-03-15,2024-03-16,,,,,2024-04-08,77000,USD
OFR-000522-V2,OFR-000522,APP-0006918,REQ-2024-00332,1,2,letter_reissue,accepted,true,2024-03-23,2024-03-23,,,,,2024-04-08,77000,USD
OFR-000523-V1,OFR-000523,APP-0006926,REQ-2024-00366,1,1,initial,accepted,true,2024-03-29,2024-04-08,,,,,2024-06-03,193000,USD
OFR-000524-V1,OFR-000524,APP-0006936,REQ-2024-00386,1,1,initial,accepted,true,2024-03-24,2024-03-29,,,,,2024-05-06,148000,USD
OFR-000525-V1,OFR-000525,APP-0006940,REQ-2024-00395,1,1,initial,accepted,true,2024-03-04,2024-03-08,,,,,2024-04-08,79000,USD
OFR-000526-V1,OFR-000526,APP-0006953,REQ-2024-00091,1,1,initial,withdrawn,true,2024-03-21,,,2024-04-01,,,2024-04-18,151500,USD
OFR-000527-V1,OFR-000527,APP-0006955,REQ-2024-00092,1,1,initial,accepted,true,2024-03-11,2024-03-17,,,,,2024-04-15,73000,USD
OFR-000528-V1,OFR-000528,APP-0006961,REQ-2024-00117,1,1,initial,accepted,true,2024-03-25,2024-03-28,,,,,2024-04-29,91500,USD
OFR-000529-V1,OFR-000529,APP-0006976,REQ-2024-00300,1,1,initial,accepted,true,2024-03-31,2024-04-03,,,,,2024-05-13,131500,USD
OFR-000530-V1,OFR-000530,APP-0006995,REQ-2024-00364,1,1,initial,accepted,true,2024-03-27,2024-04-04,,,,,2024-05-06,115500,USD
OFR-000531-V1,OFR-000531,APP-0007002,REQ-2024-00383,1,1,initial,superseded,false,2024-03-14,,,,,,2024-04-15,58000,USD
OFR-000531-V2,OFR-000531,APP-0007002,REQ-2024-00383,1,2,negotiation_revision,accepted,true,2024-03-16,2024-03-21,,,,,2024-04-15,62000,USD
OFR-000532-V1,OFR-000532,APP-0007017,REQ-2024-00398,1,1,initial,accepted,true,2024-03-10,2024-03-15,,,,,2024-04-29,82000,USD
OFR-000533-V1,OFR-000533,APP-0007019,REQ-2024-00405,1,1,initial,declined,true,2024-03-06,,2024-03-07,,,,2024-04-03,63500,USD
OFR-000534-V1,OFR-000534,APP-0007026,REQ-2024-00407,1,1,initial,superseded,false,2024-03-15,,,,,,2024-04-12,97000,USD
OFR-000534-V2,OFR-000534,APP-0007026,REQ-2024-00407,1,2,negotiation_revision,declined,true,2024-03-21,,2024-03-25,,,,2024-04-12,104000,USD
OFR-000535-V1,OFR-000535,APP-0007028,REQ-2024-00407,1,1,initial,accepted,true,2024-03-25,2024-03-28,,,,,2024-04-29,90000,USD
OFR-000536-V1,OFR-000536,APP-0007058,REQ-2024-00270,1,1,initial,superseded,false,2024-03-08,,,,,,2024-04-15,91000,USD
OFR-000536-V2,OFR-000536,APP-0007058,REQ-2024-00270,1,2,negotiation_revision,accepted,true,2024-03-09,2024-03-10,,,,,2024-04-15,97000,USD
OFR-000537-V1,OFR-000537,APP-0007076,REQ-2024-00354,1,1,initial,accepted,true,2024-03-11,2024-03-15,,,,,2024-04-08,59000,USD
OFR-000538-V1,OFR-000538,APP-0007152,REQ-2024-00391,1,1,initial,accepted,true,2024-03-14,2024-03-16,,,,,2024-04-08,85000,USD
OFR-000539-V1,OFR-000539,APP-0007173,REQ-2024-00415,1,1,initial,declined,true,2024-03-12,,2024-03-15,,,,2024-04-09,67000,USD
OFR-000540-V1,OFR-000540,APP-0007192,REQ-2024-00181,1,1,initial,accepted,true,2024-03-13,2024-03-18,,,,,2024-04-29,104000,USD
OFR-000541-V1,OFR-000541,APP-0007195,REQ-2024-00196,1,1,initial,accepted,true,2024-03-09,2024-03-19,,,,,2024-04-22,91000,USD
OFR-000542-V1,OFR-000542,APP-0007207,REQ-2024-00310,1,1,initial,withdrawn,true,2024-03-10,,,2024-03-13,,,2024-04-07,72000,USD
OFR-000543-V1,OFR-000543,APP-0007210,REQ-2024-00341,1,1,initial,accepted,true,2024-03-11,2024-03-14,,,,,2024-04-22,87000,USD
OFR-000544-V1,OFR-000544,APP-0007217,REQ-2024-00380,1,1,initial,withdrawn,true,2024-03-18,,,2024-03-20,,,2024-04-15,76000,USD
OFR-000545-V1,OFR-000545,APP-0007242,REQ-2024-00409,1,1,initial,declined,true,2024-03-27,,2024-04-01,,,,2024-04-24,126500,USD
OFR-000546-V1,OFR-000546,APP-0007249,REQ-2024-00415,1,1,initial,accepted,false,2024-03-02,2024-03-05,,,,,2024-04-08,64000,USD
OFR-000546-V2,OFR-000546,APP-0007249,REQ-2024-00415,1,2,letter_reissue,accepted,true,2024-03-12,2024-03-12,,,,,2024-04-08,64000,USD
OFR-000547-V1,OFR-000547,APP-0007309,REQ-2024-00388,1,1,initial,accepted,true,2024-03-31,2024-04-05,,,,,2024-05-06,97000,USD
OFR-000548-V1,OFR-000548,APP-0007329,REQ-2024-00415,1,1,initial,superseded,false,2024-03-12,,,,,,2024-04-08,65000,USD
OFR-000548-V2,OFR-000548,APP-0007329,REQ-2024-00415,1,2,negotiation_revision,accepted,true,2024-03-13,2024-03-16,,,,,2024-04-08,70000,USD
OFR-000549-V1,OFR-000549,APP-0007360,REQ-2024-00245,1,1,initial,accepted,true,2024-03-14,2024-03-22,,,,,2024-05-06,78000,USD
OFR-000550-V1,OFR-000550,APP-0007383,REQ-2024-00383,1,1,initial,accepted,true,2024-03-11,2024-03-13,,,,,2024-04-08,61000,USD
OFR-000551-V1,OFR-000551,APP-0007384,REQ-2024-00383,1,1,initial,accepted,true,2024-03-05,2024-03-08,,,,,2024-03-25,57000,USD
OFR-000552-V1,OFR-000552,APP-0007400,REQ-2024-00405,1,1,initial,accepted,true,2024-03-11,2024-03-12,,,,,2024-04-08,61000,USD
OFR-000553-V1,OFR-000553,APP-0007409,REQ-2024-00417,1,1,initial,accepted,false,2024-03-22,2024-03-24,,,,,2024-04-22,104500,USD
OFR-000553-V2,OFR-000553,APP-0007409,REQ-2024-00417,1,2,letter_reissue,accepted,true,2024-04-03,2024-04-03,,,,,2024-04-22,104500,USD
OFR-000554-V1,OFR-000554,APP-0007414,REQ-2024-00420,1,1,initial,declined,true,2024-03-17,,2024-03-21,,,,2024-04-14,72000,USD
OFR-000555-V1,OFR-000555,APP-0007423,REQ-2024-00044,1,1,initial,superseded,false,2024-03-18,,,,,,2024-04-15,83500,USD
OFR-000555-V2,OFR-000555,APP-0007423,REQ-2024-00044,1,2,negotiation_revision,accepted,true,2024-03-19,2024-03-20,,,,,2024-04-15,88000,USD
OFR-000556-V1,OFR-000556,APP-0007426,REQ-2024-00062,1,1,initial,accepted,true,2024-03-12,2024-03-16,,,,,2024-04-22,103500,USD
OFR-000557-V1,OFR-000557,APP-0007436,REQ-2024-00170,1,1,initial,accepted,true,2024-03-28,2024-03-31,,,,,2024-04-22,72000,USD
OFR-000558-V1,OFR-000558,APP-0007460,REQ-2024-00371,1,1,initial,superseded,false,2024-03-15,,,,,,2024-04-12,114500,USD
OFR-000558-V2,OFR-000558,APP-0007460,REQ-2024-00371,1,2,negotiation_revision,declined,true,2024-03-17,,2024-03-18,,,,2024-04-12,120500,USD
OFR-000559-V1,OFR-000559,APP-0007466,REQ-2024-00384,1,1,initial,accepted,false,2024-04-12,2024-04-13,,,,,2024-05-13,75500,USD
OFR-000559-V2,OFR-000559,APP-0007466,REQ-2024-00384,1,2,letter_reissue,accepted,true,2024-04-15,2024-04-15,,,,,2024-05-13,75500,USD
OFR-000560-V1,OFR-000560,APP-0007467,REQ-2024-00387,1,1,initial,accepted,true,2024-03-27,2024-04-02,,,,,2024-05-06,87500,USD
OFR-000561-V1,OFR-000561,APP-0007491,REQ-2024-00415,1,1,initial,accepted,true,2024-03-14,2024-03-17,,,,,2024-04-15,58500,USD
OFR-000562-V1,OFR-000562,APP-0007560,REQ-2024-00426,1,1,initial,accepted,true,2024-03-24,2024-04-02,,,,,2024-05-06,111500,USD
OFR-000563-V1,OFR-000563,APP-0007572,REQ-2024-00204,1,1,initial,accepted,true,2024-03-18,2024-03-21,,,,,2024-04-22,67500,USD
OFR-000564-V1,OFR-000564,APP-0007607,REQ-2024-00405,1,1,initial,withdrawn,true,2024-03-17,,,2024-03-22,,,2024-04-14,68000,USD
OFR-000565-V1,OFR-000565,APP-0007612,REQ-2024-00405,1,1,initial,accepted,false,2024-03-11,2024-03-14,,,,,2024-04-08,58000,USD
OFR-000565-V2,OFR-000565,APP-0007612,REQ-2024-00405,1,2,letter_reissue,accepted,true,2024-03-22,2024-03-22,,,,,2024-04-08,58000,USD
OFR-000566-V1,OFR-000566,APP-0007613,REQ-2024-00405,1,1,initial,accepted,true,2024-03-13,2024-03-14,,,,,2024-04-08,68000,USD
OFR-000567-V1,OFR-000567,APP-0007623,REQ-2024-00415,1,1,initial,accepted,false,2024-03-18,2024-03-20,,,,,2024-04-08,60500,USD
OFR-000567-V2,OFR-000567,APP-0007623,REQ-2024-00415,1,2,salary_correction,accepted,true,2024-03-29,2024-03-29,,,,,2024-04-08,60600,USD
OFR-000568-V1,OFR-000568,APP-0007643,REQ-2024-00133,1,1,initial,accepted,false,2024-03-17,2024-03-19,,,,,2024-04-22,83500,USD
OFR-000568-V2,OFR-000568,APP-0007643,REQ-2024-00133,1,2,letter_reissue,accepted,true,2024-03-28,2024-03-28,,,,,2024-04-22,83500,USD
OFR-000569-V1,OFR-000569,APP-0007656,REQ-2024-00280,1,1,initial,superseded,false,2024-03-20,,,,,,2024-04-17,82000,USD
OFR-000569-V2,OFR-000569,APP-0007656,REQ-2024-00280,1,2,negotiation_revision,declined,true,2024-03-22,,2024-03-24,,,,2024-04-17,88000,USD
OFR-000570-V1,OFR-000570,APP-0007675,REQ-2024-00386,1,1,initial,withdrawn,true,2024-03-27,,,2024-03-31,,,2024-04-24,146000,USD
OFR-000571-V1,OFR-000571,APP-0007676,REQ-2024-00394,1,1,initial,withdrawn,true,2024-03-20,,,2024-03-21,,,2024-04-17,76500,USD
OFR-000572-V1,OFR-000572,APP-0007681,REQ-2024-00405,1,1,initial,accepted,false,2024-03-17,2024-03-20,,,,,2024-04-15,61500,USD
OFR-000572-V2,OFR-000572,APP-0007681,REQ-2024-00405,1,2,letter_reissue,accepted,true,2024-03-29,2024-03-29,,,,,2024-04-15,61500,USD
OFR-000573-V1,OFR-000573,APP-0007692,REQ-2024-00415,1,1,initial,superseded,false,2024-03-16,,,,,,2024-04-08,66000,USD
OFR-000573-V2,OFR-000573,APP-0007692,REQ-2024-00415,1,2,negotiation_revision,accepted,true,2024-03-17,2024-03-18,,,,,2024-04-08,71000,USD
OFR-000574-V1,OFR-000574,APP-0007693,REQ-2024-00416,1,1,initial,accepted,true,2024-03-18,2024-03-25,,,,,2024-04-08,54500,USD
OFR-000575-V1,OFR-000575,APP-0007704,REQ-2024-00086,1,1,initial,accepted,true,2024-04-03,2024-04-08,,,,,2024-05-20,108500,USD
OFR-000576-V1,OFR-000576,APP-0007714,REQ-2024-00211,1,1,initial,accepted,true,2024-03-25,2024-03-26,,,,,2024-04-22,56000,USD
OFR-000577-V1,OFR-000577,APP-0007720,REQ-2024-00320,1,1,initial,accepted,true,2024-03-22,2024-03-24,,,,,2024-04-22,72000,USD
OFR-000578-V1,OFR-000578,APP-0007759,REQ-2024-00418,1,1,initial,withdrawn,true,2024-04-05,,,2024-04-08,,,2024-05-03,132500,USD
OFR-000579-V1,OFR-000579,APP-0007772,REQ-2024-00011,1,1,initial,superseded,false,2024-04-01,,,,,,2024-05-20,128000,USD
OFR-000579-V2,OFR-000579,APP-0007772,REQ-2024-00011,1,2,negotiation_revision,accepted,true,2024-04-08,2024-04-11,,,,,2024-05-20,133500,USD
OFR-000580-V1,OFR-000580,APP-0007811,REQ-2024-00396,1,1,initial,declined,true,2024-03-26,,2024-03-29,,,,2024-04-23,56000,USD
OFR-000581-V1,OFR-000581,APP-0007824,REQ-2024-00410,1,1,initial,accepted,true,2024-03-22,2024-03-25,,,,,2024-04-29,97000,USD
OFR-000582-V1,OFR-000582,APP-0007861,REQ-2024-00135,1,1,initial,accepted,true,2024-04-05,2024-04-13,,,,,2024-05-20,133000,USD
OFR-000583-V1,OFR-000583,APP-0007868,REQ-2024-00209,1,1,initial,superseded,false,2024-04-08,,,,,,2024-05-06,178500,USD
OFR-000583-V2,OFR-000583,APP-0007868,REQ-2024-00209,1,2,negotiation_revision,declined,true,2024-04-09,,2024-04-10,,,,2024-05-06,188000,USD
OFR-000584-V1,OFR-000584,APP-0007879,REQ-2024-00304,1,1,initial,accepted,true,2024-03-26,2024-03-28,,,,,2024-05-20,170000,USD
OFR-000585-V1,OFR-000585,APP-0007891,REQ-2024-00390,1,1,initial,superseded,false,2024-04-16,,,,,,2024-05-27,124000,USD
OFR-000585-V2,OFR-000585,APP-0007891,REQ-2024-00390,1,2,negotiation_revision,accepted,true,2024-04-17,2024-04-19,,,,,2024-05-27,128500,USD
OFR-000586-V1,OFR-000586,APP-0007910,REQ-2024-00415,1,1,initial,declined,true,2024-03-19,,2024-03-21,,,,2024-04-16,61000,USD
OFR-000587-V1,OFR-000587,APP-0007930,REQ-2024-00107,1,1,initial,superseded,false,2024-03-28,,,,,,2024-05-13,104000,USD
OFR-000587-V2,OFR-000587,APP-0007930,REQ-2024-00107,1,2,negotiation_revision,rescinded,true,2024-03-30,2024-04-01,,,2024-04-09,,2024-05-13,111000,USD
OFR-000588-V1,OFR-000588,APP-0007935,REQ-2024-00174,1,1,initial,accepted,true,2024-04-02,2024-04-09,,,,,2024-05-13,123500,USD
OFR-000589-V1,OFR-000589,APP-0007936,REQ-2024-00181,1,1,initial,accepted,true,2024-03-20,2024-03-23,,,,,2024-04-29,98500,USD
OFR-000590-V1,OFR-000590,APP-0007944,REQ-2024-00271,1,1,initial,withdrawn,true,2024-03-29,,,2024-03-30,,,2024-04-26,124000,USD
OFR-000591-V1,OFR-000591,APP-0007946,REQ-2024-00305,1,1,initial,superseded,false,2024-03-31,,,,,,2024-05-06,127000,USD
OFR-000591-V2,OFR-000591,APP-0007946,REQ-2024-00305,1,2,negotiation_revision,accepted,true,2024-04-02,2024-04-04,,,,,2024-05-06,136500,USD
OFR-000592-V1,OFR-000592,APP-0007951,REQ-2024-00357,1,1,initial,accepted,true,2024-04-14,2024-04-23,,,,,2024-05-27,134500,USD
OFR-000593-V1,OFR-000593,APP-0007976,REQ-2024-00426,1,1,initial,declined,true,2024-03-29,,2024-04-03,,,,2024-04-26,99500,USD
OFR-000594-V1,OFR-000594,APP-0008036,REQ-2024-00415,1,1,initial,superseded,false,2024-03-25,,,,,,2024-04-29,61500,USD
OFR-000594-V2,OFR-000594,APP-0008036,REQ-2024-00415,1,2,negotiation_revision,accepted,false,2024-03-26,2024-03-28,,,,,2024-04-29,63500,USD
OFR-000594-V3,OFR-000594,APP-0008036,REQ-2024-00415,1,3,start_date_revision,accepted,true,2024-03-30,2024-03-30,,,,,2024-05-13,63500,USD
OFR-000595-V1,OFR-000595,APP-0008042,REQ-2024-00426,1,1,initial,accepted,true,2024-04-05,2024-04-07,,,,,2024-05-13,102000,USD
OFR-000596-V1,OFR-000596,APP-0008050,REQ-2024-00437,1,1,initial,reneged,true,2024-03-19,2024-03-22,,,,2024-04-03,2024-04-08,53500,USD
OFR-000597-V1,OFR-000597,APP-0008055,REQ-2024-00442,1,1,initial,withdrawn,true,2024-03-27,,,2024-03-28,,,2024-04-24,120000,USD
OFR-000598-V1,OFR-000598,APP-0008072,REQ-2024-00259,1,1,initial,accepted,true,2024-04-03,2024-04-07,,,,,2024-05-20,91500,USD
OFR-000599-V1,OFR-000599,APP-0008074,REQ-2024-00280,1,1,initial,declined,true,2024-03-30,,2024-04-03,,,,2024-04-27,83000,USD
OFR-000600-V1,OFR-000600,APP-0008106,REQ-2024-00418,1,1,initial,superseded,false,2024-03-29,,,,,,2024-05-06,124000,USD
OFR-000600-V2,OFR-000600,APP-0008106,REQ-2024-00418,1,2,negotiation_revision,accepted,true,2024-03-31,2024-04-05,,,,,2024-05-06,130500,USD
OFR-000601-V1,OFR-000601,APP-0008155,REQ-2024-00352,1,1,initial,accepted,true,2024-03-22,2024-03-26,,,,,2024-05-06,104000,USD
OFR-000602-V1,OFR-000602,APP-0008167,REQ-2024-00407,1,1,initial,declined,true,2024-04-03,,2024-04-04,,,,2024-05-01,90000,USD
OFR-000603-V1,OFR-000603,APP-0008174,REQ-2024-00415,1,1,initial,accepted,true,2024-03-23,2024-03-26,,,,,2024-04-22,63500,USD
OFR-000604-V1,OFR-000604,APP-0008185,REQ-2024-00426,1,1,initial,accepted,true,2024-03-24,2024-03-26,,,,,2024-05-06,113500,USD
OFR-000605-V1,OFR-000605,APP-0008197,REQ-2024-00447,1,1,initial,superseded,false,2024-03-23,,,,,,2024-04-29,108500,USD
OFR-000605-V2,OFR-000605,APP-0008197,REQ-2024-00447,1,2,negotiation_revision,accepted,false,2024-03-24,2024-03-26,,,,,2024-04-29,113500,USD
OFR-000605-V3,OFR-000605,APP-0008197,REQ-2024-00447,1,3,letter_reissue,accepted,true,2024-04-10,2024-04-10,,,,,2024-04-29,113500,USD
OFR-000606-V1,OFR-000606,APP-0008201,REQ-2024-00091,1,1,initial,withdrawn,true,2024-03-28,,,2024-04-01,,,2024-04-25,147500,USD
OFR-000607-V1,OFR-000607,APP-0008217,REQ-2024-00262,1,1,initial,accepted,true,2024-05-02,2024-05-10,,,,,2024-06-24,158500,USD
OFR-000608-V1,OFR-000608,APP-0008252,REQ-2024-00426,1,1,initial,superseded,false,2024-03-28,,,,,,2024-05-13,115000,USD
OFR-000608-V2,OFR-000608,APP-0008252,REQ-2024-00426,1,2,negotiation_revision,accepted,false,2024-03-30,2024-03-31,,,,,2024-05-13,120000,USD
OFR-000608-V3,OFR-000608,APP-0008252,REQ-2024-00426,1,3,letter_reissue,accepted,true,2024-04-15,2024-04-15,,,,,2024-05-13,120000,USD
OFR-000609-V1,OFR-000609,APP-0008256,REQ-2024-00439,1,1,initial,accepted,true,2024-04-09,2024-04-11,,,,,2024-05-20,141000,USD
OFR-000610-V1,OFR-000610,APP-0008282,REQ-2024-00246,1,1,initial,accepted,true,2024-04-01,2024-04-04,,,,,2024-05-06,92000,USD
OFR-000611-V1,OFR-000611,APP-0008315,REQ-2024-00420,1,1,initial,declined,true,2024-04-04,,2024-04-05,,,,2024-05-02,66500,USD
OFR-000612-V1,OFR-000612,APP-0008352,REQ-2024-00326,1,1,initial,accepted,true,2024-04-01,2024-04-03,,,,,2024-04-22,57000,USD
OFR-000613-V1,OFR-000613,APP-0008378,REQ-2024-00427,1,1,initial,accepted,true,2024-05-03,2024-05-12,,,,,2024-07-22,246000,USD
OFR-000614-V1,OFR-000614,APP-0008383,REQ-2024-00430,1,1,initial,superseded,false,2024-04-01,,,,,,2024-04-29,74500,USD
OFR-000614-V2,OFR-000614,APP-0008383,REQ-2024-00430,1,2,negotiation_revision,accepted,true,2024-04-03,2024-04-04,,,,,2024-04-29,77500,USD
OFR-000615-V1,OFR-000615,APP-0008384,REQ-2024-00430,1,1,initial,superseded,false,2024-03-30,,,,,,2024-05-06,66500,USD
OFR-000615-V2,OFR-000615,APP-0008384,REQ-2024-00430,1,2,negotiation_revision,accepted,true,2024-04-05,2024-04-07,,,,,2024-05-06,71500,USD
OFR-000616-V1,OFR-000616,APP-0008385,REQ-2024-00431,1,1,initial,accepted,true,2024-04-21,2024-04-30,,,,,2024-06-03,138500,USD
OFR-000617-V1,OFR-000617,APP-0008393,REQ-2024-00440,1,1,initial,accepted,false,2024-04-04,2024-04-07,,,,,2024-05-20,138000,USD
OFR-000617-V2,OFR-000617,APP-0008393,REQ-2024-00440,1,2,start_date_revision,accepted,true,2024-04-10,2024-04-10,,,,,2024-06-10,138000,USD
OFR-000618-V1,OFR-000618,APP-0008394,REQ-2024-00441,1,1,initial,accepted,true,2024-04-15,2024-04-20,,,,,2024-05-20,101000,USD
OFR-000619-V1,OFR-000619,APP-0008420,REQ-2024-00349,1,1,initial,accepted,false,2024-04-08,2024-04-10,,,,,2024-05-06,68500,USD
OFR-000619-V2,OFR-000619,APP-0008420,REQ-2024-00349,1,2,letter_reissue,accepted,true,2024-04-25,2024-04-25,,,,,2024-05-06,68500,USD
OFR-000620-V1,OFR-000620,APP-0008422,REQ-2024-00363,1,1,initial,superseded,false,2024-03-30,,,,,,2024-04-27,75000,USD
OFR-000620-V2,OFR-000620,APP-0008422,REQ-2024-00363,1,2,negotiation_revision,declined,true,2024-03-31,,2024-04-02,,,,2024-04-27,79500,USD
OFR-000621-V1,OFR-000621,APP-0008447,REQ-2024-00429,1,1,initial,withdrawn,true,2024-04-23,,,2024-05-01,,,2024-05-21,128000,USD
OFR-000622-V1,OFR-000622,APP-0008452,REQ-2024-00443,1,1,initial,accepted,true,2024-03-31,2024-04-05,,,,,2024-04-29,82000,USD
OFR-000623-V1,OFR-000623,APP-0008455,REQ-2024-00451,1,1,initial,accepted,true,2024-03-26,2024-03-28,,,,,2024-04-22,58000,USD
OFR-000624-V1,OFR-000624,APP-0008512,REQ-2024-00437,1,1,initial,accepted,true,2024-03-28,2024-04-01,,,,,2024-04-22,58000,USD
OFR-000625-V1,OFR-000625,APP-0008518,REQ-2024-00443,1,1,initial,withdrawn,true,2024-04-05,,,2024-04-05,,,2024-05-03,76000,USD
OFR-000626-V1,OFR-000626,APP-0008522,REQ-2024-00457,1,1,initial,accepted,true,2024-04-16,2024-04-18,,,,,2024-05-20,80500,USD
OFR-000627-V1,OFR-000627,APP-0008535,REQ-2024-00237,1,1,initial,superseded,false,2024-03-27,,,,,,2024-05-13,78500,USD
OFR-000627-V2,OFR-000627,APP-0008535,REQ-2024-00237,1,2,negotiation_revision,accepted,true,2024-03-28,2024-03-29,,,,,2024-05-13,81000,USD
OFR-000628-V1,OFR-000628,APP-0008546,REQ-2024-00354,1,1,initial,accepted,true,2024-03-24,2024-03-27,,,,,2024-04-22,54500,USD
OFR-000629-V1,OFR-000629,APP-0008567,REQ-2024-00420,1,1,initial,accepted,true,2024-04-10,2024-04-11,,,,,2024-05-06,72500,USD
OFR-000630-V1,OFR-000630,APP-0008591,REQ-2024-00458,1,1,initial,reneged,true,2024-04-05,2024-04-07,,,,2024-04-15,2024-05-13,81500,USD
OFR-000631-V1,OFR-000631,APP-0008596,REQ-2024-00049,1,1,initial,declined,true,2024-05-25,,2024-05-31,,,,2024-06-22,233500,USD
OFR-000632-V1,OFR-000632,APP-0008610,REQ-2024-00327,1,1,initial,accepted,false,2024-04-24,2024-04-27,,,,,2024-05-27,136500,USD
OFR-000632-V2,OFR-000632,APP-0008610,REQ-2024-00327,1,2,salary_correction,accepted,true,2024-04-29,2024-04-29,,,,,2024-05-27,137700,USD
OFR-000633-V1,OFR-000633,APP-0008620,REQ-2024-00397,1,1,initial,declined,true,2024-04-08,,2024-04-11,,,,2024-05-06,69000,USD
OFR-000634-V1,OFR-000634,APP-0008627,REQ-2024-00409,1,1,initial,accepted,true,2024-04-18,2024-04-19,,,,,2024-06-03,134500,USD
OFR-000635-V1,OFR-000635,APP-0008653,REQ-2024-00456,1,1,initial,accepted,true,2024-04-02,2024-04-04,,,,,2024-05-13,105500,USD
OFR-000636-V1,OFR-000636,APP-0008690,REQ-2024-00414,1,1,initial,accepted,true,2024-03-29,2024-04-03,,,,,2024-05-06,75500,USD
OFR-000637-V1,OFR-000637,APP-0008701,REQ-2024-00437,1,1,initial,accepted,true,2024-04-11,2024-04-12,,,,,2024-04-29,56500,USD
OFR-000638-V1,OFR-000638,APP-0008732,REQ-2024-00116,1,1,initial,superseded,false,2024-04-06,,,,,,2024-06-03,155000,USD
OFR-000638-V2,OFR-000638,APP-0008732,REQ-2024-00116,1,2,negotiation_revision,rescinded,true,2024-04-08,2024-04-13,,,2024-06-02,,2024-06-03,166000,USD
OFR-000639-V1,OFR-000639,APP-0008754,REQ-2024-00412,1,1,initial,accepted,false,2024-04-30,2024-05-05,,,,,2024-05-27,99500,USD
OFR-000639-V2,OFR-000639,APP-0008754,REQ-2024-00412,1,2,start_date_revision,accepted,true,2024-05-17,2024-05-17,,,,,2024-06-17,99500,USD
OFR-000640-V1,OFR-000640,APP-0008768,REQ-2024-00445,1,1,initial,accepted,false,2024-04-15,2024-04-20,,,,,2024-05-13,100000,USD
OFR-000640-V2,OFR-000640,APP-0008768,REQ-2024-00445,1,2,letter_reissue,accepted,true,2024-05-04,2024-05-04,,,,,2024-05-13,100000,USD
OFR-000641-V1,OFR-000641,APP-0008775,REQ-2024-00455,1,1,initial,accepted,false,2024-05-23,2024-05-30,,,,,2024-07-29,234000,USD
OFR-000641-V2,OFR-000641,APP-0008775,REQ-2024-00455,1,2,letter_reissue,accepted,true,2024-06-09,2024-06-09,,,,,2024-07-29,234000,USD
OFR-000642-V1,OFR-000642,APP-0008780,REQ-2024-00457,1,1,initial,accepted,true,2024-04-12,2024-04-14,,,,,2024-05-06,81500,USD
OFR-000643-V1,OFR-000643,APP-0008814,REQ-2024-00329,1,1,initial,reneged,true,2024-04-09,2024-04-13,,,,2024-05-04,2024-05-20,114000,USD
OFR-000644-V1,OFR-000644,APP-0008825,REQ-2024-00430,1,1,initial,accepted,true,2024-04-07,2024-04-11,,,,,2024-05-13,73000,USD
OFR-000645-V1,OFR-000645,APP-0008834,REQ-2024-00453,1,1,initial,accepted,true,2024-04-01,2024-04-02,,,,,2024-04-29,58500,USD
OFR-000646-V1,OFR-000646,APP-0008838,REQ-2024-00458,1,1,initial,accepted,true,2024-04-01,2024-04-03,,,,,2024-05-06,78500,USD
OFR-000647-V1,OFR-000647,APP-0008845,REQ-2024-00462,1,1,initial,superseded,false,2024-04-10,,,,,,2024-05-06,69000,USD
OFR-000647-V2,OFR-000647,APP-0008845,REQ-2024-00462,1,2,negotiation_revision,accepted,true,2024-04-11,2024-04-12,,,,,2024-05-06,71500,USD
OFR-000648-V1,OFR-000648,APP-0008848,REQ-2024-00465,1,1,initial,declined,true,2024-04-02,,2024-04-04,,,,2024-04-30,66500,USD
OFR-000649-V1,OFR-000649,APP-0008862,REQ-2024-00188,1,1,initial,declined,true,2024-04-06,,2024-04-11,,,,2024-05-04,90500,USD
OFR-000650-V1,OFR-000650,APP-0008884,REQ-2024-00426,1,1,initial,superseded,false,2024-04-06,,,,,,2024-05-04,113000,USD
OFR-000650-V2,OFR-000650,APP-0008884,REQ-2024-00426,1,2,negotiation_revision,withdrawn,true,2024-04-07,,,2024-04-08,,,2024-05-04,120000,USD
OFR-000651-V1,OFR-000651,APP-0008895,REQ-2024-00449,1,1,initial,accepted,true,2024-04-07,2024-04-11,,,,,2024-05-06,62500,USD
OFR-000652-V1,OFR-000652,APP-0008935,REQ-2024-00217,1,1,initial,superseded,false,2024-04-12,,,,,,2024-05-20,102500,USD
OFR-000652-V2,OFR-000652,APP-0008935,REQ-2024-00217,1,2,negotiation_revision,accepted,true,2024-04-13,2024-04-17,,,,,2024-05-20,109500,USD
OFR-000653-V1,OFR-000653,APP-0008953,REQ-2024-00428,1,1,initial,declined,true,2024-05-01,,2024-05-03,,,,2024-05-29,85500,USD
OFR-000654-V1,OFR-000654,APP-0008954,REQ-2024-00428,1,1,initial,accepted,true,2024-05-11,2024-05-14,,,,,2024-06-10,94000,USD
OFR-000655-V1,OFR-000655,APP-0008989,REQ-2024-00093,1,1,initial,withdrawn,true,2024-04-19,,,2024-04-24,,,2024-05-17,104000,USD
OFR-000656-V1,OFR-000656,APP-0008997,REQ-2024-00315,1,1,initial,accepted,false,2024-04-23,2024-04-27,,,,,2024-05-27,181500,USD
OFR-000656-V2,OFR-000656,APP-0008997,REQ-2024-00315,1,2,start_date_revision,accepted,true,2024-05-03,2024-05-03,,,,,2024-06-17,181500,USD
OFR-000657-V1,OFR-000657,APP-0009020,REQ-2024-00437,1,1,initial,superseded,false,2024-04-03,,,,,,2024-05-01,58000,USD
OFR-000657-V2,OFR-000657,APP-0009020,REQ-2024-00437,1,2,negotiation_revision,declined,true,2024-04-04,,2024-04-05,,,,2024-05-01,60500,USD
OFR-000658-V1,OFR-000658,APP-0009026,REQ-2024-00449,1,1,initial,withdrawn,true,2024-04-11,,,2024-04-12,,,2024-05-09,68000,USD
OFR-000659-V1,OFR-000659,APP-0009028,REQ-2024-00450,1,1,initial,accepted,true,2024-04-06,2024-04-09,,,,,2024-05-06,72000,USD
OFR-000660-V1,OFR-000660,APP-0009031,REQ-2024-00452,1,1,initial,accepted,false,2024-04-16,2024-04-18,,,,,2024-05-06,97500,USD
OFR-000660-V2,OFR-000660,APP-0009031,REQ-2024-00452,1,2,letter_reissue,accepted,true,2024-05-01,2024-05-01,,,,,2024-05-06,97500,USD
OFR-000661-V1,OFR-000661,APP-0009046,REQ-2024-00470,1,1,initial,declined,true,2024-04-27,,2024-04-29,,,,2024-05-25,72500,USD
OFR-000662-V1,OFR-000662,APP-0009051,REQ-2024-00477,1,1,initial,superseded,false,2024-04-20,,,,,,2024-06-03,157500,USD
OFR-000662-V2,OFR-000662,APP-0009051,REQ-2024-00477,1,2,negotiation_revision,accepted,false,2024-04-21,2024-04-22,,,,,2024-06-03,168000,USD
OFR-000662-V3,OFR-000662,APP-0009051,REQ-2024-00477,1,3,letter_reissue,reneged,true,2024-04-25,2024-04-25,,,,2024-04-25,2024-06-03,168000,USD
OFR-000663-V1,OFR-000663,APP-0009082,REQ-2024-00431,1,1,initial,withdrawn,true,2024-04-25,,,2024-05-01,,,2024-05-23,122500,USD
OFR-000664-V1,OFR-000664,APP-0009098,REQ-2024-00456,1,1,initial,accepted,true,2024-04-02,2024-04-05,,,,,2024-05-13,113500,USD
OFR-000665-V1,OFR-000665,APP-0009108,REQ-2024-00465,1,1,initial,superseded,false,2024-04-07,,,,,,2024-05-06,74000,USD
OFR-000665-V2,OFR-000665,APP-0009108,REQ-2024-00465,1,2,negotiation_revision,accepted,true,2024-04-08,2024-04-09,,,,,2024-05-06,77000,USD
OFR-000666-V1,OFR-000666,APP-0009113,REQ-2024-00476,1,1,initial,accepted,true,2024-04-12,2024-04-19,,,,,2024-05-06,59500,USD
OFR-000667-V1,OFR-000667,APP-0009120,REQ-2024-00093,1,1,initial,accepted,true,2024-04-18,2024-04-22,,,,,2024-06-03,94500,USD
OFR-000668-V1,OFR-000668,APP-0009125,REQ-2024-00161,1,1,initial,accepted,true,2024-04-22,2024-04-24,,,,,2024-05-27,106000,USD
OFR-000669-V1,OFR-000669,APP-0009147,REQ-2024-00437,1,1,initial,superseded,false,2024-04-15,,,,,,2024-05-13,58000,USD
OFR-000669-V2,OFR-000669,APP-0009147,REQ-2024-00437,1,2,negotiation_revision,accepted,false,2024-04-17,2024-04-19,,,,,2024-05-13,61000,USD
OFR-000669-V3,OFR-000669,APP-0009147,REQ-2024-00437,1,3,letter_reissue,accepted,true,2024-05-04,2024-05-04,,,,,2024-05-13,61000,USD
OFR-000670-V1,OFR-000670,APP-0009164,REQ-2024-00459,1,1,initial,superseded,false,2024-04-21,,,,,,2024-05-13,83500,USD
OFR-000670-V2,OFR-000670,APP-0009164,REQ-2024-00459,1,2,negotiation_revision,accepted,true,2024-04-22,2024-04-23,,,,,2024-05-13,89000,USD
OFR-000671-V1,OFR-000671,APP-0009174,REQ-2024-00472,1,1,initial,accepted,true,2024-04-09,2024-04-12,,,,,2024-05-20,132000,USD
OFR-000672-V1,OFR-000672,APP-0009177,REQ-2024-00473,1,1,initial,accepted,true,2024-04-09,2024-04-14,,,,,2024-05-06,60500,USD
OFR-000673-V1,OFR-000673,APP-0009186,REQ-2024-00483,1,1,initial,declined,true,2024-04-22,,2024-04-24,,,,2024-05-20,109000,USD
OFR-000674-V1,OFR-000674,APP-0009214,REQ-2024-00396,1,1,initial,accepted,true,2024-04-07,2024-04-12,,,,,2024-04-29,57000,USD
OFR-000675-V1,OFR-000675,APP-0009243,REQ-2024-00459,1,1,initial,accepted,true,2024-04-21,2024-04-24,,,,,2024-05-20,84500,USD
OFR-000676-V1,OFR-000676,APP-0009247,REQ-2024-00461,1,1,initial,superseded,false,2024-04-16,,,,,,2024-05-13,95000,USD
OFR-000676-V2,OFR-000676,APP-0009247,REQ-2024-00461,1,2,negotiation_revision,accepted,true,2024-04-18,2024-04-19,,,,,2024-05-13,100000,USD
OFR-000677-V1,OFR-000677,APP-0009250,REQ-2024-00463,1,1,initial,accepted,true,2024-04-30,2024-05-02,,,,,2024-06-10,110000,USD
OFR-000678-V1,OFR-000678,APP-0009264,REQ-2024-00476,1,1,initial,declined,true,2024-04-21,,2024-04-24,,,,2024-05-19,55500,USD
OFR-000679-V1,OFR-000679,APP-0009270,REQ-2024-00480,1,1,initial,declined,true,2024-04-12,,2024-04-15,,,,2024-05-10,79000,USD
OFR-000680-V1,OFR-000680,APP-0009272,REQ-2024-00480,1,1,initial,accepted,true,2024-04-09,2024-04-10,,,,,2024-05-13,73000,USD
OFR-000681-V1,OFR-000681,APP-0009295,REQ-2024-00224,1,1,initial,accepted,false,2024-04-13,2024-04-16,,,,,2024-05-27,106000,USD
OFR-000681-V2,OFR-000681,APP-0009295,REQ-2024-00224,1,2,salary_correction,accepted,true,2024-04-26,2024-04-26,,,,,2024-05-27,106100,USD
OFR-000682-V1,OFR-000682,APP-0009318,REQ-2024-00452,1,1,initial,withdrawn,true,2024-04-17,,,2024-04-21,,,2024-05-15,99500,USD
OFR-000683-V1,OFR-000683,APP-0009341,REQ-2024-00479,1,1,initial,accepted,true,2024-04-17,2024-04-25,,,,,2024-05-27,75500,USD
OFR-000684-V1,OFR-000684,APP-0009345,REQ-2024-00482,1,1,initial,superseded,false,2024-04-17,,,,,,2024-06-03,89500,USD
OFR-000684-V2,OFR-000684,APP-0009345,REQ-2024-00482,1,2,negotiation_revision,accepted,true,2024-04-18,2024-04-20,,,,,2024-06-03,96000,USD
OFR-000685-V1,OFR-000685,APP-0009349,REQ-2024-00488,1,1,initial,accepted,false,2024-04-11,2024-04-15,,,,,2024-05-06,76500,USD
OFR-000685-V2,OFR-000685,APP-0009349,REQ-2024-00488,1,2,start_date_revision,accepted,true,2024-04-18,2024-04-18,,,,,2024-05-20,76500,USD
OFR-000686-V1,OFR-000686,APP-0009350,REQ-2024-00489,1,1,initial,declined,true,2024-04-18,,2024-04-21,,,,2024-05-16,76000,USD
OFR-000687-V1,OFR-000687,APP-0009370,REQ-2024-00298,1,1,initial,superseded,false,2024-04-20,,,,,,2024-05-27,104000,USD
OFR-000687-V2,OFR-000687,APP-0009370,REQ-2024-00298,1,2,negotiation_revision,accepted,true,2024-04-21,2024-04-23,,,,,2024-05-27,108000,USD
OFR-000688-V1,OFR-000688,APP-0009385,REQ-2024-00434,1,1,initial,accepted,false,2024-04-08,2024-04-13,,,,,2024-05-13,83500,USD
OFR-000688-V2,OFR-000688,APP-0009385,REQ-2024-00434,1,2,start_date_revision,accepted,true,2024-04-19,2024-04-19,,,,,2024-05-27,83500,USD
OFR-000689-V1,OFR-000689,APP-0009386,REQ-2024-00438,1,1,initial,accepted,true,2024-04-14,2024-04-15,,,,,2024-04-29,52500,USD
OFR-000690-V1,OFR-000690,APP-0009403,REQ-2024-00460,1,1,initial,accepted,true,2024-04-13,2024-04-15,,,,,2024-05-06,77000,USD
OFR-000691-V1,OFR-000691,APP-0009410,REQ-2024-00470,1,1,initial,superseded,false,2024-05-01,,,,,,2024-06-03,78000,USD
OFR-000691-V2,OFR-000691,APP-0009410,REQ-2024-00470,1,2,negotiation_revision,accepted,true,2024-05-04,2024-05-06,,,,,2024-06-03,83000,USD
OFR-000692-V1,OFR-000692,APP-0009412,REQ-2024-00473,1,1,initial,accepted,true,2024-04-15,2024-04-17,,,,,2024-05-06,58000,USD
OFR-000693-V1,OFR-000693,APP-0009416,REQ-2024-00476,1,1,initial,accepted,true,2024-04-12,2024-04-14,,,,,2024-05-13,55500,USD
OFR-000694-V1,OFR-000694,APP-0009466,REQ-2024-00458,1,1,initial,accepted,true,2024-04-23,2024-04-29,,,,,2024-05-20,74000,USD
OFR-000695-V1,OFR-000695,APP-0009479,REQ-2024-00476,1,1,initial,accepted,true,2024-04-14,2024-04-15,,,,,2024-05-06,63000,USD
OFR-000696-V1,OFR-000696,APP-0009480,REQ-2024-00476,1,1,initial,reneged,true,2024-04-19,2024-04-24,,,,2024-04-28,2024-05-13,61000,USD
OFR-000697-V1,OFR-000697,APP-0009489,REQ-2024-00488,1,1,initial,accepted,true,2024-04-22,2024-04-26,,,,,2024-05-20,83500,USD
OFR-000698-V1,OFR-000698,APP-0009508,REQ-2024-00393,1,1,initial,superseded,false,2024-04-25,,,,,,2024-06-10,94500,USD
OFR-000698-V2,OFR-000698,APP-0009508,REQ-2024-00393,1,2,negotiation_revision,accepted,false,2024-04-26,2024-04-27,,,,,2024-06-10,98000,USD
OFR-000698-V3,OFR-000698,APP-0009508,REQ-2024-00393,1,3,letter_reissue,accepted,true,2024-05-06,2024-05-06,,,,,2024-06-10,98000,USD
OFR-000699-V1,OFR-000699,APP-0009573,REQ-2024-00374,1,1,initial,declined,true,2024-04-15,,2024-04-21,,,,2024-05-13,68000,USD
OFR-000700-V1,OFR-000700,APP-0009598,REQ-2024-00470,1,1,initial,accepted,false,2024-04-18,2024-04-27,,,,,2024-05-27,77000,USD
OFR-000700-V2,OFR-000700,APP-0009598,REQ-2024-00470,1,2,start_date_revision,accepted,true,2024-05-12,2024-05-12,,,,,2024-06-17,77000,USD
OFR-000701-V1,OFR-000701,APP-0009607,REQ-2024-00479,1,1,initial,accepted,true,2024-04-13,2024-04-18,,,,,2024-05-20,73000,USD
OFR-000702-V1,OFR-000702,APP-0009620,REQ-2024-00483,1,1,initial,accepted,true,2024-05-03,2024-05-09,,,,,2024-06-17,114500,USD
OFR-000703-V1,OFR-000703,APP-0009621,REQ-2024-00483,1,1,initial,accepted,true,2024-04-11,2024-04-14,,,,,2024-05-20,113500,USD
OFR-000704-V1,OFR-000704,APP-0009640,REQ-2024-00185,1,1,initial,accepted,true,2024-04-12,2024-04-14,,,,,2024-05-06,46500,USD
OFR-000705-V1,OFR-000705,APP-0009659,REQ-2024-00458,1,1,initial,accepted,true,2024-04-18,2024-04-22,,,,,2024-05-27,75500,USD
OFR-000706-V1,OFR-000706,APP-0009661,REQ-2024-00460,1,1,initial,declined,true,2024-04-14,,2024-04-18,,,,2024-05-12,81500,USD
OFR-000707-V1,OFR-000707,APP-0009686,REQ-2024-00488,1,1,initial,accepted,true,2024-04-19,2024-04-24,,,,,2024-05-13,74500,USD
OFR-000708-V1,OFR-000708,APP-0009725,REQ-2024-00471,1,1,initial,withdrawn,true,2024-04-14,,,2024-04-16,,,2024-05-12,63500,USD
OFR-000709-V1,OFR-000709,APP-0009744,REQ-2024-00502,1,1,initial,accepted,true,2024-04-25,2024-04-27,,,,,2024-05-20,78000,USD
OFR-000710-V1,OFR-000710,APP-0009752,REQ-2024-00292,1,1,initial,declined,true,2024-05-05,,2024-05-07,,,,2024-06-02,121000,USD
OFR-000711-V1,OFR-000711,APP-0009759,REQ-2024-00446,1,1,initial,accepted,true,2024-04-24,2024-04-25,,,,,2024-05-27,73500,USD
OFR-000712-V1,OFR-000712,APP-0009765,REQ-2024-00466,1,1,initial,declined,true,2024-04-28,,2024-05-05,,,,2024-05-26,92500,USD
OFR-000713-V1,OFR-000713,APP-0009769,REQ-2024-00471,1,1,initial,accepted,false,2024-04-12,2024-04-15,,,,,2024-04-29,58500,USD
OFR-000713-V2,OFR-000713,APP-0009769,REQ-2024-00471,1,2,start_date_revision,accepted,true,2024-04-30,2024-04-30,,,,,2024-05-13,58500,USD
OFR-000714-V1,OFR-000714,APP-0009771,REQ-2024-00475,1,1,initial,accepted,true,2024-05-08,2024-05-09,,,,,2024-06-10,125500,USD
OFR-000715-V1,OFR-000715,APP-0009793,REQ-2024-00501,1,1,initial,accepted,true,2024-04-19,2024-04-20,,,,,2024-05-20,67500,USD
OFR-000716-V1,OFR-000716,APP-0009865,REQ-2024-00345,1,1,initial,accepted,false,2024-05-12,2024-05-16,,,,,2024-06-24,111500,USD
OFR-000716-V2,OFR-000716,APP-0009865,REQ-2024-00345,1,2,salary_correction,accepted,true,2024-05-29,2024-05-29,,,,,2024-06-24,110700,USD
OFR-000717-V1,OFR-000717,APP-0009868,REQ-2024-00383,1,1,initial,accepted,true,2024-05-01,2024-05-02,,,,,2024-05-20,60500,USD
OFR-000718-V1,OFR-000718,APP-0009870,REQ-2024-00402,1,1,initial,accepted,true,2024-04-29,2024-04-30,,,,,2024-06-24,165000,USD
OFR-000719-V1,OFR-000719,APP-0009887,REQ-2024-00466,1,1,initial,withdrawn,true,2024-04-27,,,2024-04-29,,,2024-05-25,108000,USD
OFR-000720-V1,OFR-000720,APP-0009896,REQ-2024-00485,1,1,initial,declined,true,2024-04-20,,2024-04-24,,,,2024-05-18,76000,USD
OFR-000721-V1,OFR-000721,APP-0009937,REQ-2024-00408,1,1,initial,accepted,true,2024-05-08,2024-05-11,,,,,2024-06-03,68000,USD
OFR-000722-V1,OFR-000722,APP-0009943,REQ-2024-00454,1,1,initial,accepted,false,2024-05-12,2024-05-15,,,,,2024-07-08,152500,USD
OFR-000722-V2,OFR-000722,APP-0009943,REQ-2024-00454,1,2,start_date_revision,accepted,true,2024-05-27,2024-05-27,,,,,2024-07-15,152500,USD
OFR-000723-V1,OFR-000723,APP-0009974,REQ-2024-00501,1,1,initial,declined,true,2024-04-24,,2024-04-25,,,,2024-05-22,75000,USD
OFR-000724-V1,OFR-000724,APP-0010006,REQ-2024-00460,1,1,initial,accepted,true,2024-04-22,2024-04-27,,,,,2024-05-20,81500,USD
OFR-000725-V1,OFR-000725,APP-0010012,REQ-2024-00476,1,1,initial,declined,true,2024-04-26,,2024-04-27,,,,2024-05-24,61000,USD
OFR-000726-V1,OFR-000726,APP-0010030,REQ-2024-00508,1,1,initial,accepted,true,2024-04-28,2024-05-03,,,,,2024-06-03,80000,USD
OFR-000727-V1,OFR-000727,APP-0010031,REQ-2024-00508,1,1,initial,accepted,false,2024-04-23,2024-04-24,,,,,2024-06-03,82000,USD
OFR-000727-V2,OFR-000727,APP-0010031,REQ-2024-00508,1,2,start_date_revision,accepted,true,2024-05-08,2024-05-08,,,,,2024-06-24,82000,USD
OFR-000728-V1,OFR-000728,APP-0010032,REQ-2024-00020,1,1,initial,accepted,true,2024-04-24,2024-04-27,,,,,2024-05-27,92500,USD
OFR-000729-V1,OFR-000729,APP-0010043,REQ-2024-00333,1,1,initial,declined,true,2024-04-21,,2024-04-30,,,,2024-05-19,76500,USD
OFR-000730-V1,OFR-000730,APP-0010049,REQ-2024-00383,1,1,initial,withdrawn,true,2024-05-02,,,2024-05-04,,,2024-05-30,61000,USD
OFR-000731-V1,OFR-000731,APP-0010070,REQ-2024-00497,1,1,initial,accepted,true,2024-04-27,2024-04-29,,,,,2024-06-03,131000,USD
OFR-000732-V1,OFR-000732,APP-0010089,REQ-2024-00512,1,1,initial,declined,true,2024-05-04,,2024-05-13,,,,2024-06-01,100500,USD
OFR-000733-V1,OFR-000733,APP-0010121,REQ-2024-00461,1,1,initial,accepted,true,2024-05-06,2024-05-12,,,,,2024-06-10,107000,USD
OFR-000734-V1,OFR-000734,APP-0010163,REQ-2024-00372,1,1,initial,superseded,false,2024-04-28,,,,,,2024-05-27,88500,USD
OFR-000734-V2,OFR-000734,APP-0010163,REQ-2024-00372,1,2,negotiation_revision,accepted,true,2024-04-29,2024-04-30,,,,,2024-05-27,95000,USD
OFR-000735-V1,OFR-000735,APP-0010206,REQ-2024-00499,1,1,initial,superseded,false,2024-04-27,,,,,,2024-05-27,58500,USD
OFR-000735-V2,OFR-000735,APP-0010206,REQ-2024-00499,1,2,negotiation_revision,accepted,true,2024-04-28,2024-04-29,,,,,2024-05-27,61000,USD
OFR-000736-V1,OFR-000736,APP-0010215,REQ-2024-00509,1,1,initial,declined,true,2024-04-24,,2024-04-27,,,,2024-05-22,81500,USD
OFR-000737-V1,OFR-000737,APP-0010248,REQ-2024-00486,1,1,initial,accepted,true,2024-05-30,2024-06-06,,,,,2024-07-15,138000,USD
OFR-000738-V1,OFR-000738,APP-0010280,REQ-2024-00153,1,1,initial,accepted,true,2024-04-30,2024-05-06,,,,,2024-06-10,107000,USD
OFR-000739-V1,OFR-000739,APP-0010308,REQ-2024-00484,1,1,initial,withdrawn,true,2024-05-20,,,2024-05-24,,,2024-06-17,146500,USD
OFR-000740-V1,OFR-000740,APP-0010310,REQ-2024-00485,1,1,initial,declined,true,2024-05-23,,2024-05-27,,,,2024-06-20,85000,USD
OFR-000741-V1,OFR-000741,APP-0010326,REQ-2024-00510,1,1,initial,accepted,true,2024-05-02,2024-05-04,,,,,2024-05-27,75000,USD
OFR-000742-V1,OFR-000742,APP-0010335,REQ-2024-00097,1,1,initial,superseded,false,2024-05-14,,,,,,2024-06-24,183000,USD
OFR-000742-V2,OFR-000742,APP-0010335,REQ-2024-00097,1,2,negotiation_revision,accepted,true,2024-05-18,2024-05-25,,,,,2024-06-24,191500,USD
OFR-000743-V1,OFR-000743,APP-0010362,REQ-2024-00463,1,1,initial,accepted,true,2024-04-30,2024-05-02,,,,,2024-06-10,105000,USD
OFR-000744-V1,OFR-000744,APP-0010364,REQ-2024-00476,1,1,initial,declined,true,2024-05-14,,2024-05-20,,,,2024-06-11,59500,USD
OFR-000745-V1,OFR-000745,APP-0010387,REQ-2024-00511,1,1,initial,withdrawn,true,2024-05-06,,,2024-05-09,,,2024-06-03,111500,USD
OFR-000746-V1,OFR-000746,APP-0010437,REQ-2024-00502,1,1,initial,accepted,true,2024-05-04,2024-05-08,,,,,2024-06-03,76000,USD
OFR-000747-V1,OFR-000747,APP-0010446,REQ-2024-00510,1,1,initial,accepted,true,2024-04-29,2024-05-02,,,,,2024-05-27,68500,USD
OFR-000748-V1,OFR-000748,APP-0010456,REQ-2024-00519,1,1,initial,reneged,true,2024-05-01,2024-05-03,,,,2024-05-12,2024-05-20,56000,USD
OFR-000749-V1,OFR-000749,APP-0010457,REQ-2024-00519,1,1,initial,accepted,false,2024-05-05,2024-05-07,,,,,2024-05-20,52000,USD
OFR-000749-V2,OFR-000749,APP-0010457,REQ-2024-00519,1,2,letter_reissue,accepted,true,2024-05-12,2024-05-12,,,,,2024-05-20,52000,USD
OFR-000750-V1,OFR-000750,APP-0010458,REQ-2024-00524,1,1,initial,declined,true,2024-05-05,,2024-05-09,,,,2024-06-02,132000,USD
OFR-000751-V1,OFR-000751,APP-0010480,REQ-2024-00461,1,1,initial,accepted,true,2024-05-19,2024-05-22,,,,,2024-06-24,106000,USD
OFR-000752-V1,OFR-000752,APP-0010493,REQ-2024-00482,1,1,initial,superseded,false,2024-05-07,,,,,,2024-06-17,96000,USD
OFR-000752-V2,OFR-000752,APP-0010493,REQ-2024-00482,1,2,negotiation_revision,accepted,true,2024-05-08,2024-05-09,,,,,2024-06-17,103000,USD
OFR-000753-V1,OFR-000753,APP-0010516,REQ-2024-00530,1,1,initial,accepted,true,2024-04-29,2024-05-01,,,,,2024-05-20,57500,USD
OFR-000754-V1,OFR-000754,APP-0010539,REQ-2024-00407,1,1,initial,accepted,true,2024-05-02,2024-05-07,,,,,2024-06-17,102500,USD
OFR-000755-V1,OFR-000755,APP-0010541,REQ-2024-00420,1,1,initial,accepted,true,2024-05-02,2024-05-04,,,,,2024-06-03,72500,USD
OFR-000756-V1,OFR-000756,APP-0010559,REQ-2024-00482,1,1,initial,accepted,true,2024-05-08,2024-05-10,,,,,2024-06-10,93500,USD
OFR-000757-V1,OFR-000757,APP-0010594,REQ-2024-00519,1,1,initial,superseded,false,2024-05-02,,,,,,2024-05-27,56500,USD
OFR-000757-V2,OFR-000757,APP-0010594,REQ-2024-00519,1,2,negotiation_revision,accepted,true,2024-05-03,2024-05-04,,,,,2024-05-27,61000,USD
OFR-000758-V1,OFR-000758,APP-0010601,REQ-2024-00526,1,1,initial,superseded,false,2024-05-12,,,,,,2024-06-10,55500,USD
OFR-000758-V2,OFR-000758,APP-0010601,REQ-2024-00526,1,2,negotiation_revision,accepted,true,2024-05-14,2024-05-15,,,,,2024-06-10,58000,USD
OFR-000759-V1,OFR-000759,APP-0010633,REQ-2024-00483,1,1,initial,accepted,true,2024-05-01,2024-05-04,,,,,2024-06-17,104500,USD
OFR-000760-V1,OFR-000760,APP-0010649,REQ-2024-00519,1,1,initial,accepted,true,2024-05-01,2024-05-07,,,,,2024-05-20,55000,USD
OFR-000761-V1,OFR-000761,APP-0010657,REQ-2024-00527,1,1,initial,superseded,false,2024-05-04,,,,,,2024-06-10,78500,USD
OFR-000761-V2,OFR-000761,APP-0010657,REQ-2024-00527,1,2,negotiation_revision,accepted,true,2024-05-05,2024-05-06,,,,,2024-06-10,81500,USD
OFR-000762-V1,OFR-000762,APP-0010660,REQ-2024-00530,1,1,initial,accepted,true,2024-05-01,2024-05-03,,,,,2024-05-27,62500,USD
OFR-000763-V1,OFR-000763,APP-0010666,REQ-2024-00013,1,1,initial,accepted,false,2024-05-10,2024-05-14,,,,,2024-06-03,97000,USD
OFR-000763-V2,OFR-000763,APP-0010666,REQ-2024-00013,1,2,letter_reissue,accepted,true,2024-05-22,2024-05-22,,,,,2024-06-03,97000,USD
OFR-000764-V1,OFR-000764,APP-0010685,REQ-2024-00463,1,1,initial,accepted,true,2024-05-03,2024-05-08,,,,,2024-06-10,109500,USD
OFR-000765-V1,OFR-000765,APP-0010690,REQ-2024-00476,1,1,initial,accepted,true,2024-05-02,2024-05-05,,,,,2024-05-27,63500,USD
OFR-000766-V1,OFR-000766,APP-0010726,REQ-2024-00541,1,1,initial,declined,true,2024-05-30,,2024-06-04,,,,2024-06-27,97000,USD
OFR-000767-V1,OFR-000767,APP-0010736,REQ-2024-00161,1,1,initial,accepted,true,2024-05-08,2024-05-10,,,,,2024-06-10,97500,USD
OFR-000768-V1,OFR-000768,APP-0010739,REQ-2024-00303,1,1,initial,accepted,true,2024-05-09,2024-05-12,,,,,2024-06-17,87500,USD
OFR-000769-V1,OFR-000769,APP-0010743,REQ-2024-00335,1,1,initial,accepted,false,2024-05-07,2024-05-10,,,,,2024-06-10,113000,USD
OFR-000769-V2,OFR-000769,APP-0010743,REQ-2024-00335,1,2,start_date_revision,accepted,true,2024-05-24,2024-05-24,,,,,2024-06-24,113000,USD
OFR-000770-V1,OFR-000770,APP-0010749,REQ-2024-00412,1,1,initial,declined,true,2024-05-06,,2024-05-12,,,,2024-06-03,106000,USD
OFR-000771-V1,OFR-000771,APP-0010771,REQ-2024-00506,1,1,initial,withdrawn,true,2024-05-01,,,2024-05-04,,,2024-05-29,65000,USD
OFR-000772-V1,OFR-000772,APP-0010775,REQ-2024-00508,1,1,initial,superseded,false,2024-04-29,,,,,,2024-06-03,82500,USD
OFR-000772-V2,OFR-000772,APP-0010775,REQ-2024-00508,1,2,negotiation_revision,accepted,true,2024-04-30,2024-05-01,,,,,2024-06-03,89000,USD
OFR-000773-V1,OFR-000773,APP-0010780,REQ-2024-00519,1,1,initial,accepted,true,2024-05-03,2024-05-09,,,,,2024-06-03,50000,USD
OFR-000774-V1,OFR-000774,APP-0010792,REQ-2024-00533,1,1,initial,accepted,true,2024-04-30,2024-05-04,,,,,2024-06-17,103500,USD
OFR-000775-V1,OFR-000775,APP-0010830,REQ-2024-00506,1,1,initial,accepted,true,2024-05-01,2024-05-02,,,,,2024-05-27,64500,USD
OFR-000776-V1,OFR-000776,APP-0010831,REQ-2024-00508,1,1,initial,declined,true,2024-05-03,,2024-05-08,,,,2024-05-31,77500,USD
OFR-000777-V1,OFR-000777,APP-0010852,REQ-2024-00533,1,1,initial,reneged,true,2024-05-05,2024-05-15,,,,2024-06-05,2024-06-24,111000,USD
OFR-000778-V1,OFR-000778,APP-0010855,REQ-2024-00539,1,1,initial,accepted,true,2024-05-05,2024-05-09,,,,,2024-06-10,68000,USD
OFR-000779-V1,OFR-000779,APP-0010858,REQ-2024-00540,1,1,initial,declined,true,2024-05-19,,2024-05-21,,,,2024-06-16,77500,USD
OFR-000780-V1,OFR-000780,APP-0010859,REQ-2024-00540,1,1,initial,accepted,true,2024-05-07,2024-05-12,,,,,2024-06-17,89000,USD
OFR-000781-V1,OFR-000781,APP-0010873,REQ-2024-00251,1,1,initial,accepted,true,2024-06-01,2024-06-06,,,,,2024-07-08,90000,USD
OFR-000782-V1,OFR-000782,APP-0010888,REQ-2024-00482,1,1,initial,superseded,false,2024-05-06,,,,,,2024-06-03,93500,USD
OFR-000782-V2,OFR-000782,APP-0010888,REQ-2024-00482,1,2,negotiation_revision,declined,true,2024-05-08,,2024-05-10,,,,2024-06-03,99500,USD
OFR-000783-V1,OFR-000783,APP-0010891,REQ-2024-00492,1,1,initial,accepted,false,2024-05-09,2024-05-16,,,,,2024-06-17,70000,USD
OFR-000783-V2,OFR-000783,APP-0010891,REQ-2024-00492,1,2,letter_reissue,accepted,true,2024-05-31,2024-05-31,,,,,2024-06-17,70000,USD
OFR-000784-V1,OFR-000784,APP-0010907,REQ-2024-00519,1,1,initial,accepted,true,2024-05-03,2024-05-05,,,,,2024-05-20,57000,USD
OFR-000785-V1,OFR-000785,APP-0010919,REQ-2024-00530,1,1,initial,withdrawn,true,2024-05-02,,,2024-05-05,,,2024-05-30,62000,USD
OFR-000786-V1,OFR-000786,APP-0010924,REQ-2024-00534,1,1,initial,declined,true,2024-05-19,,2024-05-21,,,,2024-06-16,102500,USD
OFR-000787-V1,OFR-000787,APP-0010955,REQ-2024-00365,1,1,initial,accepted,true,2024-05-27,2024-05-31,,,,,2024-07-22,159500,USD
OFR-000788-V1,OFR-000788,APP-0010962,REQ-2024-00435,1,1,initial,declined,true,2024-05-23,,2024-05-26,,,,2024-06-20,79500,USD
OFR-000789-V1,OFR-000789,APP-0010964,REQ-2024-00459,1,1,initial,accepted,true,2024-05-09,2024-05-11,,,,,2024-06-10,79000,USD
OFR-000790-V1,OFR-000790,APP-0010979,REQ-2024-00519,1,1,initial,declined,true,2024-05-02,,2024-05-05,,,,2024-05-30,48000,USD
OFR-000791-V1,OFR-000791,APP-0011012,REQ-2024-00476,1,1,initial,declined,true,2024-05-11,,2024-05-12,,,,2024-06-08,54000,USD
OFR-000792-V1,OFR-000792,APP-0011038,REQ-2024-00526,1,1,initial,accepted,false,2024-05-04,2024-05-05,,,,,2024-06-03,54000,USD
OFR-000792-V2,OFR-000792,APP-0011038,REQ-2024-00526,1,2,start_date_revision,accepted,true,2024-05-10,2024-05-10,,,,,2024-06-24,54000,USD
OFR-000793-V1,OFR-000793,APP-0011042,REQ-2024-00528,1,1,initial,accepted,true,2024-05-08,2024-05-10,,,,,2024-06-03,64000,USD
OFR-000794-V1,OFR-000794,APP-0011051,REQ-2024-00540,1,1,initial,accepted,true,2024-05-20,2024-05-23,,,,,2024-07-01,87500,USD
OFR-000795-V1,OFR-000795,APP-0011058,REQ-2024-00553,1,1,initial,superseded,false,2024-05-13,,,,,,2024-06-10,74000,USD
OFR-000795-V2,OFR-000795,APP-0011058,REQ-2024-00553,1,2,negotiation_revision,accepted,true,2024-05-14,2024-05-15,,,,,2024-06-10,80000,USD
OFR-000796-V1,OFR-000796,APP-0011061,REQ-2024-00015,1,1,initial,accepted,false,2024-06-23,2024-06-26,,,,,2024-07-29,121000,USD
OFR-000796-V2,OFR-000796,APP-0011061,REQ-2024-00015,1,2,letter_reissue,accepted,true,2024-07-02,2024-07-02,,,,,2024-07-29,121000,USD
OFR-000797-V1,OFR-000797,APP-0011068,REQ-2024-00254,1,1,initial,declined,true,2024-05-19,,2024-05-21,,,,2024-06-16,65000,USD
OFR-000798-V1,OFR-000798,APP-0011070,REQ-2024-00269,1,1,initial,accepted,true,2024-05-06,2024-05-10,,,,,2024-06-03,74500,USD
OFR-000799-V1,OFR-000799,APP-0011104,REQ-2024-00519,1,1,initial,declined,true,2024-05-08,,2024-05-10,,,,2024-06-05,55500,USD
OFR-000800-V1,OFR-000800,APP-0011117,REQ-2024-00554,1,1,initial,declined,true,2024-05-09,,2024-05-14,,,,2024-06-06,104000,USD
OFR-000801-V1,OFR-000801,APP-0011118,REQ-2024-00554,1,1,initial,declined,true,2024-05-11,,2024-05-15,,,,2024-06-08,105000,USD
OFR-000802-V1,OFR-000802,APP-0011120,REQ-2024-00144,1,1,initial,superseded,false,2024-05-23,,,,,,2024-06-24,80000,USD
OFR-000802-V2,OFR-000802,APP-0011120,REQ-2024-00144,1,2,negotiation_revision,accepted,true,2024-05-24,2024-05-26,,,,,2024-06-24,85500,USD
OFR-000803-V1,OFR-000803,APP-0011152,REQ-2024-00511,1,1,initial,superseded,false,2024-06-06,,,,,,2024-07-04,115000,USD
OFR-000803-V2,OFR-000803,APP-0011152,REQ-2024-00511,1,2,negotiation_revision,declined,true,2024-06-08,,2024-06-09,,,,2024-07-04,123500,USD
OFR-000804-V1,OFR-000804,APP-0011153,REQ-2024-00519,1,1,initial,withdrawn,true,2024-05-08,,,2024-05-09,,,2024-06-05,52000,USD
OFR-000805-V1,OFR-000805,APP-0011154,REQ-2024-00519,1,1,initial,withdrawn,true,2024-05-09,,,2024-05-16,,,2024-06-06,48000,USD
OFR-000806-V1,OFR-000806,APP-0011179,REQ-2024-00544,1,1,initial,accepted,true,2024-05-21,2024-05-24,,,,,2024-06-24,85000,USD
OFR-000807-V1,OFR-000807,APP-0011189,REQ-2024-00053,1,1,initial,accepted,true,2024-05-13,2024-05-15,,,,,2024-06-03,54500,USD
OFR-000808-V1,OFR-000808,APP-0011192,REQ-2024-00117,1,1,initial,accepted,false,2024-06-18,2024-06-20,,,,,2024-07-08,90000,USD
OFR-000808-V2,OFR-000808,APP-0011192,REQ-2024-00117,1,2,letter_reissue,accepted,true,2024-06-24,2024-06-24,,,,,2024-07-08,90000,USD
OFR-000809-V1,OFR-000809,APP-0011197,REQ-2024-00195,1,1,initial,accepted,false,2024-06-01,2024-06-04,,,,,2024-07-15,142000,USD
OFR-000809-V2,OFR-000809,APP-0011197,REQ-2024-00195,1,2,salary_correction,accepted,true,2024-06-08,2024-06-08,,,,,2024-07-15,141400,USD
OFR-000810-V1,OFR-000810,APP-0011225,REQ-2024-00514,1,1,initial,accepted,true,2024-05-23,2024-05-25,,,,,2024-07-01,102500,USD
OFR-000811-V1,OFR-000811,APP-0011228,REQ-2024-00519,1,1,initial,withdrawn,true,2024-05-08,,,2024-05-10,,,2024-06-05,56500,USD
OFR-000812-V1,OFR-000812,APP-0011262,REQ-2024-00554,1,1,initial,accepted,true,2024-05-10,2024-05-13,,,,,2024-06-17,97500,USD
OFR-000813-V1,OFR-000813,APP-0011278,REQ-2024-00382,1,1,initial,accepted,true,2024-05-11,2024-05-13,,,,,2024-06-03,65500,USD
OFR-000814-V1,OFR-000814,APP-0011281,REQ-2024-00404,1,1,initial,accepted,false,2024-05-06,2024-05-09,,,,,2024-06-03,69500,USD
OFR-000814-V2,OFR-000814,APP-0011281,REQ-2024-00404,1,2,start_date_revision,accepted,true,2024-05-24,2024-05-24,,,,,2024-06-24,69500,USD
OFR-000815-V1,OFR-000815,APP-0011284,REQ-2024-00485,1,1,initial,accepted,true,2024-05-24,2024-05-29,,,,,2024-06-24,76500,USD
OFR-000816-V1,OFR-000816,APP-0011296,REQ-2024-00517,1,1,initial,accepted,true,2024-05-23,2024-05-28,,,,,2024-07-08,113000,USD
OFR-000817-V1,OFR-000817,APP-0011306,REQ-2024-00522,1,1,initial,accepted,true,2024-05-11,2024-05-14,,,,,2024-06-03,61000,USD
OFR-000818-V1,OFR-000818,APP-0011323,REQ-2024-00555,1,1,initial,accepted,true,2024-05-19,2024-05-23,,,,,2024-06-24,92000,USD
OFR-000819-V1,OFR-000819,APP-0011328,REQ-2024-00559,1,1,initial,reneged,true,2024-05-15,2024-05-21,,,,2024-05-28,2024-07-08,176000,USD
OFR-000820-V1,OFR-000820,APP-0011331,REQ-2024-00561,1,1,initial,accepted,true,2024-05-11,2024-05-16,,,,,2024-06-10,66500,USD
OFR-000821-V1,OFR-000821,APP-0011344,REQ-2024-00412,1,1,initial,accepted,true,2024-05-25,2024-05-31,,,,,2024-06-24,92000,USD
OFR-000822-V1,OFR-000822,APP-0011354,REQ-2024-00495,1,1,initial,superseded,false,2024-05-18,,,,,,2024-06-10,80500,USD
OFR-000822-V2,OFR-000822,APP-0011354,REQ-2024-00495,1,2,negotiation_revision,accepted,false,2024-05-19,2024-05-21,,,,,2024-06-10,85500,USD
OFR-000822-V3,OFR-000822,APP-0011354,REQ-2024-00495,1,3,start_date_revision,accepted,true,2024-05-23,2024-05-23,,,,,2024-07-01,85500,USD
OFR-000823-V1,OFR-000823,APP-0011357,REQ-2024-00507,1,1,initial,accepted,true,2024-06-09,2024-06-13,,,,,2024-07-29,128000,USD
OFR-000824-V1,OFR-000824,APP-0011376,REQ-2024-00531,1,1,initial,accepted,true,2024-06-09,2024-06-15,,,,,2024-07-22,136500,USD
OFR-000825-V1,OFR-000825,APP-0011380,REQ-2024-00540,1,1,initial,withdrawn,true,2024-05-21,,,2024-05-24,,,2024-06-18,83000,USD
OFR-000826-V1,OFR-000826,APP-0011389,REQ-2024-00548,1,1,initial,accepted,true,2024-06-04,2024-06-08,,,,,2024-07-22,107500,USD
OFR-000827-V1,OFR-000827,APP-0011392,REQ-2024-00554,1,1,initial,declined,true,2024-05-24,,2024-05-26,,,,2024-06-21,100000,USD
OFR-000828-V1,OFR-000828,APP-0011433,REQ-2024-00526,1,1,initial,withdrawn,true,2024-05-12,,,2024-05-16,,,2024-06-09,52000,USD
OFR-000829-V1,OFR-000829,APP-0011446,REQ-2024-00538,1,1,initial,accepted,true,2024-06-14,2024-06-17,,,,,2024-07-15,176500,USD
OFR-000830-V1,OFR-000830,APP-0011447,REQ-2024-00539,1,1,initial,withdrawn,true,2024-05-25,,,2024-05-27,,,2024-06-22,61000,USD
OFR-000831-V1,OFR-000831,APP-0011452,REQ-2024-00542,1,1,initial,withdrawn,true,2024-05-18,,,2024-05-24,,,2024-06-15,104000,USD
OFR-000832-V1,OFR-000832,APP-0011467,REQ-2024-00561,1,1,initial,declined,true,2024-05-16,,2024-05-18,,,,2024-06-13,71000,USD
OFR-000833-V1,OFR-000833,APP-0011469,REQ-2024-00561,1,1,initial,accepted,true,2024-05-14,2024-05-17,,,,,2024-06-17,67000,USD
OFR-000834-V1,OFR-000834,APP-0011470,REQ-2024-00561,1,1,initial,accepted,true,2024-05-18,2024-05-20,,,,,2024-06-10,73000,USD
OFR-000835-V1,OFR-000835,APP-0011521,REQ-2024-00554,1,1,initial,reneged,true,2024-05-11,2024-05-14,,,,2024-05-22,2024-06-17,106500,USD
OFR-000836-V1,OFR-000836,APP-0011522,REQ-2024-00554,1,1,initial,accepted,true,2024-05-20,2024-05-23,,,,,2024-06-24,112000,USD
OFR-000837-V1,OFR-000837,APP-0011527,REQ-2024-00555,1,1,initial,accepted,true,2024-05-19,2024-05-23,,,,,2024-06-24,77500,USD
OFR-000838-V1,OFR-000838,APP-0011528,REQ-2024-00556,1,1,initial,accepted,true,2024-06-06,2024-06-09,,,,,2024-07-15,130000,USD
OFR-000839-V1,OFR-000839,APP-0011532,REQ-2024-00557,1,1,initial,superseded,false,2024-05-19,,,,,,2024-06-24,64500,USD
OFR-000839-V2,OFR-000839,APP-0011532,REQ-2024-00557,1,2,negotiation_revision,accepted,true,2024-05-21,2024-05-22,,,,,2024-06-24,69500,USD
OFR-000840-V1,OFR-000840,APP-0011535,REQ-2024-00561,1,1,initial,superseded,false,2024-05-12,,,,,,2024-06-09,73500,USD
OFR-000840-V2,OFR-000840,APP-0011535,REQ-2024-00561,1,2,negotiation_revision,declined,true,2024-05-15,,2024-05-17,,,,2024-06-09,77000,USD
OFR-000841-V1,OFR-000841,APP-0011571,REQ-2024-00489,1,1,initial,declined,true,2024-05-29,,2024-06-04,,,,2024-06-26,79000,USD
OFR-000842-V1,OFR-000842,APP-0011595,REQ-2024-00537,1,1,initial,accepted,true,2024-06-11,2024-06-18,,,,,2024-08-05,163500,USD
OFR-000843-V1,OFR-000843,APP-0011607,REQ-2024-00554,1,1,initial,superseded,false,2024-05-27,,,,,,2024-07-08,99500,USD
OFR-000843-V2,OFR-000843,APP-0011607,REQ-2024-00554,1,2,negotiation_revision,accepted,true,2024-05-29,2024-06-01,,,,,2024-07-08,104500,USD
OFR-000844-V1,OFR-000844,APP-0011620,REQ-2024-00571,1,1,initial,accepted,true,2024-05-21,2024-05-31,,,,,2024-07-08,101500,USD
OFR-000845-V1,OFR-000845,APP-0011665,REQ-2024-00553,1,1,initial,reneged,true,2024-05-16,2024-05-17,,,,2024-05-19,2024-06-17,80000,USD
OFR-000846-V1,OFR-000846,APP-0011667,REQ-2024-00554,1,1,initial,accepted,true,2024-05-19,2024-05-24,,,,,2024-07-01,113500,USD
OFR-000847-V1,OFR-000847,APP-0011670,REQ-2024-00558,1,1,initial,superseded,false,2024-06-14,,,,,,2024-07-22,144500,USD
OFR-000847-V2,OFR-000847,APP-0011670,REQ-2024-00558,1,2,negotiation_revision,accepted,false,2024-06-16,2024-06-19,,,,,2024-07-22,153000,USD
OFR-000847-V3,OFR-000847,APP-0011670,REQ-2024-00558,1,3,start_date_revision,accepted,true,2024-07-01,2024-07-01,,,,,2024-08-12,153000,USD
OFR-000848-V1,OFR-000848,APP-0011675,REQ-2024-00561,1,1,initial,accepted,true,2024-05-20,2024-05-25,,,,,2024-06-24,72000,USD
OFR-000849-V1,OFR-000849,APP-0011676,REQ-2024-00561,1,1,initial,accepted,true,2024-05-18,2024-05-21,,,,,2024-06-24,74000,USD
OFR-000850-V1,OFR-000850,APP-0011681,REQ-2024-00565,1,1,initial,rescinded,true,2024-05-19,2024-05-21,,,2024-05-27,,2024-06-10,66500,USD
OFR-000851-V1,OFR-000851,APP-0011692,REQ-2024-00374,1,1,initial,superseded,false,2024-05-26,,,,,,2024-07-01,65500,USD
OFR-000851-V2,OFR-000851,APP-0011692,REQ-2024-00374,1,2,negotiation_revision,accepted,true,2024-05-27,2024-05-28,,,,,2024-07-01,70000,USD
OFR-000852-V1,OFR-000852,APP-0011707,REQ-2024-00534,1,1,initial,superseded,false,2024-06-02,,,,,,2024-06-30,106500,USD
OFR-000852-V2,OFR-000852,APP-0011707,REQ-2024-00534,1,2,negotiation_revision,declined,true,2024-06-04,,2024-06-05,,,,2024-06-30,113000,USD
OFR-000853-V1,OFR-000853,APP-0011732,REQ-2024-00561,1,1,initial,withdrawn,true,2024-05-22,,,2024-05-25,,,2024-06-19,74000,USD
OFR-000854-V1,OFR-000854,APP-0011733,REQ-2024-00561,1,1,initial,withdrawn,true,2024-05-19,,,2024-05-25,,,2024-06-16,68000,USD
OFR-000855-V1,OFR-000855,APP-0011734,REQ-2024-00561,1,1,initial,superseded,false,2024-05-15,,,,,,2024-06-17,75500,USD
OFR-000855-V2,OFR-000855,APP-0011734,REQ-2024-00561,1,2,negotiation_revision,accepted,true,2024-05-16,2024-05-18,,,,,2024-06-17,79500,USD
OFR-000856-V1,OFR-000856,APP-0011740,REQ-2024-00569,1,1,initial,superseded,false,2024-05-22,,,,,,2024-06-19,83000,USD
OFR-000856-V2,OFR-000856,APP-0011740,REQ-2024-00569,1,2,negotiation_revision,declined,true,2024-05-23,,2024-05-25,,,,2024-06-19,89000,USD
OFR-000857-V1,OFR-000857,APP-0011742,REQ-2024-00570,1,1,initial,superseded,false,2024-05-19,,,,,,2024-06-17,59500,USD
OFR-000857-V2,OFR-000857,APP-0011742,REQ-2024-00570,1,2,negotiation_revision,accepted,false,2024-05-20,2024-05-23,,,,,2024-06-17,63500,USD
OFR-000857-V3,OFR-000857,APP-0011742,REQ-2024-00570,1,3,start_date_revision,accepted,true,2024-05-31,2024-05-31,,,,,2024-07-08,63500,USD
OFR-000858-V1,OFR-000858,APP-0011751,REQ-2024-00150,1,1,initial,accepted,true,2024-05-31,2024-06-07,,,,,2024-07-15,92500,USD
OFR-000859-V1,OFR-000859,APP-0011784,REQ-2024-00548,1,1,initial,accepted,true,2024-05-18,2024-05-20,,,,,2024-06-17,109500,USD
OFR-000860-V1,OFR-000860,APP-0011792,REQ-2024-00555,1,1,initial,withdrawn,true,2024-05-21,,,2024-05-23,,,2024-06-18,83500,USD
OFR-000861-V1,OFR-000861,APP-0011803,REQ-2024-00563,1,1,initial,accepted,true,2024-05-23,2024-05-25,,,,,2024-06-24,80500,USD
OFR-000862-V1,OFR-000862,APP-0011814,REQ-2024-00573,1,1,initial,declined,true,2024-05-18,,2024-05-21,,,,2024-06-15,56000,USD
OFR-000863-V1,OFR-000863,APP-0011815,REQ-2024-00575,1,1,initial,accepted,true,2024-05-26,2024-05-27,,,,,2024-07-01,77500,USD
OFR-000864-V1,OFR-000864,APP-0011835,REQ-2024-00474,1,1,initial,superseded,false,2024-06-09,,,,,,2024-07-07,69500,USD
OFR-000864-V2,OFR-000864,APP-0011835,REQ-2024-00474,1,2,negotiation_revision,declined,true,2024-06-10,,2024-06-12,,,,2024-07-07,73000,USD
OFR-000865-V1,OFR-000865,APP-0011849,REQ-2024-00542,1,1,initial,accepted,true,2024-05-20,2024-05-23,,,,,2024-06-24,100000,USD
OFR-000866-V1,OFR-000866,APP-0011854,REQ-2024-00549,1,1,initial,accepted,true,2024-05-21,2024-05-28,,,,,2024-06-17,61500,USD
OFR-000867-V1,OFR-000867,APP-0011863,REQ-2024-00559,1,1,initial,superseded,false,2024-05-19,,,,,,2024-06-16,165000,USD
OFR-000867-V2,OFR-000867,APP-0011863,REQ-2024-00559,1,2,negotiation_revision,withdrawn,true,2024-05-20,,,2024-05-24,,,2024-06-16,171500,USD
OFR-000868-V1,OFR-000868,APP-0011878,REQ-2024-00569,1,1,initial,declined,true,2024-05-29,,2024-06-02,,,,2024-06-26,76000,USD
OFR-000869-V1,OFR-000869,APP-0011891,REQ-2024-00191,1,1,initial,accepted,true,2024-05-24,2024-05-25,,,,,2024-06-17,83000,USD
OFR-000870-V1,OFR-000870,APP-0011915,REQ-2024-00518,1,1,initial,declined,true,2024-05-30,,2024-06-02,,,,2024-06-27,72500,USD
OFR-000871-V1,OFR-000871,APP-0011940,REQ-2024-00565,1,1,initial,accepted,true,2024-05-21,2024-05-23,,,,,2024-06-24,71500,USD
OFR-000872-V1,OFR-000872,APP-0011941,REQ-2024-00566,1,1,initial,withdrawn,true,2024-05-19,,,2024-05-20,,,2024-06-16,76500,USD
OFR-000873-V1,OFR-000873,APP-0011942,REQ-2024-00568,1,1,initial,accepted,false,2024-05-26,2024-05-29,,,,,2024-06-24,90500,USD
OFR-000873-V2,OFR-000873,APP-0011942,REQ-2024-00568,1,2,salary_correction,accepted,true,2024-06-05,2024-06-05,,,,,2024-06-24,90100,USD
OFR-000874-V1,OFR-000874,APP-0011949,REQ-2024-00577,1,1,initial,superseded,false,2024-05-27,,,,,,2024-06-17,59000,USD
OFR-000874-V2,OFR-000874,APP-0011949,REQ-2024-00577,1,2,negotiation_revision,accepted,true,2024-05-28,2024-05-29,,,,,2024-06-17,63000,USD
OFR-000875-V1,OFR-000875,APP-0011951,REQ-2024-00578,1,1,initial,accepted,true,2024-06-30,2024-07-03,,,,,2024-08-05,92000,USD
OFR-000876-V1,OFR-000876,APP-0011964,REQ-2024-00257,1,1,initial,declined,true,2024-05-26,,2024-05-30,,,,2024-06-23,104500,USD
OFR-000877-V1,OFR-000877,APP-0011973,REQ-2024-00468,1,1,initial,declined,true,2024-07-07,,2024-07-12,,,,2024-08-04,144000,USD
OFR-000878-V1,OFR-000878,APP-0011994,REQ-2024-00551,1,1,initial,accepted,true,2024-06-04,2024-06-07,,,,,2024-06-24,70500,USD
OFR-000879-V1,OFR-000879,APP-0012017,REQ-2024-00576,1,1,initial,declined,true,2024-06-11,,2024-06-14,,,,2024-07-09,91000,USD
OFR-000880-V1,OFR-000880,APP-0012023,REQ-2024-00587,1,1,initial,declined,true,2024-06-02,,2024-06-05,,,,2024-06-30,70000,USD
OFR-000881-V1,OFR-000881,APP-0012043,REQ-2024-00407,1,1,initial,accepted,true,2024-05-27,2024-05-30,,,,,2024-07-08,89500,USD
OFR-000882-V1,OFR-000882,APP-0012050,REQ-2024-00476,1,1,initial,superseded,false,2024-05-31,,,,,,2024-06-17,55000,USD
OFR-000882-V2,OFR-000882,APP-0012050,REQ-2024-00476,1,2,negotiation_revision,accepted,true,2024-06-02,2024-06-04,,,,,2024-06-17,57000,USD
OFR-000883-V1,OFR-000883,APP-0012061,REQ-2024-00534,1,1,initial,superseded,false,2024-06-19,,,,,,2024-07-22,107000,USD
OFR-000883-V2,OFR-000883,APP-0012061,REQ-2024-00534,1,2,negotiation_revision,accepted,true,2024-06-24,2024-06-25,,,,,2024-07-22,111000,USD
OFR-000884-V1,OFR-000884,APP-0012062,REQ-2024-00535,1,1,initial,withdrawn,true,2024-06-02,,,2024-06-05,,,2024-06-30,64000,USD
OFR-000885-V1,OFR-000885,APP-0012167,REQ-2024-00582,1,1,initial,accepted,true,2024-05-20,2024-05-25,,,,,2024-07-08,90000,USD
OFR-000886-V1,OFR-000886,APP-0012192,REQ-2024-00495,1,1,initial,accepted,true,2024-06-03,2024-06-07,,,,,2024-07-08,79500,USD
OFR-000887-V1,OFR-000887,APP-0012222,REQ-2024-00574,1,1,initial,accepted,true,2024-05-31,2024-06-11,,,,,2024-07-15,81000,USD
OFR-000888-V1,OFR-000888,APP-0012224,REQ-2024-00580,1,1,initial,accepted,true,2024-05-29,2024-05-30,,,,,2024-07-08,87000,USD
OFR-000889-V1,OFR-000889,APP-0012229,REQ-2024-00588,1,1,initial,declined,true,2024-06-08,,2024-06-09,,,,2024-07-06,109000,USD
OFR-000890-V1,OFR-000890,APP-0012231,REQ-2024-00588,1,1,initial,superseded,false,2024-05-31,,,,,,2024-07-08,108500,USD
OFR-000890-V2,OFR-000890,APP-0012231,REQ-2024-00588,1,2,negotiation_revision,accepted,true,2024-06-06,2024-06-08,,,,,2024-07-08,113500,USD
OFR-000891-V1,OFR-000891,APP-0012233,REQ-2024-00590,1,1,initial,accepted,false,2024-06-12,2024-06-16,,,,,2024-07-29,96000,USD
OFR-000891-V2,OFR-000891,APP-0012233,REQ-2024-00590,1,2,start_date_revision,reneged,true,2024-06-19,2024-06-19,,,,2024-08-02,2024-08-12,96000,USD
OFR-000892-V1,OFR-000892,APP-0012238,REQ-2024-00591,1,1,initial,accepted,false,2024-05-27,2024-05-30,,,,,2024-06-24,74000,USD
OFR-000892-V2,OFR-000892,APP-0012238,REQ-2024-00591,1,2,start_date_revision,accepted,true,2024-06-05,2024-06-05,,,,,2024-07-15,74000,USD
OFR-000893-V1,OFR-000893,APP-0012239,REQ-2024-00592,1,1,initial,accepted,true,2024-05-31,2024-06-09,,,,,2024-07-01,75000,USD
OFR-000894-V1,OFR-000894,APP-0012241,REQ-2024-00593,1,1,initial,accepted,false,2024-05-24,2024-05-30,,,,,2024-06-24,68500,USD
OFR-000894-V2,OFR-000894,APP-0012241,REQ-2024-00593,1,2,letter_reissue,accepted,true,2024-06-07,2024-06-07,,,,,2024-06-24,68500,USD
OFR-000895-V1,OFR-000895,APP-0012246,REQ-2024-00029,1,1,initial,accepted,false,2024-05-29,2024-06-04,,,,,2024-07-15,81000,USD
OFR-000895-V2,OFR-000895,APP-0012246,REQ-2024-00029,1,2,letter_reissue,accepted,true,2024-06-14,2024-06-14,,,,,2024-07-15,81000,USD
OFR-000896-V1,OFR-000896,APP-0012251,REQ-2024-00157,1,1,initial,accepted,true,2024-06-05,2024-06-08,,,,,2024-07-15,132000,USD
OFR-000897-V1,OFR-000897,APP-0012257,REQ-2024-00375,1,1,initial,accepted,true,2024-06-14,2024-06-15,,,,,2024-07-15,66000,USD
OFR-000898-V1,OFR-000898,APP-0012277,REQ-2024-00527,1,1,initial,accepted,false,2024-06-04,2024-06-11,,,,,2024-07-15,73000,USD
OFR-000898-V2,OFR-000898,APP-0012277,REQ-2024-00527,1,2,letter_reissue,accepted,true,2024-06-23,2024-06-23,,,,,2024-07-15,73000,USD
OFR-000899-V1,OFR-000899,APP-0012282,REQ-2024-00539,1,1,initial,accepted,true,2024-05-24,2024-05-25,,,,,2024-06-17,64500,USD
OFR-000900-V1,OFR-000900,APP-0012289,REQ-2024-00554,1,1,initial,accepted,true,2024-06-13,2024-06-15,,,,,2024-07-22,114000,USD
OFR-000901-V1,OFR-000901,APP-0012304,REQ-2024-00563,1,1,initial,accepted,true,2024-05-24,2024-05-30,,,,,2024-07-08,78000,USD
OFR-000902-V1,OFR-000902,APP-0012307,REQ-2024-00567,1,1,initial,accepted,true,2024-06-28,2024-07-05,,,,,2024-08-12,169000,USD
OFR-000903-V1,OFR-000903,APP-0012308,REQ-2024-00569,1,1,initial,accepted,true,2024-06-01,2024-06-04,,,,,2024-06-24,84500,USD
OFR-000904-V1,OFR-000904,APP-0012315,REQ-2024-00579,1,1,initial,superseded,false,2024-06-23,,,,,,2024-07-29,135500,USD
OFR-000904-V2,OFR-000904,APP-0012315,REQ-2024-00579,1,2,negotiation_revision,accepted,true,2024-06-24,2024-06-25,,,,,2024-07-29,145000,USD
OFR-000905-V1,OFR-000905,APP-0012329,REQ-2024-00589,1,1,initial,superseded,false,2024-06-16,,,,,,2024-07-22,81500,USD
OFR-000905-V2,OFR-000905,APP-0012329,REQ-2024-00589,1,2,negotiation_revision,accepted,true,2024-06-17,2024-06-18,,,,,2024-07-22,87500,USD
OFR-000906-V1,OFR-000906,APP-0012337,REQ-2024-00590,1,1,initial,accepted,true,2024-05-27,2024-05-29,,,,,2024-07-01,89000,USD
OFR-000907-V1,OFR-000907,APP-0012344,REQ-2024-00171,1,1,initial,accepted,true,2024-06-07,2024-06-15,,,,,2024-07-15,69000,USD
OFR-000908-V1,OFR-000908,APP-0012383,REQ-2024-00563,1,1,initial,accepted,true,2024-05-28,2024-05-31,,,,,2024-07-08,86000,USD
OFR-000909-V1,OFR-000909,APP-0012416,REQ-2024-00591,1,1,initial,declined,true,2024-05-24,,2024-05-26,,,,2024-06-21,68000,USD
OFR-000910-V1,OFR-000910,APP-0012476,REQ-2024-00591,1,1,initial,accepted,false,2024-05-23,2024-05-25,,,,,2024-06-17,74500,USD
OFR-000910-V2,OFR-000910,APP-0012476,REQ-2024-00591,1,2,start_date_revision,accepted,true,2024-05-28,2024-05-28,,,,,2024-07-01,74500,USD
OFR-000911-V1,OFR-000911,APP-0012489,REQ-2024-00290,1,1,initial,accepted,true,2024-05-31,2024-06-02,,,,,2024-06-24,85000,USD
OFR-000912-V1,OFR-000912,APP-0012523,REQ-2024-00569,1,1,initial,superseded,false,2024-06-02,,,,,,2024-07-01,77000,USD
OFR-000912-V2,OFR-000912,APP-0012523,REQ-2024-00569,1,2,negotiation_revision,accepted,true,2024-06-03,2024-06-05,,,,,2024-07-01,82000,USD
OFR-000913-V1,OFR-000913,APP-0012532,REQ-2024-00581,1,1,initial,accepted,true,2024-05-25,2024-05-30,,,,,2024-07-08,109500,USD
OFR-000914-V1,OFR-000914,APP-0012536,REQ-2024-00588,1,1,initial,accepted,true,2024-06-08,2024-06-10,,,,,2024-07-15,102000,USD
OFR-000915-V1,OFR-000915,APP-0012557,REQ-2024-00338,1,1,initial,withdrawn,true,2024-07-03,,,2024-07-06,,,2024-07-31,209500,USD
OFR-000916-V1,OFR-000916,APP-0012570,REQ-2024-00535,1,1,initial,superseded,false,2024-05-31,,,,,,2024-07-01,66500,USD
OFR-000916-V2,OFR-000916,APP-0012570,REQ-2024-00535,1,2,negotiation_revision,accepted,true,2024-06-02,2024-06-03,,,,,2024-07-01,71000,USD
OFR-000917-V1,OFR-000917,APP-0012575,REQ-2024-00544,1,1,initial,accepted,false,2024-06-14,2024-06-20,,,,,2024-07-22,85500,USD
OFR-000917-V2,OFR-000917,APP-0012575,REQ-2024-00544,1,2,letter_reissue,accepted,true,2024-07-04,2024-07-04,,,,,2024-07-22,85500,USD
OFR-000918-V1,OFR-000918,APP-0012581,REQ-2024-00554,1,1,initial,accepted,true,2024-05-29,2024-06-02,,,,,2024-07-15,113000,USD
OFR-000919-V1,OFR-000919,APP-0012606,REQ-2024-00591,1,1,initial,declined,true,2024-05-28,,2024-05-31,,,,2024-06-25,76000,USD
OFR-000920-V1,OFR-000920,APP-0012614,REQ-2024-00604,1,1,initial,accepted,true,2024-06-14,2024-06-17,,,,,2024-07-22,102500,USD
OFR-000921-V1,OFR-000921,APP-0012620,REQ-2024-00015,1,1,initial,withdrawn,true,2024-06-25,,,2024-06-28,,,2024-07-23,117000,USD
OFR-000922-V1,OFR-000922,APP-0012636,REQ-2024-00368,1,1,initial,declined,true,2024-06-06,,2024-06-08,,,,2024-07-04,69500,USD
OFR-000923-V1,OFR-000923,APP-0012672,REQ-2024-00586,1,1,initial,accepted,false,2024-06-01,2024-06-03,,,,,2024-07-29,132000,USD
OFR-000923-V2,OFR-000923,APP-0012672,REQ-2024-00586,1,2,start_date_revision,accepted,true,2024-06-13,2024-06-13,,,,,2024-08-12,132000,USD
OFR-000924-V1,OFR-000924,APP-0012678,REQ-2024-00591,1,1,initial,declined,true,2024-06-08,,2024-06-14,,,,2024-07-06,65000,USD
OFR-000925-V1,OFR-000925,APP-0012686,REQ-2024-00599,1,1,initial,accepted,true,2024-06-09,2024-06-16,,,,,2024-07-22,172000,USD
OFR-000926-V1,OFR-000926,APP-0012693,REQ-2024-00610,1,1,initial,accepted,true,2024-06-24,2024-06-30,,,,,2024-07-29,115500,USD
OFR-000927-V1,OFR-000927,APP-0012694,REQ-2024-00611,1,1,initial,accepted,false,2024-06-07,2024-06-10,,,,,2024-07-15,105000,USD
OFR-000927-V2,OFR-000927,APP-0012694,REQ-2024-00611,1,2,letter_reissue,accepted,true,2024-06-20,2024-06-20,,,,,2024-07-15,105000,USD
OFR-000928-V1,OFR-000928,APP-0012708,REQ-2024-00477,1,1,initial,superseded,false,2024-06-09,,,,,,2024-07-29,141500,USD
OFR-000928-V2,OFR-000928,APP-0012708,REQ-2024-00477,1,2,negotiation_revision,accepted,true,2024-06-10,2024-06-11,,,,,2024-07-29,151500,USD
OFR-000929-V1,OFR-000929,APP-0012736,REQ-2024-00590,1,1,initial,accepted,true,2024-06-06,2024-06-10,,,,,2024-07-15,92500,USD
OFR-000930-V1,OFR-000930,APP-0012776,REQ-2024-00387,1,1,initial,declined,true,2024-06-26,,2024-06-28,,,,2024-07-24,93500,USD
OFR-000931-V1,OFR-000931,APP-0012780,REQ-2024-00466,1,1,initial,accepted,true,2024-06-28,2024-07-02,,,,,2024-08-05,96000,USD
OFR-000932-V1,OFR-000932,APP-0012830,REQ-2024-00606,1,1,initial,accepted,true,2024-06-03,2024-06-04,,,,,2024-06-24,45500,USD
OFR-000933-V1,OFR-000933,APP-0012838,REQ-2024-00617,1,1,initial,superseded,false,2024-06-05,,,,,,2024-07-03,99500,USD
OFR-000933-V2,OFR-000933,APP-0012838,REQ-2024-00617,1,2,negotiation_revision,withdrawn,true,2024-06-07,,,2024-06-08,,,2024-07-03,105500,USD
OFR-000934-V1,OFR-000934,APP-0012861,REQ-2024-00552,1,1,initial,accepted,false,2024-05-30,2024-06-01,,,,,2024-07-01,67000,USD
OFR-000934-V2,OFR-000934,APP-0012861,REQ-2024-00552,1,2,letter_reissue,reneged,true,2024-06-06,2024-06-06,,,,2024-06-06,2024-07-01,67000,USD
OFR-000935-V1,OFR-000935,APP-0012887,REQ-2024-00591,1,1,initial,superseded,false,2024-06-01,,,,,,2024-07-08,73000,USD
OFR-000935-V2,OFR-000935,APP-0012887,REQ-2024-00591,1,2,negotiation_revision,accepted,true,2024-06-05,2024-06-06,,,,,2024-07-08,77500,USD
OFR-000936-V1,OFR-000936,APP-0012897,REQ-2024-00608,1,1,initial,withdrawn,true,2024-05-30,,,2024-06-02,,,2024-06-27,58500,USD
OFR-000937-V1,OFR-000937,APP-0012904,REQ-2024-00618,1,1,initial,accepted,true,2024-06-09,2024-06-12,,,,,2024-07-15,77500,USD
OFR-000938-V1,OFR-000938,APP-0012910,REQ-2024-00235,1,1,initial,reneged,true,2024-07-21,2024-07-28,,,,2024-08-03,2024-09-30,199000,USD
OFR-000939-V1,OFR-000939,APP-0012923,REQ-2024-00528,1,1,initial,accepted,true,2024-07-11,2024-07-15,,,,,2024-07-29,68000,USD
OFR-000940-V1,OFR-000940,APP-0012946,REQ-2024-00584,1,1,initial,accepted,false,2024-06-10,2024-06-13,,,,,2024-08-05,137000,USD
OFR-000940-V2,OFR-000940,APP-0012946,REQ-2024-00584,1,2,letter_reissue,accepted,true,2024-06-28,2024-06-28,,,,,2024-08-05,137000,USD
OFR-000941-V1,OFR-000941,APP-0012956,REQ-2024-00602,1,1,initial,withdrawn,true,2024-06-18,,,2024-06-20,,,2024-07-16,147000,USD
OFR-000942-V1,OFR-000942,APP-0012964,REQ-2024-00608,1,1,initial,withdrawn,true,2024-06-16,,,2024-06-19,,,2024-07-14,59000,USD
OFR-000943-V1,OFR-000943,APP-0012965,REQ-2024-00608,1,1,initial,accepted,true,2024-06-14,2024-06-17,,,,,2024-07-15,57500,USD
OFR-000944-V1,OFR-000944,APP-0013018,REQ-2024-00605,1,1,initial,declined,true,2024-06-25,,2024-06-28,,,,2024-07-23,128000,USD
OFR-000945-V1,OFR-000945,APP-0013021,REQ-2024-00606,1,1,initial,declined,true,2024-06-02,,2024-06-04,,,,2024-06-30,51000,USD
OFR-000946-V1,OFR-000946,APP-0013033,REQ-2024-00617,1,1,initial,accepted,true,2024-06-21,2024-06-23,,,,,2024-08-05,91500,USD
OFR-000947-V1,OFR-000947,APP-0013042,REQ-2024-00114,1,1,initial,superseded,false,2024-07-20,,,,,,2024-08-17,165500,USD
OFR-000947-V2,OFR-000947,APP-0013042,REQ-2024-00114,1,2,negotiation_revision,declined,true,2024-07-25,,2024-07-27,,,,2024-08-17,173500,USD
OFR-000948-V1,OFR-000948,APP-0013053,REQ-2024-00321,1,1,initial,accepted,false,2024-06-08,2024-06-15,,,,,2024-07-22,95000,USD
OFR-000948-V2,OFR-000948,APP-0013053,REQ-2024-00321,1,2,salary_correction,accepted,true,2024-06-20,2024-06-20,,,,,2024-07-22,95100,USD
OFR-000949-V1,OFR-000949,APP-0013085,REQ-2024-00607,1,1,initial,declined,true,2024-06-09,,2024-06-10,,,,2024-07-07,113500,USD
OFR-000950-V1,OFR-000950,APP-0013099,REQ-2024-00618,1,1,initial,accepted,true,2024-06-09,2024-06-11,,,,,2024-07-08,78500,USD
OFR-000951-V1,OFR-000951,APP-0013114,REQ-2024-00299,1,1,initial,accepted,true,2024-06-11,2024-06-14,,,,,2024-07-15,77500,USD
OFR-000952-V1,OFR-000952,APP-0013130,REQ-2024-00543,1,1,initial,superseded,false,2024-06-09,,,,,,2024-07-07,133500,USD
OFR-000952-V2,OFR-000952,APP-0013130,REQ-2024-00543,1,2,negotiation_revision,withdrawn,true,2024-06-11,,,2024-06-13,,,2024-07-07,143000,USD
OFR-000953-V1,OFR-000953,APP-0013140,REQ-2024-00572,1,1,initial,superseded,false,2024-06-05,,,,,,2024-07-22,84500,USD
OFR-000953-V2,OFR-000953,APP-0013140,REQ-2024-00572,1,2,negotiation_revision,accepted,true,2024-06-07,2024-06-08,,,,,2024-07-22,91000,USD
OFR-000954-V1,OFR-000954,APP-0013158,REQ-2024-00602,1,1,initial,accepted,true,2024-06-14,2024-06-20,,,,,2024-07-29,137000,USD
OFR-000955-V1,OFR-000955,APP-0013161,REQ-2024-00606,1,1,initial,accepted,true,2024-06-02,2024-06-05,,,,,2024-06-17,46500,USD
OFR-000956-V1,OFR-000956,APP-0013171,REQ-2024-00618,1,1,initial,withdrawn,true,2024-06-10,,,2024-06-12,,,2024-07-08,84000,USD
OFR-000957-V1,OFR-000957,APP-0013179,REQ-2024-00626,1,1,initial,accepted,true,2024-06-07,2024-06-08,,,,,2024-07-15,84500,USD
OFR-000958-V1,OFR-000958,APP-0013187,REQ-2024-00117,1,1,initial,accepted,true,2024-06-18,2024-06-20,,,,,2024-07-08,97000,USD
OFR-000959-V1,OFR-000959,APP-0013226,REQ-2024-00589,1,1,initial,superseded,false,2024-06-09,,,,,,2024-07-22,89000,USD
OFR-000959-V2,OFR-000959,APP-0013226,REQ-2024-00589,1,2,negotiation_revision,accepted,true,2024-06-11,2024-06-13,,,,,2024-07-22,95000,USD
OFR-000960-V1,OFR-000960,APP-0013252,REQ-2024-00624,1,1,initial,accepted,true,2024-06-13,2024-06-15,,,,,2024-07-15,66500,USD
OFR-000961-V1,OFR-000961,APP-0013261,REQ-2024-00006,1,1,initial,superseded,false,2024-06-10,,,,,,2024-07-01,88000,USD
OFR-000961-V2,OFR-000961,APP-0013261,REQ-2024-00006,1,2,negotiation_revision,accepted,true,2024-06-12,2024-06-13,,,,,2024-07-01,92000,USD
OFR-000962-V1,OFR-000962,APP-0013287,REQ-2024-00588,1,1,initial,superseded,false,2024-06-12,,,,,,2024-07-22,109000,USD
OFR-000962-V2,OFR-000962,APP-0013287,REQ-2024-00588,1,2,negotiation_revision,accepted,true,2024-06-14,2024-06-19,,,,,2024-07-22,113500,USD
OFR-000963-V1,OFR-000963,APP-0013301,REQ-2024-00597,1,1,initial,accepted,true,2024-06-26,2024-06-27,,,,,2024-08-05,100000,USD
OFR-000964-V1,OFR-000964,APP-0013308,REQ-2024-00608,1,1,initial,accepted,true,2024-06-15,2024-06-18,,,,,2024-07-22,68500,USD
OFR-000965-V1,OFR-000965,APP-0013329,REQ-2024-00629,1,1,initial,accepted,true,2024-06-17,2024-06-19,,,,,2024-07-08,68500,USD
OFR-000966-V1,OFR-000966,APP-0013333,REQ-2024-00631,1,1,initial,superseded,false,2024-06-13,,,,,,2024-07-11,127000,USD
OFR-000966-V2,OFR-000966,APP-0013333,REQ-2024-00631,1,2,negotiation_revision,declined,true,2024-06-16,,2024-06-18,,,,2024-07-11,132000,USD
OFR-000967-V1,OFR-000967,APP-0013334,REQ-2024-00633,1,1,initial,withdrawn,true,2024-06-24,,,2024-07-03,,,2024-07-22,78500,USD
OFR-000968-V1,OFR-000968,APP-0013335,REQ-2024-00633,1,1,initial,accepted,true,2024-06-13,2024-06-19,,,,,2024-07-22,81000,USD
OFR-000969-V1,OFR-000969,APP-0013336,REQ-2024-00633,1,1,initial,superseded,false,2024-06-12,,,,,,2024-07-15,77000,USD
OFR-000969-V2,OFR-000969,APP-0013336,REQ-2024-00633,1,2,negotiation_revision,accepted,true,2024-06-14,2024-06-17,,,,,2024-07-15,80500,USD
OFR-000970-V1,OFR-000970,APP-0013339,REQ-2024-00184,1,1,initial,accepted,true,2024-06-08,2024-06-12,,,,,2024-07-15,179500,USD
OFR-000971-V1,OFR-000971,APP-0013340,REQ-2024-00188,1,1,initial,superseded,false,2024-06-21,,,,,,2024-07-22,97500,USD
OFR-000971-V2,OFR-000971,APP-0013340,REQ-2024-00188,1,2,negotiation_revision,accepted,true,2024-06-23,2024-06-24,,,,,2024-07-22,105000,USD
OFR-000972-V1,OFR-000972,APP-0013391,REQ-2024-00630,1,1,initial,withdrawn,true,2024-06-27,,,2024-06-29,,,2024-07-25,82500,USD
OFR-000973-V1,OFR-000973,APP-0013395,REQ-2024-00630,1,1,initial,accepted,true,2024-06-18,2024-06-21,,,,,2024-08-05,79000,USD
OFR-000974-V1,OFR-000974,APP-0013396,REQ-2024-00630,1,1,initial,accepted,true,2024-06-23,2024-06-24,,,,,2024-07-29,78500,USD
OFR-000975-V1,OFR-000975,APP-0013421,REQ-2024-00591,1,1,initial,accepted,false,2024-06-16,2024-06-17,,,,,2024-07-15,69000,USD
OFR-000975-V2,OFR-000975,APP-0013421,REQ-2024-00591,1,2,start_date_revision,accepted,true,2024-06-25,2024-06-25,,,,,2024-07-29,69000,USD
OFR-000976-V1,OFR-000976,APP-0013429,REQ-2024-00606,1,1,initial,superseded,false,2024-06-03,,,,,,2024-07-01,43000,USD
OFR-000976-V2,OFR-000976,APP-0013429,REQ-2024-00606,1,2,negotiation_revision,withdrawn,true,2024-06-04,,,2024-06-05,,,2024-07-01,45500,USD
OFR-000977-V1,OFR-000977,APP-0013439,REQ-2024-00621,1,1,initial,superseded,false,2024-07-01,,,,,,2024-08-19,137000,USD
OFR-000977-V2,OFR-000977,APP-0013439,REQ-2024-00621,1,2,negotiation_revision,accepted,false,2024-07-02,2024-07-03,,,,,2024-08-19,147000,USD
OFR-000977-V3,OFR-000977,APP-0013439,REQ-2024-00621,1,3,letter_reissue,accepted,true,2024-07-07,2024-07-07,,,,,2024-08-19,147000,USD
OFR-000978-V1,OFR-000978,APP-0013450,REQ-2024-00630,1,1,initial,accepted,true,2024-06-23,2024-06-27,,,,,2024-08-05,86500,USD
OFR-000979-V1,OFR-000979,APP-0013490,REQ-2024-00591,1,1,initial,withdrawn,true,2024-06-18,,,2024-06-25,,,2024-07-16,67000,USD
OFR-000980-V1,OFR-000980,APP-0013492,REQ-2024-00591,1,1,initial,accepted,true,2024-06-19,2024-06-21,,,,,2024-07-15,69500,USD
OFR-000981-V1,OFR-000981,APP-0013531,REQ-2024-00633,1,1,initial,declined,true,2024-06-22,,2024-06-25,,,,2024-07-20,70000,USD
OFR-000982-V1,OFR-000982,APP-0013545,REQ-2024-00329,1,1,initial,accepted,true,2024-07-02,2024-07-04,,,,,2024-08-12,132000,USD
OFR-000983-V1,OFR-000983,APP-0013564,REQ-2024-00574,1,1,initial,withdrawn,true,2024-06-09,,,2024-06-15,,,2024-07-07,73500,USD
OFR-000984-V1,OFR-000984,APP-0013602,REQ-2024-00636,1,1,initial,accepted,true,2024-06-10,2024-06-12,,,,,2024-07-15,65000,USD
OFR-000985-V1,OFR-000985,APP-0013604,REQ-2024-00638,1,1,initial,withdrawn,true,2024-06-11,,,2024-06-16,,,2024-07-09,110500,USD
OFR-000986-V1,OFR-000986,APP-0013626,REQ-2024-00328,1,1,initial,accepted,true,2024-06-08,2024-06-11,,,,,2024-06-24,60000,USD
OFR-000987-V1,OFR-000987,APP-0013684,REQ-2024-00638,1,1,initial,accepted,true,2024-06-11,2024-06-15,,,,,2024-07-15,105500,USD
OFR-000988-V1,OFR-000988,APP-0013685,REQ-2024-00640,1,1,initial,declined,true,2024-06-19,,2024-06-21,,,,2024-07-17,81000,USD
OFR-000989-V1,OFR-000989,APP-0013691,REQ-2024-00087,1,1,initial,accepted,true,2024-07-01,2024-07-03,,,,,2024-07-29,82000,USD
OFR-000990-V1,OFR-000990,APP-0013700,REQ-2024-00389,1,1,initial,declined,true,2024-09-11,,2024-09-15,,,,2024-10-09,171000,USD
OFR-000991-V1,OFR-000991,APP-0013713,REQ-2024-00589,1,1,initial,accepted,true,2024-06-21,2024-06-24,,,,,2024-07-29,81500,USD
OFR-000992-V1,OFR-000992,APP-0013724,REQ-2024-00616,1,1,initial,superseded,false,2024-07-21,,,,,,2024-09-09,158500,USD
OFR-000992-V2,OFR-000992,APP-0013724,REQ-2024-00616,1,2,negotiation_revision,accepted,true,2024-07-26,2024-07-27,,,,,2024-09-09,164500,USD
OFR-000993-V1,OFR-000993,APP-0013729,REQ-2024-00617,1,1,initial,accepted,true,2024-06-21,2024-06-26,,,,,2024-08-05,96000,USD
OFR-000994-V1,OFR-000994,APP-0013733,REQ-2024-00624,1,1,initial,withdrawn,true,2024-06-13,,,2024-06-16,,,2024-07-11,64000,USD
OFR-000995-V1,OFR-000995,APP-0013743,REQ-2024-00636,1,1,initial,accepted,true,2024-06-23,2024-06-26,,,,,2024-07-22,69000,USD
OFR-000996-V1,OFR-000996,APP-0013754,REQ-2024-00169,1,1,initial,accepted,true,2024-07-05,2024-07-09,,,,,2024-07-29,104500,USD
OFR-000997-V1,OFR-000997,APP-0013768,REQ-2024-00588,1,1,initial,withdrawn,true,2024-06-17,,,2024-06-24,,,2024-07-15,101000,USD
OFR-000998-V1,OFR-000998,APP-0013792,REQ-2024-00630,1,1,initial,accepted,false,2024-06-16,2024-06-23,,,,,2024-07-22,91000,USD
OFR-000998-V2,OFR-000998,APP-0013792,REQ-2024-00630,1,2,start_date_revision,accepted,true,2024-06-27,2024-06-27,,,,,2024-08-05,91000,USD
OFR-000999-V1,OFR-000999,APP-0013802,REQ-2024-00646,1,1,initial,accepted,true,2024-06-17,2024-06-19,,,,,2024-07-15,85000,USD
OFR-001000-V1,OFR-001000,APP-0013810,REQ-2024-00257,1,1,initial,accepted,false,2024-06-18,2024-06-21,,,,,2024-08-05,108000,USD
OFR-001000-V2,OFR-001000,APP-0013810,REQ-2024-00257,1,2,letter_reissue,accepted,true,2024-06-26,2024-06-26,,,,,2024-08-05,108000,USD
OFR-001001-V1,OFR-001001,APP-0013825,REQ-2024-00546,1,1,initial,accepted,true,2024-06-23,2024-06-27,,,,,2024-07-29,127000,USD
OFR-001002-V1,OFR-001002,APP-0013847,REQ-2024-00640,1,1,initial,accepted,true,2024-06-15,2024-06-18,,,,,2024-07-15,85500,USD
OFR-001003-V1,OFR-001003,APP-0013859,REQ-2024-00280,1,1,initial,accepted,true,2024-06-25,2024-06-28,,,,,2024-07-22,85000,USD
OFR-001004-V1,OFR-001004,APP-0013865,REQ-2024-00448,1,1,initial,accepted,true,2024-06-24,2024-06-29,,,,,2024-07-22,64500,USD
OFR-001005-V1,OFR-001005,APP-0013882,REQ-2024-00607,1,1,initial,accepted,false,2024-06-24,2024-06-28,,,,,2024-08-05,106500,USD
OFR-001005-V2,OFR-001005,APP-0013882,REQ-2024-00607,1,2,salary_correction,accepted,true,2024-07-03,2024-07-03,,,,,2024-08-05,106200,USD
OFR-001006-V1,OFR-001006,APP-0013884,REQ-2024-00608,1,1,initial,withdrawn,true,2024-06-17,,,2024-06-21,,,2024-07-15,68000,USD
OFR-001007-V1,OFR-001007,APP-0013900,REQ-2024-00630,1,1,initial,accepted,true,2024-06-22,2024-06-28,,,,,2024-07-29,87500,USD
OFR-001008-V1,OFR-001008,APP-0013902,REQ-2024-00636,1,1,initial,withdrawn,true,2024-06-26,,,2024-06-29,,,2024-07-24,69500,USD
OFR-001009-V1,OFR-001009,APP-0013906,REQ-2024-00639,1,1,initial,superseded,false,2024-07-04,,,,,,2024-08-12,100500,USD
OFR-001009-V2,OFR-001009,APP-0013906,REQ-2024-00639,1,2,negotiation_revision,accepted,false,2024-07-09,2024-07-12,,,,,2024-08-12,106500,USD
OFR-001009-V3,OFR-001009,APP-0013906,REQ-2024-00639,1,3,letter_reissue,accepted,true,2024-07-26,2024-07-26,,,,,2024-08-12,106500,USD
OFR-001010-V1,OFR-001010,APP-0013922,REQ-2024-00149,1,1,initial,accepted,true,2024-07-13,2024-07-16,,,,,2024-08-05,69000,USD
OFR-001011-V1,OFR-001011,APP-0013957,REQ-2024-00633,1,1,initial,accepted,true,2024-06-27,2024-07-02,,,,,2024-07-29,79000,USD
OFR-001012-V1,OFR-001012,APP-0013963,REQ-2024-00643,1,1,initial,declined,true,2024-06-28,,2024-07-02,,,,2024-07-26,143500,USD
OFR-001013-V1,OFR-001013,APP-0014025,REQ-2024-00632,1,1,initial,superseded,false,2024-07-08,,,,,,2024-08-12,65500,USD
OFR-001013-V2,OFR-001013,APP-0014025,REQ-2024-00632,1,2,negotiation_revision,accepted,true,2024-07-13,2024-07-14,,,,,2024-08-12,69000,USD
OFR-001014-V1,OFR-001014,APP-0014029,REQ-2024-00637,1,1,initial,accepted,false,2024-08-05,2024-08-09,,,,,2024-09-02,91000,USD
OFR-001014-V2,OFR-001014,APP-0014029,REQ-2024-00637,1,2,start_date_revision,accepted,true,2024-08-13,2024-08-13,,,,,2024-09-16,91000,USD
OFR-001015-V1,OFR-001015,APP-0014041,REQ-2024-00651,1,1,initial,accepted,true,2024-06-24,2024-06-27,,,,,2024-07-29,98000,USD
OFR-001016-V1,OFR-001016,APP-0014042,REQ-2024-00651,1,1,initial,accepted,true,2024-07-09,2024-07-11,,,,,2024-08-26,99500,USD
OFR-001017-V1,OFR-001017,APP-0014049,REQ-2024-00119,1,1,initial,declined,true,2024-06-22,,2024-06-25,,,,2024-07-20,79500,USD
OFR-001018-V1,OFR-001018,APP-0014051,REQ-2024-00122,1,1,initial,accepted,true,2024-06-26,2024-07-03,,,,,2024-07-22,81000,USD
OFR-001019-V1,OFR-001019,APP-0014068,REQ-2024-00562,1,1,initial,accepted,true,2024-07-03,2024-07-07,,,,,2024-09-02,173000,USD
OFR-001020-V1,OFR-001020,APP-0014075,REQ-2024-00610,1,1,initial,declined,true,2024-07-05,,2024-07-11,,,,2024-08-02,104500,USD
OFR-001021-V1,OFR-001021,APP-0014109,REQ-2024-00655,1,1,initial,accepted,true,2024-07-07,2024-07-10,,,,,2024-07-29,49000,USD
OFR-001022-V1,OFR-001022,APP-0014113,REQ-2024-00021,1,1,initial,reneged,true,2024-06-16,2024-06-18,,,,2024-06-30,2024-07-15,43000,USD
OFR-001023-V1,OFR-001023,APP-0014123,REQ-2024-00329,1,1,initial,withdrawn,true,2024-07-03,,,2024-07-06,,,2024-07-31,121000,USD
OFR-001024-V1,OFR-001024,APP-0014138,REQ-2024-00622,1,1,initial,accepted,false,2024-06-22,2024-06-24,,,,,2024-07-29,100000,USD
OFR-001024-V2,OFR-001024,APP-0014138,REQ-2024-00622,1,2,salary_correction,accepted,true,2024-07-04,2024-07-04,,,,,2024-07-29,101500,USD
OFR-001025-V1,OFR-001025,APP-0014157,REQ-2024-00652,1,1,initial,accepted,false,2024-06-28,2024-06-30,,,,,2024-08-12,140500,USD
OFR-001025-V2,OFR-001025,APP-0014157,REQ-2024-00652,1,2,start_date_revision,accepted,true,2024-07-02,2024-07-02,,,,,2024-08-26,140500,USD
OFR-001026-V1,OFR-001026,APP-0014160,REQ-2024-00219,1,1,initial,accepted,false,2024-06-16,2024-06-18,,,,,2024-07-15,59000,USD
OFR-001026-V2,OFR-001026,APP-0014160,REQ-2024-00219,1,2,letter_reissue,accepted,true,2024-06-28,2024-06-28,,,,,2024-07-15,59000,USD
OFR-001027-V1,OFR-001027,APP-0014195,REQ-2024-00640,1,1,initial,reneged,true,2024-06-25,2024-06-27,,,,2024-07-18,2024-07-22,82500,USD
OFR-001028-V1,OFR-001028,APP-0014211,REQ-2024-00662,1,1,initial,declined,true,2024-07-02,,2024-07-06,,,,2024-07-30,89500,USD
OFR-001029-V1,OFR-001029,APP-0014229,REQ-2024-00512,1,1,initial,accepted,true,2024-06-25,2024-06-28,,,,,2024-07-29,105000,USD
OFR-001030-V1,OFR-001030,APP-0014248,REQ-2024-00645,1,1,initial,superseded,false,2024-07-12,,,,,,2024-08-09,100500,USD
OFR-001030-V2,OFR-001030,APP-0014248,REQ-2024-00645,1,2,negotiation_revision,withdrawn,true,2024-07-18,,,2024-07-22,,,2024-08-09,107000,USD
OFR-001031-V1,OFR-001031,APP-0014266,REQ-2024-00104,1,1,initial,accepted,true,2024-07-06,2024-07-09,,,,,2024-08-12,111500,USD
OFR-001032-V1,OFR-001032,APP-0014273,REQ-2024-00368,1,1,initial,accepted,true,2024-07-01,2024-07-02,,,,,2024-07-22,72000,USD
OFR-001033-V1,OFR-001033,APP-0014286,REQ-2024-00595,1,1,initial,declined,true,2024-07-02,,2024-07-05,,,,2024-07-30,140000,USD
OFR-001034-V1,OFR-001034,APP-0014312,REQ-2024-00655,1,1,initial,declined,true,2024-06-27,,2024-06-30,,,,2024-07-25,47000,USD
OFR-001035-V1,OFR-001035,APP-0014317,REQ-2024-00664,1,1,initial,accepted,false,2024-06-29,2024-07-06,,,,,2024-08-12,92000,USD
OFR-001035-V2,OFR-001035,APP-0014317,REQ-2024-00664,1,2,letter_reissue,accepted,true,2024-07-14,2024-07-14,,,,,2024-08-12,92000,USD
OFR-001036-V1,OFR-001036,APP-0014318,REQ-2024-00668,1,1,initial,declined,true,2024-07-17,,2024-07-19,,,,2024-08-14,115000,USD
OFR-001037-V1,OFR-001037,APP-0014323,REQ-2024-00206,1,1,initial,accepted,false,2024-07-22,2024-07-26,,,,,2024-09-02,142500,USD
OFR-001037-V2,OFR-001037,APP-0014323,REQ-2024-00206,1,2,letter_reissue,accepted,true,2024-08-09,2024-08-09,,,,,2024-09-02,142500,USD
OFR-001038-V1,OFR-001038,APP-0014336,REQ-2024-00557,1,1,initial,superseded,false,2024-06-26,,,,,,2024-07-22,59500,USD
OFR-001038-V2,OFR-001038,APP-0014336,REQ-2024-00557,1,2,negotiation_revision,accepted,false,2024-06-27,2024-06-28,,,,,2024-07-22,64000,USD
OFR-001038-V3,OFR-001038,APP-0014336,REQ-2024-00557,1,3,start_date_revision,accepted,true,2024-07-04,2024-07-04,,,,,2024-08-05,64000,USD
OFR-001039-V1,OFR-001039,APP-0014352,REQ-2024-00620,1,1,initial,superseded,false,2024-07-06,,,,,,2024-09-02,122500,USD
OFR-001039-V2,OFR-001039,APP-0014352,REQ-2024-00620,1,2,negotiation_revision,accepted,true,2024-07-18,2024-07-20,,,,,2024-09-02,129500,USD
OFR-001040-V1,OFR-001040,APP-0014368,REQ-2024-00645,1,1,initial,accepted,true,2024-07-14,2024-07-18,,,,,2024-08-19,103000,USD
OFR-001041-V1,OFR-001041,APP-0014377,REQ-2024-00656,1,1,initial,accepted,true,2024-07-10,2024-07-16,,,,,2024-09-09,187000,USD
OFR-001042-V1,OFR-001042,APP-0014396,REQ-2024-00358,1,1,initial,accepted,true,2024-07-23,2024-07-28,,,,,2024-09-09,121000,USD
OFR-001043-V1,OFR-001043,APP-0014398,REQ-2024-00513,1,1,initial,accepted,true,2024-07-10,2024-07-12,,,,,2024-08-19,139500,USD
OFR-001044-V1,OFR-001044,APP-0014423,REQ-2024-00630,1,1,initial,withdrawn,true,2024-06-26,,,2024-06-28,,,2024-07-24,78500,USD
OFR-001045-V1,OFR-001045,APP-0014429,REQ-2024-00643,1,1,initial,superseded,false,2024-07-18,,,,,,2024-09-16,142000,USD
OFR-001045-V2,OFR-001045,APP-0014429,REQ-2024-00643,1,2,negotiation_revision,accepted,false,2024-07-20,2024-07-21,,,,,2024-09-16,146500,USD
OFR-001045-V3,OFR-001045,APP-0014429,REQ-2024-00643,1,3,start_date_revision,accepted,true,2024-08-05,2024-08-05,,,,,2024-10-07,146500,USD
OFR-001046-V1,OFR-001046,APP-0014455,REQ-2024-00672,1,1,initial,declined,true,2024-07-03,,2024-07-07,,,,2024-07-31,64500,USD
OFR-001047-V1,OFR-001047,APP-0014457,REQ-2024-00672,1,1,initial,accepted,true,2024-06-22,2024-06-23,,,,,2024-07-15,65500,USD
OFR-001048-V1,OFR-001048,APP-0014458,REQ-2024-00673,1,1,initial,accepted,true,2024-06-26,2024-06-28,,,,,2024-07-15,44500,USD
OFR-001049-V1,OFR-001049,APP-0014488,REQ-2024-00645,1,1,initial,accepted,false,2024-07-14,2024-07-19,,,,,2024-08-19,107500,USD
OFR-001049-V2,OFR-001049,APP-0014488,REQ-2024-00645,1,2,salary_correction,accepted,true,2024-08-01,2024-08-01,,,,,2024-08-19,107000,USD
OFR-001050-V1,OFR-001050,APP-0014505,REQ-2024-00673,1,1,initial,withdrawn,true,2024-06-26,,,2024-06-28,,,2024-07-24,46500,USD
OFR-001051-V1,OFR-001051,APP-0014542,REQ-2024-00613,1,1,initial,accepted,true,2024-07-20,2024-07-25,,,,,2024-09-09,130500,USD
OFR-001052-V1,OFR-001052,APP-0014556,REQ-2024-00653,1,1,initial,accepted,false,2024-07-05,2024-07-07,,,,,2024-08-19,88500,USD
OFR-001052-V2,OFR-001052,APP-0014556,REQ-2024-00653,1,2,letter_reissue,accepted,true,2024-07-12,2024-07-12,,,,,2024-08-19,88500,USD
OFR-001053-V1,OFR-001053,APP-0014563,REQ-2024-00662,1,1,initial,accepted,true,2024-07-05,2024-07-07,,,,,2024-08-12,88000,USD
OFR-001054-V1,OFR-001054,APP-0014571,REQ-2024-00669,1,1,initial,accepted,true,2024-06-25,2024-06-27,,,,,2024-07-22,46000,USD
OFR-001055-V1,OFR-001055,APP-0014585,REQ-2024-00205,1,1,initial,superseded,false,2024-09-12,,,,,,2024-10-10,126500,USD
OFR-001055-V2,OFR-001055,APP-0014585,REQ-2024-00205,1,2,negotiation_revision,withdrawn,true,2024-09-14,,,2024-09-15,,,2024-10-10,131500,USD
OFR-001056-V1,OFR-001056,APP-0014610,REQ-2024-00605,1,1,initial,reneged,true,2024-07-29,2024-08-02,,,,2024-08-25,2024-09-02,118000,USD
OFR-001057-V1,OFR-001057,APP-0014615,REQ-2024-00617,1,1,initial,accepted,true,2024-07-12,2024-07-17,,,,,2024-08-19,100000,USD
OFR-001058-V1,OFR-001058,APP-0014632,REQ-2024-00653,1,1,initial,withdrawn,true,2024-07-06,,,2024-07-09,,,2024-08-03,89000,USD
OFR-001059-V1,OFR-001059,APP-0014641,REQ-2024-00672,1,1,initial,superseded,false,2024-06-28,,,,,,2024-07-22,67500,USD
OFR-001059-V2,OFR-001059,APP-0014641,REQ-2024-00672,1,2,negotiation_revision,accepted,true,2024-06-29,2024-06-30,,,,,2024-07-22,72500,USD
OFR-001060-V1,OFR-001060,APP-0014656,REQ-2024-00468,1,1,initial,accepted,false,2024-07-11,2024-07-13,,,,,2024-08-19,131000,USD
OFR-001060-V2,OFR-001060,APP-0014656,REQ-2024-00468,1,2,start_date_revision,accepted,true,2024-07-23,2024-07-23,,,,,2024-09-02,131000,USD
OFR-001061-V1,OFR-001061,APP-0014658,REQ-2024-00524,1,1,initial,superseded,false,2024-08-04,,,,,,2024-09-16,125000,USD
OFR-001061-V2,OFR-001061,APP-0014658,REQ-2024-00524,1,2,negotiation_revision,accepted,true,2024-08-06,2024-08-08,,,,,2024-09-16,134000,USD
OFR-001062-V1,OFR-001062,APP-0014687,REQ-2024-00666,1,1,initial,accepted,false,2024-07-07,2024-07-11,,,,,2024-08-19,82500,USD
OFR-001062-V2,OFR-001062,APP-0014687,REQ-2024-00666,1,2,letter_reissue,accepted,true,2024-07-25,2024-07-25,,,,,2024-08-19,82500,USD
OFR-001063-V1,OFR-001063,APP-0014740,REQ-2024-00646,1,1,initial,accepted,true,2024-07-02,2024-07-06,,,,,2024-07-29,76500,USD
OFR-001064-V1,OFR-001064,APP-0014742,REQ-2024-00651,1,1,initial,declined,true,2024-07-03,,2024-07-05,,,,2024-07-31,98500,USD
OFR-001065-V1,OFR-001065,APP-0014749,REQ-2024-00660,1,1,initial,declined,true,2024-06-30,,2024-07-01,,,,2024-07-28,80000,USD
OFR-001066-V1,OFR-001066,APP-0014756,REQ-2024-00662,1,1,initial,withdrawn,true,2024-06-30,,,2024-07-08,,,2024-07-28,93500,USD
OFR-001067-V1,OFR-001067,APP-0014769,REQ-2024-00681,1,1,initial,accepted,true,2024-07-13,2024-07-18,,,,,2024-08-26,106500,USD
OFR-001068-V1,OFR-001068,APP-0014770,REQ-2024-00681,1,1,initial,accepted,true,2024-07-08,2024-07-12,,,,,2024-08-12,95500,USD
OFR-001069-V1,OFR-001069,APP-0014798,REQ-2024-00634,1,1,initial,accepted,true,2024-07-07,2024-07-13,,,,,2024-08-26,126000,USD
OFR-001070-V1,OFR-001070,APP-0014806,REQ-2024-00650,1,1,initial,reneged,true,2024-07-04,2024-07-05,,,,2024-07-22,2024-07-29,58500,USD
OFR-001071-V1,OFR-001071,APP-0014843,REQ-2024-00154,1,1,initial,accepted,true,2024-07-11,2024-07-12,,,,,2024-08-19,138000,USD
OFR-001072-V1,OFR-001072,APP-0014854,REQ-2024-00525,1,1,initial,superseded,false,2024-07-11,,,,,,2024-08-08,93000,USD
OFR-001072-V2,OFR-001072,APP-0014854,REQ-2024-00525,1,2,negotiation_revision,declined,true,2024-07-15,,2024-07-16,,,,2024-08-08,97000,USD
OFR-001073-V1,OFR-001073,APP-0014863,REQ-2024-00615,1,1,initial,accepted,false,2024-07-28,2024-07-29,,,,,2024-08-12,72000,USD
OFR-001073-V2,OFR-001073,APP-0014863,REQ-2024-00615,1,2,start_date_revision,reneged,true,2024-08-02,2024-08-02,,,,2024-08-31,2024-08-23,72000,USD
OFR-001074-V1,OFR-001074,APP-0014877,REQ-2024-00650,1,1,initial,superseded,false,2024-07-08,,,,,,2024-08-05,61000,USD
OFR-001074-V2,OFR-001074,APP-0014877,REQ-2024-00650,1,2,negotiation_revision,declined,true,2024-07-09,,2024-07-10,,,,2024-08-05,63000,USD
OFR-001075-V1,OFR-001075,APP-0014917,REQ-2024-00347,1,1,initial,accepted,true,2024-07-19,2024-07-21,,,,,2024-08-19,80000,USD
OFR-001076-V1,OFR-001076,APP-0014942,REQ-2024-00660,1,1,initial,superseded,false,2024-07-04,,,,,,2024-08-05,85500,USD
OFR-001076-V2,OFR-001076,APP-0014942,REQ-2024-00660,1,2,negotiation_revision,accepted,true,2024-07-06,2024-07-07,,,,,2024-08-05,91000,USD
OFR-001077-V1,OFR-001077,APP-0014951,REQ-2024-00672,1,1,initial,accepted,true,2024-07-07,2024-07-13,,,,,2024-08-12,66500,USD
OFR-001078-V1,OFR-001078,APP-0014958,REQ-2024-00679,1,1,initial,accepted,false,2024-07-04,2024-07-05,,,,,2024-08-05,68000,USD
OFR-001078-V2,OFR-001078,APP-0014958,REQ-2024-00679,1,2,letter_reissue,accepted,true,2024-07-11,2024-07-11,,,,,2024-08-05,68000,USD
OFR-001079-V1,OFR-001079,APP-0014963,REQ-2024-00684,1,1,initial,accepted,true,2024-07-06,2024-07-12,,,,,2024-07-29,62000,USD
OFR-001080-V1,OFR-001080,APP-0014965,REQ-2024-00692,1,1,initial,accepted,true,2024-07-13,2024-07-14,,,,,2024-08-05,84500,USD
OFR-001081-V1,OFR-001081,APP-0014996,REQ-2024-00643,1,1,initial,declined,true,2024-07-15,,2024-07-19,,,,2024-08-12,152000,USD
OFR-001082-V1,OFR-001082,APP-0015025,REQ-2024-00684,1,1,initial,accepted,true,2024-07-04,2024-07-06,,,,,2024-07-22,54500,USD
OFR-001083-V1,OFR-001083,APP-0015026,REQ-2024-00685,1,1,initial,superseded,false,2024-07-18,,,,,,2024-09-16,158000,USD
OFR-001083-V2,OFR-001083,APP-0015026,REQ-2024-00685,1,2,negotiation_revision,accepted,true,2024-07-19,2024-07-20,,,,,2024-09-16,167000,USD
OFR-001084-V1,OFR-001084,APP-0015027,REQ-2024-00688,1,1,initial,accepted,false,2024-06-29,2024-07-01,,,,,2024-08-05,77500,USD
OFR-001084-V2,OFR-001084,APP-0015027,REQ-2024-00688,1,2,letter_reissue,accepted,true,2024-07-05,2024-07-05,,,,,2024-08-05,77500,USD
OFR-001085-V1,OFR-001085,APP-0015032,REQ-2024-00693,1,1,initial,accepted,true,2024-07-19,2024-07-22,,,,,2024-08-19,49000,USD
OFR-001086-V1,OFR-001086,APP-0015041,REQ-2024-00268,1,1,initial,accepted,true,2024-07-17,2024-07-21,,,,,2024-08-12,84500,USD
OFR-001087-V1,OFR-001087,APP-0015071,REQ-2024-00650,1,1,initial,accepted,true,2024-07-17,2024-07-18,,,,,2024-08-12,58000,USD
OFR-001088-V1,OFR-001088,APP-0015085,REQ-2024-00680,1,1,initial,superseded,false,2024-07-07,,,,,,2024-07-29,72500,USD
OFR-001088-V2,OFR-001088,APP-0015085,REQ-2024-00680,1,2,negotiation_revision,accepted,false,2024-07-08,2024-07-09,,,,,2024-07-29,77000,USD
OFR-001088-V3,OFR-001088,APP-0015085,REQ-2024-00680,1,3,letter_reissue,accepted,true,2024-07-21,2024-07-21,,,,,2024-07-29,77000,USD
OFR-001089-V1,OFR-001089,APP-0015086,REQ-2024-00682,1,1,initial,accepted,true,2024-07-21,2024-07-27,,,,,2024-09-23,138000,USD
OFR-001090-V1,OFR-001090,APP-0015097,REQ-2024-00694,1,1,initial,accepted,false,2024-07-04,2024-07-05,,,,,2024-07-22,57500,USD
OFR-001090-V2,OFR-001090,APP-0015097,REQ-2024-00694,1,2,salary_correction,accepted,true,2024-07-19,2024-07-19,,,,,2024-07-22,58300,USD
OFR-001091-V1,OFR-001091,APP-0015137,REQ-2024-00660,1,1,initial,accepted,false,2024-07-22,2024-07-24,,,,,2024-08-26,76000,USD
OFR-001091-V2,OFR-001091,APP-0015137,REQ-2024-00660,1,2,start_date_revision,accepted,true,2024-08-08,2024-08-08,,,,,2024-09-09,76000,USD
OFR-001092-V1,OFR-001092,APP-0015138,REQ-2024-00660,1,1,initial,accepted,false,2024-07-10,2024-07-11,,,,,2024-08-05,81000,USD
OFR-001092-V2,OFR-001092,APP-0015138,REQ-2024-00660,1,2,start_date_revision,accepted,true,2024-07-16,2024-07-16,,,,,2024-08-12,81000,USD
OFR-001093-V1,OFR-001093,APP-0015141,REQ-2024-00661,1,1,initial,superseded,false,2024-07-04,,,,,,2024-08-19,98500,USD
OFR-001093-V2,OFR-001093,APP-0015141,REQ-2024-00661,1,2,negotiation_revision,accepted,true,2024-07-06,2024-07-10,,,,,2024-08-19,103500,USD
OFR-001094-V1,OFR-001094,APP-0015151,REQ-2024-00677,1,1,initial,accepted,true,2024-07-08,2024-07-10,,,,,2024-08-12,85500,USD
OFR-001095-V1,OFR-001095,APP-0015195,REQ-2024-00646,1,1,initial,superseded,false,2024-07-05,,,,,,2024-08-02,79000,USD
OFR-001095-V2,OFR-001095,APP-0015195,REQ-2024-00646,1,2,negotiation_revision,withdrawn,true,2024-07-06,,,2024-07-07,,,2024-08-02,82500,USD
OFR-001096-V1,OFR-001096,APP-0015237,REQ-2024-00573,1,1,initial,superseded,false,2024-07-15,,,,,,2024-07-29,54500,USD
OFR-001096-V2,OFR-001096,APP-0015237,REQ-2024-00573,1,2,negotiation_revision,accepted,true,2024-07-16,2024-07-17,,,,,2024-07-29,57500,USD
OFR-001097-V1,OFR-001097,APP-0015248,REQ-2024-00655,1,1,initial,withdrawn,true,2024-07-09,,,2024-07-11,,,2024-08-06,49500,USD
OFR-001098-V1,OFR-001098,APP-0015260,REQ-2024-00687,1,1,initial,accepted,true,2024-07-21,2024-07-23,,,,,2024-08-26,89000,USD
OFR-001099-V1,OFR-001099,APP-0015275,REQ-2024-00699,1,1,initial,accepted,true,2024-07-24,2024-07-25,,,,,2024-08-19,53000,USD
OFR-001100-V1,OFR-001100,APP-0015282,REQ-2024-00704,1,1,initial,superseded,false,2024-07-21,,,,,,2024-08-26,113500,USD
OFR-001100-V2,OFR-001100,APP-0015282,REQ-2024-00704,1,2,negotiation_revision,accepted,true,2024-07-26,2024-07-28,,,,,2024-08-26,120500,USD
OFR-001101-V1,OFR-001101,APP-0015286,REQ-2024-00707,1,1,initial,accepted,true,2024-07-31,2024-08-02,,,,,2024-09-02,103500,USD
OFR-001102-V1,OFR-001102,APP-0015331,REQ-2024-00676,1,1,initial,superseded,false,2024-07-19,,,,,,2024-08-19,62500,USD
OFR-001102-V2,OFR-001102,APP-0015331,REQ-2024-00676,1,2,negotiation_revision,accepted,false,2024-07-21,2024-07-22,,,,,2024-08-19,67000,USD
OFR-001102-V3,OFR-001102,APP-0015331,REQ-2024-00676,1,3,letter_reissue,accepted,true,2024-08-01,2024-08-01,,,,,2024-08-19,67000,USD
OFR-001103-V1,OFR-001103,APP-0015350,REQ-2024-00694,1,1,initial,accepted,true,2024-07-08,2024-07-12,,,,,2024-08-05,55000,USD
OFR-001104-V1,OFR-001104,APP-0015355,REQ-2024-00699,1,1,initial,accepted,true,2024-07-17,2024-07-19,,,,,2024-08-12,49000,USD
OFR-001105-V1,OFR-001105,APP-0015391,REQ-2024-00660,1,1,initial,superseded,false,2024-07-20,,,,,,2024-08-12,84000,USD
OFR-001105-V2,OFR-001105,APP-0015391,REQ-2024-00660,1,2,negotiation_revision,accepted,true,2024-07-21,2024-07-22,,,,,2024-08-12,90500,USD
OFR-001106-V1,OFR-001106,APP-0015412,REQ-2024-00694,1,1,initial,accepted,true,2024-07-16,2024-07-17,,,,,2024-07-29,49000,USD
OFR-001107-V1,OFR-001107,APP-0015414,REQ-2024-00697,1,1,initial,superseded,false,2024-08-03,,,,,,2024-09-16,81500,USD
OFR-001107-V2,OFR-001107,APP-0015414,REQ-2024-00697,1,2,negotiation_revision,accepted,true,2024-08-05,2024-08-06,,,,,2024-09-16,84000,USD
OFR-001108-V1,OFR-001108,APP-0015423,REQ-2024-00707,1,1,initial,accepted,true,2024-07-21,2024-07-24,,,,,2024-08-19,92500,USD
OFR-001109-V1,OFR-001109,APP-0015434,REQ-2024-00518,1,1,initial,declined,true,2024-07-17,,2024-07-27,,,,2024-08-14,64000,USD
OFR-001110-V1,OFR-001110,APP-0015495,REQ-2024-00705,1,1,initial,accepted,true,2024-07-13,2024-07-17,,,,,2024-08-19,96000,USD
OFR-001111-V1,OFR-001111,APP-0015502,REQ-2024-00712,1,1,initial,superseded,false,2024-07-16,,,,,,2024-08-12,54000,USD
OFR-001111-V2,OFR-001111,APP-0015502,REQ-2024-00712,1,2,negotiation_revision,accepted,false,2024-07-17,2024-07-18,,,,,2024-08-12,57000,USD
OFR-001111-V3,OFR-001111,APP-0015502,REQ-2024-00712,1,3,salary_correction,accepted,true,2024-07-26,2024-07-26,,,,,2024-08-12,56500,USD
OFR-001112-V1,OFR-001112,APP-0015513,REQ-2024-00206,1,1,initial,accepted,true,2024-07-27,2024-07-29,,,,,2024-09-02,143500,USD
OFR-001113-V1,OFR-001113,APP-0015519,REQ-2024-00385,1,1,initial,accepted,true,2024-07-15,2024-07-18,,,,,2024-08-26,96000,USD
OFR-001114-V1,OFR-001114,APP-0015520,REQ-2024-00385,1,1,initial,accepted,true,2024-07-12,2024-07-15,,,,,2024-08-19,99500,USD
OFR-001115-V1,OFR-001115,APP-0015528,REQ-2024-00547,1,1,initial,superseded,false,2024-07-14,,,,,,2024-08-05,68500,USD
OFR-001115-V2,OFR-001115,APP-0015528,REQ-2024-00547,1,2,negotiation_revision,accepted,true,2024-07-17,2024-07-18,,,,,2024-08-05,73500,USD
OFR-001116-V1,OFR-001116,APP-0015531,REQ-2024-00565,1,1,initial,superseded,false,2024-07-29,,,,,,2024-09-02,71500,USD
OFR-001116-V2,OFR-001116,APP-0015531,REQ-2024-00565,1,2,negotiation_revision,accepted,true,2024-07-31,2024-08-01,,,,,2024-09-02,76500,USD
OFR-001117-V1,OFR-001117,APP-0015536,REQ-2024-00632,1,1,initial,declined,true,2024-07-12,,2024-07-13,,,,2024-08-09,57500,USD
OFR-001118-V1,OFR-001118,APP-0015576,REQ-2024-00702,1,1,initial,accepted,true,2024-07-22,2024-07-28,,,,,2024-08-26,108500,USD
OFR-001119-V1,OFR-001119,APP-0015585,REQ-2024-00709,1,1,initial,accepted,false,2024-07-14,2024-07-15,,,,,2024-08-12,103000,USD
OFR-001119-V2,OFR-001119,APP-0015585,REQ-2024-00709,1,2,letter_reissue,accepted,true,2024-07-27,2024-07-27,,,,,2024-08-12,103000,USD
OFR-001120-V1,OFR-001120,APP-0015627,REQ-2024-00674,1,1,initial,accepted,false,2024-07-25,2024-08-01,,,,,2024-09-02,102500,USD
OFR-001120-V2,OFR-001120,APP-0015627,REQ-2024-00674,1,2,salary_correction,accepted,true,2024-08-07,2024-08-07,,,,,2024-09-02,103400,USD
OFR-001121-V1,OFR-001121,APP-0015630,REQ-2024-00682,1,1,initial,declined,true,2024-07-20,,2024-07-25,,,,2024-08-17,128500,USD
OFR-001122-V1,OFR-001122,APP-0015633,REQ-2024-00684,1,1,initial,declined,true,2024-07-16,,2024-07-19,,,,2024-08-13,63500,USD
OFR-001123-V1,OFR-001123,APP-0015648,REQ-2024-00697,1,1,initial,superseded,false,2024-07-19,,,,,,2024-09-02,78000,USD
OFR-001123-V2,OFR-001123,APP-0015648,REQ-2024-00697,1,2,negotiation_revision,accepted,true,2024-07-25,2024-07-29,,,,,2024-09-02,80500,USD
OFR-001124-V1,OFR-001124,APP-0015656,REQ-2024-00704,1,1,initial,accepted,true,2024-07-27,2024-07-30,,,,,2024-09-09,102000,USD
OFR-001125-V1,OFR-001125,APP-0015660,REQ-2024-00709,1,1,initial,declined,true,2024-07-18,,2024-07-19,,,,2024-08-15,94000,USD
OFR-001126-V1,OFR-001126,APP-0015678,REQ-2024-00603,1,1,initial,accepted,false,2024-07-29,2024-07-31,,,,,2024-09-02,105000,USD
OFR-001126-V2,OFR-001126,APP-0015678,REQ-2024-00603,1,2,letter_reissue,accepted,true,2024-08-08,2024-08-08,,,,,2024-09-02,105000,USD
OFR-001127-V1,OFR-001127,APP-0015688,REQ-2024-00672,1,1,initial,withdrawn,true,2024-07-11,,,2024-07-14,,,2024-08-08,61000,USD
OFR-001128-V1,OFR-001128,APP-0015701,REQ-2024-00687,1,1,initial,withdrawn,true,2024-07-18,,,2024-07-24,,,2024-08-15,83500,USD
OFR-001129-V1,OFR-001129,APP-0015706,REQ-2024-00694,1,1,initial,accepted,true,2024-07-15,2024-07-16,,,,,2024-07-29,49500,USD
OFR-001130-V1,OFR-001130,APP-0015710,REQ-2024-00697,1,1,initial,declined,true,2024-08-02,,2024-08-04,,,,2024-08-30,92000,USD
OFR-001131-V1,OFR-001131,APP-0015727,REQ-2024-00705,1,1,initial,accepted,true,2024-07-16,2024-07-21,,,,,2024-09-02,101500,USD
OFR-001132-V1,OFR-001132,APP-0015730,REQ-2024-00709,1,1,initial,declined,true,2024-07-14,,2024-07-17,,,,2024-08-11,97000,USD
OFR-001133-V1,OFR-001133,APP-0015738,REQ-2024-00718,1,1,initial,accepted,false,2024-07-25,2024-07-27,,,,,2024-09-09,104500,USD
OFR-001133-V2,OFR-001133,APP-0015738,REQ-2024-00718,1,2,letter_reissue,accepted,true,2024-08-09,2024-08-09,,,,,2024-09-09,104500,USD
OFR-001134-V1,OFR-001134,APP-0015762,REQ-2024-00660,1,1,initial,superseded,false,2024-07-14,,,,,,2024-08-11,85500,USD
OFR-001134-V2,OFR-001134,APP-0015762,REQ-2024-00660,1,2,negotiation_revision,declined,true,2024-07-15,,2024-07-16,,,,2024-08-11,90000,USD
OFR-001135-V1,OFR-001135,APP-0015791,REQ-2024-00705,1,1,initial,superseded,false,2024-07-25,,,,,,2024-09-09,97000,USD
OFR-001135-V2,OFR-001135,APP-0015791,REQ-2024-00705,1,2,negotiation_revision,accepted,true,2024-07-29,2024-08-01,,,,,2024-09-09,102000,USD
OFR-001136-V1,OFR-001136,APP-0015798,REQ-2024-00709,1,1,initial,accepted,true,2024-07-15,2024-07-16,,,,,2024-08-19,99500,USD
OFR-001137-V1,OFR-001137,APP-0015814,REQ-2024-00619,1,1,initial,accepted,true,2024-08-26,2024-08-30,,,,,2024-11-11,256500,USD
OFR-001138-V1,OFR-001138,APP-0015837,REQ-2024-00694,1,1,initial,accepted,true,2024-07-13,2024-07-16,,,,,2024-08-12,51500,USD
OFR-001139-V1,OFR-001139,APP-0015861,REQ-2024-00718,1,1,initial,accepted,true,2024-07-16,2024-07-19,,,,,2024-08-19,97500,USD
OFR-001140-V1,OFR-001140,APP-0015862,REQ-2024-00721,1,1,initial,accepted,true,2024-07-30,2024-08-04,,,,,2024-09-09,96000,USD
OFR-001141-V1,OFR-001141,APP-0015864,REQ-2024-00723,1,1,initial,accepted,true,2024-07-20,2024-07-26,,,,,2024-08-26,124500,USD
OFR-001142-V1,OFR-001142,APP-0015866,REQ-2024-00220,1,1,initial,declined,true,2024-08-06,,2024-08-09,,,,2024-09-03,71500,USD
OFR-001143-V1,OFR-001143,APP-0015884,REQ-2024-00651,1,1,initial,accepted,true,2024-07-26,2024-08-01,,,,,2024-09-02,111500,USD
OFR-001144-V1,OFR-001144,APP-0015892,REQ-2024-00677,1,1,initial,rescinded,true,2024-07-22,2024-07-27,,,2024-08-31,,2024-09-02,81000,USD
OFR-001145-V1,OFR-001145,APP-0015913,REQ-2024-00704,1,1,initial,accepted,true,2024-07-21,2024-07-25,,,,,2024-08-26,110000,USD
OFR-001146-V1,OFR-001146,APP-0015937,REQ-2024-00292,1,1,initial,accepted,true,2024-07-23,2024-07-25,,,,,2024-08-26,139000,USD
OFR-001147-V1,OFR-001147,APP-0015987,REQ-2024-00707,1,1,initial,accepted,true,2024-08-08,2024-08-14,,,,,2024-09-09,90000,USD
OFR-001148-V1,OFR-001148,APP-0015993,REQ-2024-00714,1,1,initial,declined,true,2024-08-18,,2024-08-21,,,,2024-09-15,56000,USD
OFR-001149-V1,OFR-001149,APP-0016003,REQ-2024-00736,1,1,initial,accepted,true,2024-07-27,2024-07-29,,,,,2024-09-02,107000,USD
OFR-001150-V1,OFR-001150,APP-0016008,REQ-2024-00423,1,1,initial,accepted,true,2024-08-06,2024-08-09,,,,,2024-10-14,207500,USD
OFR-001151-V1,OFR-001151,APP-0016022,REQ-2024-00669,1,1,initial,accepted,true,2024-07-23,2024-07-25,,,,,2024-08-12,47000,USD
OFR-001152-V1,OFR-001152,APP-0016055,REQ-2024-00708,1,1,initial,accepted,false,2024-08-17,2024-08-21,,,,,2024-10-14,193000,USD
OFR-001152-V2,OFR-001152,APP-0016055,REQ-2024-00708,1,2,start_date_revision,accepted,true,2024-08-30,2024-08-30,,,,,2024-11-04,193000,USD
OFR-001153-V1,OFR-001153,APP-0016070,REQ-2024-00731,1,1,initial,accepted,false,2024-09-25,2024-10-05,,,,,2024-11-04,72000,USD
OFR-001153-V2,OFR-001153,APP-0016070,REQ-2024-00731,1,2,start_date_revision,accepted,true,2024-10-19,2024-10-19,,,,,2024-11-18,72000,USD
OFR-001154-V1,OFR-001154,APP-0016100,REQ-2024-00696,1,1,initial,accepted,false,2024-07-29,2024-08-01,,,,,2024-08-26,59500,USD
OFR-001154-V2,OFR-001154,APP-0016100,REQ-2024-00696,1,2,letter_reissue,accepted,true,2024-08-09,2024-08-09,,,,,2024-08-26,59500,USD
OFR-001155-V1,OFR-001155,APP-0016106,REQ-2024-00703,1,1,initial,accepted,true,2024-07-26,2024-07-30,,,,,2024-08-26,60500,USD
OFR-001156-V1,OFR-001156,APP-0016109,REQ-2024-00709,1,1,initial,accepted,true,2024-07-23,2024-07-29,,,,,2024-09-02,94500,USD
OFR-001157-V1,OFR-001157,APP-0016123,REQ-2024-00740,1,1,initial,declined,true,2024-07-28,,2024-07-29,,,,2024-08-25,77500,USD
OFR-001158-V1,OFR-001158,APP-0016126,REQ-2024-00741,1,1,initial,declined,true,2024-07-22,,2024-07-24,,,,2024-08-19,46000,USD
OFR-001159-V1,OFR-001159,APP-0016138,REQ-2024-00358,1,1,initial,superseded,false,2024-07-29,,,,,,2024-08-26,127500,USD
OFR-001159-V2,OFR-001159,APP-0016138,REQ-2024-00358,1,2,negotiation_revision,declined,true,2024-07-30,,2024-08-02,,,,2024-08-26,132000,USD
OFR-001160-V1,OFR-001160,APP-0016163,REQ-2024-00699,1,1,initial,declined,true,2024-07-25,,2024-07-27,,,,2024-08-22,48500,USD
OFR-001161-V1,OFR-001161,APP-0016166,REQ-2024-00702,1,1,initial,declined,true,2024-07-20,,2024-07-30,,,,2024-08-17,103500,USD
OFR-001162-V1,OFR-001162,APP-0016174,REQ-2024-00717,1,1,initial,declined,true,2024-07-29,,2024-08-03,,,,2024-08-26,79000,USD
OFR-001163-V1,OFR-001163,APP-0016229,REQ-2024-00697,1,1,initial,declined,true,2024-08-01,,2024-08-05,,,,2024-08-29,87000,USD
OFR-001164-V1,OFR-001164,APP-0016237,REQ-2024-00716,1,1,initial,declined,true,2024-07-23,,2024-07-26,,,,2024-08-20,48500,USD
OFR-001165-V1,OFR-001165,APP-0016247,REQ-2024-00734,1,1,initial,accepted,true,2024-07-28,2024-08-02,,,,,2024-08-26,85000,USD
OFR-001166-V1,OFR-001166,APP-0016255,REQ-2024-00740,1,1,initial,accepted,true,2024-07-31,2024-08-02,,,,,2024-09-16,81000,USD
OFR-001167-V1,OFR-001167,APP-0016260,REQ-2024-00744,1,1,initial,accepted,true,2024-07-21,2024-07-26,,,,,2024-08-26,62000,USD
OFR-001168-V1,OFR-001168,APP-0016291,REQ-2024-00692,1,1,initial,withdrawn,true,2024-07-29,,,2024-07-31,,,2024-08-26,76500,USD
OFR-001169-V1,OFR-001169,APP-0016292,REQ-2024-00692,1,1,initial,accepted,true,2024-07-27,2024-07-30,,,,,2024-08-19,73500,USD
OFR-001170-V1,OFR-001170,APP-0016335,REQ-2024-00741,1,1,initial,accepted,true,2024-07-23,2024-07-25,,,,,2024-08-19,50000,USD
OFR-001171-V1,OFR-001171,APP-0016344,REQ-2024-00744,1,1,initial,accepted,true,2024-07-28,2024-07-30,,,,,2024-08-26,61000,USD
OFR-001172-V1,OFR-001172,APP-0016345,REQ-2024-00744,1,1,initial,accepted,true,2024-07-23,2024-07-30,,,,,2024-08-26,59000,USD
OFR-001173-V1,OFR-001173,APP-0016374,REQ-2024-00699,1,1,initial,declined,true,2024-07-24,,2024-07-27,,,,2024-08-21,52500,USD
OFR-001174-V1,OFR-001174,APP-0016385,REQ-2024-00709,1,1,initial,declined,true,2024-07-27,,2024-07-28,,,,2024-08-24,96000,USD
OFR-001175-V1,OFR-001175,APP-0016386,REQ-2024-00709,1,1,initial,accepted,true,2024-07-22,2024-07-24,,,,,2024-08-26,91500,USD
OFR-001176-V1,OFR-001176,APP-0016412,REQ-2024-00744,1,1,initial,withdrawn,true,2024-07-27,,,2024-07-30,,,2024-08-24,64500,USD
OFR-001177-V1,OFR-001177,APP-0016417,REQ-2024-00744,1,1,initial,accepted,true,2024-07-23,2024-07-28,,,,,2024-08-26,68500,USD
OFR-001178-V1,OFR-001178,APP-0016423,REQ-2024-00746,1,1,initial,accepted,true,2024-07-27,2024-07-30,,,,,2024-09-02,117000,USD
OFR-001179-V1,OFR-001179,APP-0016428,REQ-2024-00750,1,1,initial,accepted,true,2024-08-02,2024-08-06,,,,,2024-08-26,79500,USD
OFR-001180-V1,OFR-001180,APP-0016444,REQ-2024-00610,1,1,initial,accepted,true,2024-08-01,2024-08-06,,,,,2024-09-02,108500,USD
OFR-001181-V1,OFR-001181,APP-0016445,REQ-2024-00617,1,1,initial,accepted,true,2024-08-06,2024-08-09,,,,,2024-09-23,92000,USD
OFR-001182-V1,OFR-001182,APP-0016449,REQ-2024-00631,1,1,initial,accepted,true,2024-08-23,2024-08-27,,,,,2024-09-30,136000,USD
OFR-001183-V1,OFR-001183,APP-0016453,REQ-2024-00660,1,1,initial,accepted,true,2024-08-01,2024-08-04,,,,,2024-09-09,80000,USD
OFR-001184-V1,OFR-001184,APP-0016479,REQ-2024-00716,1,1,initial,accepted,false,2024-07-27,2024-07-28,,,,,2024-08-19,55500,USD
OFR-001184-V2,OFR-001184,APP-0016479,REQ-2024-00716,1,2,start_date_revision,accepted,true,2024-07-30,2024-07-30,,,,,2024-09-02,55500,USD
OFR-001185-V1,OFR-001185,APP-0016486,REQ-2024-00725,1,1,initial,accepted,true,2024-07-29,2024-08-01,,,,,2024-08-19,57000,USD
OFR-001186-V1,OFR-001186,APP-0016487,REQ-2024-00727,1,1,initial,accepted,true,2024-08-07,2024-08-11,,,,,2024-09-02,68500,USD
OFR-001187-V1,OFR-001187,APP-0016489,REQ-2024-00731,1,1,initial,accepted,false,2024-08-06,2024-08-10,,,,,2024-09-16,73500,USD
OFR-001187-V2,OFR-001187,APP-0016489,REQ-2024-00731,1,2,letter_reissue,accepted,true,2024-08-15,2024-08-15,,,,,2024-09-16,73500,USD
OFR-001188-V1,OFR-001188,APP-0016504,REQ-2024-00742,1,1,initial,accepted,true,2024-08-02,2024-08-07,,,,,2024-09-16,114500,USD
OFR-001189-V1,OFR-001189,APP-0016507,REQ-2024-00744,1,1,initial,superseded,false,2024-07-29,,,,,,2024-08-26,63000,USD
OFR-001189-V2,OFR-001189,APP-0016507,REQ-2024-00744,1,2,negotiation_revision,withdrawn,true,2024-07-30,,,2024-07-31,,,2024-08-26,67500,USD
OFR-001190-V1,OFR-001190,APP-0016509,REQ-2024-00744,1,1,initial,withdrawn,true,2024-07-29,,,2024-07-31,,,2024-08-26,60000,USD
OFR-001191-V1,OFR-001191,APP-0016511,REQ-2024-00745,1,1,initial,withdrawn,true,2024-08-04,,,2024-08-11,,,2024-09-01,104500,USD
OFR-001192-V1,OFR-001192,APP-0016513,REQ-2024-00747,1,1,initial,accepted,true,2024-08-02,2024-08-12,,,,,2024-09-09,82000,USD
OFR-001193-V1,OFR-001193,APP-0016520,REQ-2024-00750,1,1,initial,accepted,true,2024-07-25,2024-07-27,,,,,2024-08-19,76000,USD
OFR-001194-V1,OFR-001194,APP-0016535,REQ-2024-00610,1,1,initial,superseded,false,2024-08-13,,,,,,2024-09-16,116000,USD
OFR-001194-V2,OFR-001194,APP-0016535,REQ-2024-00610,1,2,negotiation_revision,accepted,true,2024-08-14,2024-08-15,,,,,2024-09-16,124500,USD
OFR-001195-V1,OFR-001195,APP-0016551,REQ-2024-00692,1,1,initial,accepted,false,2024-07-29,2024-07-30,,,,,2024-08-19,85000,USD
OFR-001195-V2,OFR-001195,APP-0016551,REQ-2024-00692,1,2,start_date_revision,accepted,true,2024-08-10,2024-08-10,,,,,2024-09-02,85000,USD
OFR-001196-V1,OFR-001196,APP-0016554,REQ-2024-00700,1,1,initial,accepted,true,2024-08-14,2024-08-26,,,,,2024-10-14,123500,USD
OFR-001197-V1,OFR-001197,APP-0016581,REQ-2024-00733,1,1,initial,accepted,true,2024-08-08,2024-08-16,,,,,2024-09-02,62000,USD
OFR-001198-V1,OFR-001198,APP-0016595,REQ-2024-00743,1,1,initial,superseded,false,2024-07-26,,,,,,2024-09-02,79000,USD
OFR-001198-V2,OFR-001198,APP-0016595,REQ-2024-00743,1,2,negotiation_revision,accepted,true,2024-07-27,2024-07-28,,,,,2024-09-02,82000,USD
OFR-001199-V1,OFR-001199,APP-0016602,REQ-2024-00754,1,1,initial,accepted,true,2024-08-21,2024-08-27,,,,,2024-09-23,83500,USD
OFR-001200-V1,OFR-001200,APP-0016613,REQ-2024-00467,1,1,initial,accepted,true,2024-08-31,2024-09-06,,,,,2024-10-21,162000,USD
OFR-001201-V1,OFR-001201,APP-0016618,REQ-2024-00623,1,1,initial,accepted,true,2024-07-29,2024-07-31,,,,,2024-08-26,61000,USD
OFR-001202-V1,OFR-001202,APP-0016637,REQ-2024-00725,1,1,initial,withdrawn,true,2024-07-31,,,2024-08-01,,,2024-08-28,51000,USD
OFR-001203-V1,OFR-001203,APP-0016644,REQ-2024-00738,1,1,initial,accepted,true,2024-07-30,2024-08-03,,,,,2024-09-16,91500,USD
OFR-001204-V1,OFR-001204,APP-0016654,REQ-2024-00741,1,1,initial,accepted,true,2024-07-22,2024-07-24,,,,,2024-08-19,50000,USD
OFR-001205-V1,OFR-001205,APP-0016668,REQ-2024-00370,1,1,initial,accepted,true,2024-08-05,2024-08-08,,,,,2024-09-16,122000,USD
OFR-001206-V1,OFR-001206,APP-0016672,REQ-2024-00478,1,1,initial,accepted,true,2024-08-02,2024-08-08,,,,,2024-09-02,104500,USD
OFR-001207-V1,OFR-001207,APP-0016683,REQ-2024-00680,1,1,initial,accepted,true,2024-08-07,2024-08-13,,,,,2024-09-16,73000,USD
OFR-001208-V1,OFR-001208,APP-0016686,REQ-2024-00692,1,1,initial,superseded,false,2024-07-29,,,,,,2024-08-26,72500,USD
OFR-001208-V2,OFR-001208,APP-0016686,REQ-2024-00692,1,2,negotiation_revision,withdrawn,true,2024-07-31,,,2024-08-01,,,2024-08-26,75500,USD
OFR-001209-V1,OFR-001209,APP-0016690,REQ-2024-00697,1,1,initial,declined,true,2024-08-04,,2024-08-08,,,,2024-09-01,91000,USD
OFR-001210-V1,OFR-001210,APP-0016706,REQ-2024-00725,1,1,initial,withdrawn,true,2024-07-27,,,2024-08-01,,,2024-08-24,48500,USD
OFR-001211-V1,OFR-001211,APP-0016715,REQ-2024-00740,1,1,initial,accepted,true,2024-08-16,2024-08-19,,,,,2024-09-30,89000,USD
OFR-001212-V1,OFR-001212,APP-0016723,REQ-2024-00741,1,1,initial,accepted,true,2024-08-04,2024-08-05,,,,,2024-08-26,43000,USD
OFR-001213-V1,OFR-001213,APP-0016760,REQ-2024-00665,1,1,initial,accepted,false,2024-08-16,2024-08-26,,,,,2024-09-30,109000,USD
OFR-001213-V2,OFR-001213,APP-0016760,REQ-2024-00665,1,2,letter_reissue,accepted,true,2024-09-04,2024-09-04,,,,,2024-09-30,109000,USD
OFR-001214-V1,OFR-001214,APP-0016764,REQ-2024-00689,1,1,initial,superseded,false,2024-08-01,,,,,,2024-09-09,92000,USD
OFR-001214-V2,OFR-001214,APP-0016764,REQ-2024-00689,1,2,negotiation_revision,accepted,true,2024-08-03,2024-08-05,,,,,2024-09-09,95500,USD
OFR-001215-V1,OFR-001215,APP-0016766,REQ-2024-00692,1,1,initial,withdrawn,true,2024-07-30,,,2024-08-02,,,2024-08-27,74000,USD
OFR-001216-V1,OFR-001216,APP-0016779,REQ-2024-00711,1,1,initial,accepted,false,2024-08-01,2024-08-03,,,,,2024-09-02,70000,USD
OFR-001216-V2,OFR-001216,APP-0016779,REQ-2024-00711,1,2,start_date_revision,accepted,true,2024-08-09,2024-08-09,,,,,2024-09-16,70000,USD
OFR-001217-V1,OFR-001217,APP-0016796,REQ-2024-00734,1,1,initial,accepted,false,2024-08-11,2024-08-14,,,,,2024-09-09,82500,USD
OFR-001217-V2,OFR-001217,APP-0016796,REQ-2024-00734,1,2,start_date_revision,accepted,true,2024-08-29,2024-08-29,,,,,2024-09-23,82500,USD
OFR-001218-V1,OFR-001218,APP-0016803,REQ-2024-00744,1,1,initial,withdrawn,true,2024-07-28,,,2024-07-31,,,2024-08-25,65000,USD
OFR-001219-V1,OFR-001219,APP-0016813,REQ-2024-00750,1,1,initial,accepted,true,2024-07-31,2024-08-04,,,,,2024-09-02,77000,USD
OFR-001220-V1,OFR-001220,APP-0016835,REQ-2024-00659,1,1,initial,accepted,true,2024-08-15,2024-08-18,,,,,2024-09-23,108000,USD
OFR-001221-V1,OFR-001221,APP-0016845,REQ-2024-00698,1,1,initial,declined,true,2024-08-07,,2024-08-12,,,,2024-09-04,124500,USD
OFR-001222-V1,OFR-001222,APP-0016854,REQ-2024-00709,1,1,initial,withdrawn,true,2024-07-29,,,2024-07-29,,,2024-08-26,94500,USD
OFR-001223-V1,OFR-001223,APP-0016863,REQ-2024-00720,1,1,initial,accepted,true,2024-08-30,2024-09-06,,,,,2024-10-07,88000,USD
OFR-001224-V1,OFR-001224,APP-0016865,REQ-2024-00722,1,1,initial,accepted,true,2024-08-10,2024-08-12,,,,,2024-09-09,80500,USD
OFR-001225-V1,OFR-001225,APP-0016913,REQ-2024-00667,1,1,initial,superseded,false,2024-08-23,,,,,,2024-09-20,102000,USD
OFR-001225-V2,OFR-001225,APP-0016913,REQ-2024-00667,1,2,negotiation_revision,withdrawn,true,2024-08-24,,,2024-08-28,,,2024-09-20,109500,USD
OFR-001226-V1,OFR-001226,APP-0016916,REQ-2024-00684,1,1,initial,reneged,true,2024-07-30,2024-08-01,,,,2024-08-22,2024-08-26,62000,USD
OFR-001227-V1,OFR-001227,APP-0016923,REQ-2024-00704,1,1,initial,accepted,true,2024-08-01,2024-08-02,,,,,2024-09-16,102000,USD
OFR-001228-V1,OFR-001228,APP-0016945,REQ-2024-00741,1,1,initial,withdrawn,true,2024-08-04,,,2024-08-05,,,2024-09-01,44000,USD
OFR-001229-V1,OFR-001229,APP-0016951,REQ-2024-00745,1,1,initial,accepted,true,2024-08-05,2024-08-10,,,,,2024-09-02,100000,USD
OFR-001230-V1,OFR-001230,APP-0016972,REQ-2024-00498,1,1,initial,accepted,false,2024-08-17,2024-08-18,,,,,2024-09-09,92000,USD
OFR-001230-V2,OFR-001230,APP-0016972,REQ-2024-00498,1,2,letter_reissue,accepted,true,2024-09-01,2024-09-01,,,,,2024-09-09,92000,USD
OFR-001231-V1,OFR-001231,APP-0016976,REQ-2024-00541,1,1,initial,superseded,false,2024-08-23,,,,,,2024-09-23,97500,USD
OFR-001231-V2,OFR-001231,APP-0016976,REQ-2024-00541,1,2,negotiation_revision,accepted,true,2024-08-24,2024-08-25,,,,,2024-09-23,101000,USD
OFR-001232-V1,OFR-001232,APP-0016982,REQ-2024-00678,1,1,initial,accepted,true,2024-08-16,2024-08-24,,,,,2024-09-16,71500,USD
OFR-001233-V1,OFR-001233,APP-0017014,REQ-2024-00741,1,1,initial,withdrawn,true,2024-08-02,,,2024-08-05,,,2024-08-30,49500,USD
OFR-001234-V1,OFR-001234,APP-0017026,REQ-2024-00751,1,1,initial,accepted,true,2024-08-09,2024-08-11,,,,,2024-09-23,92000,USD
OFR-001235-V1,OFR-001235,APP-0017044,REQ-2024-00765,1,1,initial,superseded,false,2024-08-09,,,,,,2024-09-02,74500,USD
OFR-001235-V2,OFR-001235,APP-0017044,REQ-2024-00765,1,2,negotiation_revision,accepted,false,2024-08-11,2024-08-12,,,,,2024-09-02,80000,USD
OFR-001235-V3,OFR-001235,APP-0017044,REQ-2024-00765,1,3,salary_correction,accepted,true,2024-08-18,2024-08-18,,,,,2024-09-02,79500,USD
OFR-001236-V1,OFR-001236,APP-0017074,REQ-2024-00732,1,1,initial,superseded,false,2024-08-06,,,,,,2024-09-16,98500,USD
OFR-001236-V2,OFR-001236,APP-0017074,REQ-2024-00732,1,2,negotiation_revision,accepted,true,2024-08-13,2024-08-14,,,,,2024-09-16,105000,USD
OFR-001237-V1,OFR-001237,APP-0017089,REQ-2024-00750,1,1,initial,superseded,false,2024-08-04,,,,,,2024-09-01,84500,USD
OFR-001237-V2,OFR-001237,APP-0017089,REQ-2024-00750,1,2,negotiation_revision,withdrawn,true,2024-08-05,,,2024-08-06,,,2024-09-01,88000,USD
OFR-001238-V1,OFR-001238,APP-0017095,REQ-2024-00763,1,1,initial,superseded,false,2024-07-31,,,,,,2024-08-19,57500,USD
OFR-001238-V2,OFR-001238,APP-0017095,REQ-2024-00763,1,2,negotiation_revision,accepted,false,2024-08-01,2024-08-02,,,,,2024-08-19,61500,USD
OFR-001238-V3,OFR-001238,APP-0017095,REQ-2024-00763,1,3,start_date_revision,rescinded,true,2024-08-10,2024-08-10,,,2024-08-21,,2024-09-07,61500,USD
OFR-001239-V1,OFR-001239,APP-0017102,REQ-2024-00765,1,1,initial,accepted,true,2024-08-02,2024-08-05,,,,,2024-09-02,66500,USD
OFR-001240-V1,OFR-001240,APP-0017106,REQ-2024-00770,1,1,initial,accepted,true,2024-08-03,2024-08-10,,,,,2024-09-02,66500,USD
OFR-001241-V1,OFR-001241,APP-0017114,REQ-2024-00205,1,1,initial,declined,true,2024-09-01,,2024-09-06,,,,2024-09-29,119500,USD
OFR-001242-V1,OFR-001242,APP-0017147,REQ-2024-00741,1,1,initial,accepted,true,2024-08-03,2024-08-04,,,,,2024-08-26,47500,USD
OFR-001243-V1,OFR-001243,APP-0017168,REQ-2024-00765,1,1,initial,accepted,true,2024-08-15,2024-08-17,,,,,2024-09-09,69000,USD
OFR-001244-V1,OFR-001244,APP-0017209,REQ-2024-00714,1,1,initial,accepted,true,2024-08-27,2024-09-02,,,,,2024-09-30,62500,USD
OFR-001245-V1,OFR-001245,APP-0017233,REQ-2024-00758,1,1,initial,declined,true,2024-08-26,,2024-08-30,,,,2024-09-23,94500,USD
OFR-001246-V1,OFR-001246,APP-0017235,REQ-2024-00761,1,1,initial,superseded,false,2024-08-18,,,,,,2024-09-16,82500,USD
OFR-001246-V2,OFR-001246,APP-0017235,REQ-2024-00761,1,2,negotiation_revision,accepted,false,2024-08-21,2024-08-23,,,,,2024-09-16,88500,USD
OFR-001246-V3,OFR-001246,APP-0017235,REQ-2024-00761,1,3,salary_correction,accepted,true,2024-08-26,2024-08-26,,,,,2024-09-16,90000,USD
OFR-001247-V1,OFR-001247,APP-0017281,REQ-2024-00706,1,1,initial,declined,true,2024-08-06,,2024-08-08,,,,2024-09-03,45000,USD
OFR-001248-V1,OFR-001248,APP-0017315,REQ-2024-00756,1,1,initial,accepted,false,2024-08-27,2024-08-29,,,,,2024-10-07,125500,USD
OFR-001248-V2,OFR-001248,APP-0017315,REQ-2024-00756,1,2,start_date_revision,accepted,true,2024-09-12,2024-09-12,,,,,2024-10-21,125500,USD
OFR-001249-V1,OFR-001249,APP-0017330,REQ-2024-00770,1,1,initial,accepted,false,2024-08-08,2024-08-12,,,,,2024-09-02,76000,USD
OFR-001249-V2,OFR-001249,APP-0017330,REQ-2024-00770,1,2,start_date_revision,accepted,true,2024-08-21,2024-08-21,,,,,2024-09-16,76000,USD
OFR-001250-V1,OFR-001250,APP-0017336,REQ-2024-00220,1,1,initial,accepted,false,2024-09-05,2024-09-14,,,,,2024-09-30,73000,USD
OFR-001250-V2,OFR-001250,APP-0017336,REQ-2024-00220,1,2,letter_reissue,accepted,true,2024-09-28,2024-09-28,,,,,2024-09-30,73000,USD
OFR-001251-V1,OFR-001251,APP-0017373,REQ-2024-00735,1,1,initial,accepted,false,2024-08-04,2024-08-11,,,,,2024-09-09,85500,USD
OFR-001251-V2,OFR-001251,APP-0017373,REQ-2024-00735,1,2,start_date_revision,accepted,true,2024-08-17,2024-08-17,,,,,2024-09-16,85500,USD
OFR-001252-V1,OFR-001252,APP-0017388,REQ-2024-00756,1,1,initial,superseded,false,2024-08-26,,,,,,2024-10-14,124000,USD
OFR-001252-V2,OFR-001252,APP-0017388,REQ-2024-00756,1,2,negotiation_revision,accepted,true,2024-08-27,2024-08-30,,,,,2024-10-14,128500,USD
OFR-001253-V1,OFR-001253,APP-0017413,REQ-2024-00094,1,1,initial,accepted,false,2024-08-21,2024-09-06,,,,,2024-10-21,138000,USD
OFR-001253-V2,OFR-001253,APP-0017413,REQ-2024-00094,1,2,letter_reissue,accepted,true,2024-09-09,2024-09-09,,,,,2024-10-21,138000,USD
OFR-001254-V1,OFR-001254,APP-0017423,REQ-2024-00585,1,1,initial,accepted,true,2024-08-28,2024-09-01,,,,,2024-10-21,164500,USD
OFR-001255-V1,OFR-001255,APP-0017427,REQ-2024-00649,1,1,initial,accepted,true,2024-08-22,2024-09-04,,,,,2024-10-07,115000,USD
OFR-001256-V1,OFR-001256,APP-0017452,REQ-2024-00732,1,1,initial,accepted,true,2024-08-14,2024-08-17,,,,,2024-09-23,88500,USD
OFR-001257-V1,OFR-001257,APP-0017467,REQ-2024-00756,1,1,initial,withdrawn,true,2024-09-04,,,2024-09-09,,,2024-10-02,128500,USD
OFR-001258-V1,OFR-001258,APP-0017468,REQ-2024-00756,1,1,initial,accepted,true,2024-08-28,2024-09-07,,,,,2024-10-14,129000,USD
OFR-001259-V1,OFR-001259,APP-0017479,REQ-2024-00775,1,1,initial,accepted,true,2024-09-02,2024-09-05,,,,,2024-09-30,88500,USD
OFR-001260-V1,OFR-001260,APP-0017513,REQ-2024-00726,1,1,initial,superseded,false,2024-08-09,,,,,,2024-09-16,139500,USD
OFR-001260-V2,OFR-001260,APP-0017513,REQ-2024-00726,1,2,negotiation_revision,accepted,true,2024-08-10,2024-08-12,,,,,2024-09-16,145500,USD
OFR-001261-V1,OFR-001261,APP-0017537,REQ-2024-00762,1,1,initial,declined,true,2024-08-21,,2024-08-30,,,,2024-09-18,100500,USD
OFR-001262-V1,OFR-001262,APP-0017553,REQ-2024-00784,1,1,initial,declined,true,2024-08-19,,2024-08-24,,,,2024-09-16,74500,USD
OFR-001263-V1,OFR-001263,APP-0017609,REQ-2024-00783,1,1,initial,accepted,true,2024-08-16,2024-08-18,,,,,2024-09-23,126000,USD
OFR-001264-V1,OFR-001264,APP-0017615,REQ-2024-00794,1,1,initial,accepted,true,2024-08-25,2024-08-26,,,,,2024-09-23,91500,USD
OFR-001265-V1,OFR-001265,APP-0017640,REQ-2024-00732,1,1,initial,withdrawn,true,2024-08-13,,,2024-08-17,,,2024-09-10,93000,USD
OFR-001266-V1,OFR-001266,APP-0017641,REQ-2024-00732,1,1,initial,declined,true,2024-08-09,,2024-08-11,,,,2024-09-06,95500,USD
OFR-001267-V1,OFR-001267,APP-0017652,REQ-2024-00753,1,1,initial,accepted,false,2024-08-26,2024-09-01,,,,,2024-11-04,228000,USD
OFR-001267-V2,OFR-001267,APP-0017652,REQ-2024-00753,1,2,letter_reissue,accepted,true,2024-09-08,2024-09-08,,,,,2024-11-04,228000,USD
OFR-001268-V1,OFR-001268,APP-0017665,REQ-2024-00772,1,1,initial,declined,true,2024-08-26,,2024-09-04,,,,2024-09-23,62500,USD
OFR-001269-V1,OFR-001269,APP-0017670,REQ-2024-00785,1,1,initial,accepted,true,2024-09-08,2024-09-16,,,,,2024-10-21,86500,USD
OFR-001270-V1,OFR-001270,APP-0017676,REQ-2024-00798,1,1,initial,accepted,true,2024-08-08,2024-08-10,,,,,2024-08-26,56500,USD
OFR-001271-V1,OFR-001271,APP-0017696,REQ-2024-00713,1,1,initial,reneged,true,2024-10-02,2024-10-06,,,,2024-10-22,2024-11-04,119500,USD
OFR-001272-V1,OFR-001272,APP-0017738,REQ-2024-00800,1,1,initial,accepted,false,2024-08-28,2024-08-31,,,,,2024-09-30,108000,USD
OFR-001272-V2,OFR-001272,APP-0017738,REQ-2024-00800,1,2,salary_correction,accepted,true,2024-09-12,2024-09-12,,,,,2024-09-30,108300,USD
OFR-001273-V1,OFR-001273,APP-0017820,REQ-2024-00509,1,1,initial,accepted,true,2024-08-31,2024-09-06,,,,,2024-10-07,90000,USD
OFR-001274-V1,OFR-001274,APP-0017842,REQ-2024-00740,1,1,initial,accepted,true,2024-08-17,2024-08-22,,,,,2024-09-23,79500,USD
OFR-001275-V1,OFR-001275,APP-0017875,REQ-2024-00802,1,1,initial,accepted,true,2024-08-14,2024-08-18,,,,,2024-09-30,85500,USD
OFR-001276-V1,OFR-001276,APP-0017876,REQ-2024-00802,1,1,initial,accepted,true,2024-08-18,2024-08-21,,,,,2024-09-30,77500,USD
OFR-001277-V1,OFR-001277,APP-0017878,REQ-2024-00811,1,1,initial,accepted,true,2024-08-12,2024-08-17,,,,,2024-09-30,135000,USD
OFR-001278-V1,OFR-001278,APP-0017881,REQ-2024-00280,1,1,initial,accepted,true,2024-08-25,2024-08-28,,,,,2024-09-23,85500,USD
OFR-001279-V1,OFR-001279,APP-0017896,REQ-2024-00683,1,1,initial,withdrawn,true,2024-09-23,,,2024-09-26,,,2024-10-21,178000,USD
OFR-001280-V1,OFR-001280,APP-0017920,REQ-2024-00770,1,1,initial,declined,true,2024-08-22,,2024-08-23,,,,2024-09-19,65500,USD
OFR-001281-V1,OFR-001281,APP-0017935,REQ-2024-00793,1,1,initial,accepted,true,2024-08-18,2024-08-22,,,,,2024-09-23,95500,USD
OFR-001282-V1,OFR-001282,APP-0017965,REQ-2024-00684,1,1,initial,accepted,true,2024-08-14,2024-08-16,,,,,2024-09-09,59500,USD
OFR-001283-V1,OFR-001283,APP-0017986,REQ-2024-00768,1,1,initial,accepted,true,2024-08-29,2024-09-01,,,,,2024-10-14,125000,USD
OFR-001284-V1,OFR-001284,APP-0018010,REQ-2024-00810,1,1,initial,superseded,false,2024-08-15,,,,,,2024-09-02,48500,USD
OFR-001284-V2,OFR-001284,APP-0018010,REQ-2024-00810,1,2,negotiation_revision,accepted,true,2024-08-16,2024-08-20,,,,,2024-09-02,52000,USD
OFR-001285-V1,OFR-001285,APP-0018047,REQ-2024-00770,1,1,initial,accepted,true,2024-08-18,2024-08-19,,,,,2024-09-16,75500,USD
OFR-001286-V1,OFR-001286,APP-0018058,REQ-2024-00787,1,1,initial,accepted,true,2024-08-19,2024-08-24,,,,,2024-09-23,98500,USD
OFR-001287-V1,OFR-001287,APP-0018066,REQ-2024-00810,1,1,initial,declined,true,2024-08-22,,2024-08-23,,,,2024-09-19,57000,USD
OFR-001288-V1,OFR-001288,APP-0018110,REQ-2024-00765,1,1,initial,withdrawn,true,2024-08-17,,,2024-08-18,,,2024-09-14,68500,USD
OFR-001289-V1,OFR-001289,APP-0018116,REQ-2024-00770,1,1,initial,accepted,false,2024-08-18,2024-08-21,,,,,2024-09-09,73500,USD
OFR-001289-V2,OFR-001289,APP-0018116,REQ-2024-00770,1,2,salary_correction,accepted,true,2024-09-02,2024-09-02,,,,,2024-09-09,73400,USD
OFR-001290-V1,OFR-001290,APP-0018123,REQ-2024-00793,1,1,initial,accepted,true,2024-09-28,2024-10-02,,,,,2024-11-04,93500,USD
OFR-001291-V1,OFR-001291,APP-0018128,REQ-2024-00798,1,1,initial,declined,true,2024-08-19,,2024-08-23,,,,2024-09-16,54500,USD
OFR-001292-V1,OFR-001292,APP-0018151,REQ-2024-00149,1,1,initial,superseded,false,2024-09-12,,,,,,2024-10-07,68500,USD
OFR-001292-V2,OFR-001292,APP-0018151,REQ-2024-00149,1,2,negotiation_revision,accepted,false,2024-09-14,2024-09-17,,,,,2024-10-07,72000,USD
OFR-001292-V3,OFR-001292,APP-0018151,REQ-2024-00149,1,3,letter_reissue,accepted,true,2024-09-21,2024-09-21,,,,,2024-10-07,72000,USD
OFR-001293-V1,OFR-001293,APP-0018162,REQ-2024-00695,1,1,initial,accepted,true,2024-09-02,2024-09-07,,,,,2024-10-21,114000,USD
OFR-001294-V1,OFR-001294,APP-0018221,REQ-2024-00236,1,1,initial,accepted,true,2024-08-20,2024-08-21,,,,,2024-09-09,45000,USD
OFR-001295-V1,OFR-001295,APP-0018234,REQ-2024-00663,1,1,initial,superseded,false,2024-09-06,,,,,,2024-10-07,91500,USD
OFR-001295-V2,OFR-001295,APP-0018234,REQ-2024-00663,1,2,negotiation_revision,accepted,true,2024-09-10,2024-09-11,,,,,2024-10-07,94500,USD
OFR-001296-V1,OFR-001296,APP-0018277,REQ-2024-00820,1,1,initial,accepted,true,2024-08-25,2024-08-29,,,,,2024-09-30,127000,USD
OFR-001297-V1,OFR-001297,APP-0018281,REQ-2024-00823,1,1,initial,declined,true,2024-09-03,,2024-09-10,,,,2024-10-01,86500,USD
OFR-001298-V1,OFR-001298,APP-0018297,REQ-2024-00657,1,1,initial,accepted,true,2024-08-31,2024-09-06,,,,,2024-10-07,97000,USD
OFR-001299-V1,OFR-001299,APP-0018303,REQ-2024-00714,1,1,initial,accepted,true,2024-08-24,2024-08-28,,,,,2024-09-23,61000,USD
OFR-001300-V1,OFR-001300,APP-0018322,REQ-2024-00779,1,1,initial,accepted,true,2024-09-01,2024-09-03,,,,,2024-10-14,110000,USD
OFR-001301-V1,OFR-001301,APP-0018338,REQ-2024-00817,1,1,initial,accepted,true,2024-08-20,2024-08-29,,,,,2024-10-07,130500,USD
OFR-001302-V1,OFR-001302,APP-0018344,REQ-2024-00821,1,1,initial,withdrawn,true,2024-09-07,,,2024-09-09,,,2024-10-05,146500,USD
OFR-001303-V1,OFR-001303,APP-0018357,REQ-2024-00263,1,1,initial,superseded,false,2024-08-28,,,,,,2024-09-16,76500,USD
OFR-001303-V2,OFR-001303,APP-0018357,REQ-2024-00263,1,2,negotiation_revision,accepted,true,2024-08-31,2024-09-01,,,,,2024-09-16,82000,USD
OFR-001304-V1,OFR-001304,APP-0018367,REQ-2024-00658,1,1,initial,accepted,true,2024-09-25,2024-10-01,,,,,2024-11-04,97500,USD
OFR-001305-V1,OFR-001305,APP-0018392,REQ-2024-00796,1,1,initial,accepted,true,2024-09-27,2024-10-02,,,,,2024-10-28,82500,USD
OFR-001306-V1,OFR-001306,APP-0018400,REQ-2024-00806,1,1,initial,accepted,false,2024-08-24,2024-08-27,,,,,2024-09-30,84500,USD
OFR-001306-V2,OFR-001306,APP-0018400,REQ-2024-00806,1,2,salary_correction,rescinded,true,2024-09-10,2024-09-10,,,2024-09-17,,2024-09-30,83800,USD
OFR-001307-V1,OFR-001307,APP-0018411,REQ-2024-00821,1,1,initial,accepted,true,2024-09-06,2024-09-09,,,,,2024-10-14,128500,USD
OFR-001308-V1,OFR-001308,APP-0018417,REQ-2024-00830,1,1,initial,declined,true,2024-08-25,,2024-08-29,,,,2024-09-22,43500,USD
OFR-001309-V1,OFR-001309,APP-0018418,REQ-2024-00831,1,1,initial,superseded,false,2024-08-25,,,,,,2024-09-22,85500,USD
OFR-001309-V2,OFR-001309,APP-0018418,REQ-2024-00831,1,2,negotiation_revision,declined,true,2024-08-26,,2024-08-29,,,,2024-09-22,91500,USD
OFR-001310-V1,OFR-001310,APP-0018457,REQ-2024-00804,1,1,initial,accepted,true,2024-08-23,2024-08-26,,,,,2024-09-30,103000,USD
OFR-001311-V1,OFR-001311,APP-0018477,REQ-2024-00060,1,1,initial,accepted,true,2024-09-04,2024-09-09,,,,,2024-10-21,122500,USD
OFR-001312-V1,OFR-001312,APP-0018485,REQ-2024-00428,1,1,initial,superseded,false,2024-09-26,,,,,,2024-11-18,83500,USD
OFR-001312-V2,OFR-001312,APP-0018485,REQ-2024-00428,1,2,negotiation_revision,accepted,true,2024-10-10,2024-10-13,,,,,2024-11-18,87500,USD
OFR-001313-V1,OFR-001313,APP-0018503,REQ-2024-00773,1,1,initial,accepted,true,2024-10-21,2024-10-22,,,,,2024-11-25,124500,USD
OFR-001314-V1,OFR-001314,APP-0018508,REQ-2024-00797,1,1,initial,accepted,true,2024-12-10,2024-12-19,,,,,2025-02-24,228000,USD
OFR-001315-V1,OFR-001315,APP-0018512,REQ-2024-00802,1,1,initial,withdrawn,true,2024-08-30,,,2024-09-03,,,2024-09-27,78500,USD
OFR-001316-V1,OFR-001316,APP-0018518,REQ-2024-00802,1,1,initial,accepted,true,2024-08-24,2024-08-26,,,,,2024-10-07,80000,USD
OFR-001317-V1,OFR-001317,APP-0018519,REQ-2024-00802,1,1,initial,reneged,true,2024-08-21,2024-08-24,,,,2024-09-19,2024-10-07,91000,USD
OFR-001318-V1,OFR-001318,APP-0018519,REQ-2024-00802,2,1,initial,reneged,true,2024-10-01,2024-10-03,,,,2024-10-20,2024-10-24,76000,USD
OFR-001319-V1,OFR-001319,APP-0018541,REQ-2024-00830,1,1,initial,superseded,false,2024-08-25,,,,,,2024-09-09,51000,USD
OFR-001319-V2,OFR-001319,APP-0018541,REQ-2024-00830,1,2,negotiation_revision,accepted,false,2024-08-26,2024-08-27,,,,,2024-09-09,54500,USD
OFR-001319-V3,OFR-001319,APP-0018541,REQ-2024-00830,1,3,start_date_revision,accepted,true,2024-09-10,2024-09-10,,,,,2024-09-23,54500,USD
OFR-001320-V1,OFR-001320,APP-0018557,REQ-2024-00533,1,1,initial,accepted,true,2024-08-28,2024-09-02,,,,,2024-10-07,111500,USD
OFR-001321-V1,OFR-001321,APP-0018559,REQ-2024-00600,1,1,initial,accepted,true,2024-08-31,2024-09-06,,,,,2024-09-30,53000,USD
OFR-001322-V1,OFR-001322,APP-0018568,REQ-2024-00701,1,1,initial,accepted,false,2024-11-02,2024-11-13,,,,,2025-01-13,258500,USD
OFR-001322-V2,OFR-001322,APP-0018568,REQ-2024-00701,1,2,start_date_revision,accepted,true,2024-11-20,2024-11-20,,,,,2025-02-03,258500,USD
OFR-001323-V1,OFR-001323,APP-0018575,REQ-2024-00767,1,1,initial,superseded,false,2024-09-10,,,,,,2024-10-21,103000,USD
OFR-001323-V2,OFR-001323,APP-0018575,REQ-2024-00767,1,2,negotiation_revision,accepted,true,2024-09-13,2024-09-19,,,,,2024-10-21,111000,USD
OFR-001324-V1,OFR-001324,APP-0018618,REQ-2024-00831,1,1,initial,withdrawn,true,2024-09-03,,,2024-09-06,,,2024-10-01,81000,USD
OFR-001325-V1,OFR-001325,APP-0018627,REQ-2024-00369,1,1,initial,accepted,false,2024-09-05,2024-09-11,,,,,2024-10-14,136000,USD
OFR-001325-V2,OFR-001325,APP-0018627,REQ-2024-00369,1,2,salary_correction,reneged,true,2024-09-19,2024-09-19,,,,2024-10-12,2024-10-14,136400,USD
OFR-001326-V1,OFR-001326,APP-0018632,REQ-2024-00568,1,1,initial,accepted,true,2024-09-01,2024-09-08,,,,,2024-10-14,104000,USD
OFR-001327-V1,OFR-001327,APP-0018671,REQ-2024-00830,1,1,initial,accepted,false,2024-08-27,2024-08-29,,,,,2024-09-16,45000,USD
OFR-001327-V2,OFR-001327,APP-0018671,REQ-2024-00830,1,2,letter_reissue,accepted,true,2024-09-04,2024-09-04,,,,,2024-09-16,45000,USD
OFR-001328-V1,OFR-001328,APP-0018675,REQ-2024-00833,1,1,initial,accepted,true,2024-09-14,2024-09-17,,,,,2024-10-07,92500,USD
OFR-001329-V1,OFR-001329,APP-0018700,REQ-2024-00706,1,1,initial,accepted,true,2024-08-22,2024-08-23,,,,,2024-09-16,45500,USD
OFR-001330-V1,OFR-001330,APP-0018727,REQ-2024-00823,1,1,initial,accepted,true,2024-09-05,2024-09-07,,,,,2024-10-14,87500,USD
OFR-001331-V1,OFR-001331,APP-0018746,REQ-2024-00333,1,1,initial,accepted,true,2024-09-19,2024-09-24,,,,,2024-10-21,78000,USD
OFR-001332-V1,OFR-001332,APP-0018752,REQ-2024-00590,1,1,initial,accepted,true,2024-09-15,2024-09-20,,,,,2024-11-04,97000,USD
OFR-001333-V1,OFR-001333,APP-0018763,REQ-2024-00764,1,1,initial,accepted,true,2024-09-02,2024-09-10,,,,,2024-10-28,138000,USD
OFR-001334-V1,OFR-001334,APP-0018784,REQ-2024-00823,1,1,initial,accepted,true,2024-09-07,2024-09-09,,,,,2024-10-21,78000,USD
OFR-001335-V1,OFR-001335,APP-0018788,REQ-2024-00827,1,1,initial,accepted,true,2024-08-25,2024-08-26,,,,,2024-09-16,77500,USD
OFR-001336-V1,OFR-001336,APP-0018810,REQ-2024-00487,1,1,initial,declined,true,2024-09-19,,2024-09-21,,,,2024-10-17,65000,USD
OFR-001337-V1,OFR-001337,APP-0018815,REQ-2024-00625,1,1,initial,accepted,true,2024-09-23,2024-09-29,,,,,2024-10-28,95000,USD
OFR-001338-V1,OFR-001338,APP-0018816,REQ-2024-00647,1,1,initial,declined,true,2024-09-02,,2024-09-06,,,,2024-09-30,62500,USD
OFR-001339-V1,OFR-001339,APP-0018842,REQ-2024-00802,1,1,initial,accepted,true,2024-08-29,2024-08-31,,,,,2024-10-14,90500,USD
OFR-001340-V1,OFR-001340,APP-0018869,REQ-2024-00840,1,1,initial,accepted,true,2024-08-26,2024-08-29,,,,,2024-09-30,97500,USD
OFR-001341-V1,OFR-001341,APP-0018898,REQ-2024-00772,1,1,initial,accepted,false,2024-09-09,2024-09-10,,,,,2024-09-23,62500,USD
OFR-001341-V2,OFR-001341,APP-0018898,REQ-2024-00772,1,2,start_date_revision,accepted,true,2024-09-24,2024-09-24,,,,,2024-10-14,62500,USD
OFR-001342-V1,OFR-001342,APP-0018900,REQ-2024-00776,1,1,initial,accepted,true,2024-09-09,2024-09-15,,,,,2024-10-14,83000,USD
OFR-001343-V1,OFR-001343,APP-0018911,REQ-2024-00813,1,1,initial,accepted,true,2024-09-10,2024-09-16,,,,,2024-11-04,140000,USD
OFR-001344-V1,OFR-001344,APP-0018927,REQ-2024-00840,1,1,initial,superseded,false,2024-08-28,,,,,,2024-10-07,88500,USD
OFR-001344-V2,OFR-001344,APP-0018927,REQ-2024-00840,1,2,negotiation_revision,accepted,true,2024-08-29,2024-08-31,,,,,2024-10-07,92000,USD
OFR-001345-V1,OFR-001345,APP-0018939,REQ-2024-00856,1,1,initial,accepted,true,2024-09-10,2024-09-16,,,,,2024-10-21,112000,USD
OFR-001346-V1,OFR-001346,APP-0018967,REQ-2024-00793,1,1,initial,superseded,false,2024-09-02,,,,,,2024-10-14,96000,USD
OFR-001346-V2,OFR-001346,APP-0018967,REQ-2024-00793,1,2,negotiation_revision,accepted,true,2024-09-06,2024-09-08,,,,,2024-10-14,101500,USD
OFR-001347-V1,OFR-001347,APP-0018973,REQ-2024-00813,1,1,initial,withdrawn,true,2024-09-12,,,2024-09-16,,,2024-10-10,129000,USD
OFR-001348-V1,OFR-001348,APP-0018982,REQ-2024-00823,1,1,initial,accepted,true,2024-09-04,2024-09-06,,,,,2024-10-07,80500,USD
OFR-001349-V1,OFR-001349,APP-0018990,REQ-2024-00834,1,1,initial,accepted,true,2024-09-05,2024-09-09,,,,,2024-11-04,172500,USD
OFR-001350-V1,OFR-001350,APP-0018991,REQ-2024-00835,1,1,initial,superseded,false,2024-09-23,,,,,,2024-11-04,121500,USD
OFR-001350-V2,OFR-001350,APP-0018991,REQ-2024-00835,1,2,negotiation_revision,accepted,true,2024-09-28,2024-09-29,,,,,2024-11-04,128500,USD
OFR-001351-V1,OFR-001351,APP-0018994,REQ-2024-00838,1,1,initial,accepted,true,2024-09-19,2024-09-21,,,,,2024-10-14,75500,USD
OFR-001352-V1,OFR-001352,APP-0019083,REQ-2024-00784,1,1,initial,superseded,false,2024-09-03,,,,,,2024-10-01,76000,USD
OFR-001352-V2,OFR-001352,APP-0019083,REQ-2024-00784,1,2,negotiation_revision,declined,true,2024-09-04,,2024-09-05,,,,2024-10-01,79000,USD
OFR-001353-V1,OFR-001353,APP-0019118,REQ-2024-00853,1,1,initial,declined,true,2024-09-13,,2024-09-14,,,,2024-10-11,62000,USD
OFR-001354-V1,OFR-001354,APP-0019120,REQ-2024-00853,1,1,initial,accepted,true,2024-09-05,2024-09-08,,,,,2024-09-23,58500,USD
OFR-001355-V1,OFR-001355,APP-0019123,REQ-2024-00860,1,1,initial,superseded,false,2024-09-02,,,,,,2024-10-07,76000,USD
OFR-001355-V2,OFR-001355,APP-0019123,REQ-2024-00860,1,2,negotiation_revision,reneged,true,2024-09-07,2024-09-10,,,,2024-09-27,2024-10-07,80500,USD
OFR-001356-V1,OFR-001356,APP-0019124,REQ-2024-00861,1,1,initial,rescinded,true,2024-09-12,2024-09-14,,,2024-09-22,,2024-10-14,69000,USD
OFR-001357-V1,OFR-001357,APP-0019125,REQ-2024-00046,1,1,initial,superseded,false,2024-09-05,,,,,,2024-10-03,75000,USD
OFR-001357-V2,OFR-001357,APP-0019125,REQ-2024-00046,1,2,negotiation_revision,declined,true,2024-09-07,,2024-09-08,,,,2024-10-03,78000,USD
OFR-001358-V1,OFR-001358,APP-0019138,REQ-2024-00641,1,1,initial,accepted,true,2024-09-17,2024-09-22,,,,,2024-11-04,139500,USD
OFR-001359-V1,OFR-001359,APP-0019141,REQ-2024-00739,1,1,initial,declined,true,2024-09-22,,2024-09-25,,,,2024-10-20,128500,USD
OFR-001360-V1,OFR-001360,APP-0019151,REQ-2024-00812,1,1,initial,accepted,true,2024-09-11,2024-09-19,,,,,2024-10-14,73500,USD
OFR-001361-V1,OFR-001361,APP-0019166,REQ-2024-00831,1,1,initial,superseded,false,2024-09-02,,,,,,2024-09-23,81000,USD
OFR-001361-V2,OFR-001361,APP-0019166,REQ-2024-00831,1,2,negotiation_revision,accepted,false,2024-09-04,2024-09-05,,,,,2024-09-23,87000,USD
OFR-001361-V3,OFR-001361,APP-0019166,REQ-2024-00831,1,3,start_date_revision,accepted,true,2024-09-10,2024-09-10,,,,,2024-10-14,87000,USD
OFR-001362-V1,OFR-001362,APP-0019175,REQ-2024-00845,1,1,initial,accepted,true,2024-09-06,2024-09-09,,,,,2024-10-14,83000,USD
OFR-001363-V1,OFR-001363,APP-0019179,REQ-2024-00852,1,1,initial,accepted,true,2024-09-14,2024-09-17,,,,,2024-10-21,109000,USD
OFR-001364-V1,OFR-001364,APP-0019182,REQ-2024-00853,1,1,initial,superseded,false,2024-09-07,,,,,,2024-10-05,62000,USD
OFR-001364-V2,OFR-001364,APP-0019182,REQ-2024-00853,1,2,negotiation_revision,declined,true,2024-09-10,,2024-09-11,,,,2024-10-05,64500,USD
OFR-001365-V1,OFR-001365,APP-0019188,REQ-2024-00858,1,1,initial,accepted,true,2024-09-04,2024-09-08,,,,,2024-09-23,55500,USD
OFR-001366-V1,OFR-001366,APP-0019248,REQ-2024-00853,1,1,initial,superseded,false,2024-09-07,,,,,,2024-09-30,58500,USD
OFR-001366-V2,OFR-001366,APP-0019248,REQ-2024-00853,1,2,negotiation_revision,accepted,true,2024-09-08,2024-09-09,,,,,2024-09-30,62000,USD
OFR-001367-V1,OFR-001367,APP-0019253,REQ-2024-00072,1,1,initial,accepted,true,2024-09-02,2024-09-05,,,,,2024-09-30,79000,USD
OFR-001368-V1,OFR-001368,APP-0019255,REQ-2024-00114,1,1,initial,superseded,false,2024-09-26,,,,,,2024-11-04,172000,USD
OFR-001368-V2,OFR-001368,APP-0019255,REQ-2024-00114,1,2,negotiation_revision,accepted,true,2024-09-28,2024-10-01,,,,,2024-11-04,183500,USD
OFR-001369-V1,OFR-001369,APP-0019301,REQ-2024-00838,1,1,initial,declined,true,2024-09-26,,2024-10-01,,,,2024-10-24,70500,USD
OFR-001370-V1,OFR-001370,APP-0019304,REQ-2024-00841,1,1,initial,accepted,true,2024-09-14,2024-09-19,,,,,2024-11-18,158000,USD
OFR-001371-V1,OFR-001371,APP-0019337,REQ-2024-00719,1,1,initial,superseded,false,2024-10-08,,,,,,2024-11-05,66000,USD
OFR-001371-V2,OFR-001371,APP-0019337,REQ-2024-00719,1,2,negotiation_revision,declined,true,2024-10-09,,2024-10-10,,,,2024-11-05,71000,USD
OFR-001372-V1,OFR-001372,APP-0019384,REQ-2024-00072,1,1,initial,withdrawn,true,2024-09-05,,,2024-09-07,,,2024-10-03,74000,USD
OFR-001373-V1,OFR-001373,APP-0019403,REQ-2024-00734,1,1,initial,accepted,true,2024-09-14,2024-09-17,,,,,2024-10-21,77500,USD
OFR-001374-V1,OFR-001374,APP-0019445,REQ-2024-00856,1,1,initial,superseded,false,2024-09-12,,,,,,2024-10-21,101500,USD
OFR-001374-V2,OFR-001374,APP-0019445,REQ-2024-00856,1,2,negotiation_revision,accepted,false,2024-09-13,2024-09-15,,,,,2024-10-21,108000,USD
OFR-001374-V3,OFR-001374,APP-0019445,REQ-2024-00856,1,3,salary_correction,accepted,true,2024-09-29,2024-09-29,,,,,2024-10-21,109900,USD
OFR-001375-V1,OFR-001375,APP-0019464,REQ-2024-00873,1,1,initial,accepted,true,2024-09-11,2024-09-14,,,,,2024-10-21,109500,USD
OFR-001376-V1,OFR-001376,APP-0019479,REQ-2024-00559,1,1,initial,superseded,false,2024-09-21,,,,,,2024-11-18,175000,USD
OFR-001376-V2,OFR-001376,APP-0019479,REQ-2024-00559,1,2,negotiation_revision,accepted,false,2024-09-24,2024-09-27,,,,,2024-11-18,185500,USD
OFR-001376-V3,OFR-001376,APP-0019479,REQ-2024-00559,1,3,letter_reissue,accepted,true,2024-10-02,2024-10-02,,,,,2024-11-18,185500,USD
OFR-001377-V1,OFR-001377,APP-0019502,REQ-2024-00823,1,1,initial,declined,true,2024-09-06,,2024-09-12,,,,2024-10-04,81000,USD
OFR-001378-V1,OFR-001378,APP-0019519,REQ-2024-00849,1,1,initial,superseded,false,2024-09-04,,,,,,2024-10-07,115000,USD
OFR-001378-V2,OFR-001378,APP-0019519,REQ-2024-00849,1,2,negotiation_revision,accepted,true,2024-09-05,2024-09-07,,,,,2024-10-07,119000,USD
OFR-001379-V1,OFR-001379,APP-0019547,REQ-2024-00873,1,1,initial,declined,true,2024-09-12,,2024-09-17,,,,2024-10-10,113500,USD
OFR-001380-V1,OFR-001380,APP-0019566,REQ-2024-00793,1,1,initial,superseded,false,2024-09-22,,,,,,2024-10-20,94500,USD
OFR-001380-V2,OFR-001380,APP-0019566,REQ-2024-00793,1,2,negotiation_revision,declined,true,2024-09-23,,2024-09-26,,,,2024-10-20,101000,USD
OFR-001381-V1,OFR-001381,APP-0019593,REQ-2024-00859,1,1,initial,superseded,false,2024-10-04,,,,,,2024-11-25,172000,USD
OFR-001381-V2,OFR-001381,APP-0019593,REQ-2024-00859,1,2,negotiation_revision,accepted,false,2024-10-07,2024-10-16,,,,,2024-11-25,184000,USD
OFR-001381-V3,OFR-001381,APP-0019593,REQ-2024-00859,1,3,letter_reissue,accepted,true,2024-10-19,2024-10-19,,,,,2024-11-25,184000,USD
OFR-001382-V1,OFR-001382,APP-0019602,REQ-2024-00868,1,1,initial,accepted,false,2024-09-10,2024-09-13,,,,,2024-09-30,48500,USD
OFR-001382-V2,OFR-001382,APP-0019602,REQ-2024-00868,1,2,start_date_revision,accepted,true,2024-09-24,2024-09-24,,,,,2024-10-14,48500,USD
OFR-001383-V1,OFR-001383,APP-0019618,REQ-2024-00421,1,1,initial,accepted,true,2024-09-12,2024-09-15,,,,,2024-10-07,71000,USD
OFR-001384-V1,OFR-001384,APP-0019638,REQ-2024-00818,1,1,initial,accepted,true,2024-09-11,2024-09-14,,,,,2024-10-14,87500,USD
OFR-001385-V1,OFR-001385,APP-0019663,REQ-2024-00865,1,1,initial,accepted,false,2024-09-17,2024-09-20,,,,,2024-10-14,76500,USD
OFR-001385-V2,OFR-001385,APP-0019663,REQ-2024-00865,1,2,start_date_revision,accepted,true,2024-09-25,2024-09-25,,,,,2024-10-28,76500,USD
OFR-001386-V1,OFR-001386,APP-0019674,REQ-2024-00880,1,1,initial,accepted,true,2024-09-12,2024-09-15,,,,,2024-10-14,58500,USD
OFR-001387-V1,OFR-001387,APP-0019675,REQ-2024-00880,1,1,initial,accepted,false,2024-09-21,2024-09-26,,,,,2024-10-21,59500,USD
OFR-001387-V2,OFR-001387,APP-0019675,REQ-2024-00880,1,2,letter_reissue,accepted,true,2024-09-30,2024-09-30,,,,,2024-10-21,59500,USD
OFR-001388-V1,OFR-001388,APP-0019680,REQ-2024-00887,1,1,initial,declined,true,2024-09-14,,2024-09-15,,,,2024-10-12,82500,USD
OFR-001389-V1,OFR-001389,APP-0019714,REQ-2024-00842,1,1,initial,accepted,true,2024-09-12,2024-09-15,,,,,2024-10-21,102500,USD
OFR-001390-V1,OFR-001390,APP-0019720,REQ-2024-00857,1,1,initial,declined,true,2024-09-15,,2024-09-19,,,,2024-10-13,53500,USD
OFR-001391-V1,OFR-001391,APP-0019733,REQ-2024-00872,1,1,initial,accepted,true,2024-09-23,2024-09-25,,,,,2024-12-02,202500,USD
OFR-001392-V1,OFR-001392,APP-0019742,REQ-2024-00877,1,1,initial,superseded,false,2024-09-15,,,,,,2024-10-07,48500,USD
OFR-001392-V2,OFR-001392,APP-0019742,REQ-2024-00877,1,2,negotiation_revision,accepted,true,2024-09-17,2024-09-19,,,,,2024-10-07,51000,USD
OFR-001393-V1,OFR-001393,APP-0019747,REQ-2024-00880,1,1,initial,superseded,false,2024-09-06,,,,,,2024-10-07,60500,USD
OFR-001393-V2,OFR-001393,APP-0019747,REQ-2024-00880,1,2,negotiation_revision,accepted,true,2024-09-11,2024-09-12,,,,,2024-10-07,62500,USD
OFR-001394-V1,OFR-001394,APP-0019818,REQ-2024-00880,1,1,initial,accepted,true,2024-09-16,2024-09-21,,,,,2024-10-21,59500,USD
OFR-001395-V1,OFR-001395,APP-0019825,REQ-2024-00887,1,1,initial,reneged,true,2024-09-12,2024-09-14,,,,2024-09-23,2024-10-07,76000,USD
OFR-001396-V1,OFR-001396,APP-0019891,REQ-2024-00884,1,1,initial,accepted,true,2024-09-21,2024-10-02,,,,,2024-11-04,97500,USD
OFR-001397-V1,OFR-001397,APP-0019897,REQ-2024-00887,1,1,initial,accepted,true,2024-09-21,2024-09-23,,,,,2024-10-28,76500,USD
OFR-001398-V1,OFR-001398,APP-0019898,REQ-2024-00887,1,1,initial,superseded,false,2024-09-16,,,,,,2024-10-21,76000,USD
OFR-001398-V2,OFR-001398,APP-0019898,REQ-2024-00887,1,2,negotiation_revision,accepted,true,2024-09-17,2024-09-21,,,,,2024-10-21,78500,USD
OFR-001399-V1,OFR-001399,APP-0019918,REQ-2024-00702,1,1,initial,accepted,true,2024-09-27,2024-10-02,,,,,2024-11-04,113500,USD
OFR-001400-V1,OFR-001400,APP-0019941,REQ-2024-00860,1,1,initial,superseded,false,2024-09-14,,,,,,2024-10-21,82500,USD
OFR-001400-V2,OFR-001400,APP-0019941,REQ-2024-00860,1,2,negotiation_revision,accepted,true,2024-09-15,2024-09-16,,,,,2024-10-21,86000,USD
OFR-001401-V1,OFR-001401,APP-0019948,REQ-2024-00865,1,1,initial,declined,true,2024-09-14,,2024-09-17,,,,2024-10-12,78000,USD
OFR-001402-V1,OFR-001402,APP-0019970,REQ-2024-00882,1,1,initial,withdrawn,true,2024-10-07,,,2024-10-10,,,2024-11-04,101500,USD
OFR-001403-V1,OFR-001403,APP-0019985,REQ-2024-00046,1,1,initial,accepted,true,2024-09-17,2024-09-21,,,,,2024-10-21,71500,USD
OFR-001404-V1,OFR-001404,APP-0019999,REQ-2024-00684,1,1,initial,accepted,true,2024-09-19,2024-09-21,,,,,2024-10-14,53500,USD
OFR-001405-V1,OFR-001405,APP-0020005,REQ-2024-00771,1,1,initial,declined,true,2024-09-25,,2024-09-27,,,,2024-10-23,142000,USD
OFR-001406-V1,OFR-001406,APP-0020008,REQ-2024-00784,1,1,initial,accepted,true,2024-09-14,2024-09-16,,,,,2024-10-14,71000,USD
OFR-001407-V1,OFR-001407,APP-0020039,REQ-2024-00865,1,1,initial,accepted,true,2024-09-13,2024-09-20,,,,,2024-10-14,77000,USD
OFR-001408-V1,OFR-001408,APP-0020045,REQ-2024-00873,1,1,initial,accepted,true,2024-09-15,2024-09-17,,,,,2024-10-21,109000,USD
OFR-001409-V1,OFR-001409,APP-0020046,REQ-2024-00873,1,1,initial,accepted,true,2024-09-22,2024-09-23,,,,,2024-11-04,105000,USD
OFR-001410-V1,OFR-001410,APP-0020055,REQ-2024-00882,1,1,initial,superseded,false,2024-09-19,,,,,,2024-10-21,96500,USD
OFR-001410-V2,OFR-001410,APP-0020055,REQ-2024-00882,1,2,negotiation_revision,accepted,true,2024-09-20,2024-09-22,,,,,2024-10-21,100500,USD
OFR-001411-V1,OFR-001411,APP-0020056,REQ-2024-00884,1,1,initial,declined,true,2024-09-15,,2024-09-19,,,,2024-10-13,88000,USD
OFR-001412-V1,OFR-001412,APP-0020114,REQ-2024-00873,1,1,initial,accepted,true,2024-09-23,2024-09-26,,,,,2024-10-28,112500,USD
OFR-001413-V1,OFR-001413,APP-0020126,REQ-2024-00883,1,1,initial,superseded,false,2024-09-29,,,,,,2024-11-04,97000,USD
OFR-001413-V2,OFR-001413,APP-0020126,REQ-2024-00883,1,2,negotiation_revision,accepted,true,2024-10-02,2024-10-03,,,,,2024-11-04,103000,USD
OFR-001414-V1,OFR-001414,APP-0020147,REQ-2024-00583,1,1,initial,accepted,false,2024-09-18,2024-09-23,,,,,2024-10-21,74000,USD
OFR-001414-V2,OFR-001414,APP-0020147,REQ-2024-00583,1,2,start_date_revision,accepted,true,2024-09-26,2024-09-26,,,,,2024-11-11,74000,USD
OFR-001415-V1,OFR-001415,APP-0020157,REQ-2024-00793,1,1,initial,superseded,false,2024-09-18,,,,,,2024-10-28,103500,USD
OFR-001415-V2,OFR-001415,APP-0020157,REQ-2024-00793,1,2,negotiation_revision,accepted,true,2024-09-19,2024-09-22,,,,,2024-10-28,110500,USD
OFR-001416-V1,OFR-001416,APP-0020177,REQ-2024-00864,1,1,initial,accepted,true,2024-09-21,2024-09-23,,,,,2024-10-21,65000,USD
OFR-001417-V1,OFR-001417,APP-0020204,REQ-2024-00889,1,1,initial,accepted,true,2024-10-09,2024-10-24,,,,,2024-12-09,138500,USD
OFR-001418-V1,OFR-001418,APP-0020207,REQ-2024-00897,1,1,initial,accepted,true,2024-09-28,2024-10-01,,,,,2024-11-11,139000,USD
OFR-001419-V1,OFR-001419,APP-0020221,REQ-2024-00716,1,1,initial,superseded,false,2024-09-13,,,,,,2024-10-07,48500,USD
OFR-001419-V2,OFR-001419,APP-0020221,REQ-2024-00716,1,2,negotiation_revision,accepted,false,2024-09-14,2024-09-15,,,,,2024-10-07,52500,USD
OFR-001419-V3,OFR-001419,APP-0020221,REQ-2024-00716,1,3,letter_reissue,accepted,true,2024-09-30,2024-09-30,,,,,2024-10-07,52500,USD
OFR-001420-V1,OFR-001420,APP-0020239,REQ-2024-00873,1,1,initial,accepted,true,2024-09-23,2024-09-26,,,,,2024-11-04,101000,USD
OFR-001421-V1,OFR-001421,APP-0020247,REQ-2024-00883,1,1,initial,declined,true,2024-10-04,,2024-10-08,,,,2024-11-01,97500,USD
OFR-001422-V1,OFR-001422,APP-0020252,REQ-2024-00887,1,1,initial,superseded,false,2024-09-21,,,,,,2024-10-28,79000,USD
OFR-001422-V2,OFR-001422,APP-0020252,REQ-2024-00887,1,2,negotiation_revision,accepted,true,2024-09-23,2024-09-24,,,,,2024-10-28,84500,USD
OFR-001423-V1,OFR-001423,APP-0020258,REQ-2024-00901,1,1,initial,superseded,false,2024-09-18,,,,,,2024-10-07,71500,USD
OFR-001423-V2,OFR-001423,APP-0020258,REQ-2024-00901,1,2,negotiation_revision,accepted,false,2024-09-21,2024-09-22,,,,,2024-10-07,75000,USD
OFR-001423-V3,OFR-001423,APP-0020258,REQ-2024-00901,1,3,salary_correction,accepted,true,2024-09-28,2024-09-28,,,,,2024-10-07,76200,USD
OFR-001424-V1,OFR-001424,APP-0020271,REQ-2024-00774,1,1,initial,superseded,false,2024-10-08,,,,,,2024-12-09,159000,USD
OFR-001424-V2,OFR-001424,APP-0020271,REQ-2024-00774,1,2,negotiation_revision,accepted,true,2024-10-15,2024-10-16,,,,,2024-12-09,171500,USD
OFR-001425-V1,OFR-001425,APP-0020330,REQ-2024-00747,1,1,initial,superseded,false,2024-09-20,,,,,,2024-10-18,84500,USD
OFR-001425-V2,OFR-001425,APP-0020330,REQ-2024-00747,1,2,negotiation_revision,declined,true,2024-09-21,,2024-09-22,,,,2024-10-18,90000,USD
OFR-001426-V1,OFR-001426,APP-0020342,REQ-2024-00857,1,1,initial,superseded,false,2024-09-19,,,,,,2024-10-14,57500,USD
OFR-001426-V2,OFR-001426,APP-0020342,REQ-2024-00857,1,2,negotiation_revision,accepted,true,2024-09-21,2024-09-23,,,,,2024-10-14,61500,USD
OFR-001427-V1,OFR-001427,APP-0020349,REQ-2024-00873,1,1,initial,declined,true,2024-10-14,,2024-10-18,,,,2024-11-11,96500,USD
OFR-001428-V1,OFR-001428,APP-0020361,REQ-2024-00885,1,1,initial,declined,true,2024-09-29,,2024-10-03,,,,2024-10-27,51500,USD
OFR-001429-V1,OFR-001429,APP-0020384,REQ-2024-00635,1,1,initial,accepted,true,2024-09-28,2024-10-03,,,,,2024-11-11,103500,USD
OFR-001430-V1,OFR-001430,APP-0020395,REQ-2024-00837,1,1,initial,accepted,true,2024-09-22,2024-09-23,,,,,2024-10-28,97000,USD
OFR-001431-V1,OFR-001431,APP-0020421,REQ-2024-00884,1,1,initial,accepted,true,2024-10-06,2024-10-09,,,,,2024-11-11,87000,USD
OFR-001432-V1,OFR-001432,APP-0020427,REQ-2024-00898,1,1,initial,accepted,true,2024-09-14,2024-09-18,,,,,2024-10-14,49500,USD
OFR-001433-V1,OFR-001433,APP-0020444,REQ-2024-00739,1,1,initial,superseded,false,2024-10-27,,,,,,2024-12-09,137500,USD
OFR-001433-V2,OFR-001433,APP-0020444,REQ-2024-00739,1,2,negotiation_revision,accepted,false,2024-10-30,2024-10-31,,,,,2024-12-09,144500,USD
OFR-001433-V3,OFR-001433,APP-0020444,REQ-2024-00739,1,3,letter_reissue,accepted,true,2024-11-14,2024-11-14,,,,,2024-12-09,144500,USD
OFR-001434-V1,OFR-001434,APP-0020486,REQ-2024-00896,1,1,initial,declined,true,2024-10-18,,2024-10-22,,,,2024-11-15,102500,USD
OFR-001435-V1,OFR-001435,APP-0020525,REQ-2024-00880,1,1,initial,accepted,true,2024-09-19,2024-09-20,,,,,2024-10-21,61500,USD
OFR-001436-V1,OFR-001436,APP-0020526,REQ-2024-00883,1,1,initial,declined,true,2024-10-15,,2024-10-19,,,,2024-11-12,97500,USD
OFR-001437-V1,OFR-001437,APP-0020527,REQ-2024-00883,1,1,initial,accepted,true,2024-10-18,2024-10-20,,,,,2024-11-25,97000,USD
OFR-001438-V1,OFR-001438,APP-0020541,REQ-2024-00903,1,1,initial,accepted,true,2024-09-23,2024-09-24,,,,,2024-10-14,71000,USD
OFR-001439-V1,OFR-001439,APP-0020544,REQ-2024-00907,1,1,initial,superseded,false,2024-10-15,,,,,,2024-11-25,173500,USD
OFR-001439-V2,OFR-001439,APP-0020544,REQ-2024-00907,1,2,negotiation_revision,accepted,true,2024-10-17,2024-10-18,,,,,2024-11-25,182000,USD
OFR-001440-V1,OFR-001440,APP-0020545,REQ-2024-00909,1,1,initial,accepted,true,2024-09-29,2024-10-04,,,,,2024-11-18,124000,USD
OFR-001441-V1,OFR-001441,APP-0020546,REQ-2024-00911,1,1,initial,superseded,false,2024-10-07,,,,,,2024-11-04,77000,USD
OFR-001441-V2,OFR-001441,APP-0020546,REQ-2024-00911,1,2,negotiation_revision,withdrawn,true,2024-10-14,,,2024-10-17,,,2024-11-04,81500,USD
OFR-001442-V1,OFR-001442,APP-0020562,REQ-2024-00758,1,1,initial,accepted,true,2024-10-07,2024-10-11,,,,,2024-11-11,100000,USD
OFR-001443-V1,OFR-001443,APP-0020563,REQ-2024-00771,1,1,initial,accepted,true,2024-10-10,2024-10-13,,,,,2024-11-25,123000,USD
OFR-001444-V1,OFR-001444,APP-0020568,REQ-2024-00832,1,1,initial,accepted,true,2024-09-27,2024-09-29,,,,,2024-11-11,77500,USD
OFR-001445-V1,OFR-001445,APP-0020658,REQ-2024-00908,1,1,initial,superseded,false,2024-09-28,,,,,,2024-10-28,73000,USD
OFR-001445-V2,OFR-001445,APP-0020658,REQ-2024-00908,1,2,negotiation_revision,accepted,true,2024-09-30,2024-10-01,,,,,2024-10-28,77000,USD
OFR-001446-V1,OFR-001446,APP-0020660,REQ-2024-00911,1,1,initial,withdrawn,true,2024-10-08,,,2024-10-12,,,2024-11-05,77500,USD
OFR-001447-V1,OFR-001447,APP-0020663,REQ-2024-00911,1,1,initial,accepted,true,2024-09-30,2024-10-04,,,,,2024-10-28,75000,USD
OFR-001448-V1,OFR-001448,APP-0020666,REQ-2024-00915,1,1,initial,declined,true,2024-10-02,,2024-10-03,,,,2024-10-30,50000,USD
OFR-001449-V1,OFR-001449,APP-0020688,REQ-2024-00798,1,1,initial,declined,true,2024-09-21,,2024-09-22,,,,2024-10-19,55000,USD
OFR-001450-V1,OFR-001450,APP-0020711,REQ-2024-00887,1,1,initial,accepted,true,2024-10-07,2024-10-10,,,,,2024-11-04,75000,USD
OFR-001451-V1,OFR-001451,APP-0020716,REQ-2024-00900,1,1,initial,accepted,false,2024-10-04,2024-10-07,,,,,2024-11-18,105500,USD
OFR-001451-V2,OFR-001451,APP-0020716,REQ-2024-00900,1,2,letter_reissue,accepted,true,2024-10-15,2024-10-15,,,,,2024-11-18,105500,USD
OFR-001452-V1,OFR-001452,APP-0020746,REQ-2024-00671,1,1,initial,accepted,false,2024-10-13,2024-10-16,,,,,2024-11-25,130500,USD
OFR-001452-V2,OFR-001452,APP-0020746,REQ-2024-00671,1,2,start_date_revision,accepted,true,2024-10-20,2024-10-20,,,,,2024-12-09,130500,USD
OFR-001453-V1,OFR-001453,APP-0020802,REQ-2024-00914,1,1,initial,accepted,true,2024-10-03,2024-10-07,,,,,2024-11-04,81500,USD
OFR-001454-V1,OFR-001454,APP-0020833,REQ-2024-00857,1,1,initial,accepted,false,2024-09-29,2024-10-03,,,,,2024-10-21,55000,USD
OFR-001454-V2,OFR-001454,APP-0020833,REQ-2024-00857,1,2,start_date_revision,accepted,true,2024-10-06,2024-10-06,,,,,2024-11-11,55000,USD
OFR-001455-V1,OFR-001455,APP-0020865,REQ-2024-00911,1,1,initial,accepted,true,2024-10-04,2024-10-07,,,,,2024-11-11,73000,USD
OFR-001456-V1,OFR-001456,APP-0020896,REQ-2024-00857,1,1,initial,declined,true,2024-09-28,,2024-09-29,,,,2024-10-26,57500,USD
OFR-001457-V1,OFR-001457,APP-0020911,REQ-2024-00884,1,1,initial,withdrawn,true,2024-10-09,,,2024-10-09,,,2024-11-06,89000,USD
OFR-001458-V1,OFR-001458,APP-0020932,REQ-2024-00913,1,1,initial,declined,true,2024-10-16,,2024-10-27,,,,2024-11-13,94000,USD
OFR-001459-V1,OFR-001459,APP-0020936,REQ-2024-00916,1,1,initial,accepted,true,2024-09-29,2024-10-06,,,,,2024-11-04,85000,USD
OFR-001460-V1,OFR-001460,APP-0020941,REQ-2024-00213,1,1,initial,declined,true,2024-10-19,,2024-10-30,,,,2024-11-16,88500,USD
OFR-001461-V1,OFR-001461,APP-0020946,REQ-2024-00516,1,1,initial,declined,true,2024-10-26,,2024-10-31,,,,2024-11-23,86000,USD
OFR-001462-V1,OFR-001462,APP-0020962,REQ-2024-00838,1,1,initial,superseded,false,2024-10-01,,,,,,2024-11-04,73000,USD
OFR-001462-V2,OFR-001462,APP-0020962,REQ-2024-00838,1,2,negotiation_revision,accepted,true,2024-10-02,2024-10-04,,,,,2024-11-04,76000,USD
OFR-001463-V1,OFR-001463,APP-0020964,REQ-2024-00857,1,1,initial,withdrawn,true,2024-10-03,,,2024-10-08,,,2024-10-31,60500,USD
OFR-001464-V1,OFR-001464,APP-0020983,REQ-2024-00893,1,1,initial,superseded,false,2024-10-10,,,,,,2024-12-23,222500,USD
OFR-001464-V2,OFR-001464,APP-0020983,REQ-2024-00893,1,2,negotiation_revision,accepted,true,2024-10-13,2024-10-14,,,,,2024-12-23,236000,USD
OFR-001465-V1,OFR-001465,APP-0020990,REQ-2024-00911,1,1,initial,declined,true,2024-09-25,,2024-09-28,,,,2024-10-23,80000,USD
OFR-001466-V1,OFR-001466,APP-0020993,REQ-2024-00911,1,1,initial,accepted,true,2024-10-06,2024-10-08,,,,,2024-11-11,75000,USD
OFR-001467-V1,OFR-001467,APP-0020994,REQ-2024-00911,1,1,initial,accepted,true,2024-10-04,2024-10-09,,,,,2024-11-04,79000,USD
OFR-001468-V1,OFR-001468,APP-0021000,REQ-2024-00914,1,1,initial,accepted,true,2024-10-12,2024-10-14,,,,,2024-11-04,69500,USD
OFR-001469-V1,OFR-001469,APP-0021031,REQ-2024-00778,1,1,initial,accepted,true,2024-10-20,2024-10-24,,,,,2024-11-25,94000,USD
OFR-001470-V1,OFR-001470,APP-0021034,REQ-2024-00822,1,1,initial,superseded,false,2024-10-04,,,,,,2024-11-11,138000,USD
OFR-001470-V2,OFR-001470,APP-0021034,REQ-2024-00822,1,2,negotiation_revision,accepted,true,2024-10-05,2024-10-07,,,,,2024-11-11,148000,USD
OFR-001471-V1,OFR-001471,APP-0021047,REQ-2024-00887,1,1,initial,declined,true,2024-09-27,,2024-09-29,,,,2024-10-25,77500,USD
OFR-001472-V1,OFR-001472,APP-0021055,REQ-2024-00913,1,1,initial,declined,true,2024-10-18,,2024-10-28,,,,2024-11-15,97000,USD
OFR-001473-V1,OFR-001473,APP-0021059,REQ-2024-00914,1,1,initial,superseded,false,2024-10-03,,,,,,2024-10-28,80000,USD
OFR-001473-V2,OFR-001473,APP-0021059,REQ-2024-00914,1,2,negotiation_revision,accepted,false,2024-10-05,2024-10-07,,,,,2024-10-28,86000,USD
OFR-001473-V3,OFR-001473,APP-0021059,REQ-2024-00914,1,3,start_date_revision,accepted,true,2024-10-17,2024-10-17,,,,,2024-11-11,86000,USD
OFR-001474-V1,OFR-001474,APP-0021071,REQ-2024-00931,1,1,initial,rescinded,true,2024-10-15,2024-10-21,,,2024-11-15,,2024-11-25,134000,USD
OFR-001475-V1,OFR-001475,APP-0021074,REQ-2024-00120,1,1,initial,superseded,false,2024-10-28,,,,,,2024-12-02,101500,USD
OFR-001475-V2,OFR-001475,APP-0021074,REQ-2024-00120,1,2,negotiation_revision,accepted,false,2024-10-29,2024-10-30,,,,,2024-12-02,106000,USD
OFR-001475-V3,OFR-001475,APP-0021074,REQ-2024-00120,1,3,letter_reissue,accepted,true,2024-11-10,2024-11-10,,,,,2024-12-02,106000,USD
OFR-001476-V1,OFR-001476,APP-0021088,REQ-2024-00803,1,1,initial,superseded,false,2024-10-15,,,,,,2024-11-25,79500,USD
OFR-001476-V2,OFR-001476,APP-0021088,REQ-2024-00803,1,2,negotiation_revision,accepted,true,2024-10-18,2024-10-21,,,,,2024-11-25,84000,USD
OFR-001477-V1,OFR-001477,APP-0021094,REQ-2024-00885,1,1,initial,accepted,true,2024-09-28,2024-09-30,,,,,2024-10-14,59000,USD
OFR-001478-V1,OFR-001478,APP-0021098,REQ-2024-00887,1,1,initial,reneged,true,2024-10-05,2024-10-07,,,,2024-10-16,2024-11-04,83500,USD
OFR-001479-V1,OFR-001479,APP-0021137,REQ-2024-00782,1,1,initial,accepted,true,2024-10-20,2024-10-26,,,,,2024-12-02,168000,USD
OFR-001480-V1,OFR-001480,APP-0021138,REQ-2024-00791,1,1,initial,withdrawn,true,2024-11-08,,,2024-11-14,,,2024-12-06,98000,USD
OFR-001481-V1,OFR-001481,APP-0021150,REQ-2024-00873,1,1,initial,declined,true,2024-10-11,,2024-10-13,,,,2024-11-08,106500,USD
OFR-001482-V1,OFR-001482,APP-0021173,REQ-2024-00911,1,1,initial,declined,true,2024-10-15,,2024-10-15,,,,2024-11-12,73000,USD
OFR-001483-V1,OFR-001483,APP-0021178,REQ-2024-00911,1,1,initial,accepted,false,2024-09-29,2024-10-01,,,,,2024-10-28,76500,USD
OFR-001483-V2,OFR-001483,APP-0021178,REQ-2024-00911,1,2,start_date_revision,rescinded,true,2024-10-09,2024-10-09,,,2024-10-17,,2024-11-17,76500,USD
OFR-001484-V1,OFR-001484,APP-0021183,REQ-2024-00926,1,1,initial,accepted,true,2024-10-02,2024-10-07,,,,,2024-10-28,60000,USD
OFR-001485-V1,OFR-001485,APP-0021190,REQ-2024-00928,1,1,initial,accepted,false,2024-10-08,2024-10-12,,,,,2024-11-04,57000,USD
OFR-001485-V2,OFR-001485,APP-0021190,REQ-2024-00928,1,2,letter_reissue,reneged,true,2024-10-14,2024-10-14,,,,2024-10-19,2024-11-04,57000,USD
OFR-001486-V1,OFR-001486,APP-0021199,REQ-2024-00939,1,1,initial,accepted,true,2024-10-14,2024-10-16,,,,,2024-11-25,101500,USD
OFR-001487-V1,OFR-001487,APP-0021203,REQ-2024-00444,1,1,initial,accepted,true,2024-10-19,2024-10-20,,,,,2024-12-02,141500,USD
OFR-001488-V1,OFR-001488,APP-0021220,REQ-2024-00867,1,1,initial,accepted,true,2024-10-20,2024-10-22,,,,,2024-11-25,66000,USD
OFR-001489-V1,OFR-001489,APP-0021243,REQ-2024-00911,1,1,initial,accepted,true,2024-10-02,2024-10-04,,,,,2024-11-04,81500,USD
OFR-001490-V1,OFR-001490,APP-0021250,REQ-2024-00925,1,1,initial,superseded,false,2024-09-29,,,,,,2024-11-18,105000,USD
OFR-001490-V2,OFR-001490,APP-0021250,REQ-2024-00925,1,2,negotiation_revision,accepted,false,2024-09-30,2024-10-10,,,,,2024-11-18,112000,USD
OFR-001490-V3,OFR-001490,APP-0021250,REQ-2024-00925,1,3,letter_reissue,accepted,true,2024-10-17,2024-10-17,,,,,2024-11-18,112000,USD
OFR-001491-V1,OFR-001491,APP-0021263,REQ-2024-00650,1,1,initial,superseded,false,2024-10-02,,,,,,2024-11-11,63500,USD
OFR-001491-V2,OFR-001491,APP-0021263,REQ-2024-00650,1,2,negotiation_revision,accepted,true,2024-10-13,2024-10-17,,,,,2024-11-11,66500,USD
OFR-001492-V1,OFR-001492,APP-0021270,REQ-2024-00798,1,1,initial,accepted,true,2024-10-09,2024-10-11,,,,,2024-10-28,56000,USD
OFR-001493-V1,OFR-001493,APP-0021281,REQ-2024-00887,1,1,initial,accepted,true,2024-10-24,2024-10-28,,,,,2024-11-25,81500,USD
OFR-001494-V1,OFR-001494,APP-0021290,REQ-2024-00911,1,1,initial,accepted,true,2024-10-08,2024-10-10,,,,,2024-11-04,81000,USD
OFR-001495-V1,OFR-001495,APP-0021297,REQ-2024-00917,1,1,initial,superseded,false,2024-11-01,,,,,,2024-12-16,132000,USD
OFR-001495-V2,OFR-001495,APP-0021297,REQ-2024-00917,1,2,negotiation_revision,accepted,true,2024-11-09,2024-11-10,,,,,2024-12-16,142000,USD
OFR-001496-V1,OFR-001496,APP-0021316,REQ-2024-00938,1,1,initial,declined,true,2024-10-12,,2024-10-15,,,,2024-11-09,68500,USD
OFR-001497-V1,OFR-001497,APP-0021317,REQ-2024-00938,1,1,initial,superseded,false,2024-10-12,,,,,,2024-11-11,66000,USD
OFR-001497-V2,OFR-001497,APP-0021317,REQ-2024-00938,1,2,negotiation_revision,accepted,false,2024-10-14,2024-10-17,,,,,2024-11-11,70500,USD
OFR-001497-V3,OFR-001497,APP-0021317,REQ-2024-00938,1,3,start_date_revision,accepted,true,2024-11-01,2024-11-01,,,,,2024-11-25,70500,USD
OFR-001498-V1,OFR-001498,APP-0021325,REQ-2024-00232,1,1,initial,superseded,false,2024-11-17,,,,,,2024-12-16,125000,USD
OFR-001498-V2,OFR-001498,APP-0021325,REQ-2024-00232,1,2,negotiation_revision,accepted,true,2024-11-18,2024-11-19,,,,,2024-12-16,134500,USD
OFR-001499-V1,OFR-001499,APP-0021331,REQ-2024-00668,1,1,initial,superseded,false,2024-10-07,,,,,,2024-11-25,115500,USD
OFR-001499-V2,OFR-001499,APP-0021331,REQ-2024-00668,1,2,negotiation_revision,accepted,false,2024-10-09,2024-10-10,,,,,2024-11-25,122500,USD
OFR-001499-V3,OFR-001499,APP-0021331,REQ-2024-00668,1,3,letter_reissue,accepted,true,2024-10-14,2024-10-14,,,,,2024-11-25,122500,USD
OFR-001500-V1,OFR-001500,APP-0021373,REQ-2024-00935,1,1,initial,withdrawn,true,2024-10-23,,,2024-10-30,,,2024-11-20,57000,USD
OFR-001501-V1,OFR-001501,APP-0021380,REQ-2024-00938,1,1,initial,declined,true,2024-10-16,,2024-10-20,,,,2024-11-13,68000,USD
OFR-001502-V1,OFR-001502,APP-0021390,REQ-2024-00419,1,1,initial,accepted,true,2024-10-16,2024-10-22,,,,,2024-11-25,107500,USD
OFR-001503-V1,OFR-001503,APP-0021421,REQ-2024-00920,1,1,initial,accepted,true,2024-10-02,2024-10-06,,,,,2024-11-11,104500,USD
OFR-001504-V1,OFR-001504,APP-0021424,REQ-2024-00926,1,1,initial,accepted,true,2024-10-12,2024-10-13,,,,,2024-11-04,62000,USD
OFR-001505-V1,OFR-001505,APP-0021460,REQ-2024-00869,1,1,initial,declined,true,2024-10-28,,2024-11-04,,,,2024-11-25,127500,USD
OFR-001506-V1,OFR-001506,APP-0021508,REQ-2024-00748,1,1,initial,accepted,true,2024-10-12,2024-10-16,,,,,2024-11-18,61000,USD
OFR-001507-V1,OFR-001507,APP-0021538,REQ-2024-00928,1,1,initial,declined,true,2024-10-09,,2024-10-10,,,,2024-11-06,60000,USD
OFR-001508-V1,OFR-001508,APP-0021546,REQ-2024-00935,1,1,initial,accepted,true,2024-10-09,2024-10-10,,,,,2024-11-04,60000,USD
OFR-001509-V1,OFR-001509,APP-0021547,REQ-2024-00935,1,1,initial,superseded,false,2024-10-06,,,,,,2024-10-28,62500,USD
OFR-001509-V2,OFR-001509,APP-0021547,REQ-2024-00935,1,2,negotiation_revision,accepted,true,2024-10-08,2024-10-09,,,,,2024-10-28,66000,USD
OFR-001510-V1,OFR-001510,APP-0021556,REQ-2024-00938,1,1,initial,accepted,false,2024-10-10,2024-10-13,,,,,2024-11-11,62000,USD
OFR-001510-V2,OFR-001510,APP-0021556,REQ-2024-00938,1,2,start_date_revision,accepted,true,2024-10-24,2024-10-24,,,,,2024-12-02,62000,USD
OFR-001511-V1,OFR-001511,APP-0021567,REQ-2024-00644,1,1,initial,superseded,false,2024-10-23,,,,,,2024-11-25,77000,USD
OFR-001511-V2,OFR-001511,APP-0021567,REQ-2024-00644,1,2,negotiation_revision,accepted,true,2024-10-25,2024-10-26,,,,,2024-11-25,82500,USD
OFR-001512-V1,OFR-001512,APP-0021578,REQ-2024-00873,1,1,initial,accepted,false,2024-10-24,2024-10-26,,,,,2024-12-02,97000,USD
OFR-001512-V2,OFR-001512,APP-0021578,REQ-2024-00873,1,2,letter_reissue,accepted,true,2024-10-30,2024-10-30,,,,,2024-12-02,97000,USD
OFR-001513-V1,OFR-001513,APP-0021614,REQ-2024-00938,1,1,initial,accepted,true,2024-10-07,2024-10-09,,,,,2024-11-11,62000,USD
OFR-001514-V1,OFR-001514,APP-0021623,REQ-2024-00218,1,1,initial,accepted,true,2024-11-07,2024-11-10,,,,,2024-12-16,160000,USD
OFR-001515-V1,OFR-001515,APP-0021630,REQ-2024-00677,1,1,initial,accepted,true,2024-10-20,2024-10-24,,,,,2024-11-25,81500,USD
OFR-001516-V1,OFR-001516,APP-0021632,REQ-2024-00814,1,1,initial,superseded,false,2024-10-12,,,,,,2024-11-18,82500,USD
OFR-001516-V2,OFR-001516,APP-0021632,REQ-2024-00814,1,2,negotiation_revision,accepted,true,2024-10-16,2024-10-18,,,,,2024-11-18,88000,USD
OFR-001517-V1,OFR-001517,APP-0021664,REQ-2024-00938,1,1,initial,accepted,false,2024-10-07,2024-10-08,,,,,2024-11-11,59500,USD
OFR-001517-V2,OFR-001517,APP-0021664,REQ-2024-00938,1,2,letter_reissue,accepted,true,2024-10-12,2024-10-12,,,,,2024-11-11,59500,USD
OFR-001518-V1,OFR-001518,APP-0021674,REQ-2024-00493,1,1,initial,accepted,true,2024-10-15,2024-10-18,,,,,2024-11-25,102500,USD
OFR-001519-V1,OFR-001519,APP-0021687,REQ-2024-00829,1,1,initial,accepted,true,2024-10-12,2024-10-17,,,,,2024-11-25,92000,USD
OFR-001520-V1,OFR-001520,APP-0021726,REQ-2024-00926,1,1,initial,declined,true,2024-10-04,,2024-10-09,,,,2024-11-01,63000,USD
OFR-001521-V1,OFR-001521,APP-0021728,REQ-2024-00928,1,1,initial,declined,true,2024-10-14,,2024-10-16,,,,2024-11-11,61500,USD
OFR-001522-V1,OFR-001522,APP-0021735,REQ-2024-00936,1,1,initial,declined,true,2024-10-07,,2024-10-13,,,,2024-11-04,77000,USD
OFR-001523-V1,OFR-001523,APP-0021744,REQ-2024-00938,1,1,initial,accepted,true,2024-10-21,2024-10-23,,,,,2024-11-18,59000,USD
OFR-001524-V1,OFR-001524,APP-0021747,REQ-2024-00941,1,1,initial,accepted,true,2024-10-25,2024-10-28,,,,,2024-11-18,105500,USD
OFR-001525-V1,OFR-001525,APP-0021769,REQ-2024-00873,1,1,initial,declined,true,2024-10-11,,2024-10-12,,,,2024-11-08,115500,USD
OFR-001526-V1,OFR-001526,APP-0021771,REQ-2024-00886,1,1,initial,superseded,false,2024-10-18,,,,,,2024-11-18,68000,USD
OFR-001526-V2,OFR-001526,APP-0021771,REQ-2024-00886,1,2,negotiation_revision,accepted,true,2024-10-19,2024-10-24,,,,,2024-11-18,72500,USD
OFR-001527-V1,OFR-001527,APP-0021799,REQ-2024-00957,1,1,initial,accepted,true,2024-10-13,2024-10-15,,,,,2024-10-28,48000,USD
OFR-001528-V1,OFR-001528,APP-0021831,REQ-2024-00914,1,1,initial,withdrawn,true,2024-10-12,,,2024-10-16,,,2024-11-09,73500,USD
OFR-001529-V1,OFR-001529,APP-0021855,REQ-2024-00938,1,1,initial,superseded,false,2024-10-11,,,,,,2024-11-18,66500,USD
OFR-001529-V2,OFR-001529,APP-0021855,REQ-2024-00938,1,2,negotiation_revision,accepted,true,2024-10-12,2024-10-13,,,,,2024-11-18,71000,USD
OFR-001530-V1,OFR-001530,APP-0021873,REQ-2024-00481,1,1,initial,accepted,true,2024-11-08,2024-11-13,,,,,2024-12-16,160000,USD
OFR-001531-V1,OFR-001531,APP-0021878,REQ-2024-00612,1,1,initial,superseded,false,2024-10-23,,,,,,2024-11-20,112500,USD
OFR-001531-V2,OFR-001531,APP-0021878,REQ-2024-00612,1,2,negotiation_revision,withdrawn,true,2024-10-24,,,2024-10-26,,,2024-11-20,118000,USD
OFR-001532-V1,OFR-001532,APP-0021883,REQ-2024-00747,1,1,initial,declined,true,2024-11-04,,2024-11-08,,,,2024-12-02,83000,USD
OFR-001533-V1,OFR-001533,APP-0021893,REQ-2024-00887,1,1,initial,accepted,true,2024-10-23,2024-10-25,,,,,2024-11-18,85500,USD
OFR-001534-V1,OFR-001534,APP-0021900,REQ-2024-00922,1,1,initial,accepted,true,2024-11-05,2024-11-08,,,,,2024-12-16,137000,USD
OFR-001535-V1,OFR-001535,APP-0021901,REQ-2024-00926,1,1,initial,accepted,true,2024-10-12,2024-10-17,,,,,2024-11-04,53500,USD
OFR-001536-V1,OFR-001536,APP-0021919,REQ-2024-00952,1,1,initial,accepted,false,2024-11-06,2024-11-08,,,,,2024-12-02,75500,USD
OFR-001536-V2,OFR-001536,APP-0021919,REQ-2024-00952,1,2,start_date_revision,accepted,true,2024-11-18,2024-11-18,,,,,2024-12-16,75500,USD
OFR-001537-V1,OFR-001537,APP-0021920,REQ-2024-00954,1,1,initial,declined,true,2024-11-10,,2024-11-21,,,,2024-12-08,205000,USD
OFR-001538-V1,OFR-001538,APP-0021927,REQ-2024-00216,1,1,initial,accepted,true,2024-11-02,2024-11-05,,,,,2024-12-02,74500,USD
OFR-001539-V1,OFR-001539,APP-0021928,REQ-2024-00254,1,1,initial,declined,true,2024-10-19,,2024-10-23,,,,2024-11-16,64500,USD
OFR-001540-V1,OFR-001540,APP-0021932,REQ-2024-00650,1,1,initial,declined,true,2024-10-19,,2024-10-22,,,,2024-11-16,65000,USD
OFR-001541-V1,OFR-001541,APP-0021947,REQ-2024-00888,1,1,initial,accepted,true,2024-10-30,2024-11-05,,,,,2024-12-02,69000,USD
OFR-001542-V1,OFR-001542,APP-0021962,REQ-2024-00928,1,1,initial,accepted,true,2024-10-27,2024-10-31,,,,,2024-11-18,63500,USD
OFR-001543-V1,OFR-001543,APP-0022052,REQ-2024-00690,1,1,initial,accepted,true,2024-11-11,2024-11-15,,,,,2024-12-23,181500,USD
OFR-001544-V1,OFR-001544,APP-0022066,REQ-2024-00853,1,1,initial,superseded,false,2024-10-20,,,,,,2024-11-18,57500,USD
OFR-001544-V2,OFR-001544,APP-0022066,REQ-2024-00853,1,2,negotiation_revision,accepted,false,2024-10-23,2024-10-29,,,,,2024-11-18,62000,USD
OFR-001544-V3,OFR-001544,APP-0022066,REQ-2024-00853,1,3,start_date_revision,accepted,true,2024-11-01,2024-11-01,,,,,2024-12-02,62000,USD
OFR-001545-V1,OFR-001545,APP-0022095,REQ-2024-00941,1,1,initial,accepted,false,2024-10-28,2024-10-30,,,,,2024-11-18,92500,USD
OFR-001545-V2,OFR-001545,APP-0022095,REQ-2024-00941,1,2,letter_reissue,accepted,true,2024-11-02,2024-11-02,,,,,2024-11-18,92500,USD
OFR-001546-V1,OFR-001546,APP-0022104,REQ-2024-00957,1,1,initial,accepted,true,2024-10-22,2024-10-24,,,,,2024-11-11,43000,USD
OFR-001547-V1,OFR-001547,APP-0022112,REQ-2024-00965,1,1,initial,accepted,false,2024-10-15,2024-10-18,,,,,2024-11-18,89000,USD
OFR-001547-V2,OFR-001547,APP-0022112,REQ-2024-00965,1,2,letter_reissue,accepted,true,2024-10-23,2024-10-23,,,,,2024-11-18,89000,USD
OFR-001548-V1,OFR-001548,APP-0022123,REQ-2024-00213,1,1,initial,accepted,true,2024-10-28,2024-10-31,,,,,2024-11-25,89000,USD
OFR-001549-V1,OFR-001549,APP-0022131,REQ-2024-00654,1,1,initial,accepted,true,2024-10-24,2024-10-27,,,,,2024-11-25,99500,USD
OFR-001550-V1,OFR-001550,APP-0022176,REQ-2024-00957,1,1,initial,withdrawn,true,2024-10-25,,,2024-10-28,,,2024-11-22,47500,USD
OFR-001551-V1,OFR-001551,APP-0022198,REQ-2024-00971,1,1,initial,accepted,false,2024-10-31,2024-11-03,,,,,2024-12-16,210500,USD
OFR-001551-V2,OFR-001551,APP-0022198,REQ-2024-00971,1,2,letter_reissue,rescinded,true,2024-11-09,2024-11-09,,,2024-12-08,,2024-12-16,210500,USD
OFR-001552-V1,OFR-001552,APP-0022253,REQ-2024-00961,1,1,initial,withdrawn,true,2024-11-08,,,2024-11-09,,,2024-12-06,74500,USD
OFR-001553-V1,OFR-001553,APP-0022271,REQ-2024-00507,1,1,initial,accepted,false,2024-11-06,2024-11-09,,,,,2024-12-23,131000,USD
OFR-001553-V2,OFR-001553,APP-0022271,REQ-2024-00507,1,2,letter_reissue,accepted,true,2024-11-11,2024-11-11,,,,,2024-12-23,131000,USD
OFR-001554-V1,OFR-001554,APP-0022276,REQ-2024-00612,1,1,initial,accepted,true,2024-10-23,2024-10-25,,,,,2024-11-25,111500,USD
OFR-001555-V1,OFR-001555,APP-0022308,REQ-2024-00964,1,1,initial,accepted,true,2024-12-04,2024-12-10,,,,,2025-01-20,141500,USD
OFR-001556-V1,OFR-001556,APP-0022314,REQ-2024-00968,1,1,initial,accepted,true,2024-10-21,2024-10-24,,,,,2024-11-25,84000,USD
OFR-001557-V1,OFR-001557,APP-0022321,REQ-2024-00300,1,1,initial,accepted,true,2024-11-04,2024-11-14,,,,,2024-12-23,127500,USD
OFR-001558-V1,OFR-001558,APP-0022352,REQ-2024-00935,1,1,initial,superseded,false,2024-10-22,,,,,,2024-11-18,55000,USD
OFR-001558-V2,OFR-001558,APP-0022352,REQ-2024-00935,1,2,negotiation_revision,accepted,true,2024-10-23,2024-10-29,,,,,2024-11-18,57500,USD
OFR-001559-V1,OFR-001559,APP-0022371,REQ-2024-00960,1,1,initial,withdrawn,true,2024-11-26,,,2024-11-28,,,2024-12-24,139000,USD
OFR-001560-V1,OFR-001560,APP-0022380,REQ-2024-00965,1,1,initial,accepted,true,2024-10-19,2024-10-22,,,,,2024-11-25,95500,USD
OFR-001561-V1,OFR-001561,APP-0022381,REQ-2024-00966,1,1,initial,superseded,false,2024-10-27,,,,,,2024-12-09,79000,USD
OFR-001561-V2,OFR-001561,APP-0022381,REQ-2024-00966,1,2,negotiation_revision,accepted,true,2024-11-03,2024-11-09,,,,,2024-12-09,83000,USD
OFR-001562-V1,OFR-001562,APP-0022390,REQ-2024-00615,1,1,initial,accepted,true,2024-11-08,2024-11-10,,,,,2024-11-25,73500,USD
OFR-001563-V1,OFR-001563,APP-0022410,REQ-2024-00928,1,1,initial,accepted,false,2024-10-26,2024-11-01,,,,,2024-11-18,55000,USD
OFR-001563-V2,OFR-001563,APP-0022410,REQ-2024-00928,1,2,start_date_revision,accepted,true,2024-11-09,2024-11-09,,,,,2024-12-09,55000,USD
OFR-001564-V1,OFR-001564,APP-0022414,REQ-2024-00938,1,1,initial,withdrawn,true,2024-10-21,,,2024-10-29,,,2024-11-18,64000,USD
OFR-001565-V1,OFR-001565,APP-0022416,REQ-2024-00938,1,1,initial,withdrawn,true,2024-10-24,,,2024-10-29,,,2024-11-21,66500,USD
OFR-001566-V1,OFR-001566,APP-0022419,REQ-2024-00943,1,1,initial,rescinded,true,2024-10-30,2024-11-01,,,2024-11-07,,2024-12-02,77500,USD
OFR-001567-V1,OFR-001567,APP-0022426,REQ-2024-00957,1,1,initial,declined,true,2024-10-21,,2024-10-23,,,,2024-11-18,47500,USD
OFR-001568-V1,OFR-001568,APP-0022431,REQ-2024-00964,1,1,initial,accepted,true,2024-11-04,2024-11-05,,,,,2024-12-09,137000,USD
OFR-001569-V1,OFR-001569,APP-0022437,REQ-2024-00981,1,1,initial,rescinded,true,2024-10-30,2024-11-02,,,2024-11-03,,2024-11-25,74000,USD
OFR-001570-V1,OFR-001570,APP-0022447,REQ-2024-00507,1,1,initial,accepted,true,2024-11-15,2024-11-20,,,,,2024-12-23,121000,USD
OFR-001571-V1,OFR-001571,APP-0022451,REQ-2024-00595,1,1,initial,accepted,false,2024-11-21,2024-11-24,,,,,2024-12-30,138000,USD
OFR-001571-V2,OFR-001571,APP-0022451,REQ-2024-00595,1,2,letter_reissue,reneged,true,2024-11-27,2024-11-27,,,,2024-12-16,2024-12-30,138000,USD
OFR-001572-V1,OFR-001572,APP-0022463,REQ-2024-00832,1,1,initial,rescinded,true,2024-10-31,2024-11-04,,,2024-11-13,,2024-12-09,80000,USD
OFR-001573-V1,OFR-001573,APP-0022490,REQ-2024-00943,1,1,initial,withdrawn,true,2024-10-29,,,2024-11-03,,,2024-11-26,81000,USD
OFR-001574-V1,OFR-001574,APP-0022501,REQ-2024-00961,1,1,initial,accepted,false,2024-11-03,2024-11-08,,,,,2024-12-09,78000,USD
OFR-001574-V2,OFR-001574,APP-0022501,REQ-2024-00961,1,2,start_date_revision,accepted,true,2024-11-10,2024-11-10,,,,,2024-12-23,78000,USD
OFR-001575-V1,OFR-001575,APP-0022510,REQ-2024-00968,1,1,initial,accepted,true,2024-10-24,2024-10-27,,,,,2024-12-02,92000,USD
OFR-001576-V1,OFR-001576,APP-0022517,REQ-2024-00001,1,1,initial,declined,true,2024-11-12,,2024-11-16,,,,2024-12-10,127000,USD
OFR-001577-V1,OFR-001577,APP-0022532,REQ-2024-00686,1,1,initial,accepted,false,2024-11-16,2024-11-20,,,,,2024-12-23,124500,USD
OFR-001577-V2,OFR-001577,APP-0022532,REQ-2024-00686,1,2,letter_reissue,accepted,true,2024-11-28,2024-11-28,,,,,2024-12-23,124500,USD
OFR-001578-V1,OFR-001578,APP-0022538,REQ-2024-00806,1,1,initial,accepted,false,2024-10-26,2024-10-31,,,,,2024-12-09,85500,USD
OFR-001578-V2,OFR-001578,APP-0022538,REQ-2024-00806,1,2,salary_correction,accepted,true,2024-11-06,2024-11-06,,,,,2024-12-09,86500,USD
OFR-001579-V1,OFR-001579,APP-0022539,REQ-2024-00832,1,1,initial,accepted,true,2024-11-05,2024-11-10,,,,,2024-12-16,80000,USD
OFR-001580-V1,OFR-001580,APP-0022568,REQ-2024-00957,1,1,initial,withdrawn,true,2024-10-26,,,2024-10-29,,,2024-11-23,45000,USD
OFR-001581-V1,OFR-001581,APP-0022569,REQ-2024-00957,1,1,initial,accepted,false,2024-10-21,2024-10-22,,,,,2024-11-18,46000,USD
OFR-001581-V2,OFR-001581,APP-0022569,REQ-2024-00957,1,2,letter_reissue,accepted,true,2024-11-05,2024-11-05,,,,,2024-11-18,46000,USD
OFR-001582-V1,OFR-001582,APP-0022579,REQ-2024-00968,1,1,initial,withdrawn,true,2024-10-28,,,2024-11-02,,,2024-11-25,86500,USD
OFR-001583-V1,OFR-001583,APP-0022609,REQ-2024-00873,1,1,initial,accepted,true,2024-11-04,2024-11-07,,,,,2024-12-16,100000,USD
OFR-001584-V1,OFR-001584,APP-0022625,REQ-2024-00938,1,1,initial,accepted,true,2024-10-26,2024-10-28,,,,,2024-11-18,63000,USD
OFR-001585-V1,OFR-001585,APP-0022626,REQ-2024-00938,1,1,initial,reneged,true,2024-10-24,2024-10-28,,,,2024-11-15,2024-11-25,68000,USD
OFR-001586-V1,OFR-001586,APP-0022639,REQ-2024-00959,1,1,initial,superseded,false,2024-10-23,,,,,,2024-11-25,78500,USD
OFR-001586-V2,OFR-001586,APP-0022639,REQ-2024-00959,1,2,negotiation_revision,accepted,true,2024-10-29,2024-10-31,,,,,2024-11-25,82500,USD
OFR-001587-V1,OFR-001587,APP-0022648,REQ-2024-00969,1,1,initial,accepted,true,2024-11-17,2024-11-20,,,,,2025-01-06,122000,USD
OFR-001588-V1,OFR-001588,APP-0022700,REQ-2024-00959,1,1,initial,superseded,false,2024-10-29,,,,,,2024-12-16,85500,USD
OFR-001588-V2,OFR-001588,APP-0022700,REQ-2024-00959,1,2,negotiation_revision,accepted,true,2024-11-09,2024-11-14,,,,,2024-12-16,90000,USD
OFR-001589-V1,OFR-001589,APP-0022704,REQ-2024-00968,1,1,initial,declined,true,2024-10-28,,2024-11-01,,,,2024-11-25,89000,USD
OFR-001590-V1,OFR-001590,APP-0022705,REQ-2024-00968,1,1,initial,accepted,true,2024-10-27,2024-11-01,,,,,2024-12-02,83000,USD
OFR-001591-V1,OFR-001591,APP-0022724,REQ-2024-00990,1,1,initial,accepted,true,2024-10-28,2024-10-31,,,,,2024-12-02,76000,USD
OFR-001592-V1,OFR-001592,APP-0022743,REQ-2024-00860,1,1,initial,accepted,true,2024-11-03,2024-11-05,,,,,2024-12-02,83500,USD
OFR-001593-V1,OFR-001593,APP-0022783,REQ-2024-00987,1,1,initial,superseded,false,2024-10-29,,,,,,2024-12-02,65000,USD
OFR-001593-V2,OFR-001593,APP-0022783,REQ-2024-00987,1,2,negotiation_revision,accepted,true,2024-10-30,2024-10-31,,,,,2024-12-02,67500,USD
OFR-001594-V1,OFR-001594,APP-0022784,REQ-2024-00987,1,1,initial,accepted,true,2024-10-24,2024-10-26,,,,,2024-11-18,66000,USD
OFR-001595-V1,OFR-001595,APP-0022793,REQ-2024-00691,1,1,initial,accepted,true,2025-01-12,2025-01-19,,,,,2025-03-10,188000,USD
OFR-001596-V1,OFR-001596,APP-0022802,REQ-2024-00920,1,1,initial,rescinded,true,2024-10-30,2024-11-02,,,2024-11-26,,2024-12-09,113000,USD
OFR-001597-V1,OFR-001597,APP-0022840,REQ-2024-00560,1,1,initial,accepted,true,2024-11-01,2024-11-03,,,,,2024-12-09,102000,USD
OFR-001598-V1,OFR-001598,APP-0022852,REQ-2024-00873,1,1,initial,accepted,true,2024-10-28,2024-10-29,,,,,2024-12-09,110000,USD
OFR-001599-V1,OFR-001599,APP-0022857,REQ-2024-00887,1,1,initial,accepted,false,2024-11-06,2024-11-09,,,,,2024-12-09,79000,USD
OFR-001599-V2,OFR-001599,APP-0022857,REQ-2024-00887,1,2,letter_reissue,accepted,true,2024-11-15,2024-11-15,,,,,2024-12-09,79000,USD
OFR-001600-V1,OFR-001600,APP-0022866,REQ-2024-00944,1,1,initial,declined,true,2024-11-20,,2024-11-27,,,,2024-12-18,207000,USD
OFR-001601-V1,OFR-001601,APP-0022872,REQ-2024-00957,1,1,initial,accepted,false,2024-10-24,2024-10-26,,,,,2024-11-11,48500,USD
OFR-001601-V2,OFR-001601,APP-0022872,REQ-2024-00957,1,2,letter_reissue,accepted,true,2024-11-10,2024-11-10,,,,,2024-11-11,48500,USD
OFR-001602-V1,OFR-001602,APP-0022895,REQ-2024-00995,1,1,initial,superseded,false,2024-10-29,,,,,,2024-12-02,83000,USD
OFR-001602-V2,OFR-001602,APP-0022895,REQ-2024-00995,1,2,negotiation_revision,rescinded,true,2024-10-31,2024-11-01,,,2024-11-28,,2024-12-02,89000,USD
OFR-001603-V1,OFR-001603,APP-0022896,REQ-2024-00995,1,1,initial,accepted,false,2024-10-28,2024-10-31,,,,,2024-12-09,85500,USD
OFR-001603-V2,OFR-001603,APP-0022896,REQ-2024-00995,1,2,letter_reissue,accepted,true,2024-11-07,2024-11-07,,,,,2024-12-09,85500,USD
OFR-001604-V1,OFR-001604,APP-0022908,REQ-2024-00788,1,1,initial,accepted,true,2024-12-05,2024-12-10,,,,,2025-01-06,85000,USD
OFR-001605-V1,OFR-001605,APP-0022909,REQ-2024-00805,1,1,initial,accepted,true,2025-01-19,2025-01-24,,,,,2025-04-07,265000,USD
OFR-001606-V1,OFR-001606,APP-0022959,REQ-2024-00987,1,1,initial,accepted,false,2024-10-30,2024-11-02,,,,,2024-12-02,58000,USD
OFR-001606-V2,OFR-001606,APP-0022959,REQ-2024-00987,1,2,letter_reissue,accepted,true,2024-11-10,2024-11-10,,,,,2024-12-02,58000,USD
OFR-001607-V1,OFR-001607,APP-0022960,REQ-2024-00987,1,1,initial,accepted,true,2024-10-23,2024-10-27,,,,,2024-11-25,62000,USD
OFR-001608-V1,OFR-001608,APP-0022965,REQ-2024-00996,1,1,initial,accepted,false,2024-10-31,2024-11-07,,,,,2024-12-02,77000,USD
OFR-001608-V2,OFR-001608,APP-0022965,REQ-2024-00996,1,2,start_date_revision,accepted,true,2024-11-09,2024-11-09,,,,,2024-12-16,77000,USD
OFR-001609-V1,OFR-001609,APP-0022995,REQ-2024-00928,1,1,initial,accepted,true,2024-11-08,2024-11-13,,,,,2024-12-02,62500,USD
OFR-001610-V1,OFR-001610,APP-0022999,REQ-2024-00945,1,1,initial,superseded,false,2024-11-17,,,,,,2024-12-23,77500,USD
OFR-001610-V2,OFR-001610,APP-0022999,REQ-2024-00945,1,2,negotiation_revision,accepted,true,2024-11-21,2024-11-22,,,,,2024-12-23,81000,USD
OFR-001611-V1,OFR-001611,APP-0023037,REQ-2024-00763,1,1,initial,accepted,true,2024-11-05,2024-11-07,,,,,2024-12-02,54000,USD
OFR-001612-V1,OFR-001612,APP-0023040,REQ-2024-00828,1,1,initial,accepted,false,2024-11-21,2024-11-30,,,,,2024-12-30,132500,USD
OFR-001612-V2,OFR-001612,APP-0023040,REQ-2024-00828,1,2,salary_correction,accepted,true,2024-12-12,2024-12-12,,,,,2024-12-30,133900,USD
OFR-001613-V1,OFR-001613,APP-0023058,REQ-2024-00964,1,1,initial,accepted,true,2024-11-11,2024-11-14,,,,,2024-12-23,124000,USD
OFR-001614-V1,OFR-001614,APP-0023090,REQ-2024-01014,1,1,initial,accepted,true,2024-11-01,2024-11-03,,,,,2024-11-25,50500,USD
OFR-001615-V1,OFR-001615,APP-0023112,REQ-2024-00832,1,1,initial,withdrawn,true,2024-11-08,,,2024-11-09,,,2024-12-06,80500,USD
OFR-001616-V1,OFR-001616,APP-0023142,REQ-2024-00995,1,1,initial,superseded,false,2024-11-07,,,,,,2024-12-16,86500,USD
OFR-001616-V2,OFR-001616,APP-0023142,REQ-2024-00995,1,2,negotiation_revision,accepted,false,2024-11-08,2024-11-11,,,,,2024-12-16,92500,USD
OFR-001616-V3,OFR-001616,APP-0023142,REQ-2024-00995,1,3,salary_correction,accepted,true,2024-11-19,2024-11-19,,,,,2024-12-16,93300,USD
OFR-001617-V1,OFR-001617,APP-0023201,REQ-2024-00982,1,1,initial,accepted,true,2024-11-06,2024-11-08,,,,,2024-12-02,66500,USD
OFR-001618-V1,OFR-001618,APP-0023207,REQ-2024-00994,1,1,initial,rescinded,true,2024-11-12,2024-11-14,,,2024-12-15,,2024-12-16,116500,USD
OFR-001619-V1,OFR-001619,APP-0023217,REQ-2024-01004,1,1,initial,reneged,true,2024-10-31,2024-11-01,,,,2024-11-03,2024-12-09,107000,USD
OFR-001620-V1,OFR-001620,APP-0023240,REQ-2024-00683,1,1,initial,declined,true,2024-12-10,,2024-12-19,,,,2025-01-07,161500,USD
OFR-001621-V1,OFR-001621,APP-0023242,REQ-2024-00747,1,1,initial,rescinded,true,2024-11-10,2024-11-13,,,2024-11-21,,2024-12-16,87500,USD
OFR-001622-V1,OFR-001622,APP-0023244,REQ-2024-00749,1,1,initial,rescinded,true,2024-11-13,2024-11-15,,,2024-12-03,,2024-12-23,145000,USD
OFR-001623-V1,OFR-001623,APP-0023257,REQ-2024-00895,1,1,initial,rescinded,true,2024-11-17,2024-11-22,,,2024-12-29,,2024-12-30,132000,USD
OFR-001624-V1,OFR-001624,APP-0023278,REQ-2024-00972,1,1,initial,superseded,false,2024-11-10,,,,,,2024-12-09,79500,USD
OFR-001624-V2,OFR-001624,APP-0023278,REQ-2024-00972,1,2,negotiation_revision,accepted,true,2024-11-11,2024-11-12,,,,,2024-12-09,83500,USD
OFR-001625-V1,OFR-001625,APP-0023291,REQ-2024-01004,1,1,initial,declined,true,2024-11-22,,2024-11-25,,,,2024-12-20,97500,USD
OFR-001626-V1,OFR-001626,APP-0023331,REQ-2024-00791,1,1,initial,accepted,true,2024-11-10,2024-11-16,,,,,2024-12-23,96500,USD
OFR-001627-V1,OFR-001627,APP-0023353,REQ-2024-00985,1,1,initial,accepted,true,2024-11-08,2024-11-11,,,,,2024-12-02,59000,USD
OFR-001628-V1,OFR-001628,APP-0023371,REQ-2024-01005,1,1,initial,accepted,true,2024-11-20,2024-11-26,,,,,2024-12-16,60000,USD
OFR-001629-V1,OFR-001629,APP-0023376,REQ-2024-01014,1,1,initial,accepted,true,2024-11-08,2024-11-11,,,,,2024-12-02,47000,USD
OFR-001630-V1,OFR-001630,APP-0023431,REQ-2024-01004,1,1,initial,accepted,true,2024-11-05,2024-11-14,,,,,2024-12-16,101000,USD
OFR-001631-V1,OFR-001631,APP-0023437,REQ-2024-01011,1,1,initial,superseded,false,2024-11-10,,,,,,2024-12-02,87000,USD
OFR-001631-V2,OFR-001631,APP-0023437,REQ-2024-01011,1,2,negotiation_revision,reneged,true,2024-11-11,2024-11-13,,,,2024-11-16,2024-12-02,93000,USD
OFR-001632-V1,OFR-001632,APP-0023441,REQ-2024-01014,1,1,initial,rescinded,true,2024-11-06,2024-11-09,,,2024-11-12,,2024-11-25,48000,USD
OFR-001633-V1,OFR-001633,APP-0023471,REQ-2024-00918,1,1,initial,accepted,true,2024-11-02,2024-11-03,,,,,2024-11-25,65500,USD
OFR-001634-V1,OFR-001634,APP-0023505,REQ-2024-01010,1,1,initial,accepted,true,2024-11-20,2024-11-25,,,,,2024-12-30,62500,USD
OFR-001635-V1,OFR-001635,APP-0023524,REQ-2024-01025,1,1,initial,declined,true,2024-11-21,,2024-11-24,,,,2024-12-19,85500,USD
OFR-001636-V1,OFR-001636,APP-0023538,REQ-2024-00716,1,1,initial,declined,true,2024-11-11,,2024-11-14,,,,2024-12-09,55500,USD
OFR-001637-V1,OFR-001637,APP-0023591,REQ-2024-01018,1,1,initial,superseded,false,2024-11-17,,,,,,2024-12-15,78000,USD
OFR-001637-V2,OFR-001637,APP-0023591,REQ-2024-01018,1,2,negotiation_revision,declined,true,2024-11-19,,2024-11-22,,,,2024-12-15,83000,USD
OFR-001638-V1,OFR-001638,APP-0023635,REQ-2024-00946,1,1,initial,accepted,true,2024-12-01,2024-12-07,,,,,2025-01-13,134000,USD
OFR-001639-V1,OFR-001639,APP-0023670,REQ-2024-00140,1,1,initial,withdrawn,true,2024-12-10,,,2024-12-11,,,2025-01-07,98000,USD
OFR-001640-V1,OFR-001640,APP-0023698,REQ-2024-00972,1,1,initial,accepted,true,2024-11-19,2024-11-24,,,,,2024-12-16,68500,USD
OFR-001641-V1,OFR-001641,APP-0023700,REQ-2024-00980,1,1,initial,accepted,true,2024-11-19,2024-11-20,,,,,2024-12-23,78500,USD
OFR-001642-V1,OFR-001642,APP-0023749,REQ-2024-00757,1,1,initial,declined,true,2024-11-27,,2024-11-29,,,,2024-12-25,74500,USD
OFR-001643-V1,OFR-001643,APP-0023762,REQ-2024-00936,1,1,initial,accepted,false,2024-11-10,2024-11-12,,,,,2024-12-09,68000,USD
OFR-001643-V2,OFR-001643,APP-0023762,REQ-2024-00936,1,2,start_date_revision,accepted,true,2024-11-19,2024-11-19,,,,,2024-12-23,68000,USD
OFR-001644-V1,OFR-001644,APP-0023777,REQ-2024-01001,1,1,initial,accepted,true,2024-12-01,2024-12-03,,,,,2025-01-20,153500,USD
OFR-001645-V1,OFR-001645,APP-0023794,REQ-2024-01016,1,1,initial,rescinded,true,2024-11-17,2024-11-22,,,2024-12-15,,2024-12-23,82000,USD
OFR-001646-V1,OFR-001646,APP-0023838,REQ-2024-00980,1,1,initial,withdrawn,true,2024-11-18,,,2024-11-20,,,2024-12-16,81500,USD
OFR-001647-V1,OFR-001647,APP-0023853,REQ-2024-01004,1,1,initial,accepted,false,2024-11-21,2024-11-27,,,,,2024-12-30,99500,USD
OFR-001647-V2,OFR-001647,APP-0023853,REQ-2024-01004,1,2,start_date_revision,accepted,true,2024-12-06,2024-12-06,,,,,2025-01-20,99500,USD
OFR-001648-V1,OFR-001648,APP-0023865,REQ-2024-01016,1,1,initial,accepted,false,2024-11-18,2024-11-20,,,,,2024-12-30,83000,USD
OFR-001648-V2,OFR-001648,APP-0023865,REQ-2024-01016,1,2,letter_reissue,accepted,true,2024-12-05,2024-12-05,,,,,2024-12-30,83000,USD
OFR-001649-V1,OFR-001649,APP-0023883,REQ-2024-00400,1,1,initial,superseded,false,2024-11-26,,,,,,2024-12-30,136500,USD
OFR-001649-V2,OFR-001649,APP-0023883,REQ-2024-00400,1,2,negotiation_revision,accepted,true,2024-11-28,2024-11-29,,,,,2024-12-30,146000,USD
OFR-001650-V1,OFR-001650,APP-0023892,REQ-2024-00890,1,1,initial,accepted,true,2024-11-22,2024-11-26,,,,,2025-01-13,153500,USD
OFR-001651-V1,OFR-001651,APP-0023922,REQ-2024-01010,1,1,initial,accepted,false,2024-11-23,2024-11-24,,,,,2024-12-30,60000,USD
OFR-001651-V2,OFR-001651,APP-0023922,REQ-2024-01010,1,2,letter_reissue,accepted,true,2024-12-09,2024-12-09,,,,,2024-12-30,60000,USD
OFR-001652-V1,OFR-001652,APP-0023929,REQ-2024-01016,1,1,initial,accepted,false,2024-11-17,2024-11-20,,,,,2024-12-23,78000,USD
OFR-001652-V2,OFR-001652,APP-0023929,REQ-2024-01016,1,2,start_date_revision,accepted,true,2024-11-27,2024-11-27,,,,,2025-01-13,78000,USD
OFR-001653-V1,OFR-001653,APP-0023946,REQ-2024-01033,1,1,initial,accepted,true,2024-11-19,2024-11-24,,,,,2025-01-06,100500,USD
OFR-001654-V1,OFR-001654,APP-0023956,REQ-2024-00425,1,1,initial,superseded,false,2024-11-21,,,,,,2025-02-03,209500,USD
OFR-001654-V2,OFR-001654,APP-0023956,REQ-2024-00425,1,2,negotiation_revision,accepted,true,2024-11-29,2024-12-03,,,,,2025-02-03,218500,USD
OFR-001655-V1,OFR-001655,APP-0023959,REQ-2024-00511,1,1,initial,superseded,false,2024-11-20,,,,,,2024-12-30,119000,USD
OFR-001655-V2,OFR-001655,APP-0023959,REQ-2024-00511,1,2,negotiation_revision,accepted,false,2024-11-27,2024-12-01,,,,,2024-12-30,125500,USD
OFR-001655-V3,OFR-001655,APP-0023959,REQ-2024-00511,1,3,letter_reissue,accepted,true,2024-12-11,2024-12-11,,,,,2024-12-30,125500,USD
OFR-001656-V1,OFR-001656,APP-0023961,REQ-2024-00545,1,1,initial,accepted,false,2024-12-07,2024-12-11,,,,,2025-01-06,81000,USD
OFR-001656-V2,OFR-001656,APP-0023961,REQ-2024-00545,1,2,letter_reissue,accepted,true,2024-12-19,2024-12-19,,,,,2025-01-06,81000,USD
OFR-001657-V1,OFR-001657,APP-0024002,REQ-2024-01007,1,1,initial,accepted,false,2024-11-30,2024-12-05,,,,,2025-01-13,178500,USD
OFR-001657-V2,OFR-001657,APP-0024002,REQ-2024-01007,1,2,letter_reissue,accepted,true,2024-12-12,2024-12-12,,,,,2025-01-13,178500,USD
OFR-001658-V1,OFR-001658,APP-0024012,REQ-2024-01016,1,1,initial,accepted,true,2024-11-22,2024-11-24,,,,,2024-12-30,89000,USD
OFR-001659-V1,OFR-001659,APP-0024022,REQ-2024-01044,1,1,initial,accepted,true,2024-12-10,2024-12-11,,,,,2025-01-13,92500,USD
OFR-001660-V1,OFR-001660,APP-0024030,REQ-2024-00747,1,1,initial,accepted,true,2024-12-01,2024-12-04,,,,,2025-01-06,82500,USD
OFR-001661-V1,OFR-001661,APP-0024047,REQ-2024-00980,1,1,initial,withdrawn,true,2024-11-17,,,2024-11-22,,,2024-12-15,70000,USD
OFR-001662-V1,OFR-001662,APP-0024063,REQ-2024-01014,1,1,initial,accepted,false,2024-11-13,2024-11-17,,,,,2024-12-02,50500,USD
OFR-001662-V2,OFR-001662,APP-0024063,REQ-2024-01014,1,2,start_date_revision,accepted,true,2024-11-28,2024-11-28,,,,,2024-12-16,50500,USD
OFR-001663-V1,OFR-001663,APP-0024078,REQ-2024-01038,1,1,initial,superseded,false,2024-11-19,,,,,,2024-12-16,71000,USD
OFR-001663-V2,OFR-001663,APP-0024078,REQ-2024-01038,1,2,negotiation_revision,accepted,true,2024-11-21,2024-11-22,,,,,2024-12-16,76500,USD
OFR-001664-V1,OFR-001664,APP-0024086,REQ-2024-00519,1,1,initial,accepted,true,2024-11-17,2024-11-18,,,,,2024-12-09,49000,USD
OFR-001665-V1,OFR-001665,APP-0024113,REQ-2024-01005,1,1,initial,accepted,true,2024-11-20,2024-11-25,,,,,2024-12-23,55500,USD
OFR-001666-V1,OFR-001666,APP-0024118,REQ-2024-01010,1,1,initial,superseded,false,2024-11-14,,,,,,2024-12-09,63500,USD
OFR-001666-V2,OFR-001666,APP-0024118,REQ-2024-01010,1,2,negotiation_revision,rescinded,true,2024-11-16,2024-11-17,,,2024-11-21,,2024-12-09,66500,USD
OFR-001667-V1,OFR-001667,APP-0024125,REQ-2024-01014,1,1,initial,declined,true,2024-11-19,,2024-11-20,,,,2024-12-17,43500,USD
OFR-001668-V1,OFR-001668,APP-0024132,REQ-2024-01025,1,1,initial,accepted,true,2024-11-29,2024-12-01,,,,,2025-01-06,82500,USD
OFR-001669-V1,OFR-001669,APP-0024184,REQ-2024-01014,1,1,initial,withdrawn,true,2024-11-17,,,2024-11-20,,,2024-12-15,45500,USD
OFR-001670-V1,OFR-001670,APP-0024185,REQ-2024-01014,1,1,initial,accepted,true,2024-11-12,2024-11-14,,,,,2024-12-09,50000,USD
OFR-001671-V1,OFR-001671,APP-0024186,REQ-2024-01014,1,1,initial,accepted,false,2024-11-16,2024-11-19,,,,,2024-12-09,44000,USD
OFR-001671-V2,OFR-001671,APP-0024186,REQ-2024-01014,1,2,start_date_revision,accepted,true,2024-11-22,2024-11-22,,,,,2024-12-23,44000,USD
OFR-001672-V1,OFR-001672,APP-0024214,REQ-2024-00244,1,1,initial,declined,true,2024-12-12,,2024-12-15,,,,2025-01-09,113500,USD
OFR-001673-V1,OFR-001673,APP-0024217,REQ-2024-00628,1,1,initial,accepted,true,2024-12-06,2024-12-09,,,,,2025-01-06,100500,USD
OFR-001674-V1,OFR-001674,APP-0024278,REQ-2024-00576,1,1,initial,accepted,false,2024-12-06,2024-12-06,,,,,2025-01-06,99000,USD
OFR-001674-V2,OFR-001674,APP-0024278,REQ-2024-00576,1,2,start_date_revision,accepted,true,2024-12-15,2024-12-15,,,,,2025-01-27,99000,USD
OFR-001675-V1,OFR-001675,APP-0024283,REQ-2024-00802,1,1,initial,accepted,false,2024-12-03,2024-12-12,,,,,2025-01-27,78500,USD
OFR-001675-V2,OFR-001675,APP-0024283,REQ-2024-00802,1,2,start_date_revision,accepted,true,2024-12-24,2024-12-24,,,,,2025-02-17,78500,USD
OFR-001676-V1,OFR-001676,APP-0024285,REQ-2024-00824,1,1,initial,accepted,true,2024-12-04,2024-12-14,,,,,2025-01-13,110500,USD
OFR-001677-V1,OFR-001677,APP-0024309,REQ-2024-01016,1,1,initial,withdrawn,true,2024-11-23,,,2024-11-25,,,2024-12-21,89000,USD
OFR-001678-V1,OFR-001678,APP-0024311,REQ-2024-01017,1,1,initial,superseded,false,2024-12-03,,,,,,2025-01-06,96500,USD
OFR-001678-V2,OFR-001678,APP-0024311,REQ-2024-01017,1,2,negotiation_revision,accepted,false,2024-12-06,2024-12-07,,,,,2025-01-06,100500,USD
OFR-001678-V3,OFR-001678,APP-0024311,REQ-2024-01017,1,3,start_date_revision,accepted,true,2024-12-11,2024-12-11,,,,,2025-01-20,100500,USD
OFR-001679-V1,OFR-001679,APP-0024314,REQ-2024-01019,1,1,initial,reneged,true,2024-11-22,2024-12-03,,,,2024-12-04,2024-12-30,104500,USD
OFR-001680-V1,OFR-001680,APP-0024315,REQ-2024-01025,1,1,initial,withdrawn,true,2024-11-29,,,2024-12-01,,,2024-12-27,87000,USD
OFR-001681-V1,OFR-001681,APP-0024322,REQ-2024-01042,1,1,initial,superseded,false,2024-11-18,,,,,,2024-12-16,73000,USD
OFR-001681-V2,OFR-001681,APP-0024322,REQ-2024-01042,1,2,negotiation_revision,accepted,true,2024-11-19,2024-11-20,,,,,2024-12-16,78000,USD
OFR-001682-V1,OFR-001682,APP-0024325,REQ-2024-01044,1,1,initial,withdrawn,true,2024-12-11,,,2024-12-11,,,2025-01-08,103000,USD
OFR-001683-V1,OFR-001683,APP-0024326,REQ-2024-01044,1,1,initial,accepted,true,2024-12-01,2024-12-07,,,,,2025-01-13,96500,USD
OFR-001684-V1,OFR-001684,APP-0024331,REQ-2024-01050,1,1,initial,accepted,true,2024-11-15,2024-11-18,,,,,2024-12-30,85500,USD
OFR-001685-V1,OFR-001685,APP-0024333,REQ-2024-01051,1,1,initial,superseded,false,2024-11-26,,,,,,2024-12-16,55500,USD
OFR-001685-V2,OFR-001685,APP-0024333,REQ-2024-01051,1,2,negotiation_revision,rescinded,true,2024-11-27,2024-11-29,,,2024-12-07,,2024-12-16,59500,USD
OFR-001686-V1,OFR-001686,APP-0024339,REQ-2024-01061,1,1,initial,superseded,false,2024-12-12,,,,,,2025-02-03,144000,USD
OFR-001686-V2,OFR-001686,APP-0024339,REQ-2024-01061,1,2,negotiation_revision,reneged,true,2024-12-15,2024-12-17,,,,2024-12-24,2025-02-03,151500,USD
OFR-001687-V1,OFR-001687,APP-0024343,REQ-2024-01064,1,1,initial,accepted,true,2024-12-03,2024-12-08,,,,,2025-02-10,173500,USD
OFR-001688-V1,OFR-001688,APP-0024351,REQ-2024-01076,1,1,initial,superseded,false,2024-11-22,,,,,,2024-12-30,94500,USD
OFR-001688-V2,OFR-001688,APP-0024351,REQ-2024-01076,1,2,negotiation_revision,accepted,true,2024-11-24,2024-11-25,,,,,2024-12-30,99500,USD
OFR-001689-V1,OFR-001689,APP-0024359,REQ-2024-00587,1,1,initial,declined,true,2024-11-28,,2024-12-01,,,,2024-12-26,65500,USD
OFR-001690-V1,OFR-001690,APP-0024374,REQ-2024-00891,1,1,initial,accepted,true,2024-12-17,2024-12-20,,,,,2025-01-27,140000,USD
OFR-001691-V1,OFR-001691,APP-0024402,REQ-2024-01038,1,1,initial,accepted,false,2024-11-22,2024-11-25,,,,,2024-12-23,68500,USD
OFR-001691-V2,OFR-001691,APP-0024402,REQ-2024-01038,1,2,letter_reissue,accepted,true,2024-11-29,2024-11-29,,,,,2024-12-23,68500,USD
OFR-001692-V1,OFR-001692,APP-0024409,REQ-2024-01045,1,1,initial,superseded,false,2024-11-25,,,,,,2025-01-13,100500,USD
OFR-001692-V2,OFR-001692,APP-0024409,REQ-2024-01045,1,2,negotiation_revision,accepted,true,2024-11-30,2024-12-02,,,,,2025-01-13,107500,USD
OFR-001693-V1,OFR-001693,APP-0024412,REQ-2024-01050,1,1,initial,withdrawn,true,2024-12-08,,,2024-12-11,,,2025-01-05,92000,USD
OFR-001694-V1,OFR-001694,APP-0024478,REQ-2024-01050,1,1,initial,declined,true,2024-12-04,,2024-12-08,,,,2025-01-01,89000,USD
OFR-001695-V1,OFR-001695,APP-0024482,REQ-2024-01057,1,1,initial,declined,true,2024-11-28,,2024-11-30,,,,2024-12-26,76500,USD
OFR-001696-V1,OFR-001696,APP-0024485,REQ-2024-01064,1,1,initial,withdrawn,true,2024-12-07,,,2024-12-10,,,2025-01-04,165000,USD
OFR-001697-V1,OFR-001697,APP-0024492,REQ-2024-01071,1,1,initial,superseded,false,2024-11-23,,,,,,2025-01-06,112500,USD
OFR-001697-V2,OFR-001697,APP-0024492,REQ-2024-01071,1,2,negotiation_revision,accepted,true,2024-11-24,2024-11-27,,,,,2025-01-06,116500,USD
OFR-001698-V1,OFR-001698,APP-0024545,REQ-2024-01039,1,1,initial,accepted,true,2024-11-28,2024-12-01,,,,,2025-01-13,131500,USD
OFR-001699-V1,OFR-001699,APP-0024622,REQ-2024-01030,1,1,initial,superseded,false,2024-12-01,,,,,,2025-02-03,141000,USD
OFR-001699-V2,OFR-001699,APP-0024622,REQ-2024-01030,1,2,negotiation_revision,accepted,true,2024-12-05,2024-12-12,,,,,2025-02-03,152000,USD
OFR-001700-V1,OFR-001700,APP-0024632,REQ-2024-01049,1,1,initial,accepted,true,2024-12-02,2024-12-08,,,,,2025-01-20,164500,USD
OFR-001701-V1,OFR-001701,APP-0024657,REQ-2024-01076,1,1,initial,accepted,true,2024-12-07,2024-12-10,,,,,2025-01-13,96000,USD
OFR-001702-V1,OFR-001702,APP-0024708,REQ-2024-01027,1,1,initial,accepted,true,2024-12-05,2024-12-07,,,,,2025-01-20,149500,USD
OFR-001703-V1,OFR-001703,APP-0024726,REQ-2024-01072,1,1,initial,superseded,false,2024-11-23,,,,,,2024-12-09,61000,USD
OFR-001703-V2,OFR-001703,APP-0024726,REQ-2024-01072,1,2,negotiation_revision,accepted,true,2024-11-24,2024-11-25,,,,,2024-12-09,64000,USD
OFR-001704-V1,OFR-001704,APP-0024730,REQ-2024-01074,1,1,initial,superseded,false,2024-11-23,,,,,,2024-12-30,75500,USD
OFR-001704-V2,OFR-001704,APP-0024730,REQ-2024-01074,1,2,negotiation_revision,accepted,true,2024-11-24,2024-12-01,,,,,2024-12-30,81500,USD
OFR-001705-V1,OFR-001705,APP-0024738,REQ-2024-01078,1,1,initial,rescinded,true,2024-11-25,2024-11-29,,,2024-12-02,,2025-01-13,92000,USD
OFR-001706-V1,OFR-001706,APP-0024745,REQ-2024-00116,1,1,initial,rescinded,true,2024-12-15,2024-12-20,,,2024-12-27,,2025-02-17,141500,USD
OFR-001707-V1,OFR-001707,APP-0024749,REQ-2024-00716,1,1,initial,declined,true,2024-11-25,,2024-11-28,,,,2024-12-23,53000,USD
OFR-001708-V1,OFR-001708,APP-0024751,REQ-2024-00777,1,1,initial,accepted,false,2024-11-27,2024-12-01,,,,,2024-12-23,78000,USD
OFR-001708-V2,OFR-001708,APP-0024751,REQ-2024-00777,1,2,start_date_revision,accepted,true,2024-12-16,2024-12-16,,,,,2025-01-13,78000,USD
OFR-001709-V1,OFR-001709,APP-0024762,REQ-2024-00983,1,1,initial,accepted,true,2024-12-31,2025-01-04,,,,,2025-01-27,86000,USD
OFR-001710-V1,OFR-001710,APP-0024813,REQ-2024-01081,1,1,initial,accepted,true,2024-12-04,2024-12-11,,,,,2025-01-06,84000,USD
OFR-001711-V1,OFR-001711,APP-0024816,REQ-2024-01083,1,1,initial,accepted,false,2024-11-23,2024-11-25,,,,,2024-12-23,84500,USD
OFR-001711-V2,OFR-001711,APP-0024816,REQ-2024-01083,1,2,start_date_revision,accepted,true,2024-12-01,2024-12-01,,,,,2025-01-06,84500,USD
OFR-001712-V1,OFR-001712,APP-0024842,REQ-2024-00828,1,1,initial,superseded,false,2025-01-07,,,,,,2025-02-04,118500,USD
OFR-001712-V2,OFR-001712,APP-0024842,REQ-2024-00828,1,2,negotiation_revision,declined,true,2025-01-11,,2025-01-13,,,,2025-02-04,125500,USD
OFR-001713-V1,OFR-001713,APP-0024850,REQ-2024-01004,1,1,initial,superseded,false,2024-12-10,,,,,,2025-01-27,113500,USD
OFR-001713-V2,OFR-001713,APP-0024850,REQ-2024-01004,1,2,negotiation_revision,accepted,true,2024-12-12,2024-12-14,,,,,2025-01-27,120000,USD
OFR-001714-V1,OFR-001714,APP-0024888,REQ-2024-01071,1,1,initial,accepted,true,2024-12-09,2024-12-11,,,,,2025-01-20,97000,USD
OFR-001715-V1,OFR-001715,APP-0024889,REQ-2024-01072,1,1,initial,declined,true,2024-11-27,,2024-11-29,,,,2024-12-25,63500,USD
OFR-001716-V1,OFR-001716,APP-0024908,REQ-2024-01092,1,1,initial,accepted,true,2024-12-07,2024-12-11,,,,,2025-01-13,71500,USD
OFR-001717-V1,OFR-001717,APP-0024937,REQ-2024-01010,1,1,initial,withdrawn,true,2024-11-25,,,2024-11-27,,,2024-12-23,60500,USD
OFR-001718-V1,OFR-001718,APP-0024941,REQ-2024-01023,1,1,initial,superseded,false,2024-12-01,,,,,,2024-12-23,69500,USD
OFR-001718-V2,OFR-001718,APP-0024941,REQ-2024-01023,1,2,negotiation_revision,reneged,true,2024-12-02,2024-12-07,,,,2024-12-12,2024-12-23,71500,USD
OFR-001719-V1,OFR-001719,APP-0024944,REQ-2024-01035,1,1,initial,declined,true,2024-12-10,,2024-12-13,,,,2025-01-07,72000,USD
OFR-001720-V1,OFR-001720,APP-0024955,REQ-2024-01050,1,1,initial,accepted,true,2024-12-03,2024-12-05,,,,,2025-01-13,79000,USD
OFR-001721-V1,OFR-001721,APP-0025032,REQ-2024-01044,1,1,initial,withdrawn,true,2024-12-09,,,2024-12-11,,,2025-01-06,95500,USD
OFR-001722-V1,OFR-001722,APP-0025035,REQ-2024-01050,1,1,initial,accepted,false,2024-12-07,2024-12-09,,,,,2025-01-13,80500,USD
OFR-001722-V2,OFR-001722,APP-0025035,REQ-2024-01050,1,2,salary_correction,accepted,true,2024-12-12,2024-12-12,,,,,2025-01-13,79800,USD
OFR-001723-V1,OFR-001723,APP-0025050,REQ-2024-01074,1,1,initial,declined,true,2024-12-11,,2024-12-15,,,,2025-01-08,70500,USD
OFR-001724-V1,OFR-001724,APP-0025053,REQ-2024-01078,1,1,initial,accepted,true,2024-12-16,2024-12-22,,,,,2025-02-03,84500,USD
OFR-001725-V1,OFR-001725,APP-0025056,REQ-2024-01079,1,1,initial,accepted,true,2024-11-29,2024-12-02,,,,,2024-12-30,63500,USD
OFR-001726-V1,OFR-001726,APP-0025058,REQ-2024-01083,1,1,initial,declined,true,2024-12-02,,2024-12-04,,,,2024-12-30,77500,USD
OFR-001727-V1,OFR-001727,APP-0025072,REQ-2024-01103,1,1,initial,accepted,true,2024-11-26,2024-11-29,,,,,2024-12-30,80000,USD
OFR-001728-V1,OFR-001728,APP-0025074,REQ-2024-00339,1,1,initial,accepted,true,2024-12-17,2024-12-20,,,,,2025-01-20,76000,USD
OFR-001729-V1,OFR-001729,APP-0025093,REQ-2024-00928,1,1,initial,declined,true,2024-12-04,,2024-12-07,,,,2025-01-01,63500,USD
OFR-001730-V1,OFR-001730,APP-0025103,REQ-2024-01038,1,1,initial,declined,true,2024-11-25,,2024-11-27,,,,2024-12-23,65500,USD
OFR-001731-V1,OFR-001731,APP-0025123,REQ-2024-01063,1,1,initial,accepted,true,2024-11-24,2024-11-27,,,,,2025-01-06,98000,USD
OFR-001732-V1,OFR-001732,APP-0025137,REQ-2024-01076,1,1,initial,accepted,true,2024-12-13,2024-12-19,,,,,2025-01-27,87500,USD
OFR-001733-V1,OFR-001733,APP-0025142,REQ-2024-01085,1,1,initial,declined,true,2024-12-05,,2024-12-13,,,,2025-01-02,102500,USD
OFR-001734-V1,OFR-001734,APP-0025149,REQ-2024-01099,1,1,initial,accepted,true,2024-12-09,2024-12-11,,,,,2024-12-30,62000,USD
OFR-001735-V1,OFR-001735,APP-0025154,REQ-2024-00235,1,1,initial,accepted,true,2024-12-30,2025-01-02,,,,,2025-03-10,204000,USD
OFR-001736-V1,OFR-001736,APP-0025183,REQ-2024-01050,1,1,initial,superseded,false,2024-12-02,,,,,,2024-12-30,85500,USD
OFR-001736-V2,OFR-001736,APP-0025183,REQ-2024-01050,1,2,negotiation_revision,declined,true,2024-12-03,,2024-12-06,,,,2024-12-30,90500,USD
OFR-001737-V1,OFR-001737,APP-0025186,REQ-2024-01050,1,1,initial,accepted,false,2024-11-27,2024-12-04,,,,,2025-01-06,80500,USD
OFR-001737-V2,OFR-001737,APP-0025186,REQ-2024-01050,1,2,salary_correction,accepted,true,2024-12-11,2024-12-11,,,,,2025-01-06,80100,USD
OFR-001738-V1,OFR-001738,APP-0025202,REQ-2024-01072,1,1,initial,superseded,false,2024-11-28,,,,,,2024-12-16,53500,USD
OFR-001738-V2,OFR-001738,APP-0025202,REQ-2024-01072,1,2,negotiation_revision,accepted,true,2024-11-29,2024-11-30,,,,,2024-12-16,57500,USD
OFR-001739-V1,OFR-001739,APP-0025206,REQ-2024-01076,1,1,initial,declined,true,2024-12-08,,2024-12-14,,,,2025-01-05,94500,USD
OFR-001740-V1,OFR-001740,APP-0025222,REQ-2024-01091,1,1,initial,accepted,false,2024-12-08,2024-12-13,,,,,2025-01-20,138000,USD
OFR-001740-V2,OFR-001740,APP-0025222,REQ-2024-01091,1,2,salary_correction,rescinded,true,2024-12-28,2024-12-28,,,2025-01-04,,2025-01-20,138700,USD
OFR-001741-V1,OFR-001741,APP-0025234,REQ-2024-01107,1,1,initial,accepted,true,2024-12-13,2024-12-15,,,,,2025-01-20,100000,USD
OFR-001742-V1,OFR-001742,APP-0025240,REQ-2024-01111,1,1,initial,withdrawn,true,2024-12-10,,,2024-12-17,,,2025-01-07,103000,USD
OFR-001743-V1,OFR-001743,APP-0025257,REQ-2024-00943,1,1,initial,accepted,true,2024-12-03,2024-12-07,,,,,2025-01-06,85000,USD
OFR-001744-V1,OFR-001744,APP-0025270,REQ-2024-01047,1,1,initial,superseded,false,2024-12-21,,,,,,2025-01-20,104000,USD
OFR-001744-V2,OFR-001744,APP-0025270,REQ-2024-01047,1,2,negotiation_revision,accepted,true,2024-12-26,2024-12-27,,,,,2025-01-20,107000,USD
OFR-001745-V1,OFR-001745,APP-0025281,REQ-2024-01054,1,1,initial,accepted,true,2024-12-10,2024-12-14,,,,,2024-12-30,76500,USD
OFR-001746-V1,OFR-001746,APP-0025289,REQ-2024-01067,1,1,initial,accepted,true,2024-12-05,2024-12-16,,,,,2025-01-27,92000,USD
OFR-001747-V1,OFR-001747,APP-0025301,REQ-2024-01078,1,1,initial,accepted,true,2024-12-20,2024-12-26,,,,,2025-02-03,86000,USD
OFR-001748-V1,OFR-001748,APP-0025303,REQ-2024-01083,1,1,initial,accepted,true,2024-12-12,2024-12-16,,,,,2025-01-20,77500,USD
OFR-001749-V1,OFR-001749,APP-0025305,REQ-2024-01089,1,1,initial,accepted,true,2025-01-12,2025-01-17,,,,,2025-03-10,200000,USD
OFR-001750-V1,OFR-001750,APP-0025313,REQ-2024-01100,1,1,initial,accepted,true,2024-12-07,2024-12-11,,,,,2025-01-20,101500,USD
OFR-001751-V1,OFR-001751,APP-0025323,REQ-2024-01111,1,1,initial,superseded,false,2024-12-13,,,,,,2025-01-13,111500,USD
OFR-001751-V2,OFR-001751,APP-0025323,REQ-2024-01111,1,2,negotiation_revision,accepted,true,2024-12-14,2024-12-16,,,,,2025-01-13,115500,USD
OFR-001752-V1,OFR-001752,APP-0025327,REQ-2024-00534,1,1,initial,accepted,false,2024-12-06,2024-12-12,,,,,2024-12-30,93000,USD
OFR-001752-V2,OFR-001752,APP-0025327,REQ-2024-00534,1,2,salary_correction,accepted,true,2024-12-16,2024-12-16,,,,,2024-12-30,92400,USD
OFR-001753-V1,OFR-001753,APP-0025329,REQ-2024-00713,1,1,initial,reneged,true,2024-12-13,2024-12-16,,,,2024-12-17,2025-01-27,112000,USD
OFR-001754-V1,OFR-001754,APP-0025343,REQ-2024-01004,1,1,initial,superseded,false,2024-12-08,,,,,,2025-01-13,104000,USD
OFR-001754-V2,OFR-001754,APP-0025343,REQ-2024-01004,1,2,negotiation_revision,accepted,true,2024-12-09,2024-12-13,,,,,2025-01-13,108000,USD
OFR-001755-V1,OFR-001755,APP-0025359,REQ-2024-01051,1,1,initial,accepted,true,2024-12-05,2024-12-07,,,,,2024-12-23,63000,USD
OFR-001756-V1,OFR-001756,APP-0025365,REQ-2024-01060,1,1,initial,withdrawn,true,2024-12-08,,,2024-12-12,,,2025-01-05,75000,USD
OFR-001757-V1,OFR-001757,APP-0025366,REQ-2024-01060,1,1,initial,accepted,true,2024-12-06,2024-12-09,,,,,2025-01-06,76500,USD
OFR-001758-V1,OFR-001758,APP-0025372,REQ-2024-01073,1,1,initial,accepted,true,2024-12-26,2025-01-01,,,,,2025-02-03,176500,USD
OFR-001759-V1,OFR-001759,APP-0025403,REQ-2024-01111,1,1,initial,accepted,false,2024-12-07,2024-12-08,,,,,2025-01-06,111500,USD
OFR-001759-V2,OFR-001759,APP-0025403,REQ-2024-01111,1,2,start_date_revision,accepted,true,2024-12-20,2024-12-20,,,,,2025-01-20,111500,USD
OFR-001760-V1,OFR-001760,APP-0025435,REQ-2024-01050,1,1,initial,declined,true,2024-12-06,,2024-12-08,,,,2025-01-03,88000,USD
OFR-001761-V1,OFR-001761,APP-0025436,REQ-2024-01050,1,1,initial,accepted,true,2024-12-06,2024-12-07,,,,,2025-01-20,91500,USD
OFR-001762-V1,OFR-001762,APP-0025444,REQ-2024-01069,1,1,initial,superseded,false,2024-12-15,,,,,,2025-01-20,84500,USD
OFR-001762-V2,OFR-001762,APP-0025444,REQ-2024-01069,1,2,negotiation_revision,accepted,true,2024-12-20,2024-12-28,,,,,2025-01-20,91000,USD
OFR-001763-V1,OFR-001763,APP-0025452,REQ-2024-01076,1,1,initial,declined,true,2024-12-09,,2024-12-18,,,,2025-01-06,89500,USD
OFR-001764-V1,OFR-001764,APP-0025453,REQ-2024-01076,1,1,initial,withdrawn,true,2024-12-16,,,2024-12-20,,,2025-01-13,100000,USD
OFR-001765-V1,OFR-001765,APP-0025457,REQ-2024-01078,1,1,initial,accepted,true,2024-12-07,2024-12-12,,,,,2025-01-13,81000,USD
OFR-001766-V1,OFR-001766,APP-0025459,REQ-2024-01083,1,1,initial,superseded,false,2024-12-16,,,,,,2025-01-13,82500,USD
OFR-001766-V2,OFR-001766,APP-0025459,REQ-2024-01083,1,2,negotiation_revision,withdrawn,true,2024-12-19,,,2024-12-20,,,2025-01-13,89000,USD
OFR-001767-V1,OFR-001767,APP-0025468,REQ-2024-01087,1,1,initial,accepted,true,2024-12-11,2024-12-15,,,,,2025-01-13,130000,USD
OFR-001768-V1,OFR-001768,APP-0025480,REQ-2024-01103,1,1,initial,accepted,false,2024-12-07,2024-12-12,,,,,2025-01-13,81000,USD
OFR-001768-V2,OFR-001768,APP-0025480,REQ-2024-01103,1,2,letter_reissue,accepted,true,2024-12-26,2024-12-26,,,,,2025-01-13,81000,USD
OFR-001769-V1,OFR-001769,APP-0025489,REQ-2024-01112,1,1,initial,accepted,true,2024-12-27,2024-12-30,,,,,2025-02-10,103000,USD
OFR-001770-V1,OFR-001770,APP-0025497,REQ-2024-00505,1,1,initial,accepted,true,2024-12-16,2024-12-25,,,,,2025-01-27,91000,USD
OFR-001771-V1,OFR-001771,APP-0025510,REQ-2024-00928,1,1,initial,declined,true,2024-12-04,,2024-12-06,,,,2025-01-01,58500,USD
OFR-001772-V1,OFR-001772,APP-0025514,REQ-2024-00981,1,1,initial,accepted,true,2024-12-11,2024-12-16,,,,,2025-01-13,79500,USD
OFR-001773-V1,OFR-001773,APP-0025576,REQ-2024-01115,1,1,initial,accepted,true,2024-12-11,2024-12-12,,,,,2025-01-13,72500,USD
OFR-001774-V1,OFR-001774,APP-0025582,REQ-2024-00413,1,1,initial,accepted,false,2025-01-04,2025-01-06,,,,,2025-02-10,185000,USD
OFR-001774-V2,OFR-001774,APP-0025582,REQ-2024-00413,1,2,letter_reissue,accepted,true,2025-01-18,2025-01-18,,,,,2025-02-10,185000,USD
OFR-001775-V1,OFR-001775,APP-0025610,REQ-2024-01050,1,1,initial,accepted,true,2024-12-04,2024-12-09,,,,,2025-01-13,85000,USD
OFR-001776-V1,OFR-001776,APP-0025674,REQ-2024-01004,1,1,initial,withdrawn,true,2024-12-19,,,2024-12-19,,,2025-01-16,98500,USD
OFR-001777-V1,OFR-001777,APP-0025677,REQ-2024-01022,1,1,initial,accepted,true,2024-12-10,2024-12-13,,,,,2025-01-13,106500,USD
OFR-001778-V1,OFR-001778,APP-0025684,REQ-2024-01051,1,1,initial,accepted,true,2024-12-16,2024-12-19,,,,,2025-01-13,61500,USD
OFR-001779-V1,OFR-001779,APP-0025688,REQ-2024-01057,1,1,initial,accepted,true,2024-12-02,2024-12-06,,,,,2025-01-06,87000,USD
OFR-001780-V1,OFR-001780,APP-0025700,REQ-2024-01076,1,1,initial,withdrawn,true,2024-12-18,,,2024-12-20,,,2025-01-15,92500,USD
OFR-001781-V1,OFR-001781,APP-0025703,REQ-2024-01076,1,1,initial,accepted,true,2024-12-14,2024-12-16,,,,,2025-01-20,103000,USD
OFR-001782-V1,OFR-001782,APP-0025729,REQ-2024-01108,1,1,initial,reneged,true,2024-12-23,2024-12-29,,,,2025-01-02,2025-02-03,99500,USD
OFR-001783-V1,OFR-001783,APP-0025789,REQ-2024-01077,1,1,initial,accepted,true,2024-12-05,2024-12-07,,,,,2024-12-30,63500,USD
OFR-001784-V1,OFR-001784,APP-0025817,REQ-2024-01115,1,1,initial,accepted,true,2024-12-16,2024-12-20,,,,,2025-01-20,78500,USD
OFR-001785-V1,OFR-001785,APP-0025821,REQ-2024-01121,1,1,initial,accepted,true,2024-12-20,2024-12-27,,,,,2025-02-03,134000,USD
OFR-001786-V1,OFR-001786,APP-0025842,REQ-2024-00993,1,1,initial,accepted,true,2024-12-29,2024-12-30,,,,,2025-02-03,131500,USD
OFR-001787-V1,OFR-001787,APP-0025873,REQ-2024-01099,1,1,initial,accepted,true,2024-12-08,2024-12-11,,,,,2025-01-06,60500,USD
OFR-001788-V1,OFR-001788,APP-0025877,REQ-2024-01110,1,1,initial,accepted,true,2024-12-18,2024-12-21,,,,,2025-01-13,50000,USD
OFR-001789-V1,OFR-001789,APP-0025891,REQ-2024-01122,1,1,initial,accepted,true,2024-12-16,2024-12-20,,,,,2025-01-06,56500,USD
OFR-001790-V1,OFR-001790,APP-0025907,REQ-2024-00942,1,1,initial,accepted,true,2024-12-17,2024-12-20,,,,,2025-01-06,70500,USD
OFR-001791-V1,OFR-001791,APP-0025908,REQ-2024-00951,1,1,initial,accepted,true,2024-12-25,2025-01-05,,,,,2025-02-10,103000,USD
OFR-001792-V1,OFR-001792,APP-0025910,REQ-2024-00991,1,1,initial,accepted,true,2024-12-21,2024-12-24,,,,,2025-02-03,109500,USD
OFR-001793-V1,OFR-001793,APP-0025927,REQ-2024-01071,1,1,initial,superseded,false,2024-12-10,,,,,,2025-01-13,102500,USD
OFR-001793-V2,OFR-001793,APP-0025927,REQ-2024-01071,1,2,negotiation_revision,accepted,true,2024-12-11,2024-12-12,,,,,2025-01-13,110500,USD
OFR-001794-V1,OFR-001794,APP-0025942,REQ-2024-01088,1,1,initial,superseded,false,2024-12-08,,,,,,2025-01-06,97000,USD
OFR-001794-V2,OFR-001794,APP-0025942,REQ-2024-01088,1,2,negotiation_revision,accepted,true,2024-12-09,2024-12-10,,,,,2025-01-06,104500,USD
OFR-001795-V1,OFR-001795,APP-0025963,REQ-2024-01115,1,1,initial,superseded,false,2024-12-14,,,,,,2025-01-20,78500,USD
OFR-001795-V2,OFR-001795,APP-0025963,REQ-2024-01115,1,2,negotiation_revision,accepted,true,2024-12-18,2024-12-20,,,,,2025-01-20,82000,USD
OFR-001796-V1,OFR-001796,APP-0025986,REQ-2024-01004,1,1,initial,withdrawn,true,2024-12-16,,,2024-12-19,,,2025-01-13,109500,USD
OFR-001797-V1,OFR-001797,APP-0025997,REQ-2024-01051,1,1,initial,superseded,false,2024-12-14,,,,,,2025-01-11,53500,USD
OFR-001797-V2,OFR-001797,APP-0025997,REQ-2024-01051,1,2,negotiation_revision,declined,true,2024-12-18,,2024-12-19,,,,2025-01-11,56000,USD
OFR-001798-V1,OFR-001798,APP-0025998,REQ-2024-01053,1,1,initial,superseded,false,2024-12-26,,,,,,2025-02-10,111500,USD
OFR-001798-V2,OFR-001798,APP-0025998,REQ-2024-01053,1,2,negotiation_revision,accepted,true,2024-12-27,2024-12-30,,,,,2025-02-10,116500,USD
OFR-001799-V1,OFR-001799,APP-0026008,REQ-2024-01074,1,1,initial,accepted,true,2024-12-13,2024-12-20,,,,,2025-01-13,65500,USD
OFR-001800-V1,OFR-001800,APP-0026022,REQ-2024-01111,1,1,initial,accepted,true,2024-12-11,2024-12-16,,,,,2025-01-27,112500,USD
OFR-001801-V1,OFR-001801,APP-0026039,REQ-2024-01133,1,1,initial,accepted,false,2024-12-16,2024-12-21,,,,,2025-01-27,109000,USD
OFR-001801-V2,OFR-001801,APP-0026039,REQ-2024-01133,1,2,start_date_revision,accepted,true,2024-12-30,2024-12-30,,,,,2025-02-10,109000,USD
OFR-001802-V1,OFR-001802,APP-0026053,REQ-2024-00899,1,1,initial,accepted,true,2024-12-27,2024-12-29,,,,,2025-01-27,88500,USD
OFR-001803-V1,OFR-001803,APP-0026077,REQ-2024-01071,1,1,initial,accepted,true,2024-12-14,2024-12-19,,,,,2025-01-20,97000,USD
OFR-001804-V1,OFR-001804,APP-0026080,REQ-2024-01075,1,1,initial,accepted,true,2024-12-31,2025-01-04,,,,,2025-01-27,91500,USD
OFR-001805-V1,OFR-001805,APP-0026094,REQ-2024-01105,1,1,initial,accepted,true,2025-01-03,2025-01-08,,,,,2025-03-03,179500,USD
OFR-001806-V1,OFR-001806,APP-0026116,REQ-2024-01127,1,1,initial,accepted,true,2025-01-13,2025-01-22,,,,,2025-02-24,164500,USD
OFR-001807-V1,OFR-001807,APP-0026156,REQ-2024-01085,1,1,initial,accepted,true,2024-12-25,2024-12-29,,,,,2025-02-03,106500,USD
OFR-001808-V1,OFR-001808,APP-0026167,REQ-2024-01110,1,1,initial,accepted,true,2024-12-19,2024-12-23,,,,,2025-01-06,56000,USD
OFR-001809-V1,OFR-001809,APP-0026172,REQ-2024-01113,1,1,initial,superseded,false,2024-12-16,,,,,,2025-02-03,145500,USD
OFR-001809-V2,OFR-001809,APP-0026172,REQ-2024-01113,1,2,negotiation_revision,reneged,true,2024-12-17,2024-12-18,,,,2025-01-31,2025-02-03,156000,USD
OFR-001810-V1,OFR-001810,APP-0026174,REQ-2024-01115,1,1,initial,accepted,true,2024-12-11,2024-12-13,,,,,2025-01-06,73500,USD
OFR-001811-V1,OFR-001811,APP-0026176,REQ-2024-01118,1,1,initial,accepted,false,2024-12-11,2024-12-15,,,,,2025-01-06,60500,USD
OFR-001811-V2,OFR-001811,APP-0026176,REQ-2024-01118,1,2,letter_reissue,accepted,true,2024-12-17,2024-12-17,,,,,2025-01-06,60500,USD
OFR-001812-V1,OFR-001812,APP-0026180,REQ-2024-01122,1,1,initial,accepted,true,2024-12-24,2025-01-01,,,,,2025-01-27,59500,USD
OFR-001813-V1,OFR-001813,APP-0026187,REQ-2024-01129,1,1,initial,declined,true,2024-12-25,,2024-12-27,,,,2025-01-22,74000,USD
OFR-001814-V1,OFR-001814,APP-0026190,REQ-2024-01130,1,1,initial,declined,true,2024-12-17,,2024-12-20,,,,2025-01-14,62000,USD
OFR-001815-V1,OFR-001815,APP-0026192,REQ-2024-01130,1,1,initial,accepted,true,2024-12-12,2024-12-13,,,,,2025-01-06,56000,USD
OFR-001816-V1,OFR-001816,APP-0026222,REQ-2024-01011,1,1,initial,accepted,true,2025-01-14,2025-01-18,,,,,2025-02-17,78500,USD
OFR-001817-V1,OFR-001817,APP-0026255,REQ-2024-01122,1,1,initial,superseded,false,2024-12-30,,,,,,2025-01-20,58500,USD
OFR-001817-V2,OFR-001817,APP-0026255,REQ-2024-01122,1,2,negotiation_revision,rescinded,true,2024-12-31,2025-01-02,,,2025-01-09,,2025-01-20,63000,USD
OFR-001818-V1,OFR-001818,APP-0026256,REQ-2024-01122,1,1,initial,accepted,true,2024-12-15,2024-12-17,,,,,2024-12-30,63000,USD
OFR-001819-V1,OFR-001819,APP-0026260,REQ-2024-01129,1,1,initial,accepted,true,2024-12-18,2024-12-20,,,,,2025-01-20,81500,USD
OFR-001820-V1,OFR-001820,APP-0026264,REQ-2024-01130,1,1,initial,accepted,false,2024-12-12,2024-12-18,,,,,2025-01-06,60500,USD
OFR-001820-V2,OFR-001820,APP-0026264,REQ-2024-01130,1,2,letter_reissue,accepted,true,2024-12-30,2024-12-30,,,,,2025-01-06,60500,USD
OFR-001821-V1,OFR-001821,APP-0026272,REQ-2024-00642,1,1,initial,accepted,true,2024-12-23,2024-12-28,,,,,2025-01-27,83000,USD
OFR-001822-V1,OFR-001822,APP-0026320,REQ-2024-01126,1,1,initial,superseded,false,2024-12-14,,,,,,2025-01-11,75000,USD
OFR-001822-V2,OFR-001822,APP-0026320,REQ-2024-01126,1,2,negotiation_revision,declined,true,2024-12-15,,2024-12-16,,,,2025-01-11,77500,USD
OFR-001823-V1,OFR-001823,APP-0026341,REQ-2024-00587,1,1,initial,accepted,true,2024-12-30,2025-01-02,,,,,2025-01-27,76000,USD
OFR-001824-V1,OFR-001824,APP-0026354,REQ-2024-01004,1,1,initial,accepted,true,2024-12-17,2024-12-19,,,,,2025-01-20,112000,USD
OFR-001825-V1,OFR-001825,APP-0026376,REQ-2024-01078,1,1,initial,withdrawn,true,2024-12-23,,,2024-12-27,,,2025-01-20,86000,USD
OFR-001826-V1,OFR-001826,APP-0026391,REQ-2024-01122,1,1,initial,accepted,true,2024-12-12,2024-12-13,,,,,2025-01-06,56000,USD
OFR-001827-V1,OFR-001827,APP-0026422,REQ-2024-00828,1,1,initial,declined,true,2025-01-11,,2025-01-20,,,,2025-02-08,127000,USD
OFR-001828-V1,OFR-001828,APP-0026441,REQ-2024-01086,1,1,initial,superseded,false,2025-01-16,,,,,,2025-02-17,178500,USD
OFR-001828-V2,OFR-001828,APP-0026441,REQ-2024-01086,1,2,negotiation_revision,accepted,false,2025-01-17,2025-01-18,,,,,2025-02-17,190000,USD
OFR-001828-V3,OFR-001828,APP-0026441,REQ-2024-01086,1,3,start_date_revision,accepted,true,2025-02-01,2025-02-01,,,,,2025-03-10,190000,USD
OFR-001829-V1,OFR-001829,APP-0026453,REQ-2024-01103,1,1,initial,accepted,true,2024-12-15,2024-12-18,,,,,2025-01-13,80500,USD
OFR-001830-V1,OFR-001830,APP-0026457,REQ-2024-01115,1,1,initial,accepted,true,2024-12-24,2024-12-26,,,,,2025-01-20,85000,USD
OFR-001831-V1,OFR-001831,APP-0026464,REQ-2024-01129,1,1,initial,superseded,false,2025-01-08,,,,,,2025-02-03,74000,USD
OFR-001831-V2,OFR-001831,APP-0026464,REQ-2024-01129,1,2,negotiation_revision,accepted,true,2025-01-09,2025-01-10,,,,,2025-02-03,77000,USD
OFR-001832-V1,OFR-001832,APP-0026481,REQ-2024-00287,1,1,initial,accepted,true,2025-01-09,2025-01-14,,,,,2025-02-10,120500,USD
OFR-001833-V1,OFR-001833,APP-0026489,REQ-2024-00913,1,1,initial,accepted,true,2024-12-26,2024-12-30,,,,,2025-01-27,100000,USD
OFR-001834-V1,OFR-001834,APP-0026495,REQ-2024-00988,1,1,initial,accepted,true,2025-01-19,2025-01-21,,,,,2025-03-03,133500,USD
OFR-001835-V1,OFR-001835,APP-0026506,REQ-2024-01070,1,1,initial,accepted,true,2024-12-28,2025-01-07,,,,,2025-02-10,143000,USD
OFR-001836-V1,OFR-001836,APP-0026512,REQ-2024-01098,1,1,initial,accepted,true,2025-01-18,2025-01-22,,,,,2025-02-17,96000,USD
OFR-001837-V1,OFR-001837,APP-0026514,REQ-2024-01103,1,1,initial,accepted,true,2024-12-29,2025-01-04,,,,,2025-02-03,81500,USD
OFR-001838-V1,OFR-001838,APP-0026548,REQ-2024-01153,1,1,initial,withdrawn,true,2024-12-22,,,2024-12-28,,,2025-01-19,63000,USD
OFR-001839-V1,OFR-001839,APP-0026564,REQ-2024-00937,1,1,initial,withdrawn,true,2025-01-13,,,2025-01-22,,,2025-02-10,133000,USD
OFR-001840-V1,OFR-001840,APP-0026565,REQ-2024-00938,1,1,initial,superseded,false,2024-12-16,,,,,,2025-01-13,68500,USD
OFR-001840-V2,OFR-001840,APP-0026565,REQ-2024-00938,1,2,negotiation_revision,accepted,true,2024-12-18,2024-12-19,,,,,2025-01-13,73500,USD
OFR-001841-V1,OFR-001841,APP-0026574,REQ-2024-01056,1,1,initial,accepted,true,2024-12-12,2024-12-17,,,,,2025-01-20,58000,USD
OFR-001842-V1,OFR-001842,APP-0026583,REQ-2024-01083,1,1,initial,accepted,true,2024-12-18,2024-12-19,,,,,2025-01-20,79000,USD
OFR-001843-V1,OFR-001843,APP-0026612,REQ-2024-01147,1,1,initial,declined,true,2024-12-24,,2024-12-30,,,,2025-01-21,100500,USD
OFR-001844-V1,OFR-001844,APP-0026620,REQ-2024-01153,1,1,initial,accepted,true,2024-12-19,2024-12-24,,,,,2025-01-20,68500,USD
OFR-001845-V1,OFR-001845,APP-0026639,REQ-2024-00920,1,1,initial,accepted,true,2024-12-20,2024-12-25,,,,,2025-01-27,112000,USD
OFR-001846-V1,OFR-001846,APP-0026657,REQ-2024-01090,1,1,initial,accepted,true,2025-01-13,2025-01-16,,,,,2025-02-10,78000,USD
OFR-001847-V1,OFR-001847,APP-0026670,REQ-2024-01120,1,1,initial,accepted,false,2025-01-16,2025-01-21,,,,,2025-03-31,205500,USD
OFR-001847-V2,OFR-001847,APP-0026670,REQ-2024-01120,1,2,letter_reissue,reneged,true,2025-01-23,2025-01-23,,,,2025-02-17,2025-03-31,205500,USD
OFR-001848-V1,OFR-001848,APP-0026696,REQ-2024-01153,1,1,initial,accepted,true,2024-12-19,2024-12-25,,,,,2025-01-20,67500,USD
OFR-001849-V1,OFR-001849,APP-0026750,REQ-2024-01126,1,1,initial,accepted,true,2024-12-23,2024-12-24,,,,,2025-01-13,69500,USD
OFR-001850-V1,OFR-001850,APP-0026789,REQ-2024-00826,1,1,initial,declined,true,2025-01-14,,2025-01-16,,,,2025-02-11,93500,USD
OFR-001851-V1,OFR-001851,APP-0026805,REQ-2024-01011,1,1,initial,superseded,false,2024-12-23,,,,,,2025-01-20,79000,USD
OFR-001851-V2,OFR-001851,APP-0026805,REQ-2024-01011,1,2,negotiation_revision,declined,true,2024-12-24,,2024-12-28,,,,2025-01-20,84500,USD
OFR-001852-V1,OFR-001852,APP-0026822,REQ-2024-01122,1,1,initial,declined,true,2024-12-22,,2024-12-24,,,,2025-01-19,59500,USD
OFR-001853-V1,OFR-001853,APP-0026827,REQ-2024-01131,1,1,initial,withdrawn,true,2024-12-30,,,2025-01-03,,,2025-01-27,61500,USD
OFR-001854-V1,OFR-001854,APP-0026842,REQ-2024-01165,1,1,initial,accepted,true,2024-12-31,2025-01-04,,,,,2025-02-03,91000,USD
OFR-001855-V1,OFR-001855,APP-0026856,REQ-2024-00931,1,1,initial,superseded,false,2024-12-23,,,,,,2025-02-03,137000,USD
OFR-001855-V2,OFR-001855,APP-0026856,REQ-2024-00931,1,2,negotiation_revision,accepted,true,2024-12-24,2024-12-29,,,,,2025-02-03,144000,USD
OFR-001856-V1,OFR-001856,APP-0026892,REQ-2024-01130,1,1,initial,superseded,false,2024-12-26,,,,,,2025-01-13,57500,USD
OFR-001856-V2,OFR-001856,APP-0026892,REQ-2024-01130,1,2,negotiation_revision,accepted,false,2024-12-27,2024-12-28,,,,,2025-01-13,60000,USD
OFR-001856-V3,OFR-001856,APP-0026892,REQ-2024-01130,1,3,salary_correction,accepted,true,2024-12-30,2024-12-30,,,,,2025-01-13,59900,USD
OFR-001857-V1,OFR-001857,APP-0026897,REQ-2024-01158,1,1,initial,accepted,true,2025-01-13,2025-01-19,,,,,2025-02-10,89000,USD
OFR-001858-V1,OFR-001858,APP-0026908,REQ-2024-01170,1,1,initial,accepted,true,2024-12-22,2024-12-24,,,,,2025-01-27,111500,USD
OFR-001859-V1,OFR-001859,APP-0026911,REQ-2024-01172,1,1,initial,accepted,true,2024-12-30,2024-12-31,,,,,2025-01-27,63000,USD
OFR-001860-V1,OFR-001860,APP-0026930,REQ-2024-01046,1,1,initial,accepted,true,2024-12-22,2024-12-25,,,,,2025-01-13,58000,USD
OFR-001861-V1,OFR-001861,APP-0026937,REQ-2024-01070,1,1,initial,withdrawn,true,2024-12-31,,,2025-01-09,,,2025-01-28,135500,USD
OFR-001862-V1,OFR-001862,APP-0026956,REQ-2024-01119,1,1,initial,superseded,false,2025-01-12,,,,,,2025-02-17,69000,USD
OFR-001862-V2,OFR-001862,APP-0026956,REQ-2024-01119,1,2,negotiation_revision,accepted,true,2025-01-16,2025-01-19,,,,,2025-02-17,73500,USD
OFR-001863-V1,OFR-001863,APP-0026976,REQ-2024-01161,1,1,initial,accepted,true,2025-01-03,2025-01-07,,,,,2025-02-03,96000,USD
OFR-001864-V1,OFR-001864,APP-0026977,REQ-2024-01161,1,1,initial,accepted,true,2025-01-04,2025-01-05,,,,,2025-02-17,94000,USD
OFR-001865-V1,OFR-001865,APP-0026982,REQ-2024-01163,1,1,initial,accepted,false,2024-12-22,2024-12-24,,,,,2025-01-20,104000,USD
OFR-001865-V2,OFR-001865,APP-0026982,REQ-2024-01163,1,2,letter_reissue,accepted,true,2025-01-02,2025-01-02,,,,,2025-01-20,104000,USD
OFR-001866-V1,OFR-001866,APP-0026999,REQ-2024-01175,1,1,initial,accepted,true,2024-12-30,2025-01-01,,,,,2025-01-27,46000,USD
OFR-001867-V1,OFR-001867,APP-0027000,REQ-2024-01176,1,1,initial,withdrawn,true,2024-12-26,,,2025-01-02,,,2025-01-23,82000,USD
OFR-001868-V1,OFR-001868,APP-0027018,REQ-2024-00996,1,1,initial,superseded,false,2025-01-20,,,,,,2025-02-17,68500,USD
OFR-001868-V2,OFR-001868,APP-0027018,REQ-2024-00996,1,2,negotiation_revision,accepted,true,2025-01-21,2025-01-22,,,,,2025-02-17,73500,USD
OFR-001869-V1,OFR-001869,APP-0027040,REQ-2024-01122,1,1,initial,declined,true,2024-12-22,,2024-12-23,,,,2025-01-19,56500,USD
OFR-001870-V1,OFR-001870,APP-0027041,REQ-2024-01123,1,1,initial,declined,true,2024-12-28,,2024-12-30,,,,2025-01-25,70500,USD
OFR-001871-V1,OFR-001871,APP-0027053,REQ-2024-01152,1,1,initial,accepted,true,2025-01-30,2025-02-05,,,,,2025-03-03,93500,USD
OFR-001872-V1,OFR-001872,APP-0027059,REQ-2024-01159,1,1,initial,accepted,true,2024-12-24,2024-12-25,,,,,2025-01-27,89500,USD
OFR-001873-V1,OFR-001873,APP-0027064,REQ-2024-01163,1,1,initial,superseded,false,2025-01-09,,,,,,2025-02-06,103500,USD
OFR-001873-V2,OFR-001873,APP-0027064,REQ-2024-01163,1,2,negotiation_revision,withdrawn,true,2025-01-10,,,2025-01-13,,,2025-02-06,110500,USD
OFR-001874-V1,OFR-001874,APP-0027085,REQ-2024-01175,1,1,initial,superseded,false,2024-12-23,,,,,,2025-01-13,45500,USD
OFR-001874-V2,OFR-001874,APP-0027085,REQ-2024-01175,1,2,negotiation_revision,accepted,true,2024-12-25,2024-12-26,,,,,2025-01-13,48500,USD
OFR-001875-V1,OFR-001875,APP-0027089,REQ-2024-00358,1,1,initial,declined,true,2025-01-28,,2025-02-01,,,,2025-02-25,135000,USD
OFR-001876-V1,OFR-001876,APP-0027128,REQ-2024-01122,1,1,initial,superseded,false,2024-12-28,,,,,,2025-01-25,58500,USD
OFR-001876-V2,OFR-001876,APP-0027128,REQ-2024-01122,1,2,negotiation_revision,declined,true,2024-12-29,,2024-12-30,,,,2025-01-25,60500,USD
OFR-001877-V1,OFR-001877,APP-0027131,REQ-2024-01124,1,1,initial,accepted,true,2024-12-28,2024-12-31,,,,,2025-01-27,86000,USD
OFR-001878-V1,OFR-001878,APP-0027138,REQ-2024-01131,1,1,initial,reneged,true,2024-12-29,2025-01-01,,,,2025-01-13,2025-01-27,59500,USD
OFR-001879-V1,OFR-001879,APP-0027141,REQ-2024-01143,1,1,initial,declined,true,2024-12-27,,2024-12-30,,,,2025-01-24,66000,USD
OFR-001880-V1,OFR-001880,APP-0027144,REQ-2024-01153,1,1,initial,accepted,true,2024-12-24,2024-12-26,,,,,2025-01-13,62000,USD
OFR-001881-V1,OFR-001881,APP-0027159,REQ-2024-01173,1,1,initial,accepted,true,2024-12-21,2024-12-26,,,,,2025-01-20,82500,USD
OFR-001882-V1,OFR-001882,APP-0027179,REQ-2024-00928,1,1,initial,accepted,false,2024-12-31,2025-01-02,,,,,2025-01-20,55500,USD
OFR-001882-V2,OFR-001882,APP-0027179,REQ-2024-00928,1,2,start_date_revision,accepted,true,2025-01-13,2025-01-13,,,,,2025-02-10,55500,USD
OFR-001883-V1,OFR-001883,APP-0027192,REQ-2024-01098,1,1,initial,accepted,true,2025-01-03,2025-01-06,,,,,2025-02-03,93500,USD
OFR-001884-V1,OFR-001884,APP-0027212,REQ-2024-01135,1,1,initial,accepted,true,2025-01-06,2025-01-11,,,,,2025-02-10,98000,USD
OFR-001885-V1,OFR-001885,APP-0027215,REQ-2024-01146,1,1,initial,accepted,false,2025-01-08,2025-01-11,,,,,2025-02-24,139000,USD
OFR-001885-V2,OFR-001885,APP-0027215,REQ-2024-01146,1,2,start_date_revision,reneged,true,2025-01-19,2025-01-19,,,,2025-02-03,2025-03-16,139000,USD
OFR-001886-V1,OFR-001886,APP-0027217,REQ-2024-01151,1,1,initial,declined,true,2025-01-01,,2025-01-04,,,,2025-01-29,103500,USD
OFR-001887-V1,OFR-001887,APP-0027218,REQ-2024-01153,1,1,initial,withdrawn,true,2024-12-21,,,2024-12-27,,,2025-01-18,58500,USD
OFR-001888-V1,OFR-001888,APP-0027222,REQ-2024-01157,1,1,initial,withdrawn,true,2025-01-13,,,2025-01-16,,,2025-02-10,57500,USD
OFR-001889-V1,OFR-001889,APP-0027258,REQ-2024-00881,1,1,initial,declined,true,2025-01-10,,2025-01-13,,,,2025-02-07,85500,USD
OFR-001890-V1,OFR-001890,APP-0027290,REQ-2024-01124,1,1,initial,declined,true,2025-01-05,,2025-01-07,,,,2025-02-02,79000,USD
OFR-001891-V1,OFR-001891,APP-0027299,REQ-2024-01146,1,1,initial,accepted,true,2025-01-17,2025-01-28,,,,,2025-03-03,137500,USD
OFR-001892-V1,OFR-001892,APP-0027308,REQ-2024-01163,1,1,initial,accepted,true,2024-12-22,2024-12-25,,,,,2025-02-03,98500,USD
OFR-001893-V1,OFR-001893,APP-0027312,REQ-2024-01165,1,1,initial,accepted,true,2025-01-02,2025-01-05,,,,,2025-02-10,88500,USD
OFR-001894-V1,OFR-001894,APP-0027314,REQ-2024-01168,1,1,initial,accepted,true,2025-01-16,2025-01-19,,,,,2025-02-17,92000,USD
OFR-001895-V1,OFR-001895,APP-0027324,REQ-2024-01175,1,1,initial,accepted,false,2024-12-28,2024-12-30,,,,,2025-01-20,47000,USD
OFR-001895-V2,OFR-001895,APP-0027324,REQ-2024-01175,1,2,start_date_revision,accepted,true,2025-01-13,2025-01-13,,,,,2025-02-03,47000,USD
OFR-001896-V1,OFR-001896,APP-0027356,REQ-2024-01143,1,1,initial,accepted,true,2024-12-26,2024-12-27,,,,,2025-01-27,68000,USD
OFR-001897-V1,OFR-001897,APP-0027363,REQ-2024-01161,1,1,initial,withdrawn,true,2024-12-31,,,2025-01-07,,,2025-01-28,91000,USD
OFR-001898-V1,OFR-001898,APP-0027442,REQ-2024-01141,1,1,initial,accepted,true,2025-01-18,2025-01-29,,,,,2025-03-17,197500,USD
OFR-001899-V1,OFR-001899,APP-0027476,REQ-2024-01176,1,1,initial,declined,true,2024-12-29,,2025-01-01,,,,2025-01-26,72000,USD
OFR-001900-V1,OFR-001900,APP-0027505,REQ-2024-00928,1,1,initial,declined,true,2024-12-29,,2025-01-01,,,,2025-01-26,61500,USD
OFR-001901-V1,OFR-001901,APP-0027530,REQ-2024-01122,1,1,initial,withdrawn,true,2024-12-25,,,2025-01-02,,,2025-01-22,61500,USD
OFR-001902-V1,OFR-001902,APP-0027561,REQ-2024-01175,1,1,initial,accepted,true,2024-12-31,2025-01-07,,,,,2025-01-27,47000,USD
OFR-001903-V1,OFR-001903,APP-0027576,REQ-2024-01196,1,1,initial,accepted,true,2025-01-07,2025-01-09,,,,,2025-02-03,76500,USD
OFR-001904-V1,OFR-001904,APP-0027586,REQ-2024-00234,1,1,initial,superseded,false,2025-01-13,,,,,,2025-02-17,90000,USD
OFR-001904-V2,OFR-001904,APP-0027586,REQ-2024-00234,1,2,negotiation_revision,accepted,true,2025-01-22,2025-01-26,,,,,2025-02-17,93000,USD
OFR-001905-V1,OFR-001905,APP-0027590,REQ-2024-00792,1,1,initial,accepted,true,2025-01-12,2025-01-19,,,,,2025-02-24,114500,USD
OFR-001906-V1,OFR-001906,APP-0027597,REQ-2024-01005,1,1,initial,declined,true,2024-12-29,,2024-12-30,,,,2025-01-26,59500,USD
OFR-001907-V1,OFR-001907,APP-0027600,REQ-2024-01067,1,1,initial,accepted,false,2025-01-04,2025-01-09,,,,,2025-02-17,82500,USD
OFR-001907-V2,OFR-001907,APP-0027600,REQ-2024-01067,1,2,letter_reissue,accepted,true,2025-01-11,2025-01-11,,,,,2025-02-17,82500,USD
OFR-001908-V1,OFR-001908,APP-0027618,REQ-2024-01143,1,1,initial,superseded,false,2025-01-01,,,,,,2025-01-27,67500,USD
OFR-001908-V2,OFR-001908,APP-0027618,REQ-2024-01143,1,2,negotiation_revision,accepted,true,2025-01-03,2025-01-04,,,,,2025-01-27,72500,USD
OFR-001909-V1,OFR-001909,APP-0027629,REQ-2024-01165,1,1,initial,accepted,true,2025-01-10,2025-01-11,,,,,2025-02-17,83000,USD
OFR-001910-V1,OFR-001910,APP-0027630,REQ-2024-01165,1,1,initial,superseded,false,2025-01-04,,,,,,2025-02-10,84000,USD
OFR-001910-V2,OFR-001910,APP-0027630,REQ-2024-01165,1,2,negotiation_revision,accepted,true,2025-01-06,2025-01-07,,,,,2025-02-10,86500,USD
OFR-001911-V1,OFR-001911,APP-0027645,REQ-2024-01182,1,1,initial,accepted,false,2024-12-30,2025-01-01,,,,,2025-01-27,50500,USD
OFR-001911-V2,OFR-001911,APP-0027645,REQ-2024-01182,1,2,letter_reissue,accepted,true,2025-01-04,2025-01-04,,,,,2025-01-27,50500,USD
OFR-001912-V1,OFR-001912,APP-0027657,REQ-2024-01206,1,1,initial,superseded,false,2025-01-16,,,,,,2025-02-13,180000,USD
OFR-001912-V2,OFR-001912,APP-0027657,REQ-2024-01206,1,2,negotiation_revision,declined,true,2025-01-17,,2025-01-19,,,,2025-02-13,188500,USD
OFR-001913-V1,OFR-001913,APP-0027662,REQ-2024-00552,1,1,initial,declined,true,2025-01-13,,2025-01-13,,,,2025-02-10,61000,USD
OFR-001914-V1,OFR-001914,APP-0027674,REQ-2024-01067,1,1,initial,withdrawn,true,2025-01-08,,,2025-01-10,,,2025-02-05,79000,USD
OFR-001915-V1,OFR-001915,APP-0027686,REQ-2024-01160,1,1,initial,accepted,false,2025-01-04,2025-01-09,,,,,2025-02-24,81500,USD
OFR-001915-V2,OFR-001915,APP-0027686,REQ-2024-01160,1,2,salary_correction,accepted,true,2025-01-12,2025-01-12,,,,,2025-02-24,81800,USD
OFR-001916-V1,OFR-001916,APP-0027692,REQ-2024-01165,1,1,initial,accepted,false,2024-12-31,2025-01-03,,,,,2025-02-03,92500,USD
OFR-001916-V2,OFR-001916,APP-0027692,REQ-2024-01165,1,2,letter_reissue,accepted,true,2025-01-16,2025-01-16,,,,,2025-02-03,92500,USD
OFR-001917-V1,OFR-001917,APP-0027705,REQ-2024-01175,1,1,initial,accepted,true,2024-12-31,2025-01-01,,,,,2025-01-20,43000,USD
OFR-001918-V1,OFR-001918,APP-0027717,REQ-2024-01197,1,1,initial,accepted,true,2025-01-11,2025-01-19,,,,,2025-02-17,132500,USD
OFR-001919-V1,OFR-001919,APP-0027750,REQ-2024-01077,1,1,initial,reneged,true,2025-01-05,2025-01-07,,,,2025-01-17,2025-01-27,57500,USD
OFR-001920-V1,OFR-001920,APP-0027765,REQ-2024-01162,1,1,initial,accepted,true,2025-02-16,2025-02-19,,,,,2025-03-24,128000,USD
OFR-001921-V1,OFR-001921,APP-0027789,REQ-2024-01176,1,1,initial,accepted,false,2025-01-02,2025-01-05,,,,,2025-02-03,77500,USD
OFR-001921-V2,OFR-001921,APP-0027789,REQ-2024-01176,1,2,salary_correction,accepted,true,2025-01-11,2025-01-11,,,,,2025-02-03,79000,USD
OFR-001922-V1,OFR-001922,APP-0027796,REQ-2024-01185,1,1,initial,declined,true,2025-01-26,,2025-01-28,,,,2025-02-23,100500,USD
OFR-001923-V1,OFR-001923,APP-0027798,REQ-2024-01189,1,1,initial,withdrawn,true,2025-01-07,,,2025-01-09,,,2025-02-04,102500,USD
OFR-001924-V1,OFR-001924,APP-0027799,REQ-2024-01189,1,1,initial,accepted,true,2025-01-04,2025-01-07,,,,,2025-02-17,104500,USD
OFR-001925-V1,OFR-001925,APP-0027817,REQ-2024-00678,1,1,initial,superseded,false,2025-02-06,,,,,,2025-02-24,65000,USD
OFR-001925-V2,OFR-001925,APP-0027817,REQ-2024-00678,1,2,negotiation_revision,accepted,true,2025-02-10,2025-02-12,,,,,2025-02-24,68500,USD
OFR-001926-V1,OFR-001926,APP-0027861,REQ-2024-01165,1,1,initial,declined,true,2025-01-11,,2025-01-13,,,,2025-02-08,90500,USD
OFR-001927-V1,OFR-001927,APP-0027872,REQ-2024-01173,1,1,initial,accepted,true,2025-01-04,2025-01-08,,,,,2025-02-10,83500,USD
OFR-001928-V1,OFR-001928,APP-0027876,REQ-2024-01175,1,1,initial,reneged,true,2025-01-06,2025-01-09,,,,2025-01-19,2025-01-27,50500,USD
OFR-001929-V1,OFR-001929,APP-0027880,REQ-2024-01181,1,1,initial,accepted,true,2025-01-07,2025-01-12,,,,,2025-02-24,146000,USD
OFR-001930-V1,OFR-001930,APP-0027894,REQ-2024-01200,1,1,initial,accepted,true,2025-01-11,2025-01-15,,,,,2025-02-10,84000,USD
OFR-001931-V1,OFR-001931,APP-0027922,REQ-2024-00882,1,1,initial,superseded,false,2025-01-20,,,,,,2025-03-03,104000,USD
OFR-001931-V2,OFR-001931,APP-0027922,REQ-2024-00882,1,2,negotiation_revision,accepted,true,2025-01-24,2025-01-29,,,,,2025-03-03,111000,USD
OFR-001932-V1,OFR-001932,APP-0027948,REQ-2024-01160,1,1,initial,declined,true,2024-12-31,,2025-01-02,,,,2025-01-28,86500,USD
OFR-001933-V1,OFR-001933,APP-0027953,REQ-2024-01164,1,1,initial,accepted,false,2025-01-05,2025-01-08,,,,,2025-02-10,91000,USD
OFR-001933-V2,OFR-001933,APP-0027953,REQ-2024-01164,1,2,letter_reissue,accepted,true,2025-01-16,2025-01-16,,,,,2025-02-10,91000,USD
OFR-001934-V1,OFR-001934,APP-0027957,REQ-2024-01166,1,1,initial,declined,true,2025-01-24,,2025-01-31,,,,2025-02-21,69500,USD
OFR-001935-V1,OFR-001935,APP-0028018,REQ-2024-01124,1,1,initial,superseded,false,2025-01-11,,,,,,2025-02-08,78000,USD
OFR-001935-V2,OFR-001935,APP-0028018,REQ-2024-01124,1,2,negotiation_revision,declined,true,2025-01-14,,2025-01-19,,,,2025-02-08,81000,USD
OFR-001936-V1,OFR-001936,APP-0028028,REQ-2024-01163,1,1,initial,accepted,true,2025-01-08,2025-01-10,,,,,2025-02-24,108000,USD
OFR-001937-V1,OFR-001937,APP-0028029,REQ-2024-01164,1,1,initial,declined,true,2025-01-18,,2025-01-19,,,,2025-02-15,98500,USD
OFR-001938-V1,OFR-001938,APP-0028032,REQ-2024-01169,1,1,initial,superseded,false,2025-01-18,,,,,,2025-03-03,114000,USD
OFR-001938-V2,OFR-001938,APP-0028032,REQ-2024-01169,1,2,negotiation_revision,accepted,true,2025-01-22,2025-01-26,,,,,2025-03-03,121000,USD
OFR-001939-V1,OFR-001939,APP-0028055,REQ-2024-01200,1,1,initial,accepted,true,2025-01-20,2025-01-25,,,,,2025-02-24,85500,USD
OFR-001940-V1,OFR-001940,APP-0028067,REQ-2024-01215,1,1,initial,superseded,false,2025-01-10,,,,,,2025-02-10,73500,USD
OFR-001940-V2,OFR-001940,APP-0028067,REQ-2024-01215,1,2,negotiation_revision,accepted,false,2025-01-12,2025-01-15,,,,,2025-02-10,76000,USD
OFR-001940-V3,OFR-001940,APP-0028067,REQ-2024-01215,1,3,letter_reissue,accepted,true,2025-01-25,2025-01-25,,,,,2025-02-10,76000,USD
OFR-001941-V1,OFR-001941,APP-0028077,REQ-2024-01224,1,1,initial,rescinded,true,2025-01-07,2025-01-12,,,2025-02-03,,2025-02-10,64000,USD
OFR-001942-V1,OFR-001942,APP-0028079,REQ-2024-00074,1,1,initial,accepted,true,2025-01-21,2025-01-25,,,,,2025-02-24,102500,USD
OFR-001943-V1,OFR-001943,APP-0028087,REQ-2024-00724,1,1,initial,superseded,false,2025-01-10,,,,,,2025-02-24,90000,USD
OFR-001943-V2,OFR-001943,APP-0028087,REQ-2024-00724,1,2,negotiation_revision,accepted,false,2025-01-12,2025-01-17,,,,,2025-02-24,93500,USD
OFR-001943-V3,OFR-001943,APP-0028087,REQ-2024-00724,1,3,start_date_revision,accepted,true,2025-01-29,2025-01-29,,,,,2025-03-17,93500,USD
OFR-001944-V1,OFR-001944,APP-0028092,REQ-2024-00863,1,1,initial,accepted,true,2025-01-20,2025-01-24,,,,,2025-02-17,77500,USD
OFR-001945-V1,OFR-001945,APP-0028133,REQ-2024-01194,1,1,initial,withdrawn,true,2025-02-02,,,2025-02-05,,,2025-03-02,78000,USD
OFR-001946-V1,OFR-001946,APP-0028139,REQ-2024-01202,1,1,initial,withdrawn,true,2025-01-20,,,2025-01-31,,,2025-02-17,177000,USD
OFR-001947-V1,OFR-001947,APP-0028150,REQ-2024-01221,1,1,initial,accepted,true,2025-01-28,2025-01-30,,,,,2025-03-03,126500,USD
OFR-001948-V1,OFR-001948,APP-0028160,REQ-2024-00861,1,1,initial,accepted,true,2025-01-10,2025-01-16,,,,,2025-02-17,66000,USD
OFR-001949-V1,OFR-001949,APP-0028169,REQ-2024-01005,1,1,initial,accepted,true,2025-01-02,2025-01-04,,,,,2025-01-20,59500,USD
OFR-001950-V1,OFR-001950,APP-0028171,REQ-2024-01018,1,1,initial,accepted,false,2025-01-19,2025-01-22,,,,,2025-03-03,86000,USD
OFR-001950-V2,OFR-001950,APP-0028171,REQ-2024-01018,1,2,salary_correction,accepted,true,2025-01-29,2025-01-29,,,,,2025-03-03,87600,USD
OFR-001951-V1,OFR-001951,APP-0028188,REQ-2024-01157,1,1,initial,accepted,true,2025-01-10,2025-01-14,,,,,2025-02-10,58500,USD
OFR-001952-V1,OFR-001952,APP-0028207,REQ-2024-01187,1,1,initial,accepted,true,2025-01-14,2025-01-15,,,,,2025-02-17,115000,USD
OFR-001953-V1,OFR-001953,APP-0028213,REQ-2024-01195,1,1,initial,declined,true,2025-01-24,,2025-01-25,,,,2025-02-21,101500,USD
OFR-001954-V1,OFR-001954,APP-0028214,REQ-2024-01195,1,1,initial,accepted,false,2025-01-23,2025-01-25,,,,,2025-03-10,108500,USD
OFR-001954-V2,OFR-001954,APP-0028214,REQ-2024-01195,1,2,start_date_revision,accepted,true,2025-01-31,2025-01-31,,,,,2025-03-24,108500,USD
OFR-001955-V1,OFR-001955,APP-0028222,REQ-2024-01202,1,1,initial,accepted,true,2025-01-23,2025-01-26,,,,,2025-03-03,163000,USD
OFR-001956-V1,OFR-001956,APP-0028225,REQ-2024-01207,1,1,initial,accepted,true,2025-01-12,2025-01-13,,,,,2025-02-17,102500,USD
OFR-001957-V1,OFR-001957,APP-0028228,REQ-2024-01215,1,1,initial,accepted,false,2025-01-10,2025-01-13,,,,,2025-02-17,76000,USD
OFR-001957-V2,OFR-001957,APP-0028228,REQ-2024-01215,1,2,letter_reissue,accepted,true,2025-01-24,2025-01-24,,,,,2025-02-17,76000,USD
OFR-001958-V1,OFR-001958,APP-0028233,REQ-2024-01221,1,1,initial,withdrawn,true,2025-01-24,,,2025-02-01,,,2025-02-21,129500,USD
OFR-001959-V1,OFR-001959,APP-0028250,REQ-2024-01016,1,1,initial,accepted,true,2025-01-24,2025-01-27,,,,,2025-02-24,77500,USD
OFR-001960-V1,OFR-001960,APP-0028264,REQ-2024-01163,1,1,initial,accepted,true,2025-01-06,2025-01-07,,,,,2025-02-17,108500,USD
OFR-001961-V1,OFR-001961,APP-0028277,REQ-2024-01193,1,1,initial,accepted,false,2025-02-10,2025-02-12,,,,,2025-04-07,214500,USD
OFR-001961-V2,OFR-001961,APP-0028277,REQ-2024-01193,1,2,start_date_revision,accepted,true,2025-02-18,2025-02-18,,,,,2025-04-28,214500,USD
OFR-001962-V1,OFR-001962,APP-0028280,REQ-2024-01196,1,1,initial,accepted,true,2025-01-07,2025-01-09,,,,,2025-02-03,80000,USD
OFR-001963-V1,OFR-001963,APP-0028285,REQ-2024-01205,1,1,initial,accepted,true,2025-01-15,2025-01-17,,,,,2025-02-03,52500,USD
OFR-001964-V1,OFR-001964,APP-0028337,REQ-2024-01169,1,1,initial,withdrawn,true,2025-01-17,,,2025-01-27,,,2025-02-14,115000,USD
OFR-001965-V1,OFR-001965,APP-0028355,REQ-2024-01201,1,1,initial,accepted,false,2025-01-17,2025-01-21,,,,,2025-02-17,101000,USD
OFR-001965-V2,OFR-001965,APP-0028355,REQ-2024-01201,1,2,start_date_revision,accepted,true,2025-02-03,2025-02-03,,,,,2025-03-03,101000,USD
OFR-001966-V1,OFR-001966,APP-0028375,REQ-2024-00716,1,1,initial,reneged,true,2025-01-19,2025-01-20,,,,2025-01-23,2025-02-17,51000,USD
OFR-001967-V1,OFR-001967,APP-0028392,REQ-2024-01142,1,1,initial,reneged,true,2025-01-26,2025-01-29,,,,2025-02-16,2025-04-14,200500,USD
OFR-001968-V1,OFR-001968,APP-0028425,REQ-2024-01207,1,1,initial,declined,true,2025-01-27,,2025-01-30,,,,2025-02-24,101000,USD
OFR-001969-V1,OFR-001969,APP-0028433,REQ-2024-01218,1,1,initial,accepted,true,2025-01-14,2025-01-18,,,,,2025-02-24,147000,USD
OFR-001970-V1,OFR-001970,APP-0028447,REQ-2024-00358,1,1,initial,declined,true,2025-02-04,,2025-02-13,,,,2025-03-04,125500,USD
OFR-001971-V1,OFR-001971,APP-0028451,REQ-2024-00675,1,1,initial,accepted,true,2025-01-23,2025-01-27,,,,,2025-02-24,108000,USD
OFR-001972-V1,OFR-001972,APP-0028500,REQ-2024-01207,1,1,initial,accepted,false,2025-01-11,2025-01-14,,,,,2025-02-10,99500,USD
OFR-001972-V2,OFR-001972,APP-0028500,REQ-2024-01207,1,2,start_date_revision,accepted,true,2025-01-25,2025-01-25,,,,,2025-03-03,99500,USD
OFR-001973-V1,OFR-001973,APP-0028565,REQ-2024-01209,1,1,initial,rescinded,true,2025-01-22,2025-01-31,,,2025-02-12,,2025-02-17,79500,USD
OFR-001974-V1,OFR-001974,APP-0028574,REQ-2024-01220,1,1,initial,superseded,false,2025-03-01,,,,,,2025-04-07,88000,USD
OFR-001974-V2,OFR-001974,APP-0028574,REQ-2024-01220,1,2,negotiation_revision,accepted,true,2025-03-03,2025-03-07,,,,,2025-04-07,91000,USD
OFR-001975-V1,OFR-001975,APP-0028585,REQ-2024-01236,1,1,initial,declined,true,2025-01-23,,2025-01-27,,,,2025-02-20,73000,USD
OFR-001976-V1,OFR-001976,APP-0028590,REQ-2024-00149,1,1,initial,superseded,false,2025-02-24,,,,,,2025-03-17,71500,USD
OFR-001976-V2,OFR-001976,APP-0028590,REQ-2024-00149,1,2,negotiation_revision,accepted,false,2025-02-27,2025-03-02,,,,,2025-03-17,75500,USD
OFR-001976-V3,OFR-001976,APP-0028590,REQ-2024-00149,1,3,start_date_revision,accepted,true,2025-03-14,2025-03-14,,,,,2025-03-31,75500,USD
OFR-001977-V1,OFR-001977,APP-0028596,REQ-2024-00923,1,1,initial,accepted,true,2025-02-08,2025-02-15,,,,,2025-03-03,71500,USD
OFR-001978-V1,OFR-001978,APP-0028607,REQ-2024-01123,1,1,initial,declined,true,2025-01-16,,2025-01-20,,,,2025-02-13,69000,USD
OFR-001979-V1,OFR-001979,APP-0028613,REQ-2024-01168,1,1,initial,declined,true,2025-02-11,,2025-02-14,,,,2025-03-11,89000,USD
OFR-001980-V1,OFR-001980,APP-0028615,REQ-2024-01175,1,1,initial,withdrawn,true,2025-01-08,,,2025-01-10,,,2025-02-05,43500,USD
OFR-001981-V1,OFR-001981,APP-0028627,REQ-2024-01200,1,1,initial,accepted,true,2025-01-14,2025-01-17,,,,,2025-02-10,85500,USD
OFR-001982-V1,OFR-001982,APP-0028630,REQ-2024-01208,1,1,initial,accepted,true,2025-02-02,2025-02-04,,,,,2025-03-03,55000,USD
OFR-001983-V1,OFR-001983,APP-0028638,REQ-2024-01216,1,1,initial,superseded,false,2025-01-17,,,,,,2025-02-10,65500,USD
OFR-001983-V2,OFR-001983,APP-0028638,REQ-2024-01216,1,2,negotiation_revision,accepted,true,2025-01-18,2025-01-19,,,,,2025-02-10,69000,USD
OFR-001984-V1,OFR-001984,APP-0028649,REQ-2024-01237,1,1,initial,accepted,true,2025-02-08,2025-02-09,,,,,2025-03-24,137000,USD
OFR-001985-V1,OFR-001985,APP-0028652,REQ-2024-01244,1,1,initial,superseded,false,2025-01-23,,,,,,2025-03-10,99500,USD
OFR-001985-V2,OFR-001985,APP-0028652,REQ-2024-01244,1,2,negotiation_revision,accepted,false,2025-01-25,2025-01-29,,,,,2025-03-10,102500,USD
OFR-001985-V3,OFR-001985,APP-0028652,REQ-2024-01244,1,3,salary_correction,reneged,true,2025-02-12,2025-02-12,,,,2025-03-09,2025-03-10,103600,USD
OFR-001986-V1,OFR-001986,APP-0028656,REQ-2024-00801,1,1,initial,superseded,false,2025-02-24,,,,,,2025-03-24,73000,USD
OFR-001986-V2,OFR-001986,APP-0028656,REQ-2024-00801,1,2,negotiation_revision,declined,true,2025-02-27,,2025-03-07,,,,2025-03-24,75500,USD
OFR-001987-V1,OFR-001987,APP-0028700,REQ-2024-01211,1,1,initial,accepted,false,2025-01-16,2025-01-18,,,,,2025-02-24,96000,USD
OFR-001987-V2,OFR-001987,APP-0028700,REQ-2024-01211,1,2,letter_reissue,reneged,true,2025-01-20,2025-01-20,,,,2025-01-28,2025-02-24,96000,USD
OFR-001988-V1,OFR-001988,APP-0028723,REQ-2024-01246,1,1,initial,accepted,true,2025-01-07,2025-01-10,,,,,2025-01-27,49000,USD
OFR-001989-V1,OFR-001989,APP-0028728,REQ-2024-00747,1,1,initial,accepted,true,2025-01-20,2025-01-26,,,,,2025-02-24,88500,USD
OFR-001990-V1,OFR-001990,APP-0028733,REQ-2024-00874,1,1,initial,accepted,true,2025-02-10,2025-02-20,,,,,2025-03-10,67500,USD
OFR-001991-V1,OFR-001991,APP-0028736,REQ-2024-00951,1,1,initial,superseded,false,2025-01-28,,,,,,2025-02-25,117500,USD
OFR-001991-V2,OFR-001991,APP-0028736,REQ-2024-00951,1,2,negotiation_revision,declined,true,2025-01-30,,2025-01-31,,,,2025-02-25,123000,USD
OFR-001992-V1,OFR-001992,APP-0028747,REQ-2024-01149,1,1,initial,accepted,true,2025-01-20,2025-01-23,,,,,2025-02-17,65500,USD
OFR-001993-V1,OFR-001993,APP-0028784,REQ-2024-01212,1,1,initial,superseded,false,2025-02-20,,,,,,2025-04-21,187500,USD
OFR-001993-V2,OFR-001993,APP-0028784,REQ-2024-01212,1,2,negotiation_revision,accepted,true,2025-02-22,2025-02-26,,,,,2025-04-21,198500,USD
OFR-001994-V1,OFR-001994,APP-0028798,REQ-2024-01232,1,1,initial,superseded,false,2025-01-18,,,,,,2025-02-17,85500,USD
OFR-001994-V2,OFR-001994,APP-0028798,REQ-2024-01232,1,2,negotiation_revision,accepted,true,2025-01-23,2025-01-24,,,,,2025-02-17,89500,USD
OFR-001995-V1,OFR-001995,APP-0028805,REQ-2024-01246,1,1,initial,accepted,true,2025-01-19,2025-01-20,,,,,2025-02-10,55500,USD
OFR-001996-V1,OFR-001996,APP-0028838,REQ-2024-01171,1,1,initial,accepted,true,2025-01-30,2025-02-03,,,,,2025-03-17,94000,USD
OFR-001997-V1,OFR-001997,APP-0028848,REQ-2024-01183,1,1,initial,accepted,true,2025-01-13,2025-01-18,,,,,2025-02-10,61000,USD
OFR-001998-V1,OFR-001998,APP-0028858,REQ-2024-01200,1,1,initial,accepted,true,2025-01-26,2025-01-29,,,,,2025-02-24,79500,USD
OFR-001999-V1,OFR-001999,APP-0028860,REQ-2024-01207,1,1,initial,superseded,false,2025-01-27,,,,,,2025-03-03,97000,USD
OFR-001999-V2,OFR-001999,APP-0028860,REQ-2024-01207,1,2,negotiation_revision,accepted,true,2025-01-29,2025-01-30,,,,,2025-03-03,100500,USD
OFR-002000-V1,OFR-002000,APP-0028863,REQ-2024-01213,1,1,initial,accepted,true,2025-01-19,2025-01-24,,,,,2025-02-24,120500,USD
OFR-002001-V1,OFR-002001,APP-0028878,REQ-2024-01249,1,1,initial,accepted,true,2025-01-24,2025-01-30,,,,,2025-03-03,78500,USD
OFR-002002-V1,OFR-002002,APP-0028882,REQ-2024-01252,1,1,initial,superseded,false,2025-01-14,,,,,,2025-03-03,80000,USD
OFR-002002-V2,OFR-002002,APP-0028882,REQ-2024-01252,1,2,negotiation_revision,accepted,false,2025-01-16,2025-01-18,,,,,2025-03-03,84000,USD
OFR-002002-V3,OFR-002002,APP-0028882,REQ-2024-01252,1,3,start_date_revision,accepted,true,2025-01-24,2025-01-24,,,,,2025-03-17,84000,USD
OFR-002003-V1,OFR-002003,APP-0028887,REQ-2024-01254,1,1,initial,accepted,false,2025-01-26,2025-02-03,,,,,2025-03-10,89500,USD
OFR-002003-V2,OFR-002003,APP-0028887,REQ-2024-01254,1,2,start_date_revision,accepted,true,2025-02-07,2025-02-07,,,,,2025-03-31,89500,USD
OFR-002004-V1,OFR-002004,APP-0028940,REQ-2024-01233,1,1,initial,reneged,true,2025-01-23,2025-01-25,,,,2025-02-03,2025-02-24,124500,USD
OFR-002005-V1,OFR-002005,APP-0028946,REQ-2024-01251,1,1,initial,accepted,true,2025-01-24,2025-01-26,,,,,2025-02-17,81500,USD
OFR-002006-V1,OFR-002006,APP-0028955,REQ-2025-00004,1,1,initial,accepted,true,2025-01-14,2025-01-19,,,,,2025-02-17,64500,USD
OFR-002007-V1,OFR-002007,APP-0028987,REQ-2024-01194,1,1,initial,accepted,true,2025-01-25,2025-02-04,,,,,2025-03-03,79000,USD
OFR-002008-V1,OFR-002008,APP-0028994,REQ-2024-01223,1,1,initial,superseded,false,2025-01-23,,,,,,2025-03-03,123500,USD
OFR-002008-V2,OFR-002008,APP-0028994,REQ-2024-01223,1,2,negotiation_revision,accepted,true,2025-01-24,2025-01-28,,,,,2025-03-03,132000,USD
OFR-002009-V1,OFR-002009,APP-0029000,REQ-2024-01226,1,1,initial,accepted,true,2025-02-02,2025-02-08,,,,,2025-03-17,106000,USD
OFR-002010-V1,OFR-002010,APP-0029009,REQ-2024-01242,1,1,initial,accepted,false,2025-02-18,2025-02-26,,,,,2025-03-31,129000,USD
OFR-002010-V2,OFR-002010,APP-0029009,REQ-2024-01242,1,2,salary_correction,accepted,true,2025-03-01,2025-03-01,,,,,2025-03-31,128800,USD
OFR-002011-V1,OFR-002011,APP-0029016,REQ-2024-01251,1,1,initial,accepted,true,2025-01-19,2025-01-20,,,,,2025-02-24,83000,USD
OFR-002012-V1,OFR-002012,APP-0029017,REQ-2024-01252,1,1,initial,superseded,false,2025-01-15,,,,,,2025-02-17,90500,USD
OFR-002012-V2,OFR-002012,APP-0029017,REQ-2024-01252,1,2,negotiation_revision,accepted,false,2025-01-16,2025-01-17,,,,,2025-02-17,95000,USD
OFR-002012-V3,OFR-002012,APP-0029017,REQ-2024-01252,1,3,salary_correction,accepted,true,2025-01-26,2025-01-26,,,,,2025-02-17,94200,USD
OFR-002013-V1,OFR-002013,APP-0029022,REQ-2024-01254,1,1,initial,accepted,false,2025-01-28,2025-01-30,,,,,2025-03-03,98500,USD
OFR-002013-V2,OFR-002013,APP-0029022,REQ-2024-01254,1,2,letter_reissue,accepted,true,2025-02-02,2025-02-02,,,,,2025-03-03,98500,USD
OFR-002014-V1,OFR-002014,APP-0029024,REQ-2025-00004,1,1,initial,accepted,true,2025-01-17,2025-01-20,,,,,2025-02-10,57500,USD
OFR-002015-V1,OFR-002015,APP-0029036,REQ-2024-01018,1,1,initial,withdrawn,true,2025-01-22,,,2025-01-24,,,2025-02-19,78500,USD
OFR-002016-V1,OFR-002016,APP-0029061,REQ-2024-01208,1,1,initial,declined,true,2025-01-25,,2025-01-31,,,,2025-02-22,56500,USD
OFR-002017-V1,OFR-002017,APP-0029078,REQ-2024-01236,1,1,initial,accepted,true,2025-01-26,2025-01-28,,,,,2025-02-24,74500,USD
OFR-002018-V1,OFR-002018,APP-0029084,REQ-2024-01250,1,1,initial,accepted,false,2025-02-06,2025-02-08,,,,,2025-03-24,79500,USD
OFR-002018-V2,OFR-002018,APP-0029084,REQ-2024-01250,1,2,letter_reissue,accepted,true,2025-02-21,2025-02-21,,,,,2025-03-24,79500,USD
OFR-002019-V1,OFR-002019,APP-0029089,REQ-2024-01252,1,1,initial,withdrawn,true,2025-01-15,,,2025-01-18,,,2025-02-12,87000,USD
OFR-002020-V1,OFR-002020,APP-0029098,REQ-2025-00004,1,1,initial,accepted,true,2025-01-26,2025-01-28,,,,,2025-02-24,66500,USD
OFR-002021-V1,OFR-002021,APP-0029103,REQ-2024-00553,1,1,initial,accepted,true,2025-01-22,2025-01-25,,,,,2025-02-24,81500,USD
OFR-002022-V1,OFR-002022,APP-0029104,REQ-2024-00670,1,1,initial,declined,true,2025-02-28,,2025-03-04,,,,2025-03-28,190000,USD
OFR-002023-V1,OFR-002023,APP-0029136,REQ-2024-01207,1,1,initial,declined,true,2025-01-17,,2025-01-21,,,,2025-02-14,114000,USD
OFR-002024-V1,OFR-002024,APP-0029144,REQ-2024-01214,1,1,initial,accepted,true,2025-02-01,2025-02-03,,,,,2025-03-10,79500,USD
OFR-002025-V1,OFR-002025,APP-0029241,REQ-2024-01238,1,1,initial,accepted,true,2025-01-23,2025-01-27,,,,,2025-02-17,78000,USD
OFR-002026-V1,OFR-002026,APP-0029245,REQ-2024-01246,1,1,initial,accepted,true,2025-01-23,2025-01-26,,,,,2025-02-10,48500,USD
OFR-002027-V1,OFR-002027,APP-0029272,REQ-2024-00941,1,1,initial,accepted,false,2025-02-01,2025-02-04,,,,,2025-02-24,101000,USD
OFR-002027-V2,OFR-002027,APP-0029272,REQ-2024-00941,1,2,letter_reissue,accepted,true,2025-02-17,2025-02-17,,,,,2025-02-24,101000,USD
OFR-002028-V1,OFR-002028,APP-0029296,REQ-2024-01201,1,1,initial,accepted,true,2025-02-11,2025-02-15,,,,,2025-03-17,100500,USD
OFR-002029-V1,OFR-002029,APP-0029306,REQ-2024-01240,1,1,initial,accepted,false,2025-01-31,2025-02-01,,,,,2025-03-03,59500,USD
OFR-002029-V2,OFR-002029,APP-0029306,REQ-2024-01240,1,2,letter_reissue,accepted,true,2025-02-09,2025-02-09,,,,,2025-03-03,59500,USD
OFR-002030-V1,OFR-002030,APP-0029310,REQ-2024-01244,1,1,initial,superseded,false,2025-01-30,,,,,,2025-03-17,102500,USD
OFR-002030-V2,OFR-002030,APP-0029310,REQ-2024-01244,1,2,negotiation_revision,accepted,false,2025-01-31,2025-02-06,,,,,2025-03-17,110500,USD
OFR-002030-V3,OFR-002030,APP-0029310,REQ-2024-01244,1,3,salary_correction,accepted,true,2025-02-11,2025-02-11,,,,,2025-03-17,112400,USD
OFR-002031-V1,OFR-002031,APP-0029321,REQ-2024-01251,1,1,initial,accepted,true,2025-01-29,2025-02-01,,,,,2025-02-24,78500,USD
OFR-002032-V1,OFR-002032,APP-0029325,REQ-2024-01253,1,1,initial,accepted,true,2025-01-31,2025-02-03,,,,,2025-03-17,133000,USD
OFR-002033-V1,OFR-002033,APP-0029329,REQ-2025-00003,1,1,initial,accepted,true,2025-01-24,2025-01-25,,,,,2025-02-17,63000,USD
OFR-002034-V1,OFR-002034,APP-0029344,REQ-2024-00992,1,1,initial,reneged,true,2025-02-11,2025-02-18,,,,2025-04-09,2025-04-14,219000,USD
OFR-002035-V1,OFR-002035,APP-0029345,REQ-2024-01023,1,1,initial,accepted,true,2025-02-24,2025-02-27,,,,,2025-03-24,67500,USD
OFR-002036-V1,OFR-002036,APP-0029349,REQ-2024-01101,1,1,initial,accepted,true,2025-02-09,2025-02-23,,,,,2025-04-07,132500,USD
OFR-002037-V1,OFR-002037,APP-0029385,REQ-2024-01255,1,1,initial,accepted,true,2025-02-09,2025-02-12,,,,,2025-03-10,53000,USD
OFR-002038-V1,OFR-002038,APP-0029391,REQ-2025-00003,1,1,initial,accepted,false,2025-02-01,2025-02-04,,,,,2025-03-03,57500,USD
OFR-002038-V2,OFR-002038,APP-0029391,REQ-2025-00003,1,2,letter_reissue,accepted,true,2025-02-07,2025-02-07,,,,,2025-03-03,57500,USD
OFR-002039-V1,OFR-002039,APP-0029399,REQ-2025-00006,1,1,initial,superseded,false,2025-01-24,,,,,,2025-03-03,62500,USD
OFR-002039-V2,OFR-002039,APP-0029399,REQ-2025-00006,1,2,negotiation_revision,accepted,true,2025-01-25,2025-01-26,,,,,2025-03-03,65500,USD
OFR-002040-V1,OFR-002040,APP-0029416,REQ-2024-01112,1,1,initial,accepted,true,2025-02-04,2025-02-06,,,,,2025-03-17,89500,USD
OFR-002041-V1,OFR-002041,APP-0029420,REQ-2024-01167,1,1,initial,superseded,false,2025-02-03,,,,,,2025-03-03,73500,USD
OFR-002041-V2,OFR-002041,APP-0029420,REQ-2024-01167,1,2,negotiation_revision,declined,true,2025-02-05,,2025-02-06,,,,2025-03-03,79000,USD
OFR-002042-V1,OFR-002042,APP-0029433,REQ-2024-01220,1,1,initial,accepted,true,2025-02-10,2025-02-15,,,,,2025-03-17,92000,USD
OFR-002043-V1,OFR-002043,APP-0029441,REQ-2024-01244,1,1,initial,superseded,false,2025-01-27,,,,,,2025-03-03,99000,USD
OFR-002043-V2,OFR-002043,APP-0029441,REQ-2024-01244,1,2,negotiation_revision,accepted,true,2025-01-30,2025-01-31,,,,,2025-03-03,102500,USD
OFR-002044-V1,OFR-002044,APP-0029449,REQ-2024-01254,1,1,initial,accepted,true,2025-02-01,2025-02-02,,,,,2025-03-10,89500,USD
OFR-002045-V1,OFR-002045,APP-0029479,REQ-2024-01048,1,1,initial,accepted,true,2025-02-24,2025-03-06,,,,,2025-05-19,201500,USD
OFR-002046-V1,OFR-002046,APP-0029481,REQ-2024-01063,1,1,initial,accepted,true,2025-01-29,2025-02-04,,,,,2025-03-10,90500,USD
OFR-002047-V1,OFR-002047,APP-0029491,REQ-2024-01167,1,1,initial,accepted,true,2025-01-29,2025-02-03,,,,,2025-03-03,69500,USD
OFR-002048-V1,OFR-002048,APP-0029504,REQ-2024-01222,1,1,initial,accepted,true,2025-01-25,2025-01-26,,,,,2025-02-10,77500,USD
OFR-002049-V1,OFR-002049,APP-0029530,REQ-2025-00003,1,1,initial,accepted,true,2025-02-01,2025-02-06,,,,,2025-02-24,54500,USD
OFR-002050-V1,OFR-002050,APP-0029542,REQ-2025-00017,1,1,initial,accepted,false,2025-02-06,2025-02-09,,,,,2025-03-24,141500,USD
OFR-002050-V2,OFR-002050,APP-0029542,REQ-2025-00017,1,2,salary_correction,accepted,true,2025-02-21,2025-02-21,,,,,2025-03-24,141500,USD
OFR-002051-V1,OFR-002051,APP-0029554,REQ-2024-00866,1,1,initial,reneged,true,2025-01-31,2025-02-04,,,,2025-02-15,2025-03-03,74500,USD
OFR-002052-V1,OFR-002052,APP-0029557,REQ-2024-00947,1,1,initial,accepted,false,2025-02-11,2025-02-14,,,,,2025-03-17,125000,USD
OFR-002052-V2,OFR-002052,APP-0029557,REQ-2024-00947,1,2,letter_reissue,accepted,true,2025-02-27,2025-02-27,,,,,2025-03-17,125000,USD
OFR-002053-V1,OFR-002053,APP-0029582,REQ-2024-01200,1,1,initial,withdrawn,true,2025-01-29,,,2025-02-01,,,2025-02-26,84000,USD
OFR-002054-V1,OFR-002054,APP-0029594,REQ-2024-01234,1,1,initial,superseded,false,2025-02-03,,,,,,2025-03-03,131500,USD
OFR-002054-V2,OFR-002054,APP-0029594,REQ-2024-01234,1,2,negotiation_revision,declined,true,2025-02-04,,2025-02-07,,,,2025-03-03,142000,USD
OFR-002055-V1,OFR-002055,APP-0029606,REQ-2024-01251,1,1,initial,declined,true,2025-01-29,,2025-01-30,,,,2025-02-26,80500,USD
OFR-002056-V1,OFR-002056,APP-0029640,REQ-2024-00911,1,1,initial,declined,true,2025-01-27,,2025-02-01,,,,2025-02-24,76000,USD
OFR-002057-V1,OFR-002057,APP-0029644,REQ-2024-01013,1,1,initial,accepted,false,2025-01-30,2025-01-31,,,,,2025-03-03,88500,USD
OFR-002057-V2,OFR-002057,APP-0029644,REQ-2024-01013,1,2,start_date_revision,accepted,true,2025-02-04,2025-02-04,,,,,2025-03-24,88500,USD
OFR-002058-V1,OFR-002058,APP-0029679,REQ-2024-01251,1,1,initial,declined,true,2025-02-04,,2025-02-05,,,,2025-03-04,77000,USD
OFR-002059-V1,OFR-002059,APP-0029682,REQ-2024-01251,1,1,initial,accepted,true,2025-02-01,2025-02-04,,,,,2025-03-03,81000,USD
OFR-002060-V1,OFR-002060,APP-0029700,REQ-2025-00013,1,1,initial,accepted,true,2025-02-05,2025-02-07,,,,,2025-03-03,104500,USD
OFR-002061-V1,OFR-002061,APP-0029702,REQ-2025-00015,1,1,initial,superseded,false,2025-02-05,,,,,,2025-03-17,86000,USD
OFR-002061-V2,OFR-002061,APP-0029702,REQ-2025-00015,1,2,negotiation_revision,accepted,true,2025-02-06,2025-02-07,,,,,2025-03-17,92000,USD
OFR-002062-V1,OFR-002062,APP-0029708,REQ-2025-00018,1,1,initial,accepted,true,2025-02-03,2025-02-08,,,,,2025-03-03,49500,USD
OFR-002063-V1,OFR-002063,APP-0029712,REQ-2025-00024,1,1,initial,accepted,true,2025-03-02,2025-03-03,,,,,2025-04-07,100500,USD
OFR-002064-V1,OFR-002064,APP-0029715,REQ-2025-00025,1,1,initial,superseded,false,2025-02-03,,,,,,2025-03-03,59000,USD
OFR-002064-V2,OFR-002064,APP-0029715,REQ-2025-00025,1,2,negotiation_revision,accepted,false,2025-02-04,2025-02-05,,,,,2025-03-03,61000,USD
OFR-002064-V3,OFR-002064,APP-0029715,REQ-2025-00025,1,3,start_date_revision,accepted,true,2025-02-11,2025-02-11,,,,,2025-03-24,61000,USD
OFR-002065-V1,OFR-002065,APP-0029733,REQ-2024-01091,1,1,initial,accepted,true,2025-02-07,2025-02-12,,,,,2025-03-24,139500,USD
OFR-002066-V1,OFR-002066,APP-0029779,REQ-2025-00005,1,1,initial,reneged,true,2025-01-30,2025-02-01,,,,2025-02-02,2025-02-24,67500,USD
OFR-002067-V1,OFR-002067,APP-0029812,REQ-2024-00755,1,1,initial,accepted,true,2025-02-18,2025-02-22,,,,,2025-03-31,128500,USD
OFR-002068-V1,OFR-002068,APP-0029849,REQ-2024-01255,1,1,initial,withdrawn,true,2025-02-10,,,2025-02-14,,,2025-03-10,57000,USD
OFR-002069-V1,OFR-002069,APP-0029872,REQ-2025-00033,1,1,initial,accepted,true,2025-01-30,2025-02-01,,,,,2025-02-24,83500,USD
OFR-002070-V1,OFR-002070,APP-0029914,REQ-2024-01230,1,1,initial,accepted,true,2025-03-15,2025-03-19,,,,,2025-04-21,92500,USD
OFR-002071-V1,OFR-002071,APP-0029935,REQ-2025-00003,1,1,initial,withdrawn,true,2025-02-16,,,2025-02-19,,,2025-03-16,58000,USD
OFR-002072-V1,OFR-002072,APP-0029953,REQ-2025-00019,1,1,initial,accepted,true,2025-02-24,2025-02-28,,,,,2025-03-31,97500,USD
OFR-002073-V1,OFR-002073,APP-0029968,REQ-2024-00752,1,1,initial,superseded,false,2025-02-17,,,,,,2025-03-24,182500,USD
OFR-002073-V2,OFR-002073,APP-0029968,REQ-2024-00752,1,2,negotiation_revision,accepted,false,2025-02-19,2025-02-20,,,,,2025-03-24,195000,USD
OFR-002073-V3,OFR-002073,APP-0029968,REQ-2024-00752,1,3,start_date_revision,accepted,true,2025-03-06,2025-03-06,,,,,2025-04-07,195000,USD
OFR-002074-V1,OFR-002074,APP-0029973,REQ-2024-01035,1,1,initial,declined,true,2025-02-14,,2025-02-15,,,,2025-03-14,71500,USD
OFR-002075-V1,OFR-002075,APP-0030000,REQ-2024-01251,1,1,initial,declined,true,2025-02-01,,2025-02-03,,,,2025-03-01,77000,USD
OFR-002076-V1,OFR-002076,APP-0030005,REQ-2025-00002,1,1,initial,accepted,true,2025-02-07,2025-02-11,,,,,2025-03-10,71500,USD
OFR-002077-V1,OFR-002077,APP-0030010,REQ-2025-00003,1,1,initial,declined,true,2025-02-02,,2025-02-05,,,,2025-03-02,61000,USD
OFR-002078-V1,OFR-002078,APP-0030013,REQ-2025-00003,1,1,initial,accepted,true,2025-01-29,2025-02-02,,,,,2025-02-17,57000,USD
OFR-002079-V1,OFR-002079,APP-0030044,REQ-2025-00039,1,1,initial,superseded,false,2025-01-31,,,,,,2025-03-10,107500,USD
OFR-002079-V2,OFR-002079,APP-0030044,REQ-2025-00039,1,2,negotiation_revision,accepted,true,2025-02-01,2025-02-03,,,,,2025-03-10,112500,USD
OFR-002080-V1,OFR-002080,APP-0030045,REQ-2025-00039,1,1,initial,accepted,false,2025-02-04,2025-02-11,,,,,2025-03-17,109000,USD
OFR-002080-V2,OFR-002080,APP-0030045,REQ-2025-00039,1,2,start_date_revision,accepted,true,2025-02-15,2025-02-15,,,,,2025-04-07,109000,USD
OFR-002081-V1,OFR-002081,APP-0030097,REQ-2025-00012,1,1,initial,accepted,true,2025-02-23,2025-03-03,,,,,2025-04-07,140500,USD
OFR-002082-V1,OFR-002082,APP-0030104,REQ-2025-00019,1,1,initial,declined,true,2025-02-28,,2025-03-04,,,,2025-03-28,95500,USD
OFR-002083-V1,OFR-002083,APP-0030129,REQ-2024-00116,1,1,initial,superseded,false,2025-02-19,,,,,,2025-03-19,147000,USD
OFR-002083-V2,OFR-002083,APP-0030129,REQ-2024-00116,1,2,negotiation_revision,withdrawn,true,2025-02-22,,,2025-03-03,,,2025-03-19,158500,USD
OFR-002084-V1,OFR-002084,APP-0030163,REQ-2024-01249,1,1,initial,declined,true,2025-02-03,,2025-02-05,,,,2025-03-03,78000,USD
OFR-002085-V1,OFR-002085,APP-0030173,REQ-2025-00008,1,1,initial,reneged,true,2025-03-04,2025-03-09,,,,2025-04-22,2025-05-12,204500,USD
OFR-002086-V1,OFR-002086,APP-0030192,REQ-2025-00030,1,1,initial,declined,true,2025-03-03,,2025-03-04,,,,2025-03-31,161000,USD
OFR-002087-V1,OFR-002087,APP-0030194,REQ-2025-00032,1,1,initial,accepted,true,2025-02-06,2025-02-11,,,,,2025-02-24,57500,USD
OFR-002088-V1,OFR-002088,APP-0030207,REQ-2025-00050,1,1,initial,accepted,true,2025-02-21,2025-02-24,,,,,2025-04-07,104000,USD
OFR-002089-V1,OFR-002089,APP-0030228,REQ-2024-01061,1,1,initial,accepted,true,2025-02-22,2025-02-28,,,,,2025-04-14,147500,USD
OFR-002090-V1,OFR-002090,APP-0030247,REQ-2024-01250,1,1,initial,accepted,false,2025-02-11,2025-02-12,,,,,2025-03-17,90000,USD
OFR-002090-V2,OFR-002090,APP-0030247,REQ-2024-01250,1,2,letter_reissue,accepted,true,2025-02-19,2025-02-19,,,,,2025-03-17,90000,USD
OFR-002091-V1,OFR-002091,APP-0030275,REQ-2025-00026,1,1,initial,accepted,true,2025-02-05,2025-02-08,,,,,2025-03-10,75000,USD
OFR-002092-V1,OFR-002092,APP-0030284,REQ-2025-00039,1,1,initial,superseded,false,2025-02-19,,,,,,2025-03-24,101500,USD
OFR-002092-V2,OFR-002092,APP-0030284,REQ-2025-00039,1,2,negotiation_revision,accepted,true,2025-02-21,2025-02-24,,,,,2025-03-24,106500,USD
OFR-002093-V1,OFR-002093,APP-0030300,REQ-2025-00052,1,1,initial,accepted,false,2025-02-03,2025-02-08,,,,,2025-03-10,62500,USD
OFR-002093-V2,OFR-002093,APP-0030300,REQ-2025-00052,1,2,salary_correction,accepted,true,2025-02-18,2025-02-18,,,,,2025-03-10,62500,USD
OFR-002094-V1,OFR-002094,APP-0030319,REQ-2024-01117,1,1,initial,superseded,false,2025-02-17,,,,,,2025-03-17,217000,USD
OFR-002094-V2,OFR-002094,APP-0030319,REQ-2024-01117,1,2,negotiation_revision,declined,true,2025-02-18,,2025-02-20,,,,2025-03-17,233000,USD
OFR-002095-V1,OFR-002095,APP-0030321,REQ-2024-01129,1,1,initial,superseded,false,2025-02-02,,,,,,2025-03-02,76000,USD
OFR-002095-V2,OFR-002095,APP-0030321,REQ-2024-01129,1,2,negotiation_revision,declined,true,2025-02-05,,2025-02-07,,,,2025-03-02,80000,USD
OFR-002096-V1,OFR-002096,APP-0030354,REQ-2025-00034,1,1,initial,superseded,false,2025-02-05,,,,,,2025-03-05,124500,USD
OFR-002096-V2,OFR-002096,APP-0030354,REQ-2025-00034,1,2,negotiation_revision,declined,true,2025-02-06,,2025-02-07,,,,2025-03-05,134000,USD
OFR-002097-V1,OFR-002097,APP-0030355,REQ-2025-00034,1,1,initial,superseded,false,2025-02-15,,,,,,2025-03-15,148000,USD
OFR-002097-V2,OFR-002097,APP-0030355,REQ-2025-00034,1,2,negotiation_revision,declined,true,2025-02-16,,2025-02-17,,,,2025-03-15,159500,USD
OFR-002098-V1,OFR-002098,APP-0030359,REQ-2025-00037,1,1,initial,accepted,true,2025-03-02,2025-03-22,,,,,2025-05-19,201000,USD
OFR-002099-V1,OFR-002099,APP-0030373,REQ-2025-00060,1,1,initial,accepted,true,2025-02-13,2025-02-16,,,,,2025-03-17,128500,USD
OFR-002100-V1,OFR-002100,APP-0030376,REQ-2025-00066,1,1,initial,accepted,true,2025-02-10,2025-02-13,,,,,2025-03-17,64000,USD
OFR-002101-V1,OFR-002101,APP-0030394,REQ-2024-01124,1,1,initial,superseded,false,2025-02-19,,,,,,2025-03-19,78500,USD
OFR-002101-V2,OFR-002101,APP-0030394,REQ-2024-01124,1,2,negotiation_revision,declined,true,2025-02-21,,2025-02-22,,,,2025-03-19,82500,USD
OFR-002102-V1,OFR-002102,APP-0030415,REQ-2025-00013,1,1,initial,superseded,false,2025-02-22,,,,,,2025-03-22,95500,USD
OFR-002102-V2,OFR-002102,APP-0030415,REQ-2025-00013,1,2,negotiation_revision,declined,true,2025-02-23,,2025-02-26,,,,2025-03-22,102500,USD
OFR-002103-V1,OFR-002103,APP-0030422,REQ-2025-00024,1,1,initial,accepted,true,2025-02-20,2025-02-25,,,,,2025-03-24,97000,USD
OFR-002104-V1,OFR-002104,APP-0030425,REQ-2025-00026,1,1,initial,accepted,false,2025-02-13,2025-02-16,,,,,2025-03-10,69500,USD
OFR-002104-V2,OFR-002104,APP-0030425,REQ-2025-00026,1,2,letter_reissue,accepted,true,2025-02-21,2025-02-21,,,,,2025-03-10,69500,USD
OFR-002105-V1,OFR-002105,APP-0030427,REQ-2025-00027,1,1,initial,accepted,true,2025-02-17,2025-02-19,,,,,2025-03-24,103500,USD
OFR-002106-V1,OFR-002106,APP-0030428,REQ-2025-00034,1,1,initial,accepted,true,2025-02-15,2025-02-25,,,,,2025-03-31,138000,USD
OFR-002107-V1,OFR-002107,APP-0030430,REQ-2025-00035,1,1,initial,accepted,false,2025-02-15,2025-02-17,,,,,2025-03-17,112500,USD
OFR-002107-V2,OFR-002107,APP-0030430,REQ-2025-00035,1,2,start_date_revision,accepted,true,2025-02-22,2025-02-22,,,,,2025-04-07,112500,USD
OFR-002108-V1,OFR-002108,APP-0030439,REQ-2025-00043,1,1,initial,accepted,true,2025-02-10,2025-02-13,,,,,2025-03-10,54000,USD
OFR-002109-V1,OFR-002109,APP-0030457,REQ-2025-00064,1,1,initial,accepted,false,2025-02-19,2025-02-21,,,,,2025-03-31,113500,USD
OFR-002109-V2,OFR-002109,APP-0030457,REQ-2025-00064,1,2,letter_reissue,accepted,true,2025-03-06,2025-03-06,,,,,2025-03-31,113500,USD
OFR-002110-V1,OFR-002110,APP-0030460,REQ-2025-00065,1,1,initial,accepted,true,2025-02-17,2025-02-19,,,,,2025-03-17,76000,USD
OFR-002111-V1,OFR-002111,APP-0030463,REQ-2024-00116,1,1,initial,superseded,false,2025-02-25,,,,,,2025-04-21,155000,USD
OFR-002111-V2,OFR-002111,APP-0030463,REQ-2024-00116,1,2,negotiation_revision,accepted,true,2025-02-27,2025-02-28,,,,,2025-04-21,166000,USD
OFR-002112-V1,OFR-002112,APP-0030473,REQ-2024-00749,1,1,initial,accepted,true,2025-02-07,2025-02-10,,,,,2025-03-17,145500,USD
OFR-002113-V1,OFR-002113,APP-0030476,REQ-2024-00989,1,1,initial,accepted,true,2025-03-08,2025-03-13,,,,,2025-04-21,112000,USD
OFR-002114-V1,OFR-002114,APP-0030531,REQ-2025-00050,1,1,initial,superseded,false,2025-02-28,,,,,,2025-03-28,98500,USD
OFR-002114-V2,OFR-002114,APP-0030531,REQ-2025-00050,1,2,negotiation_revision,withdrawn,true,2025-03-01,,,2025-03-02,,,2025-03-28,106500,USD
OFR-002115-V1,OFR-002115,APP-0030532,REQ-2025-00050,1,1,initial,accepted,true,2025-02-16,2025-02-19,,,,,2025-03-31,96500,USD
OFR-002116-V1,OFR-002116,APP-0030551,REQ-2024-00598,1,1,initial,withdrawn,true,2025-02-16,,,2025-02-21,,,2025-03-16,100500,USD
OFR-002117-V1,OFR-002117,APP-0030556,REQ-2024-00994,1,1,initial,accepted,true,2025-02-18,2025-02-26,,,,,2025-04-07,124000,USD
OFR-002118-V1,OFR-002118,APP-0030567,REQ-2024-01137,1,1,initial,accepted,true,2025-02-22,2025-02-25,,,,,2025-03-24,79000,USD
OFR-002119-V1,OFR-002119,APP-0030588,REQ-2025-00020,1,1,initial,accepted,false,2025-02-12,2025-02-17,,,,,2025-03-17,66000,USD
OFR-002119-V2,OFR-002119,APP-0030588,REQ-2025-00020,1,2,letter_reissue,accepted,true,2025-03-03,2025-03-03,,,,,2025-03-17,66000,USD
OFR-002120-V1,OFR-002120,APP-0030602,REQ-2025-00040,1,1,initial,accepted,true,2025-02-27,2025-03-04,,,,,2025-04-07,146500,USD
OFR-002121-V1,OFR-002121,APP-0030611,REQ-2025-00051,1,1,initial,withdrawn,true,2025-02-18,,,2025-02-26,,,2025-03-18,140000,USD
OFR-002122-V1,OFR-002122,APP-0030625,REQ-2025-00071,1,1,initial,declined,true,2025-02-08,,2025-02-13,,,,2025-03-08,48000,USD
OFR-002123-V1,OFR-002123,APP-0030649,REQ-2024-01178,1,1,initial,accepted,true,2025-02-25,2025-03-01,,,,,2025-03-24,65500,USD
OFR-002124-V1,OFR-002124,APP-0030660,REQ-2024-01248,1,1,initial,accepted,false,2025-03-06,2025-03-09,,,,,2025-04-21,121000,USD
OFR-002124-V2,OFR-002124,APP-0030660,REQ-2024-01248,1,2,start_date_revision,accepted,true,2025-03-22,2025-03-22,,,,,2025-05-05,121000,USD
OFR-002125-V1,OFR-002125,APP-0030666,REQ-2025-00013,1,1,initial,accepted,false,2025-03-09,2025-03-11,,,,,2025-03-31,104500,USD
OFR-002125-V2,OFR-002125,APP-0030666,REQ-2025-00013,1,2,start_date_revision,accepted,true,2025-03-13,2025-03-13,,,,,2025-04-21,104500,USD
OFR-002126-V1,OFR-002126,APP-0030672,REQ-2025-00025,1,1,initial,accepted,true,2025-02-05,2025-02-07,,,,,2025-03-10,62500,USD
OFR-002127-V1,OFR-002127,APP-0030693,REQ-2025-00068,1,1,initial,accepted,true,2025-02-19,2025-02-23,,,,,2025-04-21,169500,USD
OFR-002128-V1,OFR-002128,APP-0030697,REQ-2025-00071,1,1,initial,accepted,true,2025-02-16,2025-02-17,,,,,2025-03-17,46000,USD
OFR-002129-V1,OFR-002129,APP-0030708,REQ-2024-01052,1,1,initial,accepted,true,2025-03-11,2025-03-14,,,,,2025-04-21,131500,USD
OFR-002130-V1,OFR-002130,APP-0030709,REQ-2024-01096,1,1,initial,accepted,false,2025-02-25,2025-03-01,,,,,2025-03-24,94000,USD
OFR-002130-V2,OFR-002130,APP-0030709,REQ-2024-01096,1,2,letter_reissue,accepted,true,2025-03-07,2025-03-07,,,,,2025-03-24,94000,USD
OFR-002131-V1,OFR-002131,APP-0030715,REQ-2024-01156,1,1,initial,accepted,true,2025-02-21,2025-02-24,,,,,2025-04-07,101000,USD
OFR-002132-V1,OFR-002132,APP-0030737,REQ-2025-00013,1,1,initial,accepted,true,2025-02-18,2025-02-22,,,,,2025-03-24,104500,USD
OFR-002133-V1,OFR-002133,APP-0030766,REQ-2025-00050,1,1,initial,accepted,true,2025-02-14,2025-02-18,,,,,2025-03-24,107500,USD
OFR-002134-V1,OFR-002134,APP-0030772,REQ-2025-00061,1,1,initial,superseded,false,2025-02-16,,,,,,2025-03-17,51500,USD
OFR-002134-V2,OFR-002134,APP-0030772,REQ-2025-00061,1,2,negotiation_revision,accepted,true,2025-02-17,2025-02-19,,,,,2025-03-17,54000,USD
OFR-002135-V1,OFR-002135,APP-0030780,REQ-2025-00065,1,1,initial,accepted,true,2025-02-16,2025-02-20,,,,,2025-03-17,72500,USD
OFR-002136-V1,OFR-002136,APP-0030815,REQ-2025-00003,1,1,initial,declined,true,2025-02-16,,2025-02-19,,,,2025-03-16,60500,USD
OFR-002137-V1,OFR-002137,APP-0030848,REQ-2025-00050,1,1,initial,accepted,true,2025-02-11,2025-02-12,,,,,2025-03-24,108500,USD
OFR-002138-V1,OFR-002138,APP-0030862,REQ-2025-00063,1,1,initial,accepted,true,2025-02-16,2025-02-19,,,,,2025-03-31,98500,USD
OFR-002139-V1,OFR-002139,APP-0030869,REQ-2025-00069,1,1,initial,superseded,false,2025-02-18,,,,,,2025-03-17,67000,USD
OFR-002139-V2,OFR-002139,APP-0030869,REQ-2025-00069,1,2,negotiation_revision,accepted,false,2025-02-20,2025-02-22,,,,,2025-03-17,70500,USD
OFR-002139-V3,OFR-002139,APP-0030869,REQ-2025-00069,1,3,salary_correction,accepted,true,2025-02-27,2025-02-27,,,,,2025-03-17,70800,USD
OFR-002140-V1,OFR-002140,APP-0030870,REQ-2025-00071,1,1,initial,accepted,true,2025-02-16,2025-02-18,,,,,2025-03-03,44500,USD
OFR-002141-V1,OFR-002141,APP-0030879,REQ-2024-00930,1,1,initial,accepted,true,2025-02-17,2025-02-26,,,,,2025-03-31,80000,USD
OFR-002142-V1,OFR-002142,APP-0030907,REQ-2025-00031,1,1,initial,accepted,false,2025-02-15,2025-02-16,,,,,2025-03-24,108000,USD
OFR-002142-V2,OFR-002142,APP-0030907,REQ-2025-00031,1,2,letter_reissue,accepted,true,2025-02-18,2025-02-18,,,,,2025-03-24,108000,USD
OFR-002143-V1,OFR-002143,APP-0030911,REQ-2025-00038,1,1,initial,accepted,true,2025-02-16,2025-02-20,,,,,2025-03-10,62000,USD
OFR-002144-V1,OFR-002144,APP-0030912,REQ-2025-00043,1,1,initial,declined,true,2025-02-12,,2025-02-13,,,,2025-03-12,52500,USD
OFR-002145-V1,OFR-002145,APP-0030916,REQ-2025-00046,1,1,initial,accepted,true,2025-02-27,2025-03-05,,,,,2025-04-07,76000,USD
OFR-002146-V1,OFR-002146,APP-0030925,REQ-2025-00063,1,1,initial,superseded,false,2025-02-10,,,,,,2025-03-10,112000,USD
OFR-002146-V2,OFR-002146,APP-0030925,REQ-2025-00063,1,2,negotiation_revision,declined,true,2025-02-11,,2025-02-12,,,,2025-03-10,117000,USD
OFR-002147-V1,OFR-002147,APP-0030926,REQ-2025-00064,1,1,initial,superseded,false,2025-02-20,,,,,,2025-03-20,108500,USD
OFR-002147-V2,OFR-002147,APP-0030926,REQ-2025-00064,1,2,negotiation_revision,withdrawn,true,2025-02-21,,,2025-02-22,,,2025-03-20,112500,USD
OFR-002148-V1,OFR-002148,APP-0030939,REQ-2025-00075,1,1,initial,withdrawn,true,2025-03-02,,,2025-03-07,,,2025-03-30,105000,USD
OFR-002149-V1,OFR-002149,APP-0030953,REQ-2024-01006,1,1,initial,withdrawn,true,2025-04-08,,,2025-04-13,,,2025-05-06,114000,USD
OFR-002150-V1,OFR-002150,APP-0031006,REQ-2025-00050,1,1,initial,reneged,true,2025-02-24,2025-02-28,,,,2025-03-21,2025-04-07,105000,USD
OFR-002151-V1,OFR-002151,APP-0031009,REQ-2025-00056,1,1,initial,declined,true,2025-02-12,,2025-02-17,,,,2025-03-12,77500,USD
OFR-002152-V1,OFR-002152,APP-0031022,REQ-2025-00068,1,1,initial,withdrawn,true,2025-02-22,,,2025-02-23,,,2025-03-22,150000,USD
OFR-002153-V1,OFR-002153,APP-0031034,REQ-2025-00078,1,1,initial,accepted,false,2025-02-18,2025-02-20,,,,,2025-04-21,122000,USD
OFR-002153-V2,OFR-002153,APP-0031034,REQ-2025-00078,1,2,letter_reissue,accepted,true,2025-02-28,2025-02-28,,,,,2025-04-21,122000,USD
OFR-002154-V1,OFR-002154,APP-0031036,REQ-2025-00079,1,1,initial,superseded,false,2025-02-11,,,,,,2025-03-17,81000,USD
OFR-002154-V2,OFR-002154,APP-0031036,REQ-2025-00079,1,2,negotiation_revision,accepted,true,2025-02-12,2025-02-14,,,,,2025-03-17,85000,USD
OFR-002155-V1,OFR-002155,APP-0031046,REQ-2024-00595,1,1,initial,superseded,false,2025-03-18,,,,,,2025-04-21,118500,USD
OFR-002155-V2,OFR-002155,APP-0031046,REQ-2024-00595,1,2,negotiation_revision,accepted,true,2025-03-19,2025-03-22,,,,,2025-04-21,124000,USD
OFR-002156-V1,OFR-002156,APP-0031051,REQ-2024-00882,1,1,initial,accepted,false,2025-02-27,2025-03-01,,,,,2025-03-24,107000,USD
OFR-002156-V2,OFR-002156,APP-0031051,REQ-2024-00882,1,2,letter_reissue,accepted,true,2025-03-05,2025-03-05,,,,,2025-03-24,107000,USD
OFR-002157-V1,OFR-002157,APP-0031078,REQ-2025-00003,1,1,initial,accepted,true,2025-02-17,2025-02-18,,,,,2025-03-10,55500,USD
OFR-002158-V1,OFR-002158,APP-0031105,REQ-2025-00059,1,1,initial,declined,true,2025-03-08,,2025-03-14,,,,2025-04-05,156000,USD
OFR-002159-V1,OFR-002159,APP-0031113,REQ-2025-00063,1,1,initial,accepted,true,2025-03-02,2025-03-05,,,,,2025-04-07,102000,USD
OFR-002160-V1,OFR-002160,APP-0031117,REQ-2025-00067,1,1,initial,superseded,false,2025-02-15,,,,,,2025-03-15,114000,USD
OFR-002160-V2,OFR-002160,APP-0031117,REQ-2025-00067,1,2,negotiation_revision,withdrawn,true,2025-02-17,,,2025-02-19,,,2025-03-15,121500,USD
OFR-002161-V1,OFR-002161,APP-0031128,REQ-2025-00077,1,1,initial,reneged,true,2025-02-24,2025-02-25,,,,2025-02-26,2025-03-24,62000,USD
OFR-002162-V1,OFR-002162,APP-0031137,REQ-2024-00429,1,1,initial,accepted,true,2025-03-05,2025-03-09,,,,,2025-04-07,131000,USD
OFR-002163-V1,OFR-002163,APP-0031144,REQ-2024-00846,1,1,initial,accepted,true,2025-03-05,2025-03-08,,,,,2025-03-24,62000,USD
OFR-002164-V1,OFR-002164,APP-0031158,REQ-2024-01201,1,1,initial,declined,true,2025-02-18,,2025-02-22,,,,2025-03-18,101000,USD
OFR-002165-V1,OFR-002165,APP-0031189,REQ-2025-00046,1,1,initial,accepted,true,2025-02-22,2025-02-26,,,,,2025-03-24,75500,USD
OFR-002166-V1,OFR-002166,APP-0031194,REQ-2025-00057,1,1,initial,superseded,false,2025-02-20,,,,,,2025-04-28,159500,USD
OFR-002166-V2,OFR-002166,APP-0031194,REQ-2025-00057,1,2,negotiation_revision,accepted,true,2025-02-25,2025-03-04,,,,,2025-04-28,166500,USD
OFR-002167-V1,OFR-002167,APP-0031200,REQ-2025-00065,1,1,initial,withdrawn,true,2025-02-18,,,2025-02-22,,,2025-03-18,82000,USD
OFR-002168-V1,OFR-002168,APP-0031205,REQ-2025-00069,1,1,initial,accepted,true,2025-02-15,2025-02-24,,,,,2025-03-24,67000,USD
OFR-002169-V1,OFR-002169,APP-0031207,REQ-2025-00070,1,1,initial,accepted,true,2025-02-14,2025-02-18,,,,,2025-03-24,127000,USD
OFR-002170-V1,OFR-002170,APP-0031210,REQ-2025-00071,1,1,initial,superseded,false,2025-02-15,,,,,,2025-03-10,45500,USD
OFR-002170-V2,OFR-002170,APP-0031210,REQ-2025-00071,1,2,negotiation_revision,accepted,true,2025-02-16,2025-02-18,,,,,2025-03-10,48000,USD
OFR-002171-V1,OFR-002171,APP-0031211,REQ-2025-00071,1,1,initial,superseded,false,2025-02-14,,,,,,2025-03-10,44000,USD
OFR-002171-V2,OFR-002171,APP-0031211,REQ-2025-00071,1,2,negotiation_revision,accepted,false,2025-02-15,2025-02-17,,,,,2025-03-10,46500,USD
OFR-002171-V3,OFR-002171,APP-0031211,REQ-2025-00071,1,3,start_date_revision,reneged,true,2025-02-23,2025-02-23,,,,2025-03-05,2025-03-21,46500,USD
OFR-002172-V1,OFR-002172,APP-0031216,REQ-2025-00077,1,1,initial,withdrawn,true,2025-02-20,,,2025-02-25,,,2025-03-20,61000,USD
OFR-002173-V1,OFR-002173,APP-0031218,REQ-2025-00077,1,1,initial,accepted,false,2025-02-22,2025-02-24,,,,,2025-03-24,55500,USD
OFR-002173-V2,OFR-002173,APP-0031218,REQ-2025-00077,1,2,letter_reissue,accepted,true,2025-03-05,2025-03-05,,,,,2025-03-24,55500,USD
OFR-002174-V1,OFR-002174,APP-0031242,REQ-2024-01108,1,1,initial,accepted,false,2025-02-21,2025-02-27,,,,,2025-04-07,101000,USD
OFR-002174-V2,OFR-002174,APP-0031242,REQ-2024-01108,1,2,letter_reissue,accepted,true,2025-03-05,2025-03-05,,,,,2025-04-07,101000,USD
OFR-002175-V1,OFR-002175,APP-0031271,REQ-2025-00046,1,1,initial,accepted,false,2025-03-05,2025-03-09,,,,,2025-03-31,79500,USD
OFR-002175-V2,OFR-002175,APP-0031271,REQ-2025-00046,1,2,letter_reissue,accepted,true,2025-03-13,2025-03-13,,,,,2025-03-31,79500,USD
OFR-002176-V1,OFR-002176,APP-0031276,REQ-2025-00051,1,1,initial,accepted,true,2025-02-20,2025-02-24,,,,,2025-04-21,151500,USD
OFR-002177-V1,OFR-002177,APP-0031289,REQ-2025-00074,1,1,initial,accepted,false,2025-03-05,2025-03-08,,,,,2025-04-07,85500,USD
OFR-002177-V2,OFR-002177,APP-0031289,REQ-2025-00074,1,2,letter_reissue,accepted,true,2025-03-16,2025-03-16,,,,,2025-04-07,85500,USD
OFR-002178-V1,OFR-002178,APP-0031305,REQ-2025-00089,1,1,initial,accepted,true,2025-02-16,2025-02-18,,,,,2025-03-24,108000,USD
OFR-002179-V1,OFR-002179,APP-0031306,REQ-2025-00089,1,1,initial,accepted,true,2025-02-28,2025-03-05,,,,,2025-04-07,96500,USD
OFR-002180-V1,OFR-002180,APP-0031348,REQ-2025-00058,1,1,initial,accepted,true,2025-02-27,2025-03-05,,,,,2025-04-21,145000,USD
OFR-002181-V1,OFR-002181,APP-0031350,REQ-2025-00062,1,1,initial,accepted,true,2025-03-12,2025-03-13,,,,,2025-04-14,122500,USD
OFR-002182-V1,OFR-002182,APP-0031354,REQ-2025-00067,1,1,initial,accepted,true,2025-02-16,2025-02-17,,,,,2025-03-17,113500,USD
OFR-002183-V1,OFR-002183,APP-0031367,REQ-2025-00077,1,1,initial,accepted,false,2025-02-22,2025-02-24,,,,,2025-03-17,57500,USD
OFR-002183-V2,OFR-002183,APP-0031367,REQ-2025-00077,1,2,letter_reissue,accepted,true,2025-03-06,2025-03-06,,,,,2025-03-17,57500,USD
OFR-002184-V1,OFR-002184,APP-0031400,REQ-2024-01131,1,1,initial,accepted,true,2025-02-14,2025-02-26,,,,,2025-03-17,59000,USD
OFR-002185-V1,OFR-002185,APP-0031429,REQ-2025-00039,1,1,initial,accepted,true,2025-02-21,2025-02-24,,,,,2025-04-07,105500,USD
OFR-002186-V1,OFR-002186,APP-0031449,REQ-2025-00066,1,1,initial,accepted,true,2025-02-14,2025-02-17,,,,,2025-03-10,59000,USD
OFR-002187-V1,OFR-002187,APP-0031458,REQ-2025-00075,1,1,initial,superseded,false,2025-02-26,,,,,,2025-04-07,105500,USD
OFR-002187-V2,OFR-002187,APP-0031458,REQ-2025-00075,1,2,negotiation_revision,accepted,true,2025-03-02,2025-03-03,,,,,2025-04-07,112000,USD
OFR-002188-V1,OFR-002188,APP-0031467,REQ-2025-00085,1,1,initial,accepted,false,2025-04-02,2025-04-05,,,,,2025-04-28,95500,USD
OFR-002188-V2,OFR-002188,APP-0031467,REQ-2025-00085,1,2,letter_reissue,accepted,true,2025-04-11,2025-04-11,,,,,2025-04-28,95500,USD
OFR-002189-V1,OFR-002189,APP-0031468,REQ-2025-00086,1,1,initial,declined,true,2025-02-18,,2025-02-21,,,,2025-03-18,65000,USD
OFR-002190-V1,OFR-002190,APP-0031469,REQ-2025-00086,1,1,initial,accepted,true,2025-02-18,2025-02-20,,,,,2025-03-24,64000,USD
OFR-002191-V1,OFR-002191,APP-0031472,REQ-2025-00091,1,1,initial,accepted,true,2025-03-04,2025-03-08,,,,,2025-04-07,104500,USD
OFR-002192-V1,OFR-002192,APP-0031475,REQ-2025-00093,1,1,initial,superseded,false,2025-02-12,,,,,,2025-04-14,78000,USD
OFR-002192-V2,OFR-002192,APP-0031475,REQ-2025-00093,1,2,negotiation_revision,accepted,true,2025-02-19,2025-03-12,,,,,2025-04-14,83000,USD
OFR-002193-V1,OFR-002193,APP-0031492,REQ-2024-01077,1,1,initial,accepted,true,2025-02-23,2025-02-27,,,,,2025-03-17,64000,USD
OFR-002194-V1,OFR-002194,APP-0031498,REQ-2024-01243,1,1,initial,declined,true,2025-02-23,,2025-03-04,,,,2025-03-23,70000,USD
OFR-002195-V1,OFR-002195,APP-0031514,REQ-2025-00046,1,1,initial,superseded,false,2025-03-01,,,,,,2025-03-29,72000,USD
OFR-002195-V2,OFR-002195,APP-0031514,REQ-2025-00046,1,2,negotiation_revision,declined,true,2025-03-04,,2025-03-06,,,,2025-03-29,75500,USD
OFR-002196-V1,OFR-002196,APP-0031526,REQ-2025-00066,1,1,initial,accepted,true,2025-02-26,2025-02-28,,,,,2025-03-31,66000,USD
OFR-002197-V1,OFR-002197,APP-0031528,REQ-2025-00069,1,1,initial,accepted,true,2025-02-20,2025-02-24,,,,,2025-03-31,70500,USD
OFR-002198-V1,OFR-002198,APP-0031541,REQ-2025-00077,1,1,initial,superseded,false,2025-02-17,,,,,,2025-03-17,55000,USD
OFR-002198-V2,OFR-002198,APP-0031541,REQ-2025-00077,1,2,negotiation_revision,accepted,true,2025-02-19,2025-02-22,,,,,2025-03-17,57500,USD
OFR-002199-V1,OFR-002199,APP-0031547,REQ-2025-00082,1,1,initial,accepted,true,2025-02-16,2025-02-19,,,,,2025-03-31,115000,USD
OFR-002200-V1,OFR-002200,APP-0031575,REQ-2024-01108,1,1,initial,declined,true,2025-02-23,,2025-02-25,,,,2025-03-23,107500,USD
OFR-002201-V1,OFR-002201,APP-0031589,REQ-2025-00001,1,1,initial,accepted,true,2025-02-27,2025-02-28,,,,,2025-04-07,85000,USD
OFR-002202-V1,OFR-002202,APP-0031611,REQ-2025-00054,1,1,initial,accepted,true,2025-02-24,2025-03-07,,,,,2025-03-31,70000,USD
OFR-002203-V1,OFR-002203,APP-0031642,REQ-2025-00089,1,1,initial,accepted,false,2025-03-02,2025-03-04,,,,,2025-03-31,110500,USD
OFR-002203-V2,OFR-002203,APP-0031642,REQ-2025-00089,1,2,letter_reissue,accepted,true,2025-03-11,2025-03-11,,,,,2025-03-31,110500,USD
OFR-002204-V1,OFR-002204,APP-0031646,REQ-2025-00098,1,1,initial,accepted,true,2025-02-25,2025-02-27,,,,,2025-03-31,76500,USD
OFR-002205-V1,OFR-002205,APP-0031650,REQ-2024-00429,1,1,initial,withdrawn,true,2025-03-08,,,2025-03-09,,,2025-04-05,136000,USD
OFR-002206-V1,OFR-002206,APP-0031658,REQ-2024-00832,1,1,initial,declined,true,2025-02-26,,2025-03-01,,,,2025-03-26,92000,USD
OFR-002207-V1,OFR-002207,APP-0031712,REQ-2025-00080,1,1,initial,accepted,true,2025-02-27,2025-03-04,,,,,2025-04-07,124500,USD
OFR-002208-V1,OFR-002208,APP-0031714,REQ-2025-00083,1,1,initial,superseded,false,2025-02-26,,,,,,2025-03-26,90500,USD
OFR-002208-V2,OFR-002208,APP-0031714,REQ-2025-00083,1,2,negotiation_revision,withdrawn,true,2025-02-27,,,2025-03-03,,,2025-03-26,93500,USD
OFR-002209-V1,OFR-002209,APP-0031716,REQ-2025-00083,1,1,initial,superseded,false,2025-02-23,,,,,,2025-04-07,88000,USD
OFR-002209-V2,OFR-002209,APP-0031716,REQ-2025-00083,1,2,negotiation_revision,accepted,false,2025-02-25,2025-02-27,,,,,2025-04-07,91000,USD
OFR-002209-V3,OFR-002209,APP-0031716,REQ-2025-00083,1,3,letter_reissue,accepted,true,2025-03-01,2025-03-01,,,,,2025-04-07,91000,USD
OFR-002210-V1,OFR-002210,APP-0031717,REQ-2025-00086,1,1,initial,declined,true,2025-02-22,,2025-02-26,,,,2025-03-22,64500,USD
OFR-002211-V1,OFR-002211,APP-0031738,REQ-2024-00892,1,1,initial,accepted,true,2025-03-13,2025-03-21,,,,,2025-04-28,146000,USD
OFR-002212-V1,OFR-002212,APP-0031742,REQ-2024-00999,1,1,initial,superseded,false,2025-03-20,,,,,,2025-04-14,73000,USD
OFR-002212-V2,OFR-002212,APP-0031742,REQ-2024-00999,1,2,negotiation_revision,accepted,true,2025-03-21,2025-03-22,,,,,2025-04-14,76000,USD
OFR-002213-V1,OFR-002213,APP-0031749,REQ-2024-01184,1,1,initial,superseded,false,2025-03-15,,,,,,2025-04-12,69000,USD
OFR-002213-V2,OFR-002213,APP-0031749,REQ-2024-01184,1,2,negotiation_revision,declined,true,2025-03-22,,2025-03-23,,,,2025-04-12,71500,USD
OFR-002214-V1,OFR-002214,APP-0031775,REQ-2025-00063,1,1,initial,declined,true,2025-02-25,,2025-03-03,,,,2025-03-25,113000,USD
OFR-002215-V1,OFR-002215,APP-0031790,REQ-2025-00077,1,1,initial,accepted,true,2025-02-20,2025-02-23,,,,,2025-03-24,63500,USD
OFR-002216-V1,OFR-002216,APP-0031792,REQ-2025-00081,1,1,initial,accepted,true,2025-03-31,2025-04-03,,,,,2025-04-28,84500,USD
OFR-002217-V1,OFR-002217,APP-0031794,REQ-2025-00083,1,1,initial,superseded,false,2025-02-17,,,,,,2025-03-24,82000,USD
OFR-002217-V2,OFR-002217,APP-0031794,REQ-2025-00083,1,2,negotiation_revision,accepted,true,2025-02-18,2025-02-20,,,,,2025-03-24,87500,USD
OFR-002218-V1,OFR-002218,APP-0031842,REQ-2025-00049,1,1,initial,superseded,false,2025-03-29,,,,,,2025-05-05,116500,USD
OFR-002218-V2,OFR-002218,APP-0031842,REQ-2025-00049,1,2,negotiation_revision,accepted,true,2025-04-05,2025-04-06,,,,,2025-05-05,122000,USD
OFR-002219-V1,OFR-002219,APP-0031872,REQ-2025-00077,1,1,initial,accepted,true,2025-02-22,2025-02-24,,,,,2025-03-17,63500,USD
OFR-002220-V1,OFR-002220,APP-0031889,REQ-2025-00098,1,1,initial,withdrawn,true,2025-02-25,,,2025-02-27,,,2025-03-25,81000,USD
OFR-002221-V1,OFR-002221,APP-0031901,REQ-2024-00647,1,1,initial,accepted,false,2025-02-27,2025-03-01,,,,,2025-03-24,61500,USD
OFR-002221-V2,OFR-002221,APP-0031901,REQ-2024-00647,1,2,letter_reissue,accepted,true,2025-03-12,2025-03-12,,,,,2025-03-24,61500,USD
OFR-002222-V1,OFR-002222,APP-0031905,REQ-2024-00847,1,1,initial,superseded,false,2025-03-28,,,,,,2025-05-05,127000,USD
OFR-002222-V2,OFR-002222,APP-0031905,REQ-2024-00847,1,2,negotiation_revision,accepted,true,2025-03-31,2025-04-01,,,,,2025-05-05,132000,USD
OFR-002223-V1,OFR-002223,APP-0031908,REQ-2024-00933,1,1,initial,accepted,false,2025-03-07,2025-03-12,,,,,2025-03-31,69500,USD
OFR-002223-V2,OFR-002223,APP-0031908,REQ-2024-00933,1,2,start_date_revision,accepted,true,2025-03-22,2025-03-22,,,,,2025-04-21,69500,USD
OFR-002224-V1,OFR-002224,APP-0031918,REQ-2024-01103,1,1,initial,superseded,false,2025-03-04,,,,,,2025-03-31,76000,USD
OFR-002224-V2,OFR-002224,APP-0031918,REQ-2024-01103,1,2,negotiation_revision,accepted,true,2025-03-06,2025-03-07,,,,,2025-03-31,80000,USD
OFR-002225-V1,OFR-002225,APP-0031930,REQ-2025-00009,1,1,initial,declined,true,2025-02-28,,2025-03-07,,,,2025-03-28,84000,USD
OFR-002226-V1,OFR-002226,APP-0031934,REQ-2025-00027,1,1,initial,superseded,false,2025-02-28,,,,,,2025-04-14,103500,USD
OFR-002226-V2,OFR-002226,APP-0031934,REQ-2025-00027,1,2,negotiation_revision,accepted,false,2025-03-11,2025-03-12,,,,,2025-04-14,109500,USD
OFR-002226-V3,OFR-002226,APP-0031934,REQ-2025-00027,1,3,start_date_revision,accepted,true,2025-03-27,2025-03-27,,,,,2025-04-28,109500,USD
OFR-002227-V1,OFR-002227,APP-0031999,REQ-2024-01228,1,1,initial,accepted,true,2025-02-21,2025-02-24,,,,,2025-03-24,61500,USD
OFR-002228-V1,OFR-002228,APP-0032042,REQ-2025-00089,1,1,initial,superseded,false,2025-03-05,,,,,,2025-04-02,100500,USD
OFR-002228-V2,OFR-002228,APP-0032042,REQ-2025-00089,1,2,negotiation_revision,withdrawn,true,2025-03-08,,,2025-03-12,,,2025-04-02,107000,USD
OFR-002229-V1,OFR-002229,APP-0032082,REQ-2025-00054,1,1,initial,withdrawn,true,2025-03-07,,,2025-03-10,,,2025-04-04,67500,USD
OFR-002230-V1,OFR-002230,APP-0032085,REQ-2025-00055,1,1,initial,accepted,false,2025-02-27,2025-03-01,,,,,2025-04-07,115000,USD
OFR-002230-V2,OFR-002230,APP-0032085,REQ-2025-00055,1,2,start_date_revision,accepted,true,2025-03-12,2025-03-12,,,,,2025-04-21,115000,USD
OFR-002231-V1,OFR-002231,APP-0032088,REQ-2025-00062,1,1,initial,withdrawn,true,2025-03-12,,,2025-03-14,,,2025-04-09,140000,USD
OFR-002232-V1,OFR-002232,APP-0032104,REQ-2025-00082,1,1,initial,declined,true,2025-03-02,,2025-03-06,,,,2025-03-30,109500,USD
OFR-002233-V1,OFR-002233,APP-0032130,REQ-2025-00112,1,1,initial,accepted,true,2025-02-26,2025-02-27,,,,,2025-03-24,60000,USD
OFR-002234-V1,OFR-002234,APP-0032131,REQ-2025-00114,1,1,initial,declined,true,2025-03-11,,2025-03-15,,,,2025-04-08,82000,USD
OFR-002235-V1,OFR-002235,APP-0032144,REQ-2024-00948,1,1,initial,accepted,true,2025-05-30,2025-06-02,,,,,2025-07-21,177000,USD
OFR-002236-V1,OFR-002236,APP-0032151,REQ-2024-01019,1,1,initial,accepted,false,2025-03-25,2025-03-29,,,,,2025-04-28,111000,USD
OFR-002236-V2,OFR-002236,APP-0032151,REQ-2024-01019,1,2,start_date_revision,accepted,true,2025-04-08,2025-04-08,,,,,2025-05-19,111000,USD
OFR-002237-V1,OFR-002237,APP-0032158,REQ-2024-01113,1,1,initial,accepted,true,2025-03-10,2025-03-15,,,,,2025-05-05,136500,USD
OFR-002238-V1,OFR-002238,APP-0032160,REQ-2024-01129,1,1,initial,accepted,false,2025-03-02,2025-03-06,,,,,2025-03-24,77000,USD
OFR-002238-V2,OFR-002238,APP-0032160,REQ-2024-01129,1,2,start_date_revision,accepted,true,2025-03-11,2025-03-11,,,,,2025-04-14,77000,USD
OFR-002239-V1,OFR-002239,APP-0032169,REQ-2025-00027,1,1,initial,accepted,true,2025-03-01,2025-03-05,,,,,2025-04-07,104000,USD
OFR-002240-V1,OFR-002240,APP-0032171,REQ-2025-00056,1,1,initial,accepted,true,2025-03-05,2025-03-08,,,,,2025-04-07,73000,USD
OFR-002241-V1,OFR-002241,APP-0032194,REQ-2025-00090,1,1,initial,accepted,true,2025-03-02,2025-03-04,,,,,2025-04-21,140500,USD
OFR-002242-V1,OFR-002242,APP-0032200,REQ-2025-00103,1,1,initial,accepted,true,2025-03-01,2025-03-06,,,,,2025-03-31,80000,USD
OFR-002243-V1,OFR-002243,APP-0032219,REQ-2025-00119,1,1,initial,accepted,true,2025-02-24,2025-02-26,,,,,2025-03-10,54000,USD
OFR-002244-V1,OFR-002244,APP-0032220,REQ-2025-00119,1,1,initial,accepted,true,2025-03-02,2025-03-06,,,,,2025-03-24,59500,USD
OFR-002245-V1,OFR-002245,APP-0032224,REQ-2025-00125,1,1,initial,accepted,false,2025-03-02,2025-03-12,,,,,2025-04-14,85000,USD
OFR-002245-V2,OFR-002245,APP-0032224,REQ-2025-00125,1,2,salary_correction,accepted,true,2025-03-27,2025-03-27,,,,,2025-04-14,84900,USD
OFR-002246-V1,OFR-002246,APP-0032242,REQ-2024-01124,1,1,initial,accepted,true,2025-03-24,2025-03-29,,,,,2025-04-21,81500,USD
OFR-002247-V1,OFR-002247,APP-0032244,REQ-2024-01164,1,1,initial,accepted,true,2025-03-25,2025-04-01,,,,,2025-05-12,88000,USD
OFR-002248-V1,OFR-002248,APP-0032279,REQ-2025-00106,1,1,initial,superseded,false,2025-02-28,,,,,,2025-04-07,72000,USD
OFR-002248-V2,OFR-002248,APP-0032279,REQ-2025-00106,1,2,negotiation_revision,reneged,true,2025-03-01,2025-03-02,,,,2025-03-05,2025-04-07,74500,USD
OFR-002249-V1,OFR-002249,APP-0032280,REQ-2025-00106,1,1,initial,accepted,true,2025-02-27,2025-03-01,,,,,2025-03-24,69500,USD
OFR-002250-V1,OFR-002250,APP-0032281,REQ-2025-00109,1,1,initial,accepted,true,2025-03-04,2025-03-06,,,,,2025-03-31,77000,USD
OFR-002251-V1,OFR-002251,APP-0032285,REQ-2025-00113,1,1,initial,accepted,true,2025-02-28,2025-03-07,,,,,2025-04-14,104500,USD
OFR-002252-V1,OFR-002252,APP-0032289,REQ-2025-00117,1,1,initial,declined,true,2025-02-26,,2025-03-03,,,,2025-03-26,92000,USD
OFR-002253-V1,OFR-002253,APP-0032306,REQ-2024-00832,1,1,initial,accepted,true,2025-03-12,2025-03-15,,,,,2025-04-21,85500,USD
OFR-002254-V1,OFR-002254,APP-0032312,REQ-2024-01122,1,1,initial,accepted,false,2025-02-26,2025-03-05,,,,,2025-03-31,58000,USD
OFR-002254-V2,OFR-002254,APP-0032312,REQ-2024-01122,1,2,salary_correction,accepted,true,2025-03-17,2025-03-17,,,,,2025-03-31,58200,USD
OFR-002255-V1,OFR-002255,APP-0032324,REQ-2025-00027,1,1,initial,declined,true,2025-03-09,,2025-03-11,,,,2025-04-06,105500,USD
OFR-002256-V1,OFR-002256,APP-0032355,REQ-2025-00097,1,1,initial,accepted,true,2025-03-25,2025-04-03,,,,,2025-06-09,199500,USD
OFR-002257-V1,OFR-002257,APP-0032373,REQ-2025-00116,1,1,initial,superseded,false,2025-03-05,,,,,,2025-04-02,65000,USD
OFR-002257-V2,OFR-002257,APP-0032373,REQ-2025-00116,1,2,negotiation_revision,declined,true,2025-03-07,,2025-03-08,,,,2025-04-02,67500,USD
OFR-002258-V1,OFR-002258,APP-0032394,REQ-2025-00132,1,1,initial,accepted,true,2025-02-25,2025-02-26,,,,,2025-03-24,51500,USD
OFR-002259-V1,OFR-002259,APP-0032403,REQ-2024-00428,1,1,initial,accepted,true,2025-04-06,2025-04-09,,,,,2025-04-28,88000,USD
OFR-002260-V1,OFR-002260,APP-0032405,REQ-2024-00543,1,1,initial,accepted,true,2025-03-22,2025-03-25,,,,,2025-05-05,139000,USD
OFR-002261-V1,OFR-002261,APP-0032410,REQ-2024-00716,1,1,initial,superseded,false,2025-02-27,,,,,,2025-03-24,51000,USD
OFR-002261-V2,OFR-002261,APP-0032410,REQ-2024-00716,1,2,negotiation_revision,accepted,true,2025-02-28,2025-03-04,,,,,2025-03-24,54500,USD
OFR-002262-V1,OFR-002262,APP-0032420,REQ-2024-01177,1,1,initial,accepted,false,2025-03-12,2025-03-30,,,,,2025-05-19,162500,USD
OFR-002262-V2,OFR-002262,APP-0032420,REQ-2024-01177,1,2,start_date_revision,accepted,true,2025-04-10,2025-04-10,,,,,2025-06-02,162500,USD
OFR-002263-V1,OFR-002263,APP-0032432,REQ-2025-00047,1,1,initial,accepted,true,2025-03-12,2025-03-20,,,,,2025-04-21,92000,USD
OFR-002264-V1,OFR-002264,APP-0032472,REQ-2025-00112,1,1,initial,accepted,true,2025-02-26,2025-02-28,,,,,2025-03-24,61500,USD
OFR-002265-V1,OFR-002265,APP-0032477,REQ-2025-00117,1,1,initial,accepted,true,2025-03-08,2025-03-12,,,,,2025-04-21,95000,USD
OFR-002266-V1,OFR-002266,APP-0032483,REQ-2025-00119,1,1,initial,accepted,true,2025-03-11,2025-03-13,,,,,2025-03-31,56500,USD
OFR-002267-V1,OFR-002267,APP-0032553,REQ-2025-00103,1,1,initial,withdrawn,true,2025-03-15,,,2025-03-19,,,2025-04-12,80500,USD
OFR-002268-V1,OFR-002268,APP-0032558,REQ-2025-00106,1,1,initial,withdrawn,true,2025-03-11,,,2025-03-14,,,2025-04-08,74500,USD
OFR-002269-V1,OFR-002269,APP-0032571,REQ-2025-00117,1,1,initial,accepted,true,2025-03-07,2025-03-11,,,,,2025-04-14,89500,USD
OFR-002270-V1,OFR-002270,APP-0032573,REQ-2025-00119,1,1,initial,declined,true,2025-03-06,,2025-03-08,,,,2025-04-03,62500,USD
OFR-002271-V1,OFR-002271,APP-0032574,REQ-2025-00119,1,1,initial,accepted,false,2025-03-06,2025-03-10,,,,,2025-03-31,58500,USD
OFR-002271-V2,OFR-002271,APP-0032574,REQ-2025-00119,1,2,salary_correction,accepted,true,2025-03-19,2025-03-19,,,,,2025-03-31,58700,USD
OFR-002272-V1,OFR-002272,APP-0032580,REQ-2025-00122,1,1,initial,accepted,false,2025-03-19,2025-03-20,,,,,2025-04-07,100500,USD
OFR-002272-V2,OFR-002272,APP-0032580,REQ-2025-00122,1,2,salary_correction,accepted,true,2025-04-01,2025-04-01,,,,,2025-04-07,101200,USD
OFR-002273-V1,OFR-002273,APP-0032583,REQ-2025-00130,1,1,initial,accepted,true,2025-03-04,2025-03-08,,,,,2025-04-21,106000,USD
OFR-002274-V1,OFR-002274,APP-0032589,REQ-2025-00133,1,1,initial,accepted,true,2025-03-08,2025-03-12,,,,,2025-04-21,105500,USD
OFR-002275-V1,OFR-002275,APP-0032592,REQ-2025-00136,1,1,initial,accepted,false,2025-03-04,2025-03-05,,,,,2025-03-31,83000,USD
OFR-002275-V2,OFR-002275,APP-0032592,REQ-2025-00136,1,2,letter_reissue,accepted,true,2025-03-13,2025-03-13,,,,,2025-03-31,83000,USD
OFR-002276-V1,OFR-002276,APP-0032614,REQ-2024-01234,1,1,initial,superseded,false,2025-03-16,,,,,,2025-04-28,121500,USD
OFR-002276-V2,OFR-002276,APP-0032614,REQ-2024-01234,1,2,negotiation_revision,accepted,true,2025-03-17,2025-03-20,,,,,2025-04-28,130500,USD
OFR-002277-V1,OFR-002277,APP-0032640,REQ-2025-00093,1,1,initial,accepted,true,2025-03-16,2025-03-18,,,,,2025-04-07,77000,USD
OFR-002278-V1,OFR-002278,APP-0032661,REQ-2025-00113,1,1,initial,accepted,false,2025-03-01,2025-03-04,,,,,2025-04-07,112500,USD
OFR-002278-V2,OFR-002278,APP-0032661,REQ-2025-00113,1,2,letter_reissue,accepted,true,2025-03-10,2025-03-10,,,,,2025-04-07,112500,USD
OFR-002279-V1,OFR-002279,APP-0032670,REQ-2025-00120,1,1,initial,accepted,true,2025-03-08,2025-03-10,,,,,2025-04-14,83000,USD
OFR-002280-V1,OFR-002280,APP-0032718,REQ-2024-01224,1,1,initial,superseded,false,2025-03-04,,,,,,2025-03-31,60000,USD
OFR-002280-V2,OFR-002280,APP-0032718,REQ-2024-01224,1,2,negotiation_revision,accepted,true,2025-03-05,2025-03-06,,,,,2025-03-31,62500,USD
OFR-002281-V1,OFR-002281,APP-0032728,REQ-2025-00081,1,1,initial,declined,true,2025-03-13,,2025-03-17,,,,2025-04-10,97500,USD
OFR-002282-V1,OFR-002282,APP-0032737,REQ-2025-00093,1,1,initial,superseded,false,2025-03-07,,,,,,2025-04-04,85000,USD
OFR-002282-V2,OFR-002282,APP-0032737,REQ-2025-00093,1,2,negotiation_revision,declined,true,2025-03-08,,2025-03-09,,,,2025-04-04,88000,USD
OFR-002283-V1,OFR-002283,APP-0032747,REQ-2025-00106,1,1,initial,declined,true,2025-03-18,,2025-03-21,,,,2025-04-15,71500,USD
OFR-002284-V1,OFR-002284,APP-0032757,REQ-2025-00118,1,1,initial,accepted,true,2025-03-10,2025-03-14,,,,,2025-04-21,114500,USD
OFR-002285-V1,OFR-002285,APP-0032762,REQ-2025-00119,1,1,initial,accepted,false,2025-03-03,2025-03-08,,,,,2025-03-31,61500,USD
OFR-002285-V2,OFR-002285,APP-0032762,REQ-2025-00119,1,2,start_date_revision,accepted,true,2025-03-21,2025-03-21,,,,,2025-04-21,61500,USD
OFR-002286-V1,OFR-002286,APP-0032764,REQ-2025-00120,1,1,initial,accepted,true,2025-03-10,2025-03-11,,,,,2025-04-14,73500,USD
OFR-002287-V1,OFR-002287,APP-0032767,REQ-2025-00122,1,1,initial,accepted,true,2025-03-12,2025-03-28,,,,,2025-04-21,95500,USD
OFR-002288-V1,OFR-002288,APP-0032771,REQ-2025-00127,1,1,initial,accepted,true,2025-03-12,2025-03-14,,,,,2025-04-07,52000,USD
OFR-002289-V1,OFR-002289,APP-0032782,REQ-2025-00138,1,1,initial,superseded,false,2025-03-14,,,,,,2025-04-14,57000,USD
OFR-002289-V2,OFR-002289,APP-0032782,REQ-2025-00138,1,2,negotiation_revision,accepted,true,2025-03-15,2025-03-17,,,,,2025-04-14,59000,USD
OFR-002290-V1,OFR-002290,APP-0032784,REQ-2025-00143,1,1,initial,reneged,true,2025-03-13,2025-03-16,,,,2025-03-26,2025-03-31,60000,USD
OFR-002291-V1,OFR-002291,APP-0032798,REQ-2024-00934,1,1,initial,accepted,false,2025-03-08,2025-03-11,,,,,2025-04-07,73500,USD
OFR-002291-V2,OFR-002291,APP-0032798,REQ-2024-00934,1,2,salary_correction,accepted,true,2025-03-15,2025-03-15,,,,,2025-04-07,73200,USD
OFR-002292-V1,OFR-002292,APP-0032809,REQ-2024-01217,1,1,initial,declined,true,2025-03-12,,2025-03-17,,,,2025-04-09,71000,USD
OFR-002293-V1,OFR-002293,APP-0032811,REQ-2024-01245,1,1,initial,superseded,false,2025-04-03,,,,,,2025-05-26,219000,USD
OFR-002293-V2,OFR-002293,APP-0032811,REQ-2024-01245,1,2,negotiation_revision,accepted,true,2025-04-05,2025-04-06,,,,,2025-05-26,235000,USD
OFR-002294-V1,OFR-002294,APP-0032815,REQ-2025-00005,1,1,initial,declined,true,2025-03-11,,2025-03-13,,,,2025-04-08,75500,USD
OFR-002295-V1,OFR-002295,APP-0032825,REQ-2025-00061,1,1,initial,accepted,true,2025-03-06,2025-03-08,,,,,2025-04-07,57500,USD
OFR-002296-V1,OFR-002296,APP-0032845,REQ-2025-00103,1,1,initial,accepted,true,2025-03-09,2025-03-17,,,,,2025-04-21,73000,USD
OFR-002297-V1,OFR-002297,APP-0032862,REQ-2025-00116,1,1,initial,accepted,true,2025-03-06,2025-03-11,,,,,2025-04-07,62000,USD
OFR-002298-V1,OFR-002298,APP-0032867,REQ-2025-00120,1,1,initial,declined,true,2025-03-04,,2025-03-05,,,,2025-04-01,85500,USD
OFR-002299-V1,OFR-002299,APP-0032873,REQ-2025-00129,1,1,initial,declined,true,2025-04-06,,2025-04-11,,,,2025-05-04,83000,USD
OFR-002300-V1,OFR-002300,APP-0032887,REQ-2025-00144,1,1,initial,superseded,false,2025-03-15,,,,,,2025-04-28,147000,USD
OFR-002300-V2,OFR-002300,APP-0032887,REQ-2025-00144,1,2,negotiation_revision,accepted,true,2025-03-16,2025-03-19,,,,,2025-04-28,155000,USD
OFR-002301-V1,OFR-002301,APP-0032908,REQ-2024-01175,1,1,initial,superseded,false,2025-03-08,,,,,,2025-03-31,48500,USD
OFR-002301-V2,OFR-002301,APP-0032908,REQ-2024-01175,1,2,negotiation_revision,accepted,true,2025-03-09,2025-03-10,,,,,2025-03-31,52000,USD
OFR-002302-V1,OFR-002302,APP-0032935,REQ-2025-00101,1,1,initial,declined,true,2025-03-14,,2025-03-16,,,,2025-04-11,131000,USD
OFR-002303-V1,OFR-002303,APP-0032939,REQ-2025-00106,1,1,initial,accepted,true,2025-03-06,2025-03-07,,,,,2025-03-31,71000,USD
OFR-002304-V1,OFR-002304,APP-0032962,REQ-2025-00126,1,1,initial,accepted,true,2025-03-13,2025-03-14,,,,,2025-04-21,143500,USD
OFR-002305-V1,OFR-002305,APP-0032969,REQ-2025-00130,1,1,initial,superseded,false,2025-03-14,,,,,,2025-04-21,109500,USD
OFR-002305-V2,OFR-002305,APP-0032969,REQ-2025-00130,1,2,negotiation_revision,accepted,true,2025-03-15,2025-03-17,,,,,2025-04-21,116500,USD
OFR-002306-V1,OFR-002306,APP-0032986,REQ-2025-00146,1,1,initial,accepted,true,2025-03-17,2025-03-19,,,,,2025-04-14,75500,USD
OFR-002307-V1,OFR-002307,APP-0032993,REQ-2024-00119,1,1,initial,accepted,false,2025-03-10,2025-03-13,,,,,2025-04-07,79500,USD
OFR-002307-V2,OFR-002307,APP-0032993,REQ-2024-00119,1,2,salary_correction,accepted,true,2025-03-26,2025-03-26,,,,,2025-04-07,79700,USD
OFR-002308-V1,OFR-002308,APP-0033005,REQ-2024-01191,1,1,initial,accepted,false,2025-04-08,2025-04-12,,,,,2025-06-16,206000,USD
OFR-002308-V2,OFR-002308,APP-0033005,REQ-2024-01191,1,2,start_date_revision,reneged,true,2025-04-17,2025-04-17,,,,2025-06-07,2025-06-26,206000,USD
OFR-002309-V1,OFR-002309,APP-0033006,REQ-2024-01192,1,1,initial,accepted,true,2025-03-22,2025-03-27,,,,,2025-05-05,142500,USD
OFR-002310-V1,OFR-002310,APP-0033036,REQ-2025-00113,1,1,initial,superseded,false,2025-03-05,,,,,,2025-04-02,109500,USD
OFR-002310-V2,OFR-002310,APP-0033036,REQ-2025-00113,1,2,negotiation_revision,withdrawn,true,2025-03-07,,,2025-03-08,,,2025-04-02,114000,USD
OFR-002311-V1,OFR-002311,APP-0033038,REQ-2025-00114,1,1,initial,reneged,true,2025-03-15,2025-03-16,,,,2025-03-21,2025-04-14,75500,USD
OFR-002312-V1,OFR-002312,APP-0033053,REQ-2025-00127,1,1,initial,withdrawn,true,2025-03-14,,,2025-03-16,,,2025-04-11,53500,USD
OFR-002313-V1,OFR-002313,APP-0033075,REQ-2024-00214,1,1,initial,superseded,false,2025-04-01,,,,,,2025-04-29,136000,USD
OFR-002313-V2,OFR-002313,APP-0033075,REQ-2024-00214,1,2,negotiation_revision,withdrawn,true,2025-04-02,,,2025-04-03,,,2025-04-29,143500,USD
OFR-002314-V1,OFR-002314,APP-0033081,REQ-2024-00951,1,1,initial,accepted,false,2025-03-28,2025-04-10,,,,,2025-05-12,106000,USD
OFR-002314-V2,OFR-002314,APP-0033081,REQ-2024-00951,1,2,letter_reissue,accepted,true,2025-04-18,2025-04-18,,,,,2025-05-12,106000,USD
OFR-002315-V1,OFR-002315,APP-0033115,REQ-2025-00106,1,1,initial,accepted,false,2025-03-05,2025-03-06,,,,,2025-04-07,75000,USD
OFR-002315-V2,OFR-002315,APP-0033115,REQ-2025-00106,1,2,start_date_revision,accepted,true,2025-03-12,2025-03-12,,,,,2025-04-21,75000,USD
OFR-002316-V1,OFR-002316,APP-0033139,REQ-2025-00140,1,1,initial,superseded,false,2025-03-26,,,,,,2025-05-19,141000,USD
OFR-002316-V2,OFR-002316,APP-0033139,REQ-2025-00140,1,2,negotiation_revision,accepted,false,2025-04-13,2025-04-16,,,,,2025-05-19,150500,USD
OFR-002316-V3,OFR-002316,APP-0033139,REQ-2025-00140,1,3,start_date_revision,accepted,true,2025-04-25,2025-04-25,,,,,2025-06-09,150500,USD
OFR-002317-V1,OFR-002317,APP-0033159,REQ-2025-00162,1,1,initial,accepted,true,2025-03-23,2025-03-25,,,,,2025-05-05,148500,USD
OFR-002318-V1,OFR-002318,APP-0033176,REQ-2024-01211,1,1,initial,accepted,true,2025-03-31,2025-04-03,,,,,2025-05-05,106000,USD
OFR-002319-V1,OFR-002319,APP-0033184,REQ-2025-00041,1,1,initial,superseded,false,2025-04-04,,,,,,2025-05-12,75500,USD
OFR-002319-V2,OFR-002319,APP-0033184,REQ-2025-00041,1,2,negotiation_revision,accepted,true,2025-04-10,2025-04-16,,,,,2025-05-12,81000,USD
OFR-002320-V1,OFR-002320,APP-0033196,REQ-2025-00106,1,1,initial,withdrawn,true,2025-03-15,,,2025-03-17,,,2025-04-12,77000,USD
OFR-002321-V1,OFR-002321,APP-0033207,REQ-2025-00117,1,1,initial,accepted,false,2025-03-10,2025-03-11,,,,,2025-04-14,92000,USD
OFR-002321-V2,OFR-002321,APP-0033207,REQ-2025-00117,1,2,letter_reissue,reneged,true,2025-03-18,2025-03-18,,,,2025-04-01,2025-04-14,92000,USD
OFR-002322-V1,OFR-002322,APP-0033226,REQ-2025-00131,1,1,initial,accepted,true,2025-03-13,2025-03-19,,,,,2025-04-14,81000,USD
OFR-002323-V1,OFR-002323,APP-0033227,REQ-2025-00131,1,1,initial,accepted,true,2025-03-12,2025-03-16,,,,,2025-04-14,81500,USD
OFR-002324-V1,OFR-002324,APP-0033237,REQ-2025-00146,1,1,initial,declined,true,2025-03-12,,2025-03-16,,,,2025-04-09,75500,USD
OFR-002325-V1,OFR-002325,APP-0033239,REQ-2025-00146,1,1,initial,superseded,false,2025-03-08,,,,,,2025-04-07,73000,USD
OFR-002325-V2,OFR-002325,APP-0033239,REQ-2025-00146,1,2,negotiation_revision,accepted,true,2025-03-11,2025-03-12,,,,,2025-04-07,78500,USD
OFR-002326-V1,OFR-002326,APP-0033248,REQ-2025-00155,1,1,initial,accepted,true,2025-03-11,2025-03-14,,,,,2025-04-14,59500,USD
OFR-002327-V1,OFR-002327,APP-0033261,REQ-2025-00173,1,1,initial,accepted,true,2025-03-28,2025-04-01,,,,,2025-04-28,76000,USD
OFR-002328-V1,OFR-002328,APP-0033265,REQ-2024-00515,1,1,initial,declined,true,2025-03-22,,2025-03-25,,,,2025-04-19,70500,USD
OFR-002329-V1,OFR-002329,APP-0033270,REQ-2024-00958,1,1,initial,accepted,true,2025-03-27,2025-03-31,,,,,2025-04-28,115500,USD
OFR-002330-V1,OFR-002330,APP-0033273,REQ-2024-00995,1,1,initial,accepted,true,2025-03-08,2025-03-10,,,,,2025-04-14,90000,USD
OFR-002331-V1,OFR-002331,APP-0033275,REQ-2024-01062,1,1,initial,superseded,false,2025-03-21,,,,,,2025-04-21,79500,USD
OFR-002331-V2,OFR-002331,APP-0033275,REQ-2024-01062,1,2,negotiation_revision,accepted,true,2025-03-22,2025-03-24,,,,,2025-04-21,83500,USD
OFR-002332-V1,OFR-002332,APP-0033285,REQ-2024-01211,1,1,initial,declined,true,2025-03-22,,2025-03-25,,,,2025-04-19,98000,USD
OFR-002333-V1,OFR-002333,APP-0033310,REQ-2025-00119,1,1,initial,accepted,true,2025-03-11,2025-03-12,,,,,2025-03-24,61500,USD
OFR-002334-V1,OFR-002334,APP-0033311,REQ-2025-00119,1,1,initial,accepted,true,2025-03-15,2025-03-16,,,,,2025-04-07,57000,USD
OFR-002335-V1,OFR-002335,APP-0033318,REQ-2025-00127,1,1,initial,accepted,true,2025-03-07,2025-03-09,,,,,2025-03-31,57000,USD
OFR-002336-V1,OFR-002336,APP-0033340,REQ-2025-00154,1,1,initial,declined,true,2025-03-15,,2025-03-17,,,,2025-04-12,74000,USD
OFR-002337-V1,OFR-002337,APP-0033349,REQ-2025-00167,1,1,initial,rescinded,true,2025-03-24,2025-03-27,,,2025-04-12,,2025-04-14,78000,USD
OFR-002338-V1,OFR-002338,APP-0033382,REQ-2024-01233,1,1,initial,accepted,true,2025-03-17,2025-03-31,,,,,2025-05-12,112000,USD
OFR-002339-V1,OFR-002339,APP-0033397,REQ-2025-00106,1,1,initial,accepted,true,2025-03-13,2025-03-15,,,,,2025-04-07,75500,USD
OFR-002340-V1,OFR-002340,APP-0033398,REQ-2025-00108,1,1,initial,accepted,false,2025-03-11,2025-03-13,,,,,2025-04-14,60000,USD
OFR-002340-V2,OFR-002340,APP-0033398,REQ-2025-00108,1,2,letter_reissue,accepted,true,2025-03-28,2025-03-28,,,,,2025-04-14,60000,USD
OFR-002341-V1,OFR-002341,APP-0033436,REQ-2025-00142,1,1,initial,accepted,true,2025-03-23,2025-03-27,,,,,2025-04-21,72500,USD
OFR-002342-V1,OFR-002342,APP-0033438,REQ-2025-00143,1,1,initial,withdrawn,true,2025-03-21,,,2025-03-23,,,2025-04-18,63500,USD
OFR-002343-V1,OFR-002343,APP-0033451,REQ-2025-00160,1,1,initial,declined,true,2025-03-16,,2025-03-18,,,,2025-04-13,70500,USD
OFR-002344-V1,OFR-002344,APP-0033459,REQ-2025-00170,1,1,initial,accepted,true,2025-03-17,2025-03-26,,,,,2025-05-05,101500,USD
OFR-002345-V1,OFR-002345,APP-0033509,REQ-2025-00114,1,1,initial,declined,true,2025-03-18,,2025-03-21,,,,2025-04-15,78500,USD
OFR-002346-V1,OFR-002346,APP-0033521,REQ-2025-00127,1,1,initial,withdrawn,true,2025-03-10,,,2025-03-18,,,2025-04-07,57000,USD
OFR-002347-V1,OFR-002347,APP-0033538,REQ-2025-00146,1,1,initial,withdrawn,true,2025-03-18,,,2025-03-19,,,2025-04-15,76500,USD
OFR-002348-V1,OFR-002348,APP-0033547,REQ-2025-00153,1,1,initial,accepted,true,2025-03-13,2025-03-21,,,,,2025-04-21,63000,USD
OFR-002349-V1,OFR-002349,APP-0033555,REQ-2025-00161,1,1,initial,superseded,false,2025-03-16,,,,,,2025-04-21,68000,USD
OFR-002349-V2,OFR-002349,APP-0033555,REQ-2025-00161,1,2,negotiation_revision,accepted,false,2025-03-17,2025-03-19,,,,,2025-04-21,73500,USD
OFR-002349-V3,OFR-002349,APP-0033555,REQ-2025-00161,1,3,letter_reissue,accepted,true,2025-03-29,2025-03-29,,,,,2025-04-21,73500,USD
OFR-002350-V1,OFR-002350,APP-0033560,REQ-2025-00173,1,1,initial,accepted,true,2025-03-26,2025-03-29,,,,,2025-04-28,68000,USD
OFR-002351-V1,OFR-002351,APP-0033572,REQ-2024-00839,1,1,initial,accepted,true,2025-04-11,2025-04-18,,,,,2025-05-19,134000,USD
OFR-002352-V1,OFR-002352,APP-0033582,REQ-2024-01142,1,1,initial,declined,true,2025-04-13,,2025-04-22,,,,2025-05-11,205500,USD
OFR-002353-V1,OFR-002353,APP-0033611,REQ-2025-00124,1,1,initial,withdrawn,true,2025-04-09,,,2025-04-17,,,2025-05-07,134000,USD
OFR-002354-V1,OFR-002354,APP-0033620,REQ-2025-00131,1,1,initial,accepted,true,2025-03-25,2025-03-26,,,,,2025-04-21,73000,USD
OFR-002355-V1,OFR-002355,APP-0033635,REQ-2025-00154,1,1,initial,accepted,true,2025-03-16,2025-03-17,,,,,2025-04-14,79000,USD
OFR-002356-V1,OFR-002356,APP-0033640,REQ-2025-00160,1,1,initial,accepted,true,2025-03-27,2025-03-29,,,,,2025-04-28,68500,USD
OFR-002357-V1,OFR-002357,APP-0033660,REQ-2025-00178,1,1,initial,reneged,true,2025-03-21,2025-03-24,,,,2025-04-25,2025-04-28,104000,USD
OFR-002358-V1,OFR-002358,APP-0033703,REQ-2025-00118,1,1,initial,declined,true,2025-03-20,,2025-03-22,,,,2025-04-17,111500,USD
OFR-002359-V1,OFR-002359,APP-0033706,REQ-2025-00125,1,1,initial,accepted,true,2025-03-11,2025-03-14,,,,,2025-04-07,85500,USD
OFR-002360-V1,OFR-002360,APP-0033717,REQ-2025-00131,1,1,initial,accepted,true,2025-03-16,2025-03-22,,,,,2025-04-21,74000,USD
OFR-002361-V1,OFR-002361,APP-0033731,REQ-2025-00152,1,1,initial,superseded,false,2025-03-17,,,,,,2025-05-05,115000,USD
OFR-002361-V2,OFR-002361,APP-0033731,REQ-2025-00152,1,2,negotiation_revision,accepted,true,2025-03-20,2025-03-25,,,,,2025-05-05,119500,USD
OFR-002362-V1,OFR-002362,APP-0033735,REQ-2025-00153,1,1,initial,accepted,true,2025-03-19,2025-03-20,,,,,2025-04-21,68000,USD
OFR-002363-V1,OFR-002363,APP-0033736,REQ-2025-00153,1,1,initial,superseded,false,2025-03-14,,,,,,2025-04-14,61000,USD
OFR-002363-V2,OFR-002363,APP-0033736,REQ-2025-00153,1,2,negotiation_revision,accepted,true,2025-03-15,2025-03-16,,,,,2025-04-14,63500,USD
OFR-002364-V1,OFR-002364,APP-0033753,REQ-2025-00179,1,1,initial,accepted,true,2025-03-17,2025-03-24,,,,,2025-04-28,67500,USD
OFR-002365-V1,OFR-002365,APP-0033779,REQ-2025-00016,1,1,initial,accepted,true,2025-04-24,2025-05-02,,,,,2025-05-26,97000,USD
OFR-002366-V1,OFR-002366,APP-0033794,REQ-2025-00119,1,1,initial,withdrawn,true,2025-03-16,,,2025-03-18,,,2025-04-13,62500,USD
OFR-002367-V1,OFR-002367,APP-0033813,REQ-2025-00146,1,1,initial,accepted,true,2025-03-14,2025-03-17,,,,,2025-04-14,81500,USD
OFR-002368-V1,OFR-002368,APP-0033816,REQ-2025-00151,1,1,initial,accepted,true,2025-03-21,2025-03-24,,,,,2025-04-21,72000,USD
OFR-002369-V1,OFR-002369,APP-0033831,REQ-2025-00174,1,1,initial,declined,true,2025-03-22,,2025-03-24,,,,2025-04-19,104500,USD
OFR-002370-V1,OFR-002370,APP-0033835,REQ-2025-00178,1,1,initial,declined,true,2025-03-21,,2025-03-22,,,,2025-04-18,100000,USD
OFR-002371-V1,OFR-002371,APP-0033843,REQ-2025-00183,1,1,initial,declined,true,2025-03-20,,2025-03-21,,,,2025-04-17,74500,USD
OFR-002372-V1,OFR-002372,APP-0033851,REQ-2025-00194,1,1,initial,declined,true,2025-03-16,,2025-03-19,,,,2025-04-13,60000,USD
OFR-002373-V1,OFR-002373,APP-0033862,REQ-2024-00843,1,1,initial,superseded,false,2025-04-12,,,,,,2025-05-26,181500,USD
OFR-002373-V2,OFR-002373,APP-0033862,REQ-2024-00843,1,2,negotiation_revision,accepted,true,2025-04-16,2025-04-17,,,,,2025-05-26,188500,USD
OFR-002374-V1,OFR-002374,APP-0033905,REQ-2025-00129,1,1,initial,superseded,false,2025-04-04,,,,,,2025-05-02,81000,USD
OFR-002374-V2,OFR-002374,APP-0033905,REQ-2025-00129,1,2,negotiation_revision,declined,true,2025-04-06,,2025-04-15,,,,2025-05-02,85000,USD
OFR-002375-V1,OFR-002375,APP-0033917,REQ-2025-00151,1,1,initial,withdrawn,true,2025-03-24,,,2025-03-25,,,2025-04-21,72500,USD
OFR-002376-V1,OFR-002376,APP-0033926,REQ-2025-00168,1,1,initial,superseded,false,2025-03-25,,,,,,2025-04-22,96500,USD
OFR-002376-V2,OFR-002376,APP-0033926,REQ-2025-00168,1,2,negotiation_revision,declined,true,2025-03-27,,2025-03-28,,,,2025-04-22,100500,USD
OFR-002377-V1,OFR-002377,APP-0033941,REQ-2025-00183,1,1,initial,superseded,false,2025-03-24,,,,,,2025-04-28,79000,USD
OFR-002377-V2,OFR-002377,APP-0033941,REQ-2025-00183,1,2,negotiation_revision,rescinded,true,2025-03-26,2025-03-28,,,2025-04-11,,2025-04-28,84500,USD
OFR-002378-V1,OFR-002378,APP-0034002,REQ-2025-00141,1,1,initial,accepted,true,2025-03-24,2025-03-27,,,,,2025-04-21,77000,USD
OFR-002379-V1,OFR-002379,APP-0034003,REQ-2025-00142,1,1,initial,accepted,true,2025-03-14,2025-03-17,,,,,2025-04-14,72000,USD
OFR-002380-V1,OFR-002380,APP-0034018,REQ-2025-00163,1,1,initial,accepted,true,2025-03-30,2025-04-03,,,,,2025-05-05,141500,USD
OFR-002381-V1,OFR-002381,APP-0034020,REQ-2025-00164,1,1,initial,accepted,true,2025-03-17,2025-03-19,,,,,2025-04-14,83000,USD
OFR-002382-V1,OFR-002382,APP-0034026,REQ-2025-00178,1,1,initial,superseded,false,2025-03-26,,,,,,2025-04-23,91000,USD
OFR-002382-V2,OFR-002382,APP-0034026,REQ-2025-00178,1,2,negotiation_revision,declined,true,2025-03-27,,2025-03-28,,,,2025-04-23,97500,USD
OFR-002383-V1,OFR-002383,APP-0034030,REQ-2025-00183,1,1,initial,declined,true,2025-03-24,,2025-03-27,,,,2025-04-21,83500,USD
OFR-002384-V1,OFR-002384,APP-0034045,REQ-2024-00001,1,1,initial,declined,true,2025-04-04,,2025-04-15,,,,2025-05-02,121000,USD
OFR-002385-V1,OFR-002385,APP-0034102,REQ-2025-00143,1,1,initial,superseded,false,2025-03-16,,,,,,2025-04-14,57000,USD
OFR-002385-V2,OFR-002385,APP-0034102,REQ-2025-00143,1,2,negotiation_revision,accepted,true,2025-03-17,2025-03-22,,,,,2025-04-14,58500,USD
OFR-002386-V1,OFR-002386,APP-0034126,REQ-2025-00178,1,1,initial,withdrawn,true,2025-03-25,,,2025-04-03,,,2025-04-22,96000,USD
OFR-002387-V1,OFR-002387,APP-0034143,REQ-2025-00194,1,1,initial,accepted,true,2025-03-27,2025-03-30,,,,,2025-04-21,54500,USD
OFR-002388-V1,OFR-002388,APP-0034160,REQ-2024-01223,1,1,initial,declined,true,2025-04-03,,2025-04-09,,,,2025-05-01,126500,USD
OFR-002389-V1,OFR-002389,APP-0034181,REQ-2025-00131,1,1,initial,accepted,false,2025-03-23,2025-03-25,,,,,2025-04-21,78000,USD
OFR-002389-V2,OFR-002389,APP-0034181,REQ-2025-00131,1,2,start_date_revision,accepted,true,2025-03-30,2025-03-30,,,,,2025-05-05,78000,USD
OFR-002390-V1,OFR-002390,APP-0034200,REQ-2025-00154,1,1,initial,superseded,false,2025-03-14,,,,,,2025-04-14,81500,USD
OFR-002390-V2,OFR-002390,APP-0034200,REQ-2025-00154,1,2,negotiation_revision,accepted,false,2025-03-18,2025-03-21,,,,,2025-04-14,84000,USD
OFR-002390-V3,OFR-002390,APP-0034200,REQ-2025-00154,1,3,start_date_revision,accepted,true,2025-03-27,2025-03-27,,,,,2025-05-05,84000,USD
OFR-002391-V1,OFR-002391,APP-0034202,REQ-2025-00159,1,1,initial,accepted,true,2025-03-25,2025-04-05,,,,,2025-05-19,168500,USD
OFR-002392-V1,OFR-002392,APP-0034219,REQ-2025-00183,1,1,initial,rescinded,true,2025-03-22,2025-03-26,,,2025-04-11,,2025-04-21,81000,USD
OFR-002393-V1,OFR-002393,APP-0034220,REQ-2025-00183,1,1,initial,rescinded,true,2025-03-19,2025-03-21,,,2025-04-11,,2025-04-21,75000,USD
OFR-002394-V1,OFR-002394,APP-0034224,REQ-2025-00187,1,1,initial,rescinded,true,2025-03-23,2025-03-25,,,2025-04-16,,2025-04-28,125000,USD
OFR-002395-V1,OFR-002395,APP-0034250,REQ-2024-01129,1,1,initial,withdrawn,true,2025-04-01,,,2025-04-04,,,2025-04-29,84500,USD
OFR-002396-V1,OFR-002396,APP-0034319,REQ-2025-00207,1,1,initial,accepted,true,2025-03-20,2025-03-22,,,,,2025-04-28,67000,USD
OFR-002397-V1,OFR-002397,APP-0034322,REQ-2024-00287,1,1,initial,accepted,false,2025-04-16,2025-04-20,,,,,2025-06-02,103500,USD
OFR-002397-V2,OFR-002397,APP-0034322,REQ-2024-00287,1,2,salary_correction,accepted,true,2025-04-26,2025-04-26,,,,,2025-06-02,102800,USD
OFR-002398-V1,OFR-002398,APP-0034385,REQ-2025-00156,1,1,initial,accepted,true,2025-03-31,2025-04-01,,,,,2025-05-19,153500,USD
OFR-002399-V1,OFR-002399,APP-0034396,REQ-2025-00174,1,1,initial,accepted,true,2025-04-14,2025-04-23,,,,,2025-06-02,97500,USD
OFR-002400-V1,OFR-002400,APP-0034400,REQ-2025-00178,1,1,initial,superseded,false,2025-03-30,,,,,,2025-05-12,94000,USD
OFR-002400-V2,OFR-002400,APP-0034400,REQ-2025-00178,1,2,negotiation_revision,accepted,true,2025-03-31,2025-04-01,,,,,2025-05-12,97500,USD
OFR-002401-V1,OFR-002401,APP-0034405,REQ-2025-00183,1,1,initial,declined,true,2025-03-26,,2025-03-28,,,,2025-04-23,82500,USD
OFR-002402-V1,OFR-002402,APP-0034409,REQ-2025-00184,1,1,initial,accepted,true,2025-03-27,2025-04-06,,,,,2025-05-12,82000,USD
OFR-002403-V1,OFR-002403,APP-0034478,REQ-2025-00166,1,1,initial,accepted,true,2025-03-30,2025-03-31,,,,,2025-05-05,87500,USD
OFR-002404-V1,OFR-002404,APP-0034495,REQ-2025-00183,1,1,initial,accepted,false,2025-03-20,2025-03-24,,,,,2025-04-21,81000,USD
OFR-002404-V2,OFR-002404,APP-0034495,REQ-2025-00183,1,2,salary_correction,rescinded,true,2025-04-06,2025-04-06,,,2025-04-11,,2025-04-21,80800,USD
OFR-002405-V1,OFR-002405,APP-0034503,REQ-2025-00194,1,1,initial,reneged,true,2025-03-22,2025-03-24,,,,2025-04-04,2025-04-07,57000,USD
OFR-002406-V1,OFR-002406,APP-0034511,REQ-2024-00214,1,1,initial,accepted,true,2025-03-30,2025-04-02,,,,,2025-05-12,142500,USD
OFR-002407-V1,OFR-002407,APP-0034514,REQ-2024-00807,1,1,initial,accepted,true,2025-04-20,2025-04-24,,,,,2025-06-30,226500,USD
OFR-002408-V1,OFR-002408,APP-0034521,REQ-2024-01019,1,1,initial,declined,true,2025-03-26,,2025-03-30,,,,2025-04-23,111000,USD
OFR-002409-V1,OFR-002409,APP-0034530,REQ-2024-01190,1,1,initial,accepted,true,2025-04-15,2025-04-16,,,,,2025-05-12,67500,USD
OFR-002410-V1,OFR-002410,APP-0034535,REQ-2025-00044,1,1,initial,accepted,true,2025-03-25,2025-03-27,,,,,2025-04-21,77500,USD
OFR-002411-V1,OFR-002411,APP-0034542,REQ-2025-00115,1,1,initial,declined,true,2025-03-27,,2025-04-02,,,,2025-04-24,82000,USD
OFR-002412-V1,OFR-002412,APP-0034566,REQ-2025-00176,1,1,initial,accepted,true,2025-03-28,2025-04-03,,,,,2025-05-05,108000,USD
OFR-002413-V1,OFR-002413,APP-0034570,REQ-2025-00178,1,1,initial,accepted,true,2025-03-26,2025-03-28,,,,,2025-04-28,92000,USD
OFR-002414-V1,OFR-002414,APP-0034576,REQ-2025-00183,1,1,initial,rescinded,true,2025-03-23,2025-03-27,,,2025-04-11,,2025-04-28,85000,USD
OFR-002415-V1,OFR-002415,APP-0034621,REQ-2024-01201,1,1,initial,accepted,false,2025-04-14,2025-04-17,,,,,2025-05-19,94000,USD
OFR-002415-V2,OFR-002415,APP-0034621,REQ-2024-01201,1,2,start_date_revision,accepted,true,2025-05-02,2025-05-02,,,,,2025-06-09,94000,USD
OFR-002416-V1,OFR-002416,APP-0034626,REQ-2025-00022,1,1,initial,superseded,false,2025-03-30,,,,,,2025-05-05,95500,USD
OFR-002416-V2,OFR-002416,APP-0034626,REQ-2025-00022,1,2,negotiation_revision,accepted,true,2025-03-31,2025-04-02,,,,,2025-05-05,103000,USD
OFR-002417-V1,OFR-002417,APP-0034630,REQ-2025-00071,1,1,initial,accepted,false,2025-03-21,2025-03-24,,,,,2025-04-14,48500,USD
OFR-002417-V2,OFR-002417,APP-0034630,REQ-2025-00071,1,2,letter_reissue,accepted,true,2025-04-03,2025-04-03,,,,,2025-04-14,48500,USD
OFR-002418-V1,OFR-002418,APP-0034633,REQ-2025-00095,1,1,initial,accepted,true,2025-03-25,2025-03-27,,,,,2025-05-05,112500,USD
OFR-002419-V1,OFR-002419,APP-0034668,REQ-2025-00178,1,1,initial,withdrawn,true,2025-03-29,,,2025-04-04,,,2025-04-26,88000,USD
OFR-002420-V1,OFR-002420,APP-0034669,REQ-2025-00178,1,1,initial,accepted,true,2025-03-29,2025-04-01,,,,,2025-05-05,93000,USD
OFR-002421-V1,OFR-002421,APP-0034686,REQ-2025-00194,1,1,initial,accepted,true,2025-03-20,2025-03-22,,,,,2025-04-07,55500,USD
OFR-002422-V1,OFR-002422,APP-0034701,REQ-2025-00216,1,1,initial,accepted,true,2025-04-01,2025-04-04,,,,,2025-05-12,94000,USD
OFR-002423-V1,OFR-002423,APP-0034707,REQ-2024-00536,1,1,initial,accepted,true,2025-04-21,2025-04-24,,,,,2025-05-19,76000,USD
OFR-002424-V1,OFR-002424,APP-0034726,REQ-2025-00063,1,1,initial,accepted,true,2025-03-31,2025-04-03,,,,,2025-05-12,109500,USD
OFR-002425-V1,OFR-002425,APP-0034748,REQ-2025-00169,1,1,initial,declined,true,2025-04-30,,2025-05-03,,,,2025-05-28,68500,USD
OFR-002426-V1,OFR-002426,APP-0034760,REQ-2025-00188,1,1,initial,superseded,false,2025-03-29,,,,,,2025-04-21,61000,USD
OFR-002426-V2,OFR-002426,APP-0034760,REQ-2025-00188,1,2,negotiation_revision,accepted,true,2025-04-03,2025-04-04,,,,,2025-04-21,64500,USD
OFR-002427-V1,OFR-002427,APP-0034762,REQ-2025-00194,1,1,initial,reneged,true,2025-04-02,2025-04-06,,,,2025-04-11,2025-04-28,61000,USD
OFR-002428-V1,OFR-002428,APP-0034767,REQ-2025-00201,1,1,initial,accepted,true,2025-04-12,2025-04-13,,,,,2025-05-12,75000,USD
OFR-002429-V1,OFR-002429,APP-0034800,REQ-2025-00059,1,1,initial,accepted,false,2025-04-16,2025-04-26,,,,,2025-06-16,151500,USD
OFR-002429-V2,OFR-002429,APP-0034800,REQ-2025-00059,1,2,letter_reissue,accepted,true,2025-04-30,2025-04-30,,,,,2025-06-16,151500,USD
OFR-002430-V1,OFR-002430,APP-0034810,REQ-2025-00124,1,1,initial,accepted,true,2025-04-10,2025-04-12,,,,,2025-05-26,142500,USD
OFR-002431-V1,OFR-002431,APP-0034818,REQ-2025-00150,1,1,initial,accepted,true,2025-03-28,2025-03-29,,,,,2025-04-21,75000,USD
OFR-002432-V1,OFR-002432,APP-0034839,REQ-2025-00180,1,1,initial,accepted,true,2025-04-09,2025-04-10,,,,,2025-05-05,55000,USD
OFR-002433-V1,OFR-002433,APP-0034854,REQ-2025-00194,1,1,initial,accepted,true,2025-03-22,2025-03-26,,,,,2025-04-21,63500,USD
OFR-002434-V1,OFR-002434,APP-0034863,REQ-2025-00207,1,1,initial,accepted,true,2025-03-30,2025-04-02,,,,,2025-04-28,65000,USD
OFR-002435-V1,OFR-002435,APP-0034871,REQ-2025-00217,1,1,initial,superseded,false,2025-04-15,,,,,,2025-05-05,56000,USD
OFR-002435-V2,OFR-002435,APP-0034871,REQ-2025-00217,1,2,negotiation_revision,accepted,true,2025-04-16,2025-04-17,,,,,2025-05-05,60000,USD
OFR-002436-V1,OFR-002436,APP-0034874,REQ-2025-00218,1,1,initial,accepted,true,2025-03-24,2025-03-29,,,,,2025-04-21,59500,USD
OFR-002437-V1,OFR-002437,APP-0034875,REQ-2025-00219,1,1,initial,declined,true,2025-04-07,,2025-04-09,,,,2025-05-05,71000,USD
OFR-002438-V1,OFR-002438,APP-0034902,REQ-2025-00029,1,1,initial,superseded,false,2025-04-06,,,,,,2025-05-19,128000,USD
OFR-002438-V2,OFR-002438,APP-0034902,REQ-2025-00029,1,2,negotiation_revision,accepted,true,2025-04-08,2025-04-09,,,,,2025-05-19,138000,USD
OFR-002439-V1,OFR-002439,APP-0034905,REQ-2025-00082,1,1,initial,reneged,true,2025-04-06,2025-04-09,,,,2025-05-04,2025-05-19,98500,USD
OFR-002440-V1,OFR-002440,APP-0034910,REQ-2025-00118,1,1,initial,accepted,false,2025-03-27,2025-03-31,,,,,2025-05-12,99500,USD
OFR-002440-V2,OFR-002440,APP-0034910,REQ-2025-00118,1,2,start_date_revision,accepted,true,2025-04-05,2025-04-05,,,,,2025-05-26,99500,USD
OFR-002441-V1,OFR-002441,APP-0034962,REQ-2025-00217,1,1,initial,declined,true,2025-03-30,,2025-04-02,,,,2025-04-27,59500,USD
OFR-002442-V1,OFR-002442,APP-0034964,REQ-2025-00220,1,1,initial,accepted,true,2025-04-13,2025-04-18,,,,,2025-05-05,59000,USD
OFR-002443-V1,OFR-002443,APP-0034977,REQ-2024-01114,1,1,initial,superseded,false,2025-03-31,,,,,,2025-05-26,164000,USD
OFR-002443-V2,OFR-002443,APP-0034977,REQ-2024-01114,1,2,negotiation_revision,accepted,false,2025-04-01,2025-04-03,,,,,2025-05-26,172500,USD
OFR-002443-V3,OFR-002443,APP-0034977,REQ-2024-01114,1,3,start_date_revision,accepted,true,2025-04-14,2025-04-14,,,,,2025-06-16,172500,USD
OFR-002444-V1,OFR-002444,APP-0034978,REQ-2024-01129,1,1,initial,accepted,true,2025-03-31,2025-04-01,,,,,2025-04-28,81500,USD
OFR-002445-V1,OFR-002445,APP-0035010,REQ-2025-00168,1,1,initial,reneged,true,2025-03-28,2025-03-30,,,,2025-04-01,2025-05-12,87500,USD
OFR-002446-V1,OFR-002446,APP-0035012,REQ-2025-00170,1,1,initial,declined,true,2025-04-07,,2025-04-17,,,,2025-05-05,114500,USD
OFR-002447-V1,OFR-002447,APP-0035032,REQ-2025-00191,1,1,initial,superseded,false,2025-03-25,,,,,,2025-04-21,67000,USD
OFR-002447-V2,OFR-002447,APP-0035032,REQ-2025-00191,1,2,negotiation_revision,accepted,true,2025-03-27,2025-03-29,,,,,2025-04-21,71500,USD
OFR-002448-V1,OFR-002448,APP-0035050,REQ-2025-00216,1,1,initial,declined,true,2025-04-03,,2025-04-04,,,,2025-05-01,94000,USD
OFR-002449-V1,OFR-002449,APP-0035052,REQ-2025-00216,1,1,initial,withdrawn,true,2025-03-30,,,2025-04-01,,,2025-04-27,91000,USD
OFR-002450-V1,OFR-002450,APP-0035054,REQ-2025-00218,1,1,initial,declined,true,2025-03-27,,2025-03-29,,,,2025-04-24,62500,USD
OFR-002451-V1,OFR-002451,APP-0035055,REQ-2025-00218,1,1,initial,declined,true,2025-03-25,,2025-03-31,,,,2025-04-22,61000,USD
OFR-002452-V1,OFR-002452,APP-0035078,REQ-2024-01129,1,1,initial,withdrawn,true,2025-03-31,,,2025-04-02,,,2025-04-28,80000,USD
OFR-002453-V1,OFR-002453,APP-0035087,REQ-2025-00063,1,1,initial,superseded,false,2025-03-31,,,,,,2025-04-28,113500,USD
OFR-002453-V2,OFR-002453,APP-0035087,REQ-2025-00063,1,2,negotiation_revision,withdrawn,true,2025-04-01,,,2025-04-03,,,2025-04-28,117500,USD
OFR-002454-V1,OFR-002454,APP-0035089,REQ-2025-00077,1,1,initial,accepted,true,2025-03-25,2025-03-27,,,,,2025-04-14,58000,USD
OFR-002455-V1,OFR-002455,APP-0035118,REQ-2025-00194,1,1,initial,superseded,false,2025-04-05,,,,,,2025-04-28,56500,USD
OFR-002455-V2,OFR-002455,APP-0035118,REQ-2025-00194,1,2,negotiation_revision,accepted,false,2025-04-06,2025-04-07,,,,,2025-04-28,59000,USD
OFR-002455-V3,OFR-002455,APP-0035118,REQ-2025-00194,1,3,start_date_revision,accepted,true,2025-04-21,2025-04-21,,,,,2025-05-12,59000,USD
OFR-002456-V1,OFR-002456,APP-0035120,REQ-2025-00198,1,1,initial,accepted,false,2025-04-09,2025-04-11,,,,,2025-05-05,67000,USD
OFR-002456-V2,OFR-002456,APP-0035120,REQ-2025-00198,1,2,start_date_revision,accepted,true,2025-04-13,2025-04-13,,,,,2025-05-26,67000,USD
OFR-002457-V1,OFR-002457,APP-0035123,REQ-2025-00202,1,1,initial,accepted,true,2025-04-05,2025-04-06,,,,,2025-04-28,58500,USD
OFR-002458-V1,OFR-002458,APP-0035130,REQ-2025-00213,1,1,initial,superseded,false,2025-04-13,,,,,,2025-05-19,104000,USD
OFR-002458-V2,OFR-002458,APP-0035130,REQ-2025-00213,1,2,negotiation_revision,accepted,true,2025-04-14,2025-04-17,,,,,2025-05-19,107500,USD
OFR-002459-V1,OFR-002459,APP-0035142,REQ-2025-00224,1,1,initial,accepted,true,2025-04-05,2025-04-11,,,,,2025-05-05,58000,USD
OFR-002460-V1,OFR-002460,APP-0035145,REQ-2025-00228,1,1,initial,superseded,false,2025-03-31,,,,,,2025-05-19,150000,USD
OFR-002460-V2,OFR-002460,APP-0035145,REQ-2025-00228,1,2,negotiation_revision,accepted,false,2025-04-01,2025-04-02,,,,,2025-05-19,161000,USD
OFR-002460-V3,OFR-002460,APP-0035145,REQ-2025-00228,1,3,salary_correction,accepted,true,2025-04-06,2025-04-06,,,,,2025-05-19,161000,USD
OFR-002461-V1,OFR-002461,APP-0035153,REQ-2025-00233,1,1,initial,superseded,false,2025-04-16,,,,,,2025-05-19,76000,USD
OFR-002461-V2,OFR-002461,APP-0035153,REQ-2025-00233,1,2,negotiation_revision,reneged,true,2025-04-17,2025-04-18,,,,2025-04-21,2025-05-19,78500,USD
OFR-002462-V1,OFR-002462,APP-0035160,REQ-2024-00683,1,1,initial,superseded,false,2025-04-18,,,,,,2025-05-16,164000,USD
OFR-002462-V2,OFR-002462,APP-0035160,REQ-2024-00683,1,2,negotiation_revision,declined,true,2025-04-24,,2025-04-25,,,,2025-05-16,172500,USD
OFR-002463-V1,OFR-002463,APP-0035190,REQ-2025-00166,1,1,initial,accepted,true,2025-03-30,2025-04-06,,,,,2025-05-05,95000,USD
OFR-002464-V1,OFR-002464,APP-0035198,REQ-2025-00183,1,1,initial,rescinded,true,2025-04-06,2025-04-08,,,2025-04-11,,2025-05-05,79000,USD
OFR-002465-V1,OFR-002465,APP-0035205,REQ-2025-00192,1,1,initial,withdrawn,true,2025-04-10,,,2025-04-12,,,2025-05-08,82500,USD
OFR-002466-V1,OFR-002466,APP-0035227,REQ-2025-00218,1,1,initial,accepted,true,2025-03-31,2025-04-03,,,,,2025-04-21,60500,USD
OFR-002467-V1,OFR-002467,APP-0035237,REQ-2025-00231,1,1,initial,accepted,true,2025-03-26,2025-03-29,,,,,2025-04-21,48000,USD
OFR-002468-V1,OFR-002468,APP-0035248,REQ-2024-00972,1,1,initial,accepted,true,2025-04-14,2025-04-15,,,,,2025-05-05,74000,USD
OFR-002469-V1,OFR-002469,APP-0035312,REQ-2025-00202,1,1,initial,withdrawn,true,2025-04-05,,,2025-04-08,,,2025-05-03,61000,USD
OFR-002470-V1,OFR-002470,APP-0035314,REQ-2025-00204,1,1,initial,accepted,false,2025-04-05,2025-04-07,,,,,2025-05-12,102000,USD
OFR-002470-V2,OFR-002470,APP-0035314,REQ-2025-00204,1,2,letter_reissue,accepted,true,2025-04-17,2025-04-17,,,,,2025-05-12,102000,USD
OFR-002471-V1,OFR-002471,APP-0035329,REQ-2025-00227,1,1,initial,superseded,false,2025-04-16,,,,,,2025-05-12,76000,USD
OFR-002471-V2,OFR-002471,APP-0035329,REQ-2025-00227,1,2,negotiation_revision,accepted,true,2025-04-19,2025-04-22,,,,,2025-05-12,79000,USD
OFR-002472-V1,OFR-002472,APP-0035330,REQ-2025-00230,1,1,initial,declined,true,2025-04-13,,2025-04-18,,,,2025-05-11,142500,USD
OFR-002473-V1,OFR-002473,APP-0035332,REQ-2025-00235,1,1,initial,accepted,false,2025-04-10,2025-04-17,,,,,2025-05-19,110000,USD
OFR-002473-V2,OFR-002473,APP-0035332,REQ-2025-00235,1,2,letter_reissue,accepted,true,2025-04-26,2025-04-26,,,,,2025-05-19,110000,USD
OFR-002474-V1,OFR-002474,APP-0035340,REQ-2025-00244,1,1,initial,accepted,true,2025-04-10,2025-04-13,,,,,2025-05-12,124500,USD
OFR-002475-V1,OFR-002475,APP-0035346,REQ-2024-00729,1,1,initial,accepted,true,2025-04-15,2025-04-20,,,,,2025-05-12,97000,USD
OFR-002476-V1,OFR-002476,APP-0035366,REQ-2025-00137,1,1,initial,accepted,true,2025-04-19,2025-04-28,,,,,2025-06-02,112000,USD
OFR-002477-V1,OFR-002477,APP-0035374,REQ-2025-00168,1,1,initial,accepted,true,2025-04-05,2025-04-08,,,,,2025-05-12,96500,USD
OFR-002478-V1,OFR-002478,APP-0035400,REQ-2025-00207,1,1,initial,superseded,false,2025-04-01,,,,,,2025-04-29,60500,USD
OFR-002478-V2,OFR-002478,APP-0035400,REQ-2025-00207,1,2,negotiation_revision,withdrawn,true,2025-04-03,,,2025-04-04,,,2025-04-29,62500,USD
OFR-002479-V1,OFR-002479,APP-0035425,REQ-2025-00240,1,1,initial,superseded,false,2025-03-29,,,,,,2025-04-28,63000,USD
OFR-002479-V2,OFR-002479,APP-0035425,REQ-2025-00240,1,2,negotiation_revision,accepted,true,2025-03-30,2025-04-02,,,,,2025-04-28,66500,USD
OFR-002480-V1,OFR-002480,APP-0035437,REQ-2024-01084,1,1,initial,accepted,true,2025-04-19,2025-04-23,,,,,2025-05-19,93500,USD
OFR-002481-V1,OFR-002481,APP-0035464,REQ-2025-00155,1,1,initial,accepted,true,2025-04-01,2025-04-10,,,,,2025-05-05,59000,USD
OFR-002482-V1,OFR-002482,APP-0035472,REQ-2025-00192,1,1,initial,superseded,false,2025-04-07,,,,,,2025-05-19,85000,USD
OFR-002482-V2,OFR-002482,APP-0035472,REQ-2025-00192,1,2,negotiation_revision,accepted,true,2025-04-09,2025-04-11,,,,,2025-05-19,88500,USD
OFR-002483-V1,OFR-002483,APP-0035473,REQ-2025-00194,1,1,initial,withdrawn,true,2025-04-04,,,2025-04-07,,,2025-05-02,54000,USD
OFR-002484-V1,OFR-002484,APP-0035475,REQ-2025-00195,1,1,initial,superseded,false,2025-04-16,,,,,,2025-05-14,96000,USD
OFR-002484-V2,OFR-002484,APP-0035475,REQ-2025-00195,1,2,negotiation_revision,declined,true,2025-04-18,,2025-04-19,,,,2025-05-14,100500,USD
OFR-002485-V1,OFR-002485,APP-0035482,REQ-2025-00212,1,1,initial,declined,true,2025-04-22,,2025-04-23,,,,2025-05-20,77000,USD
OFR-002486-V1,OFR-002486,APP-0035497,REQ-2025-00231,1,1,initial,reneged,true,2025-04-03,2025-04-05,,,,2025-04-18,2025-04-21,48500,USD
OFR-002487-V1,OFR-002487,APP-0035505,REQ-2025-00240,1,1,initial,accepted,false,2025-03-29,2025-03-30,,,,,2025-04-28,68500,USD
OFR-002487-V2,OFR-002487,APP-0035505,REQ-2025-00240,1,2,letter_reissue,accepted,true,2025-04-14,2025-04-14,,,,,2025-04-28,68500,USD
OFR-002488-V1,OFR-002488,APP-0035506,REQ-2025-00241,1,1,initial,accepted,true,2025-04-30,2025-05-02,,,,,2025-06-02,151500,USD
OFR-002489-V1,OFR-002489,APP-0035530,REQ-2024-01229,1,1,initial,reneged,true,2025-04-30,2025-05-01,,,,2025-06-08,2025-06-09,171500,USD
OFR-002490-V1,OFR-002490,APP-0035553,REQ-2025-00174,1,1,initial,accepted,true,2025-04-26,2025-04-29,,,,,2025-06-09,102000,USD
OFR-002491-V1,OFR-002491,APP-0035557,REQ-2025-00183,1,1,initial,withdrawn,true,2025-04-09,,,2025-04-11,,,2025-05-07,74500,USD
OFR-002492-V1,OFR-002492,APP-0035561,REQ-2025-00194,1,1,initial,accepted,true,2025-04-01,2025-04-05,,,,,2025-04-21,62000,USD
OFR-002493-V1,OFR-002493,APP-0035569,REQ-2025-00208,1,1,initial,accepted,true,2025-04-20,2025-04-26,,,,,2025-05-26,124000,USD
OFR-002494-V1,OFR-002494,APP-0035589,REQ-2025-00242,1,1,initial,accepted,true,2025-04-04,2025-04-06,,,,,2025-05-05,65000,USD
OFR-002495-V1,OFR-002495,APP-0035596,REQ-2025-00259,1,1,initial,accepted,true,2025-04-10,2025-04-11,,,,,2025-05-05,68000,USD
OFR-002496-V1,OFR-002496,APP-0035612,REQ-2024-01225,1,1,initial,declined,true,2025-04-13,,2025-04-14,,,,2025-05-11,119500,USD
OFR-002497-V1,OFR-002497,APP-0035618,REQ-2025-00093,1,1,initial,rescinded,true,2025-04-09,2025-04-11,,,2025-04-26,,2025-05-05,74000,USD
OFR-002498-V1,OFR-002498,APP-0035645,REQ-2025-00202,1,1,initial,accepted,true,2025-03-30,2025-03-31,,,,,2025-04-28,65000,USD
OFR-002499-V1,OFR-002499,APP-0035649,REQ-2025-00209,1,1,initial,superseded,false,2025-04-07,,,,,,2025-05-05,119500,USD
OFR-002499-V2,OFR-002499,APP-0035649,REQ-2025-00209,1,2,negotiation_revision,declined,true,2025-04-08,,2025-04-13,,,,2025-05-05,123000,USD
OFR-002500-V1,OFR-002500,APP-0035659,REQ-2025-00218,1,1,initial,accepted,false,2025-04-04,2025-04-06,,,,,2025-04-28,54500,USD
OFR-002500-V2,OFR-002500,APP-0035659,REQ-2025-00218,1,2,start_date_revision,accepted,true,2025-04-15,2025-04-15,,,,,2025-05-12,54500,USD
OFR-002501-V1,OFR-002501,APP-0035671,REQ-2025-00233,1,1,initial,superseded,false,2025-04-11,,,,,,2025-05-09,82500,USD
OFR-002501-V2,OFR-002501,APP-0035671,REQ-2025-00233,1,2,negotiation_revision,withdrawn,true,2025-04-12,,,2025-04-18,,,2025-05-09,88500,USD
OFR-002502-V1,OFR-002502,APP-0035672,REQ-2025-00233,1,1,initial,superseded,false,2025-04-05,,,,,,2025-05-05,78500,USD
OFR-002502-V2,OFR-002502,APP-0035672,REQ-2025-00233,1,2,negotiation_revision,accepted,true,2025-04-06,2025-04-08,,,,,2025-05-05,82500,USD
OFR-002503-V1,OFR-002503,APP-0035686,REQ-2024-01151,1,1,initial,declined,true,2025-04-07,,2025-04-09,,,,2025-05-05,97500,USD
OFR-002504-V1,OFR-002504,APP-0035704,REQ-2025-00107,1,1,initial,accepted,true,2025-04-27,2025-05-02,,,,,2025-06-02,136000,USD
OFR-002505-V1,OFR-002505,APP-0035722,REQ-2025-00194,1,1,initial,withdrawn,true,2025-04-05,,,2025-04-07,,,2025-05-03,63000,USD
OFR-002506-V1,OFR-002506,APP-0035784,REQ-2025-00231,1,1,initial,withdrawn,true,2025-04-11,,,2025-04-12,,,2025-05-09,51500,USD
OFR-002507-V1,OFR-002507,APP-0035795,REQ-2025-00240,1,1,initial,accepted,false,2025-04-06,2025-04-09,,,,,2025-05-12,66000,USD
OFR-002507-V2,OFR-002507,APP-0035795,REQ-2025-00240,1,2,letter_reissue,accepted,true,2025-04-19,2025-04-19,,,,,2025-05-12,66000,USD
OFR-002508-V1,OFR-002508,APP-0035812,REQ-2025-00259,1,1,initial,accepted,true,2025-04-11,2025-04-14,,,,,2025-05-05,66000,USD
OFR-002509-V1,OFR-002509,APP-0035820,REQ-2024-00071,1,1,initial,declined,true,2025-05-02,,2025-05-04,,,,2025-05-30,102000,USD
OFR-002510-V1,OFR-002510,APP-0035822,REQ-2024-00253,1,1,initial,accepted,true,2025-04-28,2025-05-06,,,,,2025-05-19,79000,USD
OFR-002511-V1,OFR-002511,APP-0035827,REQ-2024-00713,1,1,initial,accepted,true,2025-04-19,2025-04-25,,,,,2025-05-26,110500,USD
OFR-002512-V1,OFR-002512,APP-0035831,REQ-2024-00951,1,1,initial,accepted,true,2025-04-17,2025-04-19,,,,,2025-05-26,114000,USD
OFR-002513-V1,OFR-002513,APP-0035842,REQ-2025-00093,1,1,initial,superseded,false,2025-04-10,,,,,,2025-05-08,81500,USD
OFR-002513-V2,OFR-002513,APP-0035842,REQ-2025-00093,1,2,negotiation_revision,declined,true,2025-04-11,,2025-04-14,,,,2025-05-08,85500,USD
OFR-002514-V1,OFR-002514,APP-0035908,REQ-2024-00808,1,1,initial,accepted,true,2025-04-23,2025-04-26,,,,,2025-06-02,134000,USD
OFR-002515-V1,OFR-002515,APP-0035911,REQ-2024-00954,1,1,initial,declined,true,2025-05-26,,2025-05-31,,,,2025-06-23,234500,USD
OFR-002516-V1,OFR-002516,APP-0035936,REQ-2025-00204,1,1,initial,accepted,true,2025-04-16,2025-04-19,,,,,2025-05-26,102000,USD
OFR-002517-V1,OFR-002517,APP-0035951,REQ-2025-00242,1,1,initial,accepted,true,2025-04-11,2025-04-15,,,,,2025-05-19,63000,USD
OFR-002518-V1,OFR-002518,APP-0035958,REQ-2025-00254,1,1,initial,accepted,true,2025-04-28,2025-05-02,,,,,2025-06-02,133500,USD
OFR-002519-V1,OFR-002519,APP-0035966,REQ-2025-00264,1,1,initial,accepted,false,2025-04-12,2025-04-15,,,,,2025-05-19,132500,USD
OFR-002519-V2,OFR-002519,APP-0035966,REQ-2025-00264,1,2,start_date_revision,accepted,true,2025-04-26,2025-04-26,,,,,2025-06-09,132500,USD
OFR-002520-V1,OFR-002520,APP-0035968,REQ-2025-00265,1,1,initial,accepted,true,2025-04-17,2025-04-20,,,,,2025-05-05,56500,USD
OFR-002521-V1,OFR-002521,APP-0035990,REQ-2025-00023,1,1,initial,declined,true,2025-05-10,,2025-05-18,,,,2025-06-07,158500,USD
OFR-002522-V1,OFR-002522,APP-0035998,REQ-2025-00155,1,1,initial,accepted,true,2025-04-16,2025-04-20,,,,,2025-05-19,62000,USD
OFR-002523-V1,OFR-002523,APP-0036020,REQ-2025-00217,1,1,initial,withdrawn,true,2025-04-21,,,2025-04-25,,,2025-05-19,60000,USD
OFR-002524-V1,OFR-002524,APP-0036041,REQ-2025-00247,1,1,initial,accepted,false,2025-04-19,2025-04-26,,,,,2025-06-09,109500,USD
OFR-002524-V2,OFR-002524,APP-0036041,REQ-2025-00247,1,2,letter_reissue,accepted,true,2025-05-08,2025-05-08,,,,,2025-06-09,109500,USD
OFR-002525-V1,OFR-002525,APP-0036046,REQ-2025-00258,1,1,initial,accepted,false,2025-04-06,2025-04-10,,,,,2025-05-05,59500,USD
OFR-002525-V2,OFR-002525,APP-0036046,REQ-2025-00258,1,2,letter_reissue,accepted,true,2025-04-19,2025-04-19,,,,,2025-05-05,59500,USD
OFR-002526-V1,OFR-002526,APP-0036067,REQ-2024-00911,1,1,initial,declined,true,2025-04-11,,2025-04-13,,,,2025-05-09,76000,USD
OFR-002527-V1,OFR-002527,APP-0036090,REQ-2025-00158,1,1,initial,accepted,true,2025-05-08,2025-05-11,,,,,2025-05-26,61500,USD
OFR-002528-V1,OFR-002528,APP-0036113,REQ-2025-00231,1,1,initial,accepted,true,2025-04-07,2025-04-11,,,,,2025-04-28,53000,USD
OFR-002529-V1,OFR-002529,APP-0036136,REQ-2025-00263,1,1,initial,accepted,false,2025-04-18,2025-04-20,,,,,2025-05-26,61000,USD
OFR-002529-V2,OFR-002529,APP-0036136,REQ-2025-00263,1,2,letter_reissue,reneged,true,2025-04-22,2025-04-22,,,,2025-04-22,2025-05-26,61000,USD
OFR-002530-V1,OFR-002530,APP-0036139,REQ-2025-00266,1,1,initial,superseded,false,2025-05-01,,,,,,2025-06-02,105000,USD
OFR-002530-V2,OFR-002530,APP-0036139,REQ-2025-00266,1,2,negotiation_revision,accepted,true,2025-05-06,2025-05-07,,,,,2025-06-02,111000,USD
OFR-002531-V1,OFR-002531,APP-0036159,REQ-2024-01206,1,1,initial,accepted,true,2025-04-24,2025-05-03,,,,,2025-06-16,156000,USD
OFR-002532-V1,OFR-002532,APP-0036202,REQ-2025-00253,1,1,initial,accepted,false,2025-05-02,2025-05-05,,,,,2025-06-02,132000,USD
OFR-002532-V2,OFR-002532,APP-0036202,REQ-2025-00253,1,2,salary_correction,accepted,true,2025-05-20,2025-05-20,,,,,2025-06-02,131800,USD
OFR-002533-V1,OFR-002533,APP-0036206,REQ-2025-00261,1,1,initial,accepted,true,2025-04-13,2025-04-17,,,,,2025-05-05,64000,USD
OFR-002534-V1,OFR-002534,APP-0036236,REQ-2025-00170,1,1,initial,accepted,false,2025-05-14,2025-05-17,,,,,2025-06-30,108500,USD
OFR-002534-V2,OFR-002534,APP-0036236,REQ-2025-00170,1,2,letter_reissue,accepted,true,2025-05-27,2025-05-27,,,,,2025-06-30,108500,USD
OFR-002535-V1,OFR-002535,APP-0036290,REQ-2024-00717,1,1,initial,accepted,false,2025-04-16,2025-04-19,,,,,2025-05-19,81500,USD
OFR-002535-V2,OFR-002535,APP-0036290,REQ-2024-00717,1,2,start_date_revision,accepted,true,2025-04-24,2025-04-24,,,,,2025-06-02,81500,USD
OFR-002536-V1,OFR-002536,APP-0036319,REQ-2025-00198,1,1,initial,superseded,false,2025-04-09,,,,,,2025-05-12,62500,USD
OFR-002536-V2,OFR-002536,APP-0036319,REQ-2025-00198,1,2,negotiation_revision,accepted,true,2025-04-10,2025-04-12,,,,,2025-05-12,64500,USD
OFR-002537-V1,OFR-002537,APP-0036348,REQ-2025-00258,1,1,initial,declined,true,2025-04-18,,2025-04-21,,,,2025-05-16,65500,USD
OFR-002538-V1,OFR-002538,APP-0036361,REQ-2025-00277,1,1,initial,accepted,true,2025-04-19,2025-04-22,,,,,2025-05-19,81500,USD
OFR-002539-V1,OFR-002539,APP-0036376,REQ-2024-00698,1,1,initial,accepted,true,2025-04-27,2025-05-08,,,,,2025-06-16,131500,USD
OFR-002540-V1,OFR-002540,APP-0036381,REQ-2024-00986,1,1,initial,superseded,false,2025-04-23,,,,,,2025-05-21,75500,USD
OFR-002540-V2,OFR-002540,APP-0036381,REQ-2024-00986,1,2,negotiation_revision,declined,true,2025-04-27,,2025-04-30,,,,2025-05-21,81500,USD
OFR-002541-V1,OFR-002541,APP-0036392,REQ-2025-00131,1,1,initial,accepted,false,2025-04-18,2025-04-20,,,,,2025-05-19,82000,USD
OFR-002541-V2,OFR-002541,APP-0036392,REQ-2025-00131,1,2,letter_reissue,accepted,true,2025-05-02,2025-05-02,,,,,2025-05-19,82000,USD
OFR-002542-V1,OFR-002542,APP-0036394,REQ-2025-00148,1,1,initial,accepted,true,2025-04-28,2025-05-02,,,,,2025-06-30,133000,USD
OFR-002543-V1,OFR-002543,APP-0036408,REQ-2025-00209,1,1,initial,withdrawn,true,2025-05-02,,,2025-05-03,,,2025-05-30,112500,USD
OFR-002544-V1,OFR-002544,APP-0036433,REQ-2025-00252,1,1,initial,superseded,false,2025-04-28,,,,,,2025-05-26,59000,USD
OFR-002544-V2,OFR-002544,APP-0036433,REQ-2025-00252,1,2,negotiation_revision,accepted,false,2025-04-29,2025-04-30,,,,,2025-05-26,63000,USD
OFR-002544-V3,OFR-002544,APP-0036433,REQ-2025-00252,1,3,letter_reissue,accepted,true,2025-05-14,2025-05-14,,,,,2025-05-26,63000,USD
OFR-002545-V1,OFR-002545,APP-0036450,REQ-2025-00285,1,1,initial,withdrawn,true,2025-04-21,,,2025-05-04,,,2025-05-19,74000,USD
OFR-002546-V1,OFR-002546,APP-0036500,REQ-2025-00209,1,1,initial,accepted,false,2025-04-28,2025-05-02,,,,,2025-06-02,102500,USD
OFR-002546-V2,OFR-002546,APP-0036500,REQ-2025-00209,1,2,letter_reissue,accepted,true,2025-05-07,2025-05-07,,,,,2025-06-02,102500,USD
OFR-002547-V1,OFR-002547,APP-0036503,REQ-2025-00214,1,1,initial,accepted,true,2025-04-16,2025-04-18,,,,,2025-05-26,145500,USD
OFR-002548-V1,OFR-002548,APP-0036520,REQ-2025-00251,1,1,initial,accepted,true,2025-05-10,2025-05-13,,,,,2025-06-23,133000,USD
OFR-002549-V1,OFR-002549,APP-0036540,REQ-2025-00285,1,1,initial,accepted,true,2025-04-25,2025-04-30,,,,,2025-06-02,77500,USD
OFR-002550-V1,OFR-002550,APP-0036591,REQ-2025-00217,1,1,initial,accepted,true,2025-04-20,2025-04-21,,,,,2025-05-05,55500,USD
OFR-002551-V1,OFR-002551,APP-0036599,REQ-2025-00234,1,1,initial,superseded,false,2025-05-18,,,,,,2025-06-15,218000,USD
OFR-002551-V2,OFR-002551,APP-0036599,REQ-2025-00234,1,2,negotiation_revision,declined,true,2025-05-27,,2025-05-31,,,,2025-06-15,225000,USD
OFR-002552-V1,OFR-002552,APP-0036604,REQ-2025-00240,1,1,initial,withdrawn,true,2025-04-23,,,2025-04-30,,,2025-05-21,64000,USD
OFR-002553-V1,OFR-002553,APP-0036607,REQ-2025-00240,1,1,initial,accepted,true,2025-04-17,2025-04-19,,,,,2025-05-19,63500,USD
OFR-002554-V1,OFR-002554,APP-0036627,REQ-2025-00275,1,1,initial,accepted,false,2025-04-13,2025-04-21,,,,,2025-05-19,58500,USD
OFR-002554-V2,OFR-002554,APP-0036627,REQ-2025-00275,1,2,letter_reissue,accepted,true,2025-04-26,2025-04-26,,,,,2025-05-19,58500,USD
OFR-002555-V1,OFR-002555,APP-0036631,REQ-2025-00278,1,1,initial,superseded,false,2025-05-03,,,,,,2025-05-31,64500,USD
OFR-002555-V2,OFR-002555,APP-0036631,REQ-2025-00278,1,2,negotiation_revision,withdrawn,true,2025-05-05,,,2025-05-08,,,2025-05-31,69500,USD
OFR-002556-V1,OFR-002556,APP-0036636,REQ-2025-00286,1,1,initial,superseded,false,2025-05-02,,,,,,2025-05-30,107500,USD
OFR-002556-V2,OFR-002556,APP-0036636,REQ-2025-00286,1,2,negotiation_revision,withdrawn,true,2025-05-03,,,2025-05-07,,,2025-05-30,111500,USD
OFR-002557-V1,OFR-002557,APP-0036643,REQ-2025-00299,1,1,initial,accepted,true,2025-04-24,2025-05-02,,,,,2025-06-09,86500,USD
OFR-002558-V1,OFR-002558,APP-0036651,REQ-2025-00305,1,1,initial,accepted,true,2025-04-28,2025-05-02,,,,,2025-06-09,90000,USD
OFR-002559-V1,OFR-002559,APP-0036667,REQ-2024-01244,1,1,initial,accepted,true,2025-04-17,2025-04-20,,,,,2025-06-02,111500,USD
OFR-002560-V1,OFR-002560,APP-0036683,REQ-2025-00226,1,1,initial,accepted,true,2025-04-21,2025-04-25,,,,,2025-06-02,106500,USD
OFR-002561-V1,OFR-002561,APP-0036706,REQ-2025-00265,1,1,initial,declined,true,2025-04-11,,2025-04-13,,,,2025-05-09,54000,USD
OFR-002562-V1,OFR-002562,APP-0036737,REQ-2025-00301,1,1,initial,accepted,true,2025-04-17,2025-04-21,,,,,2025-06-02,114500,USD
OFR-002563-V1,OFR-002563,APP-0036772,REQ-2025-00190,1,1,initial,reneged,true,2025-04-22,2025-04-24,,,,2025-05-16,2025-05-19,83000,USD
OFR-002564-V1,OFR-002564,APP-0036772,REQ-2025-00190,2,1,initial,reneged,true,2025-05-29,2025-06-02,,,,2025-06-11,2025-06-23,80500,USD
OFR-002565-V1,OFR-002565,APP-0036793,REQ-2025-00258,1,1,initial,accepted,true,2025-04-20,2025-04-22,,,,,2025-05-19,58500,USD
OFR-002566-V1,OFR-002566,APP-0036806,REQ-2025-00276,1,1,initial,accepted,false,2025-05-01,2025-05-11,,,,,2025-06-09,85000,USD
OFR-002566-V2,OFR-002566,APP-0036806,REQ-2025-00276,1,2,letter_reissue,accepted,true,2025-05-25,2025-05-25,,,,,2025-06-09,85000,USD
OFR-002567-V1,OFR-002567,APP-0036809,REQ-2025-00283,1,1,initial,accepted,false,2025-04-18,2025-04-21,,,,,2025-05-19,68500,USD
OFR-002567-V2,OFR-002567,APP-0036809,REQ-2025-00283,1,2,letter_reissue,accepted,true,2025-04-28,2025-04-28,,,,,2025-05-19,68500,USD
OFR-002568-V1,OFR-002568,APP-0036820,REQ-2025-00299,1,1,initial,accepted,false,2025-05-01,2025-05-03,,,,,2025-06-02,88500,USD
OFR-002568-V2,OFR-002568,APP-0036820,REQ-2025-00299,1,2,letter_reissue,accepted,true,2025-05-09,2025-05-09,,,,,2025-06-02,88500,USD
OFR-002569-V1,OFR-002569,APP-0036824,REQ-2025-00302,1,1,initial,accepted,false,2025-04-13,2025-04-18,,,,,2025-05-12,65000,USD
OFR-002569-V2,OFR-002569,APP-0036824,REQ-2025-00302,1,2,letter_reissue,accepted,true,2025-04-30,2025-04-30,,,,,2025-05-12,65000,USD
OFR-002570-V1,OFR-002570,APP-0036840,REQ-2024-00911,1,1,initial,accepted,true,2025-04-19,2025-04-24,,,,,2025-05-19,85500,USD
OFR-002571-V1,OFR-002571,APP-0036853,REQ-2025-00147,1,1,initial,declined,true,2025-05-22,,2025-05-26,,,,2025-06-19,106500,USD
OFR-002572-V1,OFR-002572,APP-0036868,REQ-2025-00234,1,1,initial,accepted,true,2025-05-21,2025-05-26,,,,,2025-08-04,206000,USD
OFR-002573-V1,OFR-002573,APP-0036870,REQ-2025-00240,1,1,initial,withdrawn,true,2025-04-20,,,2025-04-27,,,2025-05-18,60000,USD
OFR-002574-V1,OFR-002574,APP-0036884,REQ-2025-00278,1,1,initial,accepted,true,2025-04-28,2025-05-04,,,,,2025-05-26,60500,USD
OFR-002575-V1,OFR-002575,APP-0036910,REQ-2025-00317,1,1,initial,accepted,true,2025-04-17,2025-04-21,,,,,2025-06-02,83500,USD
OFR-002576-V1,OFR-002576,APP-0036927,REQ-2025-00009,1,1,initial,accepted,true,2025-04-30,2025-05-03,,,,,2025-05-26,86000,USD
OFR-002577-V1,OFR-002577,APP-0036937,REQ-2025-00165,1,1,initial,accepted,false,2025-04-19,2025-04-24,,,,,2025-05-26,95000,USD
OFR-002577-V2,OFR-002577,APP-0036937,REQ-2025-00165,1,2,start_date_revision,accepted,true,2025-05-03,2025-05-03,,,,,2025-06-09,95000,USD
OFR-002578-V1,OFR-002578,APP-0036945,REQ-2025-00230,1,1,initial,accepted,true,2025-04-28,2025-04-29,,,,,2025-06-02,131500,USD
OFR-002579-V1,OFR-002579,APP-0036960,REQ-2025-00265,1,1,initial,accepted,true,2025-04-22,2025-04-24,,,,,2025-05-19,56000,USD
OFR-002580-V1,OFR-002580,APP-0037018,REQ-2025-00050,1,1,initial,superseded,false,2025-04-17,,,,,,2025-05-26,97500,USD
OFR-002580-V2,OFR-002580,APP-0037018,REQ-2025-00050,1,2,negotiation_revision,accepted,true,2025-04-19,2025-04-20,,,,,2025-05-26,100500,USD
OFR-002581-V1,OFR-002581,APP-0037030,REQ-2025-00196,1,1,initial,declined,true,2025-05-17,,2025-05-19,,,,2025-06-14,121000,USD
OFR-002582-V1,OFR-002582,APP-0037036,REQ-2025-00237,1,1,initial,declined,true,2025-04-27,,2025-04-28,,,,2025-05-25,65000,USD
OFR-002583-V1,OFR-002583,APP-0037076,REQ-2025-00309,1,1,initial,superseded,false,2025-04-20,,,,,,2025-05-18,77000,USD
OFR-002583-V2,OFR-002583,APP-0037076,REQ-2025-00309,1,2,negotiation_revision,declined,true,2025-04-27,,2025-04-28,,,,2025-05-18,80500,USD
OFR-002584-V1,OFR-002584,APP-0037080,REQ-2025-00317,1,1,initial,accepted,false,2025-04-29,2025-05-03,,,,,2025-06-02,82500,USD
OFR-002584-V2,OFR-002584,APP-0037080,REQ-2025-00317,1,2,start_date_revision,reneged,true,2025-05-12,2025-05-12,,,,2025-06-19,2025-06-19,82500,USD
OFR-002585-V1,OFR-002585,APP-0037109,REQ-2025-00237,1,1,initial,accepted,true,2025-05-07,2025-05-09,,,,,2025-06-09,66500,USD
OFR-002586-V1,OFR-002586,APP-0037111,REQ-2025-00240,1,1,initial,accepted,false,2025-04-24,2025-04-26,,,,,2025-05-19,66000,USD
OFR-002586-V2,OFR-002586,APP-0037111,REQ-2025-00240,1,2,start_date_revision,accepted,true,2025-05-07,2025-05-07,,,,,2025-06-09,66000,USD
OFR-002587-V1,OFR-002587,APP-0037149,REQ-2025-00308,1,1,initial,declined,true,2025-05-24,,2025-05-26,,,,2025-06-21,105500,USD
OFR-002588-V1,OFR-002588,APP-0037160,REQ-2025-00333,1,1,initial,accepted,true,2025-04-28,2025-04-30,,,,,2025-05-26,50500,USD
OFR-002589-V1,OFR-002589,APP-0037161,REQ-2025-00333,1,1,initial,accepted,true,2025-04-20,2025-04-22,,,,,2025-05-12,50000,USD
OFR-002590-V1,OFR-002590,APP-0037169,REQ-2024-00515,1,1,initial,declined,true,2025-04-28,,2025-05-01,,,,2025-05-26,71500,USD
OFR-002591-V1,OFR-002591,APP-0037185,REQ-2025-00169,1,1,initial,accepted,true,2025-04-30,2025-05-03,,,,,2025-05-26,65000,USD
OFR-002592-V1,OFR-002592,APP-0037227,REQ-2025-00299,1,1,initial,superseded,false,2025-04-23,,,,,,2025-06-02,88000,USD
OFR-002592-V2,OFR-002592,APP-0037227,REQ-2025-00299,1,2,negotiation_revision,accepted,true,2025-04-24,2025-04-26,,,,,2025-06-02,94500,USD
OFR-002593-V1,OFR-002593,APP-0037240,REQ-2025-00311,1,1,initial,accepted,false,2025-05-07,2025-05-08,,,,,2025-06-09,143500,USD
OFR-002593-V2,OFR-002593,APP-0037240,REQ-2025-00311,1,2,start_date_revision,accepted,true,2025-05-19,2025-05-19,,,,,2025-06-16,143500,USD
OFR-002594-V1,OFR-002594,APP-0037253,REQ-2025-00333,1,1,initial,accepted,true,2025-04-27,2025-04-30,,,,,2025-05-19,49000,USD
OFR-002595-V1,OFR-002595,APP-0037260,REQ-2024-00529,1,1,initial,accepted,true,2025-05-04,2025-05-07,,,,,2025-06-16,123500,USD
OFR-002596-V1,OFR-002596,APP-0037261,REQ-2024-00710,1,1,initial,declined,true,2025-05-06,,2025-05-11,,,,2025-06-03,121500,USD
OFR-002597-V1,OFR-002597,APP-0037284,REQ-2025-00135,1,1,initial,declined,true,2025-05-24,,2025-06-03,,,,2025-06-21,95000,USD
OFR-002598-V1,OFR-002598,APP-0037345,REQ-2025-00321,1,1,initial,accepted,false,2025-06-19,2025-06-21,,,,,2025-07-28,143000,USD
OFR-002598-V2,OFR-002598,APP-0037345,REQ-2025-00321,1,2,start_date_revision,accepted,true,2025-06-24,2025-06-24,,,,,2025-08-18,143000,USD
OFR-002599-V1,OFR-002599,APP-0037350,REQ-2025-00333,1,1,initial,accepted,true,2025-05-01,2025-05-02,,,,,2025-05-26,52000,USD
OFR-002600-V1,OFR-002600,APP-0037359,REQ-2024-00564,1,1,initial,accepted,true,2025-05-20,2025-05-22,,,,,2025-06-30,136000,USD
OFR-002601-V1,OFR-002601,APP-0037419,REQ-2025-00302,1,1,initial,accepted,false,2025-04-23,2025-04-26,,,,,2025-06-02,62000,USD
OFR-002601-V2,OFR-002601,APP-0037419,REQ-2025-00302,1,2,start_date_revision,accepted,true,2025-05-07,2025-05-07,,,,,2025-06-23,62000,USD
OFR-002602-V1,OFR-002602,APP-0037435,REQ-2025-00317,1,1,initial,superseded,false,2025-04-29,,,,,,2025-05-27,89000,USD
OFR-002602-V2,OFR-002602,APP-0037435,REQ-2025-00317,1,2,negotiation_revision,withdrawn,true,2025-05-02,,,2025-05-05,,,2025-05-27,94500,USD
OFR-002603-V1,OFR-002603,APP-0037447,REQ-2025-00334,1,1,initial,accepted,true,2025-05-07,2025-05-10,,,,,2025-06-16,103500,USD
OFR-002604-V1,OFR-002604,APP-0037459,REQ-2024-00975,1,1,initial,accepted,false,2025-05-25,2025-05-27,,,,,2025-06-30,101000,USD
OFR-002604-V2,OFR-002604,APP-0037459,REQ-2024-00975,1,2,start_date_revision,accepted,true,2025-06-11,2025-06-11,,,,,2025-07-21,101000,USD
OFR-002605-V1,OFR-002605,APP-0037461,REQ-2024-01146,1,1,initial,accepted,true,2025-05-16,2025-05-21,,,,,2025-06-23,136500,USD
OFR-002606-V1,OFR-002606,APP-0037483,REQ-2025-00255,1,1,initial,accepted,false,2025-05-07,2025-05-10,,,,,2025-06-09,75000,USD
OFR-002606-V2,OFR-002606,APP-0037483,REQ-2025-00255,1,2,salary_correction,accepted,true,2025-05-19,2025-05-19,,,,,2025-06-09,75900,USD
OFR-002607-V1,OFR-002607,APP-0037501,REQ-2025-00284,1,1,initial,accepted,true,2025-04-29,2025-05-01,,,,,2025-05-19,60500,USD
OFR-002608-V1,OFR-002608,APP-0037512,REQ-2025-00308,1,1,initial,accepted,true,2025-05-17,2025-05-24,,,,,2025-06-16,102000,USD
OFR-002609-V1,OFR-002609,APP-0037526,REQ-2025-00333,1,1,initial,declined,true,2025-05-04,,2025-05-05,,,,2025-06-01,57000,USD
OFR-002610-V1,OFR-002610,APP-0037534,REQ-2025-00338,1,1,initial,declined,true,2025-05-14,,2025-05-16,,,,2025-06-11,143000,USD
OFR-002611-V1,OFR-002611,APP-0037543,REQ-2024-00529,1,1,initial,superseded,false,2025-05-05,,,,,,2025-06-02,139500,USD
OFR-002611-V2,OFR-002611,APP-0037543,REQ-2024-00529,1,2,negotiation_revision,withdrawn,true,2025-05-07,,,2025-05-10,,,2025-06-02,148500,USD
OFR-002612-V1,OFR-002612,APP-0037546,REQ-2024-01006,1,1,initial,accepted,true,2025-06-06,2025-06-13,,,,,2025-07-21,128000,USD
OFR-002613-V1,OFR-002613,APP-0037555,REQ-2025-00117,1,1,initial,accepted,true,2025-05-02,2025-05-18,,,,,2025-06-30,95000,USD
OFR-002614-V1,OFR-002614,APP-0037556,REQ-2025-00145,1,1,initial,accepted,true,2025-05-21,2025-05-28,,,,,2025-06-09,53000,USD
OFR-002615-V1,OFR-002615,APP-0037570,REQ-2025-00253,1,1,initial,superseded,false,2025-05-05,,,,,,2025-06-02,138000,USD
OFR-002615-V2,OFR-002615,APP-0037570,REQ-2025-00253,1,2,negotiation_revision,withdrawn,true,2025-05-06,,,2025-05-07,,,2025-06-02,143500,USD
OFR-002616-V1,OFR-002616,APP-0037588,REQ-2025-00302,1,1,initial,accepted,true,2025-04-20,2025-04-23,,,,,2025-05-19,64500,USD
OFR-002617-V1,OFR-002617,APP-0037589,REQ-2025-00303,1,1,initial,accepted,true,2025-04-30,2025-05-03,,,,,2025-06-02,69000,USD
OFR-002618-V1,OFR-002618,APP-0037598,REQ-2025-00320,1,1,initial,accepted,true,2025-04-27,2025-04-30,,,,,2025-05-26,50500,USD
OFR-002619-V1,OFR-002619,APP-0037616,REQ-2025-00342,1,1,initial,superseded,false,2025-05-11,,,,,,2025-06-16,77500,USD
OFR-002619-V2,OFR-002619,APP-0037616,REQ-2025-00342,1,2,negotiation_revision,accepted,true,2025-05-13,2025-05-15,,,,,2025-06-16,80500,USD
OFR-002620-V1,OFR-002620,APP-0037617,REQ-2025-00343,1,1,initial,declined,true,2025-05-02,,2025-05-06,,,,2025-05-30,109500,USD
OFR-002621-V1,OFR-002621,APP-0037629,REQ-2024-01055,1,1,initial,declined,true,2025-04-26,,2025-04-29,,,,2025-05-24,89500,USD
OFR-002622-V1,OFR-002622,APP-0037641,REQ-2025-00115,1,1,initial,accepted,false,2025-05-06,2025-05-08,,,,,2025-06-09,83000,USD
OFR-002622-V2,OFR-002622,APP-0037641,REQ-2025-00115,1,2,letter_reissue,accepted,true,2025-05-10,2025-05-10,,,,,2025-06-09,83000,USD
OFR-002623-V1,OFR-002623,APP-0037672,REQ-2025-00302,1,1,initial,accepted,true,2025-05-06,2025-05-08,,,,,2025-06-02,59000,USD
OFR-002624-V1,OFR-002624,APP-0037688,REQ-2025-00329,1,1,initial,reneged,true,2025-05-09,2025-05-15,,,,2025-06-19,2025-06-23,97000,USD
OFR-002625-V1,OFR-002625,APP-0037696,REQ-2025-00333,1,1,initial,superseded,false,2025-04-28,,,,,,2025-05-26,50500,USD
OFR-002625-V2,OFR-002625,APP-0037696,REQ-2025-00333,1,2,negotiation_revision,accepted,true,2025-04-30,2025-05-01,,,,,2025-05-26,52500,USD
OFR-002626-V1,OFR-002626,APP-0037706,REQ-2025-00345,1,1,initial,accepted,true,2025-04-29,2025-05-03,,,,,2025-06-09,103500,USD
OFR-002627-V1,OFR-002627,APP-0037723,REQ-2024-01241,1,1,initial,reneged,true,2025-05-11,2025-05-19,,,,2025-05-21,2025-06-30,131500,USD
OFR-002628-V1,OFR-002628,APP-0037727,REQ-2025-00131,1,1,initial,declined,true,2025-04-24,,2025-04-25,,,,2025-05-22,85000,USD
OFR-002629-V1,OFR-002629,APP-0037729,REQ-2025-00157,1,1,initial,accepted,true,2025-04-30,2025-05-02,,,,,2025-06-02,73000,USD
OFR-002630-V1,OFR-002630,APP-0037747,REQ-2025-00283,1,1,initial,accepted,true,2025-05-13,2025-05-16,,,,,2025-06-09,66000,USD
OFR-002631-V1,OFR-002631,APP-0037774,REQ-2025-00328,1,1,initial,declined,true,2025-05-02,,2025-05-04,,,,2025-05-30,60500,USD
OFR-002632-V1,OFR-002632,APP-0037784,REQ-2025-00343,1,1,initial,rescinded,true,2025-05-13,2025-05-15,,,2025-05-29,,2025-06-16,103000,USD
OFR-002633-V1,OFR-002633,APP-0037795,REQ-2025-00355,1,1,initial,accepted,true,2025-05-09,2025-05-15,,,,,2025-06-16,80500,USD
OFR-002634-V1,OFR-002634,APP-0037798,REQ-2024-00254,1,1,initial,accepted,true,2025-04-30,2025-05-04,,,,,2025-05-19,61000,USD
OFR-002635-V1,OFR-002635,APP-0037818,REQ-2025-00205,1,1,initial,declined,true,2025-05-13,,2025-05-17,,,,2025-06-10,101000,USD
OFR-002636-V1,OFR-002636,APP-0037834,REQ-2025-00286,1,1,initial,superseded,false,2025-05-05,,,,,,2025-06-02,110000,USD
OFR-002636-V2,OFR-002636,APP-0037834,REQ-2025-00286,1,2,negotiation_revision,withdrawn,true,2025-05-06,,,2025-05-07,,,2025-06-02,117500,USD
OFR-002637-V1,OFR-002637,APP-0037835,REQ-2025-00286,1,1,initial,accepted,true,2025-05-04,2025-05-06,,,,,2025-06-16,115000,USD
OFR-002638-V1,OFR-002638,APP-0037846,REQ-2025-00302,1,1,initial,accepted,true,2025-05-04,2025-05-06,,,,,2025-06-09,65500,USD
OFR-002639-V1,OFR-002639,APP-0037849,REQ-2025-00306,1,1,initial,declined,true,2025-05-02,,2025-05-04,,,,2025-05-30,56500,USD
OFR-002640-V1,OFR-002640,APP-0037853,REQ-2025-00309,1,1,initial,declined,true,2025-05-09,,2025-05-13,,,,2025-06-06,75000,USD
OFR-002641-V1,OFR-002641,APP-0037854,REQ-2025-00309,1,1,initial,accepted,true,2025-05-10,2025-05-12,,,,,2025-06-16,69000,USD
OFR-002642-V1,OFR-002642,APP-0037876,REQ-2025-00346,1,1,initial,accepted,true,2025-05-12,2025-05-16,,,,,2025-06-02,63500,USD
OFR-002643-V1,OFR-002643,APP-0037884,REQ-2025-00356,1,1,initial,declined,true,2025-05-04,,2025-05-06,,,,2025-06-01,103000,USD
OFR-002644-V1,OFR-002644,APP-0037891,REQ-2025-00365,1,1,initial,accepted,true,2025-05-05,2025-05-09,,,,,2025-06-09,97000,USD
OFR-002645-V1,OFR-002645,APP-0037902,REQ-2025-00014,1,1,initial,accepted,false,2025-05-27,2025-05-31,,,,,2025-07-07,176500,USD
OFR-002645-V2,OFR-002645,APP-0037902,REQ-2025-00014,1,2,letter_reissue,accepted,true,2025-06-12,2025-06-12,,,,,2025-07-07,176500,USD
OFR-002646-V1,OFR-002646,APP-0037926,REQ-2025-00286,1,1,initial,withdrawn,true,2025-04-30,,,2025-05-07,,,2025-05-28,107000,USD
OFR-002647-V1,OFR-002647,APP-0037927,REQ-2025-00287,1,1,initial,accepted,true,2025-05-09,2025-05-16,,,,,2025-06-30,100000,USD
OFR-002648-V1,OFR-002648,APP-0037929,REQ-2025-00292,1,1,initial,accepted,false,2025-05-02,2025-05-04,,,,,2025-06-02,108500,USD
OFR-002648-V2,OFR-002648,APP-0037929,REQ-2025-00292,1,2,start_date_revision,accepted,true,2025-05-18,2025-05-18,,,,,2025-06-16,108500,USD
OFR-002649-V1,OFR-002649,APP-0037936,REQ-2025-00306,1,1,initial,accepted,true,2025-05-01,2025-05-06,,,,,2025-05-26,54000,USD
OFR-002650-V1,OFR-002650,APP-0037954,REQ-2025-00329,1,1,initial,superseded,false,2025-05-01,,,,,,2025-05-29,88500,USD
OFR-002650-V2,OFR-002650,APP-0037954,REQ-2025-00329,1,2,negotiation_revision,declined,true,2025-05-02,,2025-05-04,,,,2025-05-29,95000,USD
OFR-002651-V1,OFR-002651,APP-0037995,REQ-2024-01151,1,1,initial,declined,true,2025-05-07,,2025-05-11,,,,2025-06-04,99500,USD
OFR-002652-V1,OFR-002652,APP-0038039,REQ-2025-00315,1,1,initial,accepted,true,2025-05-25,2025-05-30,,,,,2025-06-23,98000,USD
OFR-002653-V1,OFR-002653,APP-0038045,REQ-2025-00320,1,1,initial,withdrawn,true,2025-04-28,,,2025-04-30,,,2025-05-26,43000,USD
OFR-002654-V1,OFR-002654,APP-0038072,REQ-2025-00364,1,1,initial,reneged,true,2025-05-03,2025-05-07,,,,2025-06-11,2025-06-16,110500,USD
OFR-002655-V1,OFR-002655,APP-0038080,REQ-2025-00373,1,1,initial,accepted,false,2025-05-08,2025-05-14,,,,,2025-06-09,89500,USD
OFR-002655-V2,OFR-002655,APP-0038080,REQ-2025-00373,1,2,start_date_revision,accepted,true,2025-05-18,2025-05-18,,,,,2025-06-16,89500,USD
OFR-002656-V1,OFR-002656,APP-0038085,REQ-2024-00855,1,1,initial,superseded,false,2025-05-15,,,,,,2025-06-30,128000,USD
OFR-002656-V2,OFR-002656,APP-0038085,REQ-2024-00855,1,2,negotiation_revision,accepted,true,2025-05-17,2025-05-20,,,,,2025-06-30,134500,USD
OFR-002657-V1,OFR-002657,APP-0038127,REQ-2025-00329,1,1,initial,accepted,false,2025-05-11,2025-05-12,,,,,2025-06-23,104000,USD
OFR-002657-V2,OFR-002657,APP-0038127,REQ-2025-00329,1,2,salary_correction,accepted,true,2025-05-25,2025-05-25,,,,,2025-06-23,103100,USD
OFR-002658-V1,OFR-002658,APP-0038133,REQ-2025-00335,1,1,initial,accepted,true,2025-05-09,2025-05-11,,,,,2025-06-09,85500,USD
OFR-002659-V1,OFR-002659,APP-0038144,REQ-2025-00345,1,1,initial,accepted,true,2025-05-15,2025-05-19,,,,,2025-06-30,103500,USD
OFR-002660-V1,OFR-002660,APP-0038148,REQ-2025-00359,1,1,initial,superseded,false,2025-05-15,,,,,,2025-06-23,76000,USD
OFR-002660-V2,OFR-002660,APP-0038148,REQ-2025-00359,1,2,negotiation_revision,accepted,false,2025-05-16,2025-05-18,,,,,2025-06-23,82000,USD
OFR-002660-V3,OFR-002660,APP-0038148,REQ-2025-00359,1,3,start_date_revision,accepted,true,2025-05-25,2025-05-25,,,,,2025-07-14,82000,USD
OFR-002661-V1,OFR-002661,APP-0038157,REQ-2025-00367,1,1,initial,accepted,true,2025-05-21,2025-05-25,,,,,2025-06-23,101000,USD
OFR-002662-V1,OFR-002662,APP-0038168,REQ-2024-00895,1,1,initial,declined,true,2025-05-17,,2025-05-19,,,,2025-06-14,133000,USD
OFR-002663-V1,OFR-002663,APP-0038179,REQ-2025-00128,1,1,initial,superseded,false,2025-05-07,,,,,,2025-06-09,99500,USD
OFR-002663-V2,OFR-002663,APP-0038179,REQ-2025-00128,1,2,negotiation_revision,accepted,true,2025-05-08,2025-05-09,,,,,2025-06-09,105500,USD
OFR-002664-V1,OFR-002664,APP-0038261,REQ-2025-00363,1,1,initial,accepted,true,2025-06-09,2025-06-15,,,,,2025-07-28,137500,USD
OFR-002665-V1,OFR-002665,APP-0038268,REQ-2025-00368,1,1,initial,accepted,true,2025-05-01,2025-05-05,,,,,2025-05-26,51000,USD
OFR-002666-V1,OFR-002666,APP-0038283,REQ-2024-01174,1,1,initial,accepted,true,2025-05-14,2025-05-16,,,,,2025-06-16,95000,USD
OFR-002667-V1,OFR-002667,APP-0038316,REQ-2025-00308,1,1,initial,accepted,false,2025-05-29,2025-06-03,,,,,2025-07-07,90500,USD
OFR-002667-V2,OFR-002667,APP-0038316,REQ-2025-00308,1,2,start_date_revision,accepted,true,2025-06-15,2025-06-15,,,,,2025-07-21,90500,USD
OFR-002668-V1,OFR-002668,APP-0038325,REQ-2025-00329,1,1,initial,accepted,true,2025-05-13,2025-05-15,,,,,2025-06-23,99000,USD
OFR-002669-V1,OFR-002669,APP-0038326,REQ-2025-00331,1,1,initial,accepted,false,2025-05-19,2025-05-23,,,,,2025-06-16,105000,USD
OFR-002669-V2,OFR-002669,APP-0038326,REQ-2025-00331,1,2,salary_correction,rescinded,true,2025-05-25,2025-05-25,,,2025-05-25,,2025-06-16,104600,USD
OFR-002670-V1,OFR-002670,APP-0038333,REQ-2025-00335,1,1,initial,accepted,true,2025-05-17,2025-05-19,,,,,2025-06-23,91500,USD
OFR-002671-V1,OFR-002671,APP-0038349,REQ-2025-00356,1,1,initial,superseded,false,2025-05-18,,,,,,2025-06-23,109500,USD
OFR-002671-V2,OFR-002671,APP-0038349,REQ-2025-00356,1,2,negotiation_revision,accepted,true,2025-05-19,2025-05-22,,,,,2025-06-23,115500,USD
OFR-002672-V1,OFR-002672,APP-0038350,REQ-2025-00356,1,1,initial,accepted,true,2025-05-27,2025-05-29,,,,,2025-06-30,93000,USD
OFR-002673-V1,OFR-002673,APP-0038381,REQ-2025-00005,1,1,initial,accepted,true,2025-05-11,2025-05-14,,,,,2025-06-09,69500,USD
OFR-002674-V1,OFR-002674,APP-0038383,REQ-2025-00047,1,1,initial,accepted,true,2025-05-18,2025-05-20,,,,,2025-06-16,98000,USD
OFR-002675-V1,OFR-002675,APP-0038402,REQ-2025-00293,1,1,initial,accepted,true,2025-05-13,2025-05-16,,,,,2025-06-09,59500,USD
OFR-002676-V1,OFR-002676,APP-0038442,REQ-2025-00382,1,1,initial,accepted,false,2025-05-13,2025-05-16,,,,,2025-06-23,125000,USD
OFR-002676-V2,OFR-002676,APP-0038442,REQ-2025-00382,1,2,letter_reissue,accepted,true,2025-05-31,2025-05-31,,,,,2025-06-23,125000,USD
OFR-002677-V1,OFR-002677,APP-0038443,REQ-2025-00386,1,1,initial,accepted,false,2025-05-28,2025-06-02,,,,,2025-06-30,85500,USD
OFR-002677-V2,OFR-002677,APP-0038443,REQ-2025-00386,1,2,salary_correction,accepted,true,2025-06-13,2025-06-13,,,,,2025-06-30,86700,USD
OFR-002678-V1,OFR-002678,APP-0038446,REQ-2025-00390,1,1,initial,accepted,true,2025-05-03,2025-05-05,,,,,2025-06-09,119500,USD
OFR-002679-V1,OFR-002679,APP-0038448,REQ-2025-00393,1,1,initial,accepted,true,2025-05-06,2025-05-09,,,,,2025-06-09,98500,USD
OFR-002680-V1,OFR-002680,APP-0038453,REQ-2024-01002,1,1,initial,accepted,true,2025-05-17,2025-05-21,,,,,2025-06-09,78000,USD
OFR-002681-V1,OFR-002681,APP-0038480,REQ-2025-00306,1,1,initial,withdrawn,true,2025-05-26,,,2025-05-30,,,2025-06-23,50000,USD
OFR-002682-V1,OFR-002682,APP-0038481,REQ-2025-00311,1,1,initial,declined,true,2025-05-04,,2025-05-07,,,,2025-06-01,127500,USD
OFR-002683-V1,OFR-002683,APP-0038501,REQ-2025-00342,1,1,initial,superseded,false,2025-05-06,,,,,,2025-06-03,83500,USD
OFR-002683-V2,OFR-002683,APP-0038501,REQ-2025-00342,1,2,negotiation_revision,declined,true,2025-05-08,,2025-05-10,,,,2025-06-03,87500,USD
OFR-002684-V1,OFR-002684,APP-0038515,REQ-2025-00359,1,1,initial,accepted,true,2025-05-19,2025-05-21,,,,,2025-06-16,71000,USD
OFR-002685-V1,OFR-002685,APP-0038527,REQ-2025-00379,1,1,initial,superseded,false,2025-05-24,,,,,,2025-07-28,144000,USD
OFR-002685-V2,OFR-002685,APP-0038527,REQ-2025-00379,1,2,negotiation_revision,accepted,true,2025-06-01,2025-06-03,,,,,2025-07-28,153500,USD
OFR-002686-V1,OFR-002686,APP-0038551,REQ-2025-00094,1,1,initial,declined,true,2025-05-31,,2025-06-04,,,,2025-06-28,71500,USD
OFR-002687-V1,OFR-002687,APP-0038587,REQ-2025-00349,1,1,initial,accepted,true,2025-05-24,2025-05-27,,,,,2025-06-16,76000,USD
OFR-002688-V1,OFR-002688,APP-0038608,REQ-2025-00370,1,1,initial,accepted,true,2025-05-15,2025-05-18,,,,,2025-06-23,114500,USD
OFR-002689-V1,OFR-002689,APP-0038628,REQ-2024-00762,1,1,initial,accepted,true,2025-05-09,2025-05-18,,,,,2025-06-16,112500,USD
OFR-002690-V1,OFR-002690,APP-0038645,REQ-2025-00105,1,1,initial,accepted,false,2025-05-21,2025-05-22,,,,,2025-06-23,97000,USD
OFR-002690-V2,OFR-002690,APP-0038645,REQ-2025-00105,1,2,letter_reissue,accepted,true,2025-05-29,2025-05-29,,,,,2025-06-23,97000,USD
OFR-002691-V1,OFR-002691,APP-0038719,REQ-2025-00393,1,1,initial,declined,true,2025-05-14,,2025-05-16,,,,2025-06-11,100500,USD
OFR-002692-V1,OFR-002692,APP-0038757,REQ-2025-00341,1,1,initial,accepted,false,2025-05-21,2025-05-25,,,,,2025-06-30,111500,USD
OFR-002692-V2,OFR-002692,APP-0038757,REQ-2025-00341,1,2,start_date_revision,accepted,true,2025-06-05,2025-06-05,,,,,2025-07-14,111500,USD
OFR-002693-V1,OFR-002693,APP-0038762,REQ-2025-00353,1,1,initial,declined,true,2025-05-16,,2025-05-18,,,,2025-06-13,97500,USD
OFR-002694-V1,OFR-002694,APP-0038771,REQ-2025-00368,1,1,initial,withdrawn,true,2025-05-03,,,2025-05-06,,,2025-05-31,46000,USD
OFR-002695-V1,OFR-002695,APP-0038788,REQ-2025-00393,1,1,initial,accepted,true,2025-05-20,2025-05-23,,,,,2025-06-23,91000,USD
OFR-002696-V1,OFR-002696,APP-0038791,REQ-2025-00396,1,1,initial,accepted,true,2025-05-29,2025-05-31,,,,,2025-07-07,132500,USD
OFR-002697-V1,OFR-002697,APP-0038793,REQ-2025-00399,1,1,initial,accepted,true,2025-05-13,2025-05-16,,,,,2025-06-09,78500,USD
OFR-002698-V1,OFR-002698,APP-0038826,REQ-2025-00308,1,1,initial,superseded,false,2025-06-07,,,,,,2025-07-05,103000,USD
OFR-002698-V2,OFR-002698,APP-0038826,REQ-2025-00308,1,2,negotiation_revision,declined,true,2025-06-11,,2025-06-12,,,,2025-07-05,109500,USD
OFR-002699-V1,OFR-002699,APP-0038842,REQ-2025-00345,1,1,initial,accepted,true,2025-05-19,2025-05-25,,,,,2025-06-30,94500,USD
OFR-002700-V1,OFR-002700,APP-0038858,REQ-2025-00370,1,1,initial,withdrawn,true,2025-05-19,,,2025-05-19,,,2025-06-16,105500,USD
OFR-002701-V1,OFR-002701,APP-0038908,REQ-2025-00100,1,1,initial,accepted,true,2025-05-17,2025-05-30,,,,,2025-07-28,189000,USD
OFR-002702-V1,OFR-002702,APP-0038960,REQ-2025-00370,1,1,initial,accepted,true,2025-05-13,2025-05-19,,,,,2025-06-30,105500,USD
OFR-002703-V1,OFR-002703,APP-0038961,REQ-2025-00370,1,1,initial,accepted,true,2025-05-12,2025-05-18,,,,,2025-06-23,99500,USD
OFR-002704-V1,OFR-002704,APP-0038980,REQ-2025-00415,1,1,initial,accepted,true,2025-05-14,2025-05-16,,,,,2025-06-02,50000,USD
OFR-002705-V1,OFR-002705,APP-0038994,REQ-2025-00008,1,1,initial,superseded,false,2025-06-03,,,,,,2025-08-11,219500,USD
OFR-002705-V2,OFR-002705,APP-0038994,REQ-2025-00008,1,2,negotiation_revision,reneged,true,2025-06-05,2025-06-07,,,,2025-07-28,2025-08-11,232000,USD
OFR-002706-V1,OFR-002706,APP-0039013,REQ-2025-00304,1,1,initial,accepted,true,2025-06-03,2025-06-09,,,,,2025-07-28,119500,USD
OFR-002707-V1,OFR-002707,APP-0039036,REQ-2025-00356,1,1,initial,withdrawn,true,2025-05-28,,,2025-05-31,,,2025-06-25,103000,USD
OFR-002708-V1,OFR-002708,APP-0039040,REQ-2025-00364,1,1,initial,declined,true,2025-05-14,,2025-05-15,,,,2025-06-11,111000,USD
OFR-002709-V1,OFR-002709,APP-0039057,REQ-2025-00394,1,1,initial,superseded,false,2025-05-14,,,,,,2025-06-16,69000,USD
OFR-002709-V2,OFR-002709,APP-0039057,REQ-2025-00394,1,2,negotiation_revision,accepted,true,2025-05-15,2025-05-18,,,,,2025-06-16,73000,USD
OFR-002710-V1,OFR-002710,APP-0039074,REQ-2024-00757,1,1,initial,withdrawn,true,2025-06-13,,,2025-06-13,,,2025-07-11,78000,USD
OFR-002711-V1,OFR-002711,APP-0039133,REQ-2025-00382,1,1,initial,superseded,false,2025-05-15,,,,,,2025-06-12,116500,USD
OFR-002711-V2,OFR-002711,APP-0039133,REQ-2025-00382,1,2,negotiation_revision,withdrawn,true,2025-05-16,,,2025-05-17,,,2025-06-12,121500,USD
OFR-002712-V1,OFR-002712,APP-0039144,REQ-2025-00393,1,1,initial,accepted,true,2025-05-28,2025-05-30,,,,,2025-07-07,98000,USD
OFR-002713-V1,OFR-002713,APP-0039150,REQ-2025-00398,1,1,initial,declined,true,2025-05-13,,2025-05-16,,,,2025-06-10,43500,USD
OFR-002714-V1,OFR-002714,APP-0039163,REQ-2025-00423,1,1,initial,accepted,true,2025-05-21,2025-05-24,,,,,2025-06-16,82000,USD
OFR-002715-V1,OFR-002715,APP-0039183,REQ-2025-00187,1,1,initial,superseded,false,2025-06-16,,,,,,2025-07-21,134500,USD
OFR-002715-V2,OFR-002715,APP-0039183,REQ-2025-00187,1,2,negotiation_revision,accepted,true,2025-06-18,2025-06-19,,,,,2025-07-21,143500,USD
OFR-002716-V1,OFR-002716,APP-0039229,REQ-2025-00417,1,1,initial,accepted,true,2025-05-20,2025-05-23,,,,,2025-06-23,83500,USD
OFR-002717-V1,OFR-002717,APP-0039237,REQ-2024-00895,1,1,initial,superseded,false,2025-05-28,,,,,,2025-07-07,125500,USD
OFR-002717-V2,OFR-002717,APP-0039237,REQ-2024-00895,1,2,negotiation_revision,accepted,true,2025-05-29,2025-05-30,,,,,2025-07-07,132500,USD
OFR-002718-V1,OFR-002718,APP-0039248,REQ-2025-00094,1,1,initial,accepted,true,2025-06-04,2025-06-07,,,,,2025-06-30,67000,USD
OFR-002719-V1,OFR-002719,APP-0039277,REQ-2025-00345,1,1,initial,superseded,false,2025-05-19,,,,,,2025-06-16,107500,USD
OFR-002719-V2,OFR-002719,APP-0039277,REQ-2025-00345,1,2,negotiation_revision,declined,true,2025-05-21,,2025-05-23,,,,2025-06-16,112000,USD
OFR-002720-V1,OFR-002720,APP-0039280,REQ-2025-00354,1,1,initial,superseded,false,2025-05-23,,,,,,2025-07-07,112000,USD
OFR-002720-V2,OFR-002720,APP-0039280,REQ-2025-00354,1,2,negotiation_revision,accepted,false,2025-05-25,2025-05-26,,,,,2025-07-07,117500,USD
OFR-002720-V3,OFR-002720,APP-0039280,REQ-2025-00354,1,3,letter_reissue,accepted,true,2025-05-31,2025-05-31,,,,,2025-07-07,117500,USD
OFR-002721-V1,OFR-002721,APP-0039287,REQ-2025-00366,1,1,initial,accepted,true,2025-06-01,2025-06-03,,,,,2025-08-04,176500,USD
OFR-002722-V1,OFR-002722,APP-0039300,REQ-2025-00389,1,1,initial,withdrawn,true,2025-05-17,,,2025-05-21,,,2025-06-14,63000,USD
OFR-002723-V1,OFR-002723,APP-0039305,REQ-2025-00392,1,1,initial,superseded,false,2025-06-13,,,,,,2025-07-28,109500,USD
OFR-002723-V2,OFR-002723,APP-0039305,REQ-2025-00392,1,2,negotiation_revision,accepted,true,2025-06-14,2025-06-18,,,,,2025-07-28,113500,USD
OFR-002724-V1,OFR-002724,APP-0039309,REQ-2025-00393,1,1,initial,accepted,true,2025-05-29,2025-05-30,,,,,2025-07-07,89500,USD
OFR-002725-V1,OFR-002725,APP-0039337,REQ-2024-00962,1,1,initial,accepted,true,2025-06-15,2025-06-21,,,,,2025-09-01,235000,USD
OFR-002726-V1,OFR-002726,APP-0039353,REQ-2025-00290,1,1,initial,declined,true,2025-05-12,,2025-05-17,,,,2025-06-09,53500,USD
OFR-002727-V1,OFR-002727,APP-0039362,REQ-2025-00329,1,1,initial,accepted,true,2025-05-16,2025-05-22,,,,,2025-06-30,97000,USD
OFR-002728-V1,OFR-002728,APP-0039395,REQ-2025-00389,1,1,initial,accepted,true,2025-05-15,2025-05-19,,,,,2025-06-16,67000,USD
OFR-002729-V1,OFR-002729,APP-0039405,REQ-2025-00394,1,1,initial,declined,true,2025-06-03,,2025-06-07,,,,2025-07-01,73000,USD
OFR-002730-V1,OFR-002730,APP-0039414,REQ-2025-00408,1,1,initial,reneged,true,2025-06-10,2025-06-13,,,,2025-07-17,2025-07-28,124500,USD
OFR-002731-V1,OFR-002731,APP-0039427,REQ-2025-00424,1,1,initial,superseded,false,2025-05-27,,,,,,2025-06-24,55000,USD
OFR-002731-V2,OFR-002731,APP-0039427,REQ-2025-00424,1,2,negotiation_revision,declined,true,2025-05-28,,2025-05-29,,,,2025-06-24,58000,USD
OFR-002732-V1,OFR-002732,APP-0039428,REQ-2025-00431,1,1,initial,accepted,true,2025-05-27,2025-05-30,,,,,2025-06-16,73000,USD
OFR-002733-V1,OFR-002733,APP-0039432,REQ-2025-00434,1,1,initial,accepted,true,2025-05-28,2025-06-01,,,,,2025-06-30,85500,USD
OFR-002734-V1,OFR-002734,APP-0039467,REQ-2025-00356,1,1,initial,superseded,false,2025-05-25,,,,,,2025-06-22,99500,USD
OFR-002734-V2,OFR-002734,APP-0039467,REQ-2025-00356,1,2,negotiation_revision,withdrawn,true,2025-05-27,,,2025-05-30,,,2025-06-22,102500,USD
OFR-002735-V1,OFR-002735,APP-0039507,REQ-2025-00418,1,1,initial,accepted,true,2025-05-23,2025-05-26,,,,,2025-06-16,60000,USD
OFR-002736-V1,OFR-002736,APP-0039525,REQ-2024-00828,1,1,initial,accepted,true,2025-06-21,2025-06-25,,,,,2025-07-28,125000,USD
OFR-002737-V1,OFR-002737,APP-0039560,REQ-2025-00376,1,1,initial,accepted,true,2025-06-15,2025-06-18,,,,,2025-07-28,126000,USD
OFR-002738-V1,OFR-002738,APP-0039568,REQ-2025-00393,1,1,initial,accepted,false,2025-05-17,2025-05-23,,,,,2025-06-23,93500,USD
OFR-002738-V2,OFR-002738,APP-0039568,REQ-2025-00393,1,2,letter_reissue,accepted,true,2025-06-05,2025-06-05,,,,,2025-06-23,93500,USD
OFR-002739-V1,OFR-002739,APP-0039592,REQ-2025-00429,1,1,initial,reneged,true,2025-06-16,2025-06-19,,,,2025-07-26,2025-08-11,145500,USD
OFR-002740-V1,OFR-002740,APP-0039592,REQ-2025-00429,2,1,initial,reneged,true,2025-08-13,2025-08-18,,,,2025-09-02,2025-09-08,85500,USD
OFR-002741-V1,OFR-002741,APP-0039617,REQ-2025-00263,1,1,initial,accepted,true,2025-05-18,2025-05-25,,,,,2025-06-23,66500,USD
OFR-002742-V1,OFR-002742,APP-0039654,REQ-2025-00397,1,1,initial,accepted,true,2025-06-13,2025-06-17,,,,,2025-07-28,124500,USD
OFR-002743-V1,OFR-002743,APP-0039668,REQ-2025-00416,1,1,initial,accepted,true,2025-06-17,2025-06-26,,,,,2025-08-11,209500,USD
OFR-002744-V1,OFR-002744,APP-0039703,REQ-2025-00042,1,1,initial,accepted,true,2025-07-07,2025-07-14,,,,,2025-08-11,154500,USD
OFR-002745-V1,OFR-002745,APP-0039717,REQ-2025-00334,1,1,initial,accepted,false,2025-06-01,2025-06-02,,,,,2025-07-14,97000,USD
OFR-002745-V2,OFR-002745,APP-0039717,REQ-2025-00334,1,2,salary_correction,accepted,true,2025-06-06,2025-06-06,,,,,2025-07-14,96900,USD
OFR-002746-V1,OFR-002746,APP-0039741,REQ-2025-00398,1,1,initial,superseded,false,2025-05-24,,,,,,2025-06-21,50000,USD
OFR-002746-V2,OFR-002746,APP-0039741,REQ-2025-00398,1,2,negotiation_revision,declined,true,2025-05-26,,2025-05-27,,,,2025-06-21,53500,USD
OFR-002747-V1,OFR-002747,APP-0039743,REQ-2025-00401,1,1,initial,accepted,true,2025-06-01,2025-06-11,,,,,2025-07-07,66500,USD
OFR-002748-V1,OFR-002748,APP-0039745,REQ-2025-00406,1,1,initial,superseded,false,2025-06-08,,,,,,2025-07-06,92500,USD
OFR-002748-V2,OFR-002748,APP-0039745,REQ-2025-00406,1,2,negotiation_revision,declined,true,2025-06-10,,2025-06-12,,,,2025-07-06,97000,USD
OFR-002749-V1,OFR-002749,APP-0039747,REQ-2025-00414,1,1,initial,accepted,true,2025-05-27,2025-05-30,,,,,2025-06-16,73000,USD
OFR-002750-V1,OFR-002750,APP-0039774,REQ-2025-00093,1,1,initial,withdrawn,true,2025-06-10,,,2025-06-15,,,2025-07-08,79000,USD
OFR-002751-V1,OFR-002751,APP-0039780,REQ-2025-00177,1,1,initial,accepted,true,2025-05-30,2025-06-03,,,,,2025-07-28,176000,USD
OFR-002752-V1,OFR-002752,APP-0039795,REQ-2025-00354,1,1,initial,accepted,true,2025-06-06,2025-06-10,,,,,2025-07-14,115500,USD
OFR-002753-V1,OFR-002753,APP-0039809,REQ-2025-00393,1,1,initial,accepted,false,2025-05-24,2025-05-29,,,,,2025-07-07,99500,USD
OFR-002753-V2,OFR-002753,APP-0039809,REQ-2025-00393,1,2,letter_reissue,accepted,true,2025-06-08,2025-06-08,,,,,2025-07-07,99500,USD
OFR-002754-V1,OFR-002754,APP-0039818,REQ-2025-00412,1,1,initial,declined,true,2025-05-29,,2025-05-30,,,,2025-06-26,74500,USD
OFR-002755-V1,OFR-002755,APP-0039821,REQ-2025-00417,1,1,initial,accepted,true,2025-05-26,2025-05-28,,,,,2025-06-30,79500,USD
OFR-002756-V1,OFR-002756,APP-0039823,REQ-2025-00419,1,1,initial,accepted,false,2025-05-25,2025-05-26,,,,,2025-06-23,59000,USD
OFR-002756-V2,OFR-002756,APP-0039823,REQ-2025-00419,1,2,salary_correction,accepted,true,2025-06-03,2025-06-03,,,,,2025-06-23,59400,USD
OFR-002757-V1,OFR-002757,APP-0039825,REQ-2025-00427,1,1,initial,accepted,true,2025-05-31,2025-06-03,,,,,2025-06-23,54000,USD
OFR-002758-V1,OFR-002758,APP-0039833,REQ-2025-00439,1,1,initial,accepted,true,2025-06-07,2025-06-13,,,,,2025-07-14,92500,USD
OFR-002759-V1,OFR-002759,APP-0039835,REQ-2025-00441,1,1,initial,declined,true,2025-05-27,,2025-05-30,,,,2025-06-24,59000,USD
OFR-002760-V1,OFR-002760,APP-0039840,REQ-2025-00443,1,1,initial,superseded,false,2025-05-21,,,,,,2025-06-30,114500,USD
OFR-002760-V2,OFR-002760,APP-0039840,REQ-2025-00443,1,2,negotiation_revision,accepted,true,2025-05-23,2025-05-28,,,,,2025-06-30,121000,USD
OFR-002761-V1,OFR-002761,APP-0039850,REQ-2025-00011,1,1,initial,declined,true,2025-06-01,,2025-06-03,,,,2025-06-29,130500,USD
OFR-002762-V1,OFR-002762,APP-0039880,REQ-2025-00403,1,1,initial,accepted,true,2025-06-24,2025-07-07,,,,,2025-08-18,168000,USD
OFR-002763-V1,OFR-002763,APP-0039919,REQ-2025-00114,1,1,initial,superseded,false,2025-05-29,,,,,,2025-06-23,81000,USD
OFR-002763-V2,OFR-002763,APP-0039919,REQ-2025-00114,1,2,negotiation_revision,accepted,true,2025-05-30,2025-06-03,,,,,2025-06-23,86000,USD
OFR-002764-V1,OFR-002764,APP-0039921,REQ-2025-00187,1,1,initial,declined,true,2025-06-11,,2025-06-16,,,,2025-07-09,141500,USD
OFR-002765-V1,OFR-002765,APP-0039932,REQ-2025-00313,1,1,initial,superseded,false,2025-06-11,,,,,,2025-07-09,132500,USD
OFR-002765-V2,OFR-002765,APP-0039932,REQ-2025-00313,1,2,negotiation_revision,declined,true,2025-06-12,,2025-06-14,,,,2025-07-09,138500,USD
OFR-002766-V1,OFR-002766,APP-0039955,REQ-2025-00405,1,1,initial,accepted,false,2025-05-29,2025-06-02,,,,,2025-06-30,68500,USD
OFR-002766-V2,OFR-002766,APP-0039955,REQ-2025-00405,1,2,letter_reissue,accepted,true,2025-06-16,2025-06-16,,,,,2025-06-30,68500,USD
OFR-002767-V1,OFR-002767,APP-0039966,REQ-2025-00417,1,1,initial,withdrawn,true,2025-05-24,,,2025-05-30,,,2025-06-21,72500,USD
OFR-002768-V1,OFR-002768,APP-0039974,REQ-2025-00441,1,1,initial,accepted,true,2025-05-19,2025-05-21,,,,,2025-06-16,67500,USD
OFR-002769-V1,OFR-002769,APP-0039999,REQ-2025-00306,1,1,initial,accepted,true,2025-05-27,2025-05-29,,,,,2025-06-09,50000,USD
OFR-002770-V1,OFR-002770,APP-0040002,REQ-2025-00339,1,1,initial,accepted,true,2025-06-11,2025-06-13,,,,,2025-07-21,131500,USD
OFR-002771-V1,OFR-002771,APP-0040005,REQ-2025-00350,1,1,initial,declined,true,2025-05-24,,2025-06-07,,,,2025-06-21,147500,USD
OFR-002772-V1,OFR-002772,APP-0040016,REQ-2025-00384,1,1,initial,superseded,false,2025-05-25,,,,,,2025-06-23,52000,USD
OFR-002772-V2,OFR-002772,APP-0040016,REQ-2025-00384,1,2,negotiation_revision,accepted,true,2025-05-26,2025-05-29,,,,,2025-06-23,54500,USD
OFR-002773-V1,OFR-002773,APP-0040032,REQ-2025-00427,1,1,initial,superseded,false,2025-05-31,,,,,,2025-06-28,59500,USD
OFR-002773-V2,OFR-002773,APP-0040032,REQ-2025-00427,1,2,negotiation_revision,withdrawn,true,2025-06-02,,,2025-06-03,,,2025-06-28,63000,USD
OFR-002774-V1,OFR-002774,APP-0040035,REQ-2025-00430,1,1,initial,accepted,true,2025-06-04,2025-06-05,,,,,2025-06-23,60500,USD
OFR-002775-V1,OFR-002775,APP-0040038,REQ-2025-00438,1,1,initial,accepted,true,2025-06-03,2025-06-04,,,,,2025-06-30,51000,USD
OFR-002776-V1,OFR-002776,APP-0040041,REQ-2025-00442,1,1,initial,accepted,true,2025-06-01,2025-06-02,,,,,2025-07-14,112000,USD
OFR-002777-V1,OFR-002777,APP-0040043,REQ-2025-00446,1,1,initial,withdrawn,true,2025-05-30,,,2025-05-31,,,2025-06-27,69500,USD
OFR-002778-V1,OFR-002778,APP-0040063,REQ-2025-00073,1,1,initial,accepted,true,2025-06-24,2025-07-01,,,,,2025-09-08,203500,USD
OFR-002779-V1,OFR-002779,APP-0040067,REQ-2025-00205,1,1,initial,accepted,true,2025-06-06,2025-06-08,,,,,2025-07-07,106000,USD
OFR-002780-V1,OFR-002780,APP-0040080,REQ-2025-00322,1,1,initial,accepted,true,2025-06-20,2025-06-21,,,,,2025-07-07,71500,USD
OFR-002781-V1,OFR-002781,APP-0040104,REQ-2025-00410,1,1,initial,accepted,false,2025-06-05,2025-06-09,,,,,2025-07-21,138500,USD
OFR-002781-V2,OFR-002781,APP-0040104,REQ-2025-00410,1,2,letter_reissue,accepted,true,2025-06-15,2025-06-15,,,,,2025-07-21,138500,USD
OFR-002782-V1,OFR-002782,APP-0040114,REQ-2025-00424,1,1,initial,accepted,true,2025-06-02,2025-06-09,,,,,2025-06-30,52500,USD
OFR-002783-V1,OFR-002783,APP-0040115,REQ-2025-00425,1,1,initial,superseded,false,2025-06-12,,,,,,2025-07-07,98500,USD
OFR-002783-V2,OFR-002783,APP-0040115,REQ-2025-00425,1,2,negotiation_revision,accepted,false,2025-06-14,2025-06-15,,,,,2025-07-07,104000,USD
OFR-002783-V3,OFR-002783,APP-0040115,REQ-2025-00425,1,3,letter_reissue,accepted,true,2025-06-24,2025-06-24,,,,,2025-07-07,104000,USD
OFR-002784-V1,OFR-002784,APP-0040131,REQ-2025-00446,1,1,initial,accepted,true,2025-05-29,2025-05-31,,,,,2025-06-30,77000,USD
OFR-002785-V1,OFR-002785,APP-0040134,REQ-2025-00450,1,1,initial,accepted,true,2025-05-19,2025-05-25,,,,,2025-07-07,90000,USD
OFR-002786-V1,OFR-002786,APP-0040142,REQ-2025-00458,1,1,initial,accepted,false,2025-05-28,2025-05-30,,,,,2025-06-30,70500,USD
OFR-002786-V2,OFR-002786,APP-0040142,REQ-2025-00458,1,2,start_date_revision,accepted,true,2025-06-11,2025-06-11,,,,,2025-07-21,70500,USD
OFR-002787-V1,OFR-002787,APP-0040146,REQ-2024-00848,1,1,initial,accepted,true,2025-06-10,2025-06-15,,,,,2025-07-14,79500,USD
OFR-002788-V1,OFR-002788,APP-0040163,REQ-2025-00268,1,1,initial,declined,true,2025-06-09,,2025-06-11,,,,2025-07-07,88000,USD
OFR-002789-V1,OFR-002789,APP-0040166,REQ-2025-00308,1,1,initial,accepted,true,2025-06-08,2025-06-11,,,,,2025-06-30,99000,USD
OFR-002790-V1,OFR-002790,APP-0040188,REQ-2025-00404,1,1,initial,declined,true,2025-06-07,,2025-06-16,,,,2025-07-05,108500,USD
OFR-002791-V1,OFR-002791,APP-0040191,REQ-2025-00406,1,1,initial,accepted,true,2025-06-05,2025-06-08,,,,,2025-07-14,96000,USD
OFR-002792-V1,OFR-002792,APP-0040213,REQ-2025-00442,1,1,initial,accepted,true,2025-05-24,2025-05-25,,,,,2025-07-07,106500,USD
OFR-002793-V1,OFR-002793,APP-0040222,REQ-2025-00458,1,1,initial,withdrawn,true,2025-05-30,,,2025-06-02,,,2025-06-27,77000,USD
OFR-002794-V1,OFR-002794,APP-0040225,REQ-2025-00458,1,1,initial,withdrawn,true,2025-05-27,,,2025-05-30,,,2025-06-24,72000,USD
OFR-002795-V1,OFR-002795,APP-0040234,REQ-2024-01084,1,1,initial,accepted,true,2025-06-25,2025-06-28,,,,,2025-07-21,102000,USD
OFR-002796-V1,OFR-002796,APP-0040239,REQ-2025-00181,1,1,initial,accepted,false,2025-06-06,2025-06-11,,,,,2025-07-14,84000,USD
OFR-002796-V2,OFR-002796,APP-0040239,REQ-2025-00181,1,2,letter_reissue,accepted,true,2025-06-26,2025-06-26,,,,,2025-07-14,84000,USD
OFR-002797-V1,OFR-002797,APP-0040248,REQ-2025-00338,1,1,initial,superseded,false,2025-07-04,,,,,,2025-08-11,127000,USD
OFR-002797-V2,OFR-002797,APP-0040248,REQ-2025-00338,1,2,negotiation_revision,accepted,false,2025-07-06,2025-07-08,,,,,2025-08-11,136000,USD
OFR-002797-V3,OFR-002797,APP-0040248,REQ-2025-00338,1,3,letter_reissue,accepted,true,2025-07-15,2025-07-15,,,,,2025-08-11,136000,USD
OFR-002798-V1,OFR-002798,APP-0040280,REQ-2025-00429,1,1,initial,withdrawn,true,2025-06-17,,,2025-06-20,,,2025-07-15,158500,USD
OFR-002799-V1,OFR-002799,APP-0040289,REQ-2025-00443,1,1,initial,accepted,true,2025-05-27,2025-05-29,,,,,2025-06-30,97500,USD
OFR-002800-V1,OFR-002800,APP-0040297,REQ-2024-00737,1,1,initial,accepted,true,2025-06-11,2025-06-13,,,,,2025-07-28,117000,USD
OFR-002801-V1,OFR-002801,APP-0040304,REQ-2024-01166,1,1,initial,declined,true,2025-06-16,,2025-06-19,,,,2025-07-14,70500,USD
OFR-002802-V1,OFR-002802,APP-0040309,REQ-2025-00143,1,1,initial,accepted,true,2025-06-02,2025-06-04,,,,,2025-06-30,54000,USD
OFR-002803-V1,OFR-002803,APP-0040331,REQ-2025-00377,1,1,initial,accepted,true,2025-06-09,2025-06-15,,,,,2025-06-30,72000,USD
OFR-002804-V1,OFR-002804,APP-0040342,REQ-2025-00424,1,1,initial,withdrawn,true,2025-06-08,,,2025-06-10,,,2025-07-06,57000,USD
OFR-002805-V1,OFR-002805,APP-0040352,REQ-2025-00441,1,1,initial,accepted,true,2025-05-26,2025-05-28,,,,,2025-06-30,64000,USD
OFR-002806-V1,OFR-002806,APP-0040359,REQ-2025-00457,1,1,initial,superseded,false,2025-05-23,,,,,,2025-06-09,54000,USD
OFR-002806-V2,OFR-002806,APP-0040359,REQ-2025-00457,1,2,negotiation_revision,accepted,true,2025-05-26,2025-05-27,,,,,2025-06-09,58000,USD
OFR-002807-V1,OFR-002807,APP-0040367,REQ-2024-01000,1,1,initial,accepted,true,2025-06-25,2025-06-28,,,,,2025-08-04,130500,USD
OFR-002808-V1,OFR-002808,APP-0040372,REQ-2024-01124,1,1,initial,superseded,false,2025-06-05,,,,,,2025-07-07,83500,USD
OFR-002808-V2,OFR-002808,APP-0040372,REQ-2024-01124,1,2,negotiation_revision,accepted,true,2025-06-06,2025-06-07,,,,,2025-07-07,88500,USD
OFR-002809-V1,OFR-002809,APP-0040374,REQ-2024-01209,1,1,initial,declined,true,2025-06-12,,2025-06-14,,,,2025-07-10,75000,USD
OFR-002810-V1,OFR-002810,APP-0040407,REQ-2025-00405,1,1,initial,accepted,true,2025-06-01,2025-06-02,,,,,2025-06-30,77500,USD
OFR-002811-V1,OFR-002811,APP-0040413,REQ-2025-00411,1,1,initial,accepted,true,2025-06-15,2025-06-21,,,,,2025-07-21,84000,USD
OFR-002812-V1,OFR-002812,APP-0040431,REQ-2025-00448,1,1,initial,accepted,false,2025-06-01,2025-06-07,,,,,2025-06-30,65000,USD
OFR-002812-V2,OFR-002812,APP-0040431,REQ-2025-00448,1,2,letter_reissue,accepted,true,2025-06-09,2025-06-09,,,,,2025-06-30,65000,USD
OFR-002813-V1,OFR-002813,APP-0040442,REQ-2025-00459,1,1,initial,declined,true,2025-06-28,,2025-07-05,,,,2025-07-26,279000,USD
OFR-002814-V1,OFR-002814,APP-0040487,REQ-2025-00394,1,1,initial,accepted,true,2025-06-07,2025-06-11,,,,,2025-06-30,75500,USD
OFR-002815-V1,OFR-002815,APP-0040519,REQ-2025-00469,1,1,initial,accepted,false,2025-05-31,2025-06-04,,,,,2025-06-30,70500,USD
OFR-002815-V2,OFR-002815,APP-0040519,REQ-2025-00469,1,2,letter_reissue,accepted,true,2025-06-09,2025-06-09,,,,,2025-06-30,70500,USD
OFR-002816-V1,OFR-002816,APP-0040593,REQ-2024-01117,1,1,initial,accepted,true,2025-07-15,2025-07-19,,,,,2025-09-22,212500,USD
OFR-002817-V1,OFR-002817,APP-0040597,REQ-2025-00036,1,1,initial,accepted,true,2025-07-18,2025-07-23,,,,,2025-08-25,162000,USD
OFR-002818-V1,OFR-002818,APP-0040608,REQ-2025-00309,1,1,initial,accepted,true,2025-06-13,2025-06-16,,,,,2025-07-14,66500,USD
OFR-002819-V1,OFR-002819,APP-0040616,REQ-2025-00394,1,1,initial,accepted,true,2025-06-06,2025-06-07,,,,,2025-06-30,68500,USD
OFR-002820-V1,OFR-002820,APP-0040656,REQ-2025-00468,1,1,initial,superseded,false,2025-06-11,,,,,,2025-07-21,143500,USD
OFR-002820-V2,OFR-002820,APP-0040656,REQ-2025-00468,1,2,negotiation_revision,accepted,false,2025-06-14,2025-06-16,,,,,2025-07-21,151500,USD
OFR-002820-V3,OFR-002820,APP-0040656,REQ-2025-00468,1,3,start_date_revision,accepted,true,2025-06-18,2025-06-18,,,,,2025-08-04,151500,USD
OFR-002821-V1,OFR-002821,APP-0040728,REQ-2025-00451,1,1,initial,declined,true,2025-06-11,,2025-06-12,,,,2025-07-09,67000,USD
OFR-002822-V1,OFR-002822,APP-0040732,REQ-2025-00455,1,1,initial,rescinded,true,2025-06-11,2025-06-13,,,2025-06-21,,2025-06-30,56500,USD
OFR-002823-V1,OFR-002823,APP-0040746,REQ-2025-00474,1,1,initial,accepted,true,2025-06-12,2025-06-13,,,,,2025-07-14,104000,USD
OFR-002824-V1,OFR-002824,APP-0040748,REQ-2025-00481,1,1,initial,withdrawn,true,2025-06-10,,,2025-06-11,,,2025-07-08,103000,USD
OFR-002825-V1,OFR-002825,APP-0040749,REQ-2025-00482,1,1,initial,superseded,false,2025-06-06,,,,,,2025-06-30,75000,USD
OFR-002825-V2,OFR-002825,APP-0040749,REQ-2025-00482,1,2,negotiation_revision,accepted,false,2025-06-08,2025-06-09,,,,,2025-06-30,79000,USD
OFR-002825-V3,OFR-002825,APP-0040749,REQ-2025-00482,1,3,letter_reissue,accepted,true,2025-06-17,2025-06-17,,,,,2025-06-30,79000,USD
OFR-002826-V1,OFR-002826,APP-0040753,REQ-2025-00486,1,1,initial,accepted,true,2025-06-02,2025-06-05,,,,,2025-06-30,94500,USD
OFR-002827-V1,OFR-002827,APP-0040757,REQ-2025-00488,1,1,initial,accepted,true,2025-06-02,2025-06-04,,,,,2025-06-30,76500,USD
OFR-002828-V1,OFR-002828,APP-0040778,REQ-2025-00221,1,1,initial,accepted,true,2025-06-29,2025-07-04,,,,,2025-08-25,126000,USD
OFR-002829-V1,OFR-002829,APP-0040779,REQ-2025-00238,1,1,initial,accepted,true,2025-06-26,2025-06-27,,,,,2025-08-18,149000,USD
OFR-002830-V1,OFR-002830,APP-0040811,REQ-2025-00447,1,1,initial,superseded,false,2025-06-17,,,,,,2025-07-21,74000,USD
OFR-002830-V2,OFR-002830,APP-0040811,REQ-2025-00447,1,2,negotiation_revision,accepted,true,2025-06-18,2025-06-19,,,,,2025-07-21,79500,USD
OFR-002831-V1,OFR-002831,APP-0040826,REQ-2025-00474,1,1,initial,accepted,true,2025-06-08,2025-06-09,,,,,2025-07-14,114000,USD
OFR-002832-V1,OFR-002832,APP-0040828,REQ-2025-00478,1,1,initial,accepted,false,2025-06-19,2025-06-25,,,,,2025-08-04,115500,USD
OFR-002832-V2,OFR-002832,APP-0040828,REQ-2025-00478,1,2,salary_correction,accepted,true,2025-07-03,2025-07-03,,,,,2025-08-04,117000,USD
OFR-002833-V1,OFR-002833,APP-0040830,REQ-2025-00482,1,1,initial,accepted,true,2025-05-31,2025-06-03,,,,,2025-06-30,83000,USD
OFR-002834-V1,OFR-002834,APP-0040834,REQ-2025-00487,1,1,initial,accepted,true,2025-05-29,2025-06-02,,,,,2025-07-14,105000,USD
OFR-002835-V1,OFR-002835,APP-0040838,REQ-2025-00490,1,1,initial,accepted,true,2025-05-30,2025-06-02,,,,,2025-06-16,54000,USD
OFR-002836-V1,OFR-002836,APP-0040839,REQ-2025-00490,1,1,initial,accepted,true,2025-06-05,2025-06-06,,,,,2025-06-23,63000,USD
OFR-002837-V1,OFR-002837,APP-0040843,REQ-2024-00515,1,1,initial,accepted,true,2025-06-20,2025-06-22,,,,,2025-07-14,72500,USD
OFR-002838-V1,OFR-002838,APP-0040851,REQ-2024-01225,1,1,initial,reneged,true,2025-06-18,2025-06-19,,,,2025-07-08,2025-07-28,115500,USD
OFR-002839-V1,OFR-002839,APP-0040860,REQ-2025-00290,1,1,initial,declined,true,2025-06-06,,2025-06-07,,,,2025-07-04,51000,USD
OFR-002840-V1,OFR-002840,APP-0040873,REQ-2025-00398,1,1,initial,superseded,false,2025-06-13,,,,,,2025-07-14,47000,USD
OFR-002840-V2,OFR-002840,APP-0040873,REQ-2025-00398,1,2,negotiation_revision,accepted,false,2025-06-14,2025-06-15,,,,,2025-07-14,50500,USD
OFR-002840-V3,OFR-002840,APP-0040873,REQ-2025-00398,1,3,salary_correction,accepted,true,2025-06-22,2025-06-22,,,,,2025-07-14,50300,USD
OFR-002841-V1,OFR-002841,APP-0040885,REQ-2025-00442,1,1,initial,declined,true,2025-06-03,,2025-06-04,,,,2025-07-01,108000,USD
OFR-002842-V1,OFR-002842,APP-0040905,REQ-2025-00464,1,1,initial,declined,true,2025-06-04,,2025-06-09,,,,2025-07-02,89500,USD
OFR-002843-V1,OFR-002843,APP-0040909,REQ-2025-00471,1,1,initial,reneged,true,2025-06-07,2025-06-10,,,,2025-07-07,2025-07-14,62000,USD
OFR-002844-V1,OFR-002844,APP-0040926,REQ-2025-00489,1,1,initial,accepted,false,2025-06-18,2025-06-20,,,,,2025-07-14,90000,USD
OFR-002844-V2,OFR-002844,APP-0040926,REQ-2025-00489,1,2,start_date_revision,accepted,true,2025-07-05,2025-07-05,,,,,2025-08-04,90000,USD
OFR-002845-V1,OFR-002845,APP-0040961,REQ-2025-00347,1,1,initial,accepted,true,2025-06-12,2025-06-17,,,,,2025-07-14,72500,USD
OFR-002846-V1,OFR-002846,APP-0040970,REQ-2025-00437,1,1,initial,accepted,true,2025-06-12,2025-06-15,,,,,2025-07-07,106500,USD
OFR-002847-V1,OFR-002847,APP-0040975,REQ-2025-00445,1,1,initial,accepted,true,2025-06-10,2025-06-11,,,,,2025-06-30,77500,USD
OFR-002848-V1,OFR-002848,APP-0040981,REQ-2025-00454,1,1,initial,superseded,false,2025-06-08,,,,,,2025-07-21,133500,USD
OFR-002848-V2,OFR-002848,APP-0040981,REQ-2025-00454,1,2,negotiation_revision,accepted,false,2025-06-11,2025-06-13,,,,,2025-07-21,144000,USD
OFR-002848-V3,OFR-002848,APP-0040981,REQ-2025-00454,1,3,start_date_revision,accepted,true,2025-06-24,2025-06-24,,,,,2025-08-11,144000,USD
OFR-002849-V1,OFR-002849,APP-0040994,REQ-2025-00471,1,1,initial,accepted,true,2025-06-08,2025-06-09,,,,,2025-07-07,63000,USD
OFR-002850-V1,OFR-002850,APP-0040995,REQ-2025-00474,1,1,initial,withdrawn,true,2025-06-15,,,2025-06-17,,,2025-07-13,106000,USD
OFR-002851-V1,OFR-002851,APP-0040996,REQ-2025-00474,1,1,initial,accepted,true,2025-06-12,2025-06-15,,,,,2025-07-21,98000,USD
OFR-002852-V1,OFR-002852,APP-0041002,REQ-2025-00481,1,1,initial,accepted,true,2025-06-02,2025-06-06,,,,,2025-07-14,99000,USD
OFR-002853-V1,OFR-002853,APP-0041013,REQ-2025-00491,1,1,initial,accepted,true,2025-05-30,2025-05-31,,,,,2025-06-23,63500,USD
OFR-002854-V1,OFR-002854,APP-0041018,REQ-2025-00497,1,1,initial,accepted,false,2025-06-15,2025-06-19,,,,,2025-07-21,96500,USD
OFR-002854-V2,OFR-002854,APP-0041018,REQ-2025-00497,1,2,salary_correction,accepted,true,2025-07-03,2025-07-03,,,,,2025-07-21,98300,USD
OFR-002855-V1,OFR-002855,APP-0041035,REQ-2025-00104,1,1,initial,withdrawn,true,2025-07-04,,,2025-07-13,,,2025-08-01,132500,USD
OFR-002856-V1,OFR-002856,APP-0041045,REQ-2025-00250,1,1,initial,accepted,true,2025-06-17,2025-06-24,,,,,2025-07-21,83500,USD
OFR-002857-V1,OFR-002857,APP-0041074,REQ-2025-00438,1,1,initial,withdrawn,true,2025-06-03,,,2025-06-04,,,2025-07-01,59000,USD
OFR-002858-V1,OFR-002858,APP-0041083,REQ-2025-00455,1,1,initial,declined,true,2025-06-02,,2025-06-06,,,,2025-06-30,57000,USD
OFR-002859-V1,OFR-002859,APP-0041087,REQ-2025-00463,1,1,initial,superseded,false,2025-06-11,,,,,,2025-07-09,150500,USD
OFR-002859-V2,OFR-002859,APP-0041087,REQ-2025-00463,1,2,negotiation_revision,declined,true,2025-06-12,,2025-06-13,,,,2025-07-09,160500,USD
OFR-002860-V1,OFR-002860,APP-0041101,REQ-2025-00481,1,1,initial,withdrawn,true,2025-06-08,,,2025-06-11,,,2025-07-06,104500,USD
OFR-002861-V1,OFR-002861,APP-0041117,REQ-2025-00492,1,1,initial,accepted,true,2025-06-09,2025-06-10,,,,,2025-06-30,60000,USD
OFR-002862-V1,OFR-002862,APP-0041121,REQ-2025-00504,1,1,initial,withdrawn,true,2025-06-05,,,2025-06-11,,,2025-07-03,76000,USD
OFR-002863-V1,OFR-002863,APP-0041131,REQ-2024-01235,1,1,initial,declined,true,2025-06-22,,2025-06-24,,,,2025-07-20,66000,USD
OFR-002864-V1,OFR-002864,APP-0041136,REQ-2025-00088,1,1,initial,accepted,true,2025-06-17,2025-06-22,,,,,2025-07-14,65500,USD
OFR-002865-V1,OFR-002865,APP-0041171,REQ-2025-00476,1,1,initial,withdrawn,true,2025-06-10,,,2025-06-12,,,2025-07-08,75000,USD
OFR-002866-V1,OFR-002866,APP-0041172,REQ-2025-00476,1,1,initial,accepted,true,2025-06-06,2025-06-12,,,,,2025-07-07,74000,USD
OFR-002867-V1,OFR-002867,APP-0041175,REQ-2025-00481,1,1,initial,withdrawn,true,2025-06-09,,,2025-06-11,,,2025-07-07,114500,USD
OFR-002868-V1,OFR-002868,APP-0041180,REQ-2025-00481,1,1,initial,accepted,true,2025-06-07,2025-06-10,,,,,2025-07-14,112000,USD
OFR-002869-V1,OFR-002869,APP-0041185,REQ-2025-00486,1,1,initial,accepted,true,2025-07-17,2025-07-24,,,,,2025-08-25,105500,USD
OFR-002870-V1,OFR-002870,APP-0041201,REQ-2025-00508,1,1,initial,rescinded,true,2025-06-05,2025-06-06,,,2025-06-12,,2025-06-30,59000,USD
OFR-002871-V1,OFR-002871,APP-0041206,REQ-2024-01031,1,1,initial,superseded,false,2025-06-09,,,,,,2025-07-07,78500,USD
OFR-002871-V2,OFR-002871,APP-0041206,REQ-2024-01031,1,2,negotiation_revision,accepted,false,2025-06-12,2025-06-16,,,,,2025-07-07,83000,USD
OFR-002871-V3,OFR-002871,APP-0041206,REQ-2024-01031,1,3,start_date_revision,accepted,true,2025-06-22,2025-06-22,,,,,2025-07-21,83000,USD
OFR-002872-V1,OFR-002872,APP-0041219,REQ-2025-00233,1,1,initial,accepted,true,2025-07-10,2025-07-13,,,,,2025-08-04,85000,USD
OFR-002873-V1,OFR-002873,APP-0041225,REQ-2025-00332,1,1,initial,accepted,true,2025-07-09,2025-07-11,,,,,2025-08-04,79000,USD
OFR-002874-V1,OFR-002874,APP-0041230,REQ-2025-00377,1,1,initial,declined,true,2025-06-24,,2025-06-28,,,,2025-07-22,67500,USD
OFR-002875-V1,OFR-002875,APP-0041249,REQ-2025-00452,1,1,initial,accepted,true,2025-06-07,2025-06-09,,,,,2025-07-14,74000,USD
OFR-002876-V1,OFR-002876,APP-0041252,REQ-2025-00460,1,1,initial,superseded,false,2025-06-06,,,,,,2025-06-30,54000,USD
OFR-002876-V2,OFR-002876,APP-0041252,REQ-2025-00460,1,2,negotiation_revision,accepted,false,2025-06-07,2025-06-09,,,,,2025-06-30,57000,USD
OFR-002876-V3,OFR-002876,APP-0041252,REQ-2025-00460,1,3,salary_correction,accepted,true,2025-06-15,2025-06-15,,,,,2025-06-30,56500,USD
OFR-002877-V1,OFR-002877,APP-0041253,REQ-2025-00462,1,1,initial,superseded,false,2025-06-10,,,,,,2025-07-28,128500,USD
OFR-002877-V2,OFR-002877,APP-0041253,REQ-2025-00462,1,2,negotiation_revision,accepted,false,2025-06-13,2025-06-17,,,,,2025-07-28,135500,USD
OFR-002877-V3,OFR-002877,APP-0041253,REQ-2025-00462,1,3,start_date_revision,accepted,true,2025-07-01,2025-07-01,,,,,2025-08-11,135500,USD
OFR-002878-V1,OFR-002878,APP-0041257,REQ-2025-00467,1,1,initial,superseded,false,2025-06-11,,,,,,2025-07-14,133000,USD
OFR-002878-V2,OFR-002878,APP-0041257,REQ-2025-00467,1,2,negotiation_revision,accepted,true,2025-06-12,2025-06-13,,,,,2025-07-14,139000,USD
OFR-002879-V1,OFR-002879,APP-0041274,REQ-2025-00480,1,1,initial,accepted,true,2025-06-11,2025-06-15,,,,,2025-07-14,98500,USD
OFR-002880-V1,OFR-002880,APP-0041282,REQ-2025-00488,1,1,initial,accepted,true,2025-06-12,2025-06-13,,,,,2025-07-07,72000,USD
OFR-002881-V1,OFR-002881,APP-0041285,REQ-2025-00490,1,1,initial,accepted,true,2025-06-14,2025-06-16,,,,,2025-07-07,57500,USD
OFR-002882-V1,OFR-002882,APP-0041286,REQ-2025-00490,1,1,initial,accepted,false,2025-06-15,2025-06-17,,,,,2025-06-30,59000,USD
OFR-002882-V2,OFR-002882,APP-0041286,REQ-2025-00490,1,2,start_date_revision,accepted,true,2025-06-24,2025-06-24,,,,,2025-07-21,59000,USD
OFR-002883-V1,OFR-002883,APP-0041294,REQ-2025-00508,1,1,initial,accepted,true,2025-06-12,2025-06-16,,,,,2025-07-07,52000,USD
OFR-002884-V1,OFR-002884,APP-0041298,REQ-2025-00513,1,1,initial,accepted,false,2025-06-15,2025-06-19,,,,,2025-07-28,141500,USD
OFR-002884-V2,OFR-002884,APP-0041298,REQ-2025-00513,1,2,salary_correction,accepted,true,2025-07-02,2025-07-02,,,,,2025-07-28,143400,USD
OFR-002885-V1,OFR-002885,APP-0041301,REQ-2024-00496,1,1,initial,declined,true,2025-08-10,,2025-08-14,,,,2025-09-07,154000,USD
OFR-002886-V1,OFR-002886,APP-0041329,REQ-2025-00447,1,1,initial,declined,true,2025-06-09,,2025-06-12,,,,2025-07-07,68000,USD
OFR-002887-V1,OFR-002887,APP-0041331,REQ-2025-00451,1,1,initial,accepted,true,2025-06-13,2025-06-16,,,,,2025-07-07,70500,USD
OFR-002888-V1,OFR-002888,APP-0041341,REQ-2025-00471,1,1,initial,accepted,false,2025-06-11,2025-06-12,,,,,2025-07-07,59000,USD
OFR-002888-V2,OFR-002888,APP-0041341,REQ-2025-00471,1,2,start_date_revision,accepted,true,2025-06-24,2025-06-24,,,,,2025-07-28,59000,USD
OFR-002889-V1,OFR-002889,APP-0041357,REQ-2025-00488,1,1,initial,declined,true,2025-06-08,,2025-06-10,,,,2025-07-06,83000,USD
OFR-002890-V1,OFR-002890,APP-0041365,REQ-2025-00498,1,1,initial,withdrawn,true,2025-07-05,,,2025-07-13,,,2025-08-02,169500,USD
OFR-002891-V1,OFR-002891,APP-0041367,REQ-2025-00500,1,1,initial,accepted,true,2025-06-15,2025-06-23,,,,,2025-07-14,62500,USD
OFR-002892-V1,OFR-002892,APP-0041373,REQ-2025-00504,1,1,initial,accepted,true,2025-06-10,2025-06-12,,,,,2025-07-07,76500,USD
OFR-002893-V1,OFR-002893,APP-0041377,REQ-2024-00182,1,1,initial,declined,true,2025-07-19,,2025-07-25,,,,2025-08-16,92500,USD
OFR-002894-V1,OFR-002894,APP-0041398,REQ-2025-00246,1,1,initial,accepted,true,2025-06-21,2025-06-24,,,,,2025-07-28,126500,USD
OFR-002895-V1,OFR-002895,APP-0041437,REQ-2025-00482,1,1,initial,accepted,true,2025-06-18,2025-06-21,,,,,2025-07-14,75500,USD
OFR-002896-V1,OFR-002896,APP-0041440,REQ-2025-00485,1,1,initial,declined,true,2025-06-21,,2025-06-23,,,,2025-07-19,76500,USD
OFR-002897-V1,OFR-002897,APP-0041460,REQ-2025-00503,1,1,initial,accepted,true,2025-06-22,2025-06-25,,,,,2025-08-04,145000,USD
OFR-002898-V1,OFR-002898,APP-0041492,REQ-2025-00353,1,1,initial,superseded,false,2025-06-22,,,,,,2025-07-28,104500,USD
OFR-002898-V2,OFR-002898,APP-0041492,REQ-2025-00353,1,2,negotiation_revision,accepted,true,2025-06-24,2025-06-27,,,,,2025-07-28,109000,USD
OFR-002899-V1,OFR-002899,APP-0041507,REQ-2025-00442,1,1,initial,withdrawn,true,2025-06-08,,,2025-06-11,,,2025-07-06,97500,USD
OFR-002900-V1,OFR-002900,APP-0041510,REQ-2025-00442,1,1,initial,accepted,true,2025-06-09,2025-06-10,,,,,2025-07-14,105000,USD
OFR-002901-V1,OFR-002901,APP-0041511,REQ-2025-00451,1,1,initial,accepted,false,2025-06-30,2025-07-02,,,,,2025-07-28,75500,USD
OFR-002901-V2,OFR-002901,APP-0041511,REQ-2025-00451,1,2,letter_reissue,accepted,true,2025-07-07,2025-07-07,,,,,2025-07-28,75500,USD
OFR-002902-V1,OFR-002902,APP-0041521,REQ-2025-00480,1,1,initial,accepted,false,2025-06-16,2025-06-20,,,,,2025-07-21,92000,USD
OFR-002902-V2,OFR-002902,APP-0041521,REQ-2025-00480,1,2,start_date_revision,accepted,true,2025-06-23,2025-06-23,,,,,2025-07-28,92000,USD
OFR-002903-V1,OFR-002903,APP-0041531,REQ-2025-00488,1,1,initial,accepted,true,2025-06-09,2025-06-10,,,,,2025-07-07,74500,USD
OFR-002904-V1,OFR-002904,APP-0041538,REQ-2025-00492,1,1,initial,withdrawn,true,2025-06-11,,,2025-06-13,,,2025-07-09,54000,USD
OFR-002905-V1,OFR-002905,APP-0041590,REQ-2025-00463,1,1,initial,withdrawn,true,2025-06-16,,,2025-06-21,,,2025-07-14,153500,USD
OFR-002906-V1,OFR-002906,APP-0041623,REQ-2025-00522,1,1,initial,declined,true,2025-06-24,,2025-07-04,,,,2025-07-22,132000,USD
OFR-002907-V1,OFR-002907,APP-0041627,REQ-2024-00762,1,1,initial,declined,true,2025-07-17,,2025-07-21,,,,2025-08-14,110000,USD
OFR-002908-V1,OFR-002908,APP-0041634,REQ-2024-01210,1,1,initial,declined,true,2025-06-29,,2025-07-09,,,,2025-07-27,114500,USD
OFR-002909-V1,OFR-002909,APP-0041638,REQ-2025-00073,1,1,initial,withdrawn,true,2025-06-29,,,2025-07-05,,,2025-07-27,193500,USD
OFR-002910-V1,OFR-002910,APP-0041640,REQ-2025-00168,1,1,initial,declined,true,2025-06-19,,2025-06-21,,,,2025-07-17,94000,USD
OFR-002911-V1,OFR-002911,APP-0041646,REQ-2025-00310,1,1,initial,accepted,true,2025-07-06,2025-07-08,,,,,2025-08-25,219000,USD
OFR-002912-V1,OFR-002912,APP-0041669,REQ-2025-00463,1,1,initial,accepted,true,2025-06-18,2025-06-19,,,,,2025-08-11,149500,USD
OFR-002913-V1,OFR-002913,APP-0041692,REQ-2025-00492,1,1,initial,accepted,false,2025-06-07,2025-06-11,,,,,2025-06-23,57500,USD
OFR-002913-V2,OFR-002913,APP-0041692,REQ-2025-00492,1,2,letter_reissue,accepted,true,2025-06-15,2025-06-15,,,,,2025-06-23,57500,USD
OFR-002914-V1,OFR-002914,APP-0041693,REQ-2025-00494,1,1,initial,accepted,true,2025-06-30,2025-07-06,,,,,2025-08-18,184500,USD
OFR-002915-V1,OFR-002915,APP-0041698,REQ-2025-00501,1,1,initial,reneged,true,2025-06-29,2025-07-02,,,,2025-08-01,2025-08-04,113500,USD
OFR-002916-V1,OFR-002916,APP-0041761,REQ-2025-00475,1,1,initial,accepted,false,2025-06-17,2025-06-18,,,,,2025-07-21,70000,USD
OFR-002916-V2,OFR-002916,APP-0041761,REQ-2025-00475,1,2,letter_reissue,accepted,true,2025-06-23,2025-06-23,,,,,2025-07-21,70000,USD
OFR-002917-V1,OFR-002917,APP-0041779,REQ-2025-00490,1,1,initial,withdrawn,true,2025-06-17,,,2025-06-19,,,2025-07-15,59500,USD
OFR-002918-V1,OFR-002918,APP-0041797,REQ-2025-00507,1,1,initial,accepted,true,2025-06-17,2025-06-18,,,,,2025-07-21,75000,USD
OFR-002919-V1,OFR-002919,APP-0041800,REQ-2025-00508,1,1,initial,superseded,false,2025-06-17,,,,,,2025-07-14,55000,USD
OFR-002919-V2,OFR-002919,APP-0041800,REQ-2025-00508,1,2,negotiation_revision,accepted,false,2025-06-18,2025-06-19,,,,,2025-07-14,57500,USD
OFR-002919-V3,OFR-002919,APP-0041800,REQ-2025-00508,1,3,salary_correction,accepted,true,2025-07-03,2025-07-03,,,,,2025-07-14,57100,USD
OFR-002920-V1,OFR-002920,APP-0041810,REQ-2025-00525,1,1,initial,accepted,true,2025-06-14,2025-06-18,,,,,2025-07-21,90500,USD
OFR-002921-V1,OFR-002921,APP-0041811,REQ-2025-00533,1,1,initial,accepted,true,2025-06-14,2025-06-15,,,,,2025-07-28,97500,USD
OFR-002922-V1,OFR-002922,APP-0041824,REQ-2024-01142,1,1,initial,accepted,true,2025-07-03,2025-07-06,,,,,2025-09-08,225000,USD
OFR-002923-V1,OFR-002923,APP-0041882,REQ-2025-00506,1,1,initial,accepted,true,2025-06-23,2025-06-25,,,,,2025-07-07,73500,USD
OFR-002924-V1,OFR-002924,APP-0041894,REQ-2025-00527,1,1,initial,withdrawn,true,2025-07-04,,,2025-07-08,,,2025-08-01,95000,USD
OFR-002925-V1,OFR-002925,APP-0041906,REQ-2024-00963,1,1,initial,accepted,true,2025-07-01,2025-07-04,,,,,2025-07-28,102000,USD
OFR-002926-V1,OFR-002926,APP-0041919,REQ-2025-00147,1,1,initial,accepted,true,2025-06-24,2025-06-29,,,,,2025-07-21,101500,USD
OFR-002927-V1,OFR-002927,APP-0041927,REQ-2025-00361,1,1,initial,accepted,true,2025-07-01,2025-07-03,,,,,2025-07-28,82000,USD
OFR-002928-V1,OFR-002928,APP-0041954,REQ-2025-00490,1,1,initial,accepted,false,2025-06-13,2025-06-15,,,,,2025-07-07,60500,USD
OFR-002928-V2,OFR-002928,APP-0041954,REQ-2025-00490,1,2,letter_reissue,accepted,true,2025-06-23,2025-06-23,,,,,2025-07-07,60500,USD
OFR-002929-V1,OFR-002929,APP-0041955,REQ-2025-00490,1,1,initial,accepted,true,2025-06-15,2025-06-18,,,,,2025-07-07,54500,USD
OFR-002930-V1,OFR-002930,APP-0041958,REQ-2025-00502,1,1,initial,superseded,false,2025-06-23,,,,,,2025-08-25,168500,USD
OFR-002930-V2,OFR-002930,APP-0041958,REQ-2025-00502,1,2,negotiation_revision,reneged,true,2025-06-25,2025-06-27,,,,2025-07-16,2025-08-25,179000,USD
OFR-002931-V1,OFR-002931,APP-0041967,REQ-2025-00523,1,1,initial,withdrawn,true,2025-06-24,,,2025-06-29,,,2025-07-22,96500,USD
OFR-002932-V1,OFR-002932,APP-0041998,REQ-2025-00236,1,1,initial,declined,true,2025-06-27,,2025-07-02,,,,2025-07-25,72500,USD
OFR-002933-V1,OFR-002933,APP-0042001,REQ-2025-00309,1,1,initial,declined,true,2025-06-16,,2025-06-20,,,,2025-07-14,76000,USD
OFR-002934-V1,OFR-002934,APP-0042029,REQ-2025-00490,1,1,initial,withdrawn,true,2025-06-18,,,2025-06-19,,,2025-07-16,58000,USD
OFR-002935-V1,OFR-002935,APP-0042032,REQ-2025-00490,1,1,initial,accepted,true,2025-06-14,2025-06-15,,,,,2025-06-30,57000,USD
OFR-002936-V1,OFR-002936,APP-0042042,REQ-2025-00508,1,1,initial,accepted,true,2025-06-16,2025-06-17,,,,,2025-07-07,56500,USD
OFR-002937-V1,OFR-002937,APP-0042043,REQ-2025-00512,1,1,initial,accepted,true,2025-06-26,2025-06-27,,,,,2025-07-21,80000,USD
OFR-002938-V1,OFR-002938,APP-0042050,REQ-2025-00523,1,1,initial,superseded,false,2025-06-20,,,,,,2025-07-28,103000,USD
OFR-002938-V2,OFR-002938,APP-0042050,REQ-2025-00523,1,2,negotiation_revision,accepted,false,2025-06-22,2025-06-29,,,,,2025-07-28,107000,USD
OFR-002938-V3,OFR-002938,APP-0042050,REQ-2025-00523,1,3,letter_reissue,accepted,true,2025-07-12,2025-07-12,,,,,2025-07-28,107000,USD
OFR-002939-V1,OFR-002939,APP-0042080,REQ-2025-00104,1,1,initial,accepted,true,2025-07-02,2025-07-06,,,,,2025-08-18,130500,USD
OFR-002940-V1,OFR-002940,APP-0042097,REQ-2025-00432,1,1,initial,accepted,true,2025-06-24,2025-06-28,,,,,2025-07-28,73000,USD
OFR-002941-V1,OFR-002941,APP-0042102,REQ-2025-00459,1,1,initial,accepted,true,2025-07-10,2025-07-13,,,,,2025-09-15,272500,USD
OFR-002942-V1,OFR-002942,APP-0042103,REQ-2025-00464,1,1,initial,reneged,true,2025-06-25,2025-06-29,,,,2025-07-21,2025-08-04,99500,USD
OFR-002943-V1,OFR-002943,APP-0042147,REQ-2025-00540,1,1,initial,accepted,true,2025-06-23,2025-06-25,,,,,2025-07-28,66500,USD
OFR-002944-V1,OFR-002944,APP-0042148,REQ-2025-00543,1,1,initial,accepted,false,2025-06-26,2025-06-27,,,,,2025-08-04,139500,USD
OFR-002944-V2,OFR-002944,APP-0042148,REQ-2025-00543,1,2,letter_reissue,accepted,true,2025-07-08,2025-07-08,,,,,2025-08-04,139500,USD
OFR-002945-V1,OFR-002945,APP-0042168,REQ-2025-00386,1,1,initial,accepted,true,2025-06-27,2025-06-28,,,,,2025-08-04,81500,USD
OFR-002946-V1,OFR-002946,APP-0042205,REQ-2025-00538,1,1,initial,accepted,true,2025-06-28,2025-06-29,,,,,2025-08-04,126500,USD
OFR-002947-V1,OFR-002947,APP-0042209,REQ-2025-00549,1,1,initial,accepted,true,2025-06-21,2025-06-29,,,,,2025-07-14,53500,USD
OFR-002948-V1,OFR-002948,APP-0042225,REQ-2025-00081,1,1,initial,accepted,false,2025-06-29,2025-07-03,,,,,2025-07-28,97500,USD
OFR-002948-V2,OFR-002948,APP-0042225,REQ-2025-00081,1,2,letter_reissue,accepted,true,2025-07-17,2025-07-17,,,,,2025-07-28,97500,USD
OFR-002949-V1,OFR-002949,APP-0042228,REQ-2025-00190,1,1,initial,accepted,true,2025-06-20,2025-06-26,,,,,2025-07-21,75500,USD
OFR-002950-V1,OFR-002950,APP-0042246,REQ-2025-00432,1,1,initial,superseded,false,2025-06-27,,,,,,2025-07-25,79500,USD
OFR-002950-V2,OFR-002950,APP-0042246,REQ-2025-00432,1,2,negotiation_revision,withdrawn,true,2025-06-29,,,2025-06-30,,,2025-07-25,85000,USD
OFR-002951-V1,OFR-002951,APP-0042261,REQ-2025-00490,1,1,initial,withdrawn,true,2025-06-17,,,2025-06-19,,,2025-07-15,59000,USD
OFR-002952-V1,OFR-002952,APP-0042267,REQ-2025-00502,1,1,initial,withdrawn,true,2025-06-25,,,2025-06-27,,,2025-07-23,170500,USD
OFR-002953-V1,OFR-002953,APP-0042287,REQ-2025-00531,1,1,initial,accepted,true,2025-06-20,2025-06-21,,,,,2025-07-28,86500,USD
OFR-002954-V1,OFR-002954,APP-0042293,REQ-2025-00534,1,1,initial,accepted,true,2025-06-21,2025-06-23,,,,,2025-07-21,72500,USD
OFR-002955-V1,OFR-002955,APP-0042316,REQ-2025-00554,1,1,initial,accepted,true,2025-06-24,2025-06-26,,,,,2025-08-04,97000,USD
OFR-002956-V1,OFR-002956,APP-0042318,REQ-2025-00560,1,1,initial,accepted,true,2025-06-30,2025-07-02,,,,,2025-08-25,131500,USD
OFR-002957-V1,OFR-002957,APP-0042319,REQ-2024-00302,1,1,initial,superseded,false,2025-08-03,,,,,,2025-10-06,217000,USD
OFR-002957-V2,OFR-002957,APP-0042319,REQ-2024-00302,1,2,negotiation_revision,accepted,true,2025-08-04,2025-08-07,,,,,2025-10-06,232500,USD
OFR-002958-V1,OFR-002958,APP-0042333,REQ-2025-00171,1,1,initial,accepted,true,2025-06-21,2025-06-24,,,,,2025-07-14,58500,USD
OFR-002959-V1,OFR-002959,APP-0042364,REQ-2025-00495,1,1,initial,superseded,false,2025-07-01,,,,,,2025-08-11,109000,USD
OFR-002959-V2,OFR-002959,APP-0042364,REQ-2025-00495,1,2,negotiation_revision,reneged,true,2025-07-02,2025-07-03,,,,2025-07-25,2025-08-11,117000,USD
OFR-002960-V1,OFR-002960,APP-0042365,REQ-2025-00498,1,1,initial,accepted,true,2025-07-04,2025-07-06,,,,,2025-08-25,167500,USD
OFR-002961-V1,OFR-002961,APP-0042384,REQ-2025-00530,1,1,initial,accepted,false,2025-06-30,2025-07-03,,,,,2025-07-21,69000,USD
OFR-002961-V2,OFR-002961,APP-0042384,REQ-2025-00530,1,2,start_date_revision,accepted,true,2025-07-18,2025-07-18,,,,,2025-08-04,69000,USD
OFR-002962-V1,OFR-002962,APP-0042402,REQ-2025-00549,1,1,initial,withdrawn,true,2025-06-27,,,2025-06-30,,,2025-07-25,54500,USD
OFR-002963-V1,OFR-002963,APP-0042444,REQ-2025-00296,1,1,initial,accepted,false,2025-07-23,2025-07-31,,,,,2025-09-15,158500,USD
OFR-002963-V2,OFR-002963,APP-0042444,REQ-2025-00296,1,2,salary_correction,accepted,true,2025-08-07,2025-08-07,,,,,2025-09-15,158700,USD
OFR-002964-V1,OFR-002964,APP-0042447,REQ-2025-00312,1,1,initial,superseded,false,2025-07-13,,,,,,2025-09-01,188500,USD
OFR-002964-V2,OFR-002964,APP-0042447,REQ-2025-00312,1,2,negotiation_revision,accepted,true,2025-07-14,2025-07-18,,,,,2025-09-01,199500,USD
OFR-002965-V1,OFR-002965,APP-0042458,REQ-2025-00482,1,1,initial,withdrawn,true,2025-06-29,,,2025-07-02,,,2025-07-27,80500,USD
OFR-002966-V1,OFR-002966,APP-0042461,REQ-2025-00490,1,1,initial,withdrawn,true,2025-06-18,,,2025-06-19,,,2025-07-16,62500,USD
OFR-002967-V1,OFR-002967,APP-0042480,REQ-2025-00522,1,1,initial,declined,true,2025-06-27,,2025-07-03,,,,2025-07-25,125500,USD
OFR-002968-V1,OFR-002968,APP-0042493,REQ-2025-00534,1,1,initial,superseded,false,2025-06-23,,,,,,2025-07-21,83000,USD
OFR-002968-V2,OFR-002968,APP-0042493,REQ-2025-00534,1,2,negotiation_revision,accepted,true,2025-06-25,2025-06-26,,,,,2025-07-21,89000,USD
OFR-002969-V1,OFR-002969,APP-0042503,REQ-2025-00544,1,1,initial,accepted,false,2025-06-19,2025-06-20,,,,,2025-07-07,60500,USD
OFR-002969-V2,OFR-002969,APP-0042503,REQ-2025-00544,1,2,letter_reissue,accepted,true,2025-06-25,2025-06-25,,,,,2025-07-07,60500,USD
OFR-002970-V1,OFR-002970,APP-0042512,REQ-2025-00553,1,1,initial,accepted,true,2025-06-28,2025-06-29,,,,,2025-07-28,74000,USD
OFR-002971-V1,OFR-002971,APP-0042523,REQ-2025-00570,1,1,initial,accepted,true,2025-07-02,2025-07-06,,,,,2025-08-11,139500,USD
OFR-002972-V1,OFR-002972,APP-0042531,REQ-2024-01026,1,1,initial,accepted,true,2025-06-23,2025-06-26,,,,,2025-07-14,61000,USD
OFR-002973-V1,OFR-002973,APP-0042561,REQ-2025-00426,1,1,initial,accepted,true,2025-07-20,2025-07-27,,,,,2025-08-25,143000,USD
OFR-002974-V1,OFR-002974,APP-0042589,REQ-2025-00521,1,1,initial,accepted,true,2025-07-01,2025-07-02,,,,,2025-07-28,86500,USD
OFR-002975-V1,OFR-002975,APP-0042594,REQ-2025-00528,1,1,initial,accepted,false,2025-06-28,2025-06-30,,,,,2025-08-04,112000,USD
OFR-002975-V2,OFR-002975,APP-0042594,REQ-2025-00528,1,2,letter_reissue,accepted,true,2025-07-11,2025-07-11,,,,,2025-08-04,112000,USD
OFR-002976-V1,OFR-002976,APP-0042601,REQ-2025-00535,1,1,initial,accepted,true,2025-06-20,2025-06-23,,,,,2025-07-07,43000,USD
OFR-002977-V1,OFR-002977,APP-0042604,REQ-2025-00539,1,1,initial,accepted,false,2025-06-23,2025-06-24,,,,,2025-07-21,85500,USD
OFR-002977-V2,OFR-002977,APP-0042604,REQ-2025-00539,1,2,salary_correction,accepted,true,2025-06-28,2025-06-28,,,,,2025-07-21,85800,USD
OFR-002978-V1,OFR-002978,APP-0042606,REQ-2025-00544,1,1,initial,accepted,false,2025-06-28,2025-06-29,,,,,2025-07-21,61500,USD
OFR-002978-V2,OFR-002978,APP-0042606,REQ-2025-00544,1,2,start_date_revision,reneged,true,2025-07-08,2025-07-08,,,,2025-07-08,2025-08-08,61500,USD
OFR-002979-V1,OFR-002979,APP-0042612,REQ-2025-00552,1,1,initial,accepted,true,2025-07-02,2025-07-03,,,,,2025-08-04,96000,USD
OFR-002980-V1,OFR-002980,APP-0042622,REQ-2025-00556,1,1,initial,accepted,true,2025-06-25,2025-06-27,,,,,2025-08-18,173500,USD
OFR-002981-V1,OFR-002981,APP-0042624,REQ-2025-00561,1,1,initial,superseded,false,2025-06-29,,,,,,2025-08-11,138500,USD
OFR-002981-V2,OFR-002981,APP-0042624,REQ-2025-00561,1,2,negotiation_revision,accepted,true,2025-06-30,2025-07-01,,,,,2025-08-11,145500,USD
OFR-002982-V1,OFR-002982,APP-0042630,REQ-2025-00564,1,1,initial,accepted,false,2025-06-21,2025-06-25,,,,,2025-07-28,130000,USD
OFR-002982-V2,OFR-002982,APP-0042630,REQ-2025-00564,1,2,start_date_revision,accepted,true,2025-06-27,2025-06-27,,,,,2025-08-11,130000,USD
OFR-002983-V1,OFR-002983,APP-0042636,REQ-2025-00571,1,1,initial,accepted,true,2025-06-23,2025-06-24,,,,,2025-08-04,81000,USD
OFR-002984-V1,OFR-002984,APP-0042645,REQ-2024-01138,1,1,initial,accepted,true,2025-07-06,2025-07-11,,,,,2025-09-01,180500,USD
OFR-002985-V1,OFR-002985,APP-0042655,REQ-2025-00182,1,1,initial,accepted,true,2025-07-06,2025-07-08,,,,,2025-08-11,83000,USD
OFR-002986-V1,OFR-002986,APP-0042656,REQ-2025-00194,1,1,initial,accepted,true,2025-06-26,2025-06-27,,,,,2025-07-14,55000,USD
OFR-002987-V1,OFR-002987,APP-0042660,REQ-2025-00330,1,1,initial,accepted,true,2025-07-02,2025-07-07,,,,,2025-08-04,76500,USD
OFR-002988-V1,OFR-002988,APP-0042671,REQ-2025-00472,1,1,initial,accepted,true,2025-07-02,2025-07-04,,,,,2025-08-04,88500,USD
OFR-002989-V1,OFR-002989,APP-0042676,REQ-2025-00485,1,1,initial,reneged,true,2025-06-25,2025-06-29,,,,2025-07-04,2025-07-21,73500,USD
OFR-002990-V1,OFR-002990,APP-0042689,REQ-2025-00509,1,1,initial,accepted,true,2025-07-22,2025-07-25,,,,,2025-08-25,102500,USD
OFR-002991-V1,OFR-002991,APP-0042693,REQ-2025-00519,1,1,initial,accepted,true,2025-07-07,2025-07-11,,,,,2025-07-28,72500,USD
OFR-002992-V1,OFR-002992,APP-0042703,REQ-2025-00534,1,1,initial,reneged,true,2025-06-27,2025-06-30,,,,2025-07-21,2025-07-28,74500,USD
OFR-002993-V1,OFR-002993,APP-0042721,REQ-2025-00554,1,1,initial,accepted,true,2025-07-04,2025-07-05,,,,,2025-08-18,98500,USD
OFR-002994-V1,OFR-002994,APP-0042726,REQ-2025-00562,1,1,initial,accepted,true,2025-06-20,2025-06-21,,,,,2025-07-07,63000,USD
OFR-002995-V1,OFR-002995,APP-0042734,REQ-2025-00571,1,1,initial,accepted,false,2025-06-25,2025-06-27,,,,,2025-08-04,90000,USD
OFR-002995-V2,OFR-002995,APP-0042734,REQ-2025-00571,1,2,start_date_revision,accepted,true,2025-07-02,2025-07-02,,,,,2025-08-25,90000,USD
OFR-002996-V1,OFR-002996,APP-0042735,REQ-2025-00571,1,1,initial,accepted,true,2025-06-30,2025-07-02,,,,,2025-08-04,79000,USD
OFR-002997-V1,OFR-002997,APP-0042754,REQ-2025-00087,1,1,initial,accepted,true,2025-08-13,2025-08-15,,,,,2025-09-08,75500,USD
OFR-002998-V1,OFR-002998,APP-0042772,REQ-2025-00451,1,1,initial,withdrawn,true,2025-07-01,,,2025-07-03,,,2025-07-29,78500,USD
OFR-002999-V1,OFR-002999,APP-0042815,REQ-2025-00553,1,1,initial,rescinded,true,2025-06-27,2025-06-28,,,2025-07-19,,2025-08-04,76000,USD
OFR-003000-V1,OFR-003000,APP-0042819,REQ-2025-00554,1,1,initial,declined,true,2025-07-05,,2025-07-08,,,,2025-08-02,99500,USD
OFR-003001-V1,OFR-003001,APP-0042833,REQ-2025-00565,1,1,initial,superseded,false,2025-06-20,,,,,,2025-07-14,49000,USD
OFR-003001-V2,OFR-003001,APP-0042833,REQ-2025-00565,1,2,negotiation_revision,accepted,false,2025-06-21,2025-06-22,,,,,2025-07-14,51000,USD
OFR-003001-V3,OFR-003001,APP-0042833,REQ-2025-00565,1,3,start_date_revision,accepted,true,2025-07-02,2025-07-02,,,,,2025-08-04,51000,USD
OFR-003002-V1,OFR-003002,APP-0042843,REQ-2025-00578,1,1,initial,accepted,true,2025-06-26,2025-06-29,,,,,2025-07-21,93000,USD
OFR-003003-V1,OFR-003003,APP-0042847,REQ-2024-00627,1,1,initial,declined,true,2025-07-05,,2025-07-09,,,,2025-08-02,58000,USD
OFR-003004-V1,OFR-003004,APP-0042858,REQ-2025-00110,1,1,initial,accepted,true,2025-07-14,2025-07-26,,,,,2025-08-25,95000,USD
OFR-003005-V1,OFR-003005,APP-0042862,REQ-2025-00298,1,1,initial,accepted,true,2025-07-14,2025-07-16,,,,,2025-09-08,163500,USD
OFR-003006-V1,OFR-003006,APP-0042869,REQ-2025-00422,1,1,initial,accepted,true,2025-07-19,2025-07-25,,,,,2025-09-08,168500,USD
OFR-003007-V1,OFR-003007,APP-0042903,REQ-2025-00542,1,1,initial,accepted,false,2025-06-24,2025-06-25,,,,,2025-07-21,43000,USD
OFR-003007-V2,OFR-003007,APP-0042903,REQ-2025-00542,1,2,letter_reissue,accepted,true,2025-07-03,2025-07-03,,,,,2025-07-21,43000,USD
OFR-003008-V1,OFR-003008,APP-0042906,REQ-2025-00549,1,1,initial,withdrawn,true,2025-06-27,,,2025-06-30,,,2025-07-25,54000,USD
OFR-003009-V1,OFR-003009,APP-0042908,REQ-2025-00551,1,1,initial,accepted,true,2025-07-15,2025-07-17,,,,,2025-09-01,144000,USD
OFR-003010-V1,OFR-003010,APP-0042909,REQ-2025-00553,1,1,initial,accepted,true,2025-06-27,2025-07-02,,,,,2025-08-04,73500,USD
OFR-003011-V1,OFR-003011,APP-0042914,REQ-2025-00562,1,1,initial,superseded,false,2025-06-27,,,,,,2025-07-21,59000,USD
OFR-003011-V2,OFR-003011,APP-0042914,REQ-2025-00562,1,2,negotiation_revision,accepted,true,2025-06-30,2025-07-04,,,,,2025-07-21,63000,USD
OFR-003012-V1,OFR-003012,APP-0042916,REQ-2025-00567,1,1,initial,accepted,false,2025-07-05,2025-07-06,,,,,2025-08-04,103500,USD
OFR-003012-V2,OFR-003012,APP-0042916,REQ-2025-00567,1,2,letter_reissue,accepted,true,2025-07-18,2025-07-18,,,,,2025-08-04,103500,USD
OFR-003013-V1,OFR-003013,APP-0042945,REQ-2025-00314,1,1,initial,accepted,true,2025-07-05,2025-07-07,,,,,2025-08-04,66000,USD
OFR-003014-V1,OFR-003014,APP-0042976,REQ-2025-00527,1,1,initial,withdrawn,true,2025-07-06,,,2025-07-10,,,2025-08-03,98000,USD
OFR-003015-V1,OFR-003015,APP-0042979,REQ-2025-00533,1,1,initial,accepted,true,2025-07-03,2025-07-05,,,,,2025-08-04,114500,USD
OFR-003016-V1,OFR-003016,APP-0042982,REQ-2025-00535,1,1,initial,accepted,false,2025-06-25,2025-06-26,,,,,2025-07-14,46500,USD
OFR-003016-V2,OFR-003016,APP-0042982,REQ-2025-00535,1,2,letter_reissue,accepted,true,2025-07-06,2025-07-06,,,,,2025-07-14,46500,USD
OFR-003017-V1,OFR-003017,APP-0042992,REQ-2025-00547,1,1,initial,accepted,true,2025-07-15,2025-07-17,,,,,2025-08-18,93500,USD
OFR-003018-V1,OFR-003018,APP-0042998,REQ-2025-00557,1,1,initial,accepted,true,2025-07-02,2025-07-07,,,,,2025-09-01,141000,USD
OFR-003019-V1,OFR-003019,APP-0042999,REQ-2025-00558,1,1,initial,accepted,true,2025-06-26,2025-06-30,,,,,2025-08-04,96000,USD
OFR-003020-V1,OFR-003020,APP-0043004,REQ-2025-00562,1,1,initial,accepted,true,2025-06-25,2025-06-27,,,,,2025-07-14,62000,USD
OFR-003021-V1,OFR-003021,APP-0043010,REQ-2025-00565,1,1,initial,accepted,true,2025-06-22,2025-06-24,,,,,2025-07-14,46500,USD
OFR-003022-V1,OFR-003022,APP-0043015,REQ-2025-00571,1,1,initial,superseded,false,2025-07-02,,,,,,2025-08-11,84500,USD
OFR-003022-V2,OFR-003022,APP-0043015,REQ-2025-00571,1,2,negotiation_revision,accepted,true,2025-07-03,2025-07-04,,,,,2025-08-11,90500,USD
OFR-003023-V1,OFR-003023,APP-0043018,REQ-2025-00575,1,1,initial,accepted,true,2025-07-02,2025-07-05,,,,,2025-07-28,63500,USD
OFR-003024-V1,OFR-003024,APP-0043029,REQ-2024-00670,1,1,initial,accepted,true,2025-08-10,2025-08-17,,,,,2025-09-29,212500,USD
OFR-003025-V1,OFR-003025,APP-0043044,REQ-2025-00357,1,1,initial,declined,true,2025-07-02,,2025-07-04,,,,2025-07-30,61500,USD
OFR-003026-V1,OFR-003026,APP-0043050,REQ-2025-00421,1,1,initial,accepted,true,2025-07-15,2025-07-22,,,,,2025-08-18,96500,USD
OFR-003027-V1,OFR-003027,APP-0043073,REQ-2025-00527,1,1,initial,accepted,true,2025-07-04,2025-07-07,,,,,2025-07-28,106500,USD
OFR-003028-V1,OFR-003028,APP-0043087,REQ-2025-00553,1,1,initial,superseded,false,2025-07-01,,,,,,2025-07-28,77000,USD
OFR-003028-V2,OFR-003028,APP-0043087,REQ-2025-00553,1,2,negotiation_revision,accepted,true,2025-07-02,2025-07-03,,,,,2025-07-28,83000,USD
OFR-003029-V1,OFR-003029,APP-0043089,REQ-2025-00554,1,1,initial,accepted,true,2025-06-24,2025-06-28,,,,,2025-07-28,101500,USD
OFR-003030-V1,OFR-003030,APP-0043094,REQ-2025-00563,1,1,initial,accepted,false,2025-06-26,2025-06-27,,,,,2025-07-28,59000,USD
OFR-003030-V2,OFR-003030,APP-0043094,REQ-2025-00563,1,2,letter_reissue,reneged,true,2025-07-04,2025-07-04,,,,2025-07-08,2025-07-28,59000,USD
OFR-003031-V1,OFR-003031,APP-0043100,REQ-2025-00565,1,1,initial,withdrawn,true,2025-06-24,,,2025-06-26,,,2025-07-22,43000,USD
OFR-003032-V1,OFR-003032,APP-0043103,REQ-2025-00569,1,1,initial,accepted,true,2025-07-04,2025-07-07,,,,,2025-08-25,162500,USD
OFR-003033-V1,OFR-003033,APP-0043108,REQ-2025-00575,1,1,initial,reneged,true,2025-06-28,2025-07-02,,,,2025-07-08,2025-08-04,60500,USD
OFR-003034-V1,OFR-003034,APP-0043113,REQ-2025-00579,1,1,initial,reneged,true,2025-07-04,2025-07-07,,,,2025-08-03,2025-08-11,142500,USD
OFR-003035-V1,OFR-003035,APP-0043143,REQ-2025-00477,1,1,initial,accepted,true,2025-07-01,2025-07-04,,,,,2025-08-04,63000,USD
OFR-003036-V1,OFR-003036,APP-0043144,REQ-2025-00479,1,1,initial,accepted,true,2025-06-28,2025-07-02,,,,,2025-07-28,72500,USD
OFR-003037-V1,OFR-003037,APP-0043182,REQ-2025-00563,1,1,initial,accepted,true,2025-06-25,2025-06-26,,,,,2025-07-21,67500,USD
OFR-003038-V1,OFR-003038,APP-0043197,REQ-2025-00575,1,1,initial,accepted,false,2025-06-28,2025-07-03,,,,,2025-07-28,62000,USD
OFR-003038-V2,OFR-003038,APP-0043197,REQ-2025-00575,1,2,start_date_revision,accepted,true,2025-07-08,2025-07-08,,,,,2025-08-18,62000,USD
OFR-003039-V1,OFR-003039,APP-0043199,REQ-2025-00577,1,1,initial,superseded,false,2025-07-08,,,,,,2025-08-04,68500,USD
OFR-003039-V2,OFR-003039,APP-0043199,REQ-2025-00577,1,2,negotiation_revision,accepted,true,2025-07-10,2025-07-11,,,,,2025-08-04,73000,USD
OFR-003040-V1,OFR-003040,APP-0043206,REQ-2025-00584,1,1,initial,accepted,false,2025-07-06,2025-07-12,,,,,2025-08-18,98000,USD
OFR-003040-V2,OFR-003040,APP-0043206,REQ-2025-00584,1,2,start_date_revision,accepted,true,2025-07-23,2025-07-23,,,,,2025-09-08,98000,USD
OFR-003041-V1,OFR-003041,APP-0043210,REQ-2025-00588,1,1,initial,accepted,true,2025-07-04,2025-07-07,,,,,2025-08-11,82500,USD
OFR-003042-V1,OFR-003042,APP-0043222,REQ-2025-00357,1,1,initial,accepted,true,2025-07-05,2025-07-07,,,,,2025-08-04,56000,USD
OFR-003043-V1,OFR-003043,APP-0043250,REQ-2025-00534,1,1,initial,superseded,false,2025-06-26,,,,,,2025-07-24,80500,USD
OFR-003043-V2,OFR-003043,APP-0043250,REQ-2025-00534,1,2,negotiation_revision,declined,true,2025-06-28,,2025-06-29,,,,2025-07-24,84000,USD
OFR-003044-V1,OFR-003044,APP-0043271,REQ-2025-00562,1,1,initial,withdrawn,true,2025-06-30,,,2025-07-05,,,2025-07-28,61500,USD
OFR-003045-V1,OFR-003045,APP-0043282,REQ-2025-00571,1,1,initial,accepted,true,2025-07-04,2025-07-06,,,,,2025-08-11,84000,USD
OFR-003046-V1,OFR-003046,APP-0043300,REQ-2025-00593,1,1,initial,superseded,false,2025-06-26,,,,,,2025-08-04,89000,USD
OFR-003046-V2,OFR-003046,APP-0043300,REQ-2025-00593,1,2,negotiation_revision,accepted,true,2025-06-27,2025-06-29,,,,,2025-08-04,93000,USD
OFR-003047-V1,OFR-003047,APP-0043308,REQ-2025-00187,1,1,initial,accepted,true,2025-07-25,2025-07-29,,,,,2025-09-08,142000,USD
OFR-003048-V1,OFR-003048,APP-0043315,REQ-2025-00337,1,1,initial,superseded,false,2025-08-13,,,,,,2025-09-10,162000,USD
OFR-003048-V2,OFR-003048,APP-0043315,REQ-2025-00337,1,2,negotiation_revision,declined,true,2025-08-15,,2025-08-16,,,,2025-09-10,167500,USD
OFR-003049-V1,OFR-003049,APP-0043326,REQ-2025-00485,1,1,initial,accepted,true,2025-07-01,2025-07-03,,,,,2025-07-28,76500,USD
OFR-003050-V1,OFR-003050,APP-0043356,REQ-2025-00553,1,1,initial,withdrawn,true,2025-07-03,,,2025-07-04,,,2025-07-31,78000,USD
OFR-003051-V1,OFR-003051,APP-0043357,REQ-2025-00554,1,1,initial,accepted,true,2025-07-09,2025-07-11,,,,,2025-08-18,97000,USD
OFR-003052-V1,OFR-003052,APP-0043378,REQ-2025-00575,1,1,initial,superseded,false,2025-07-01,,,,,,2025-07-29,67500,USD
OFR-003052-V2,OFR-003052,APP-0043378,REQ-2025-00575,1,2,negotiation_revision,withdrawn,true,2025-07-04,,,2025-07-05,,,2025-07-29,72000,USD
OFR-003053-V1,OFR-003053,APP-0043379,REQ-2025-00575,1,1,initial,withdrawn,true,2025-07-03,,,2025-07-05,,,2025-07-31,67000,USD
OFR-003054-V1,OFR-003054,APP-0043388,REQ-2025-00589,1,1,initial,accepted,true,2025-07-05,2025-07-08,,,,,2025-08-11,102500,USD
OFR-003055-V1,OFR-003055,APP-0043408,REQ-2024-01188,1,1,initial,accepted,true,2025-07-13,2025-07-15,,,,,2025-08-18,93500,USD
OFR-003056-V1,OFR-003056,APP-0043417,REQ-2025-00338,1,1,initial,withdrawn,true,2025-07-08,,,2025-07-10,,,2025-08-05,137000,USD
OFR-003057-V1,OFR-003057,APP-0043482,REQ-2025-00581,1,1,initial,superseded,false,2025-06-28,,,,,,2025-07-28,59500,USD
OFR-003057-V2,OFR-003057,APP-0043482,REQ-2025-00581,1,2,negotiation_revision,accepted,true,2025-06-29,2025-06-30,,,,,2025-07-28,63000,USD
OFR-003058-V1,OFR-003058,APP-0043488,REQ-2025-00586,1,1,initial,withdrawn,true,2025-07-14,,,2025-07-17,,,2025-08-11,141000,USD
OFR-003059-V1,OFR-003059,APP-0043503,REQ-2024-00627,1,1,initial,accepted,true,2025-08-01,2025-08-07,,,,,2025-09-01,57000,USD
OFR-003060-V1,OFR-003060,APP-0043509,REQ-2024-01229,1,1,initial,accepted,true,2025-08-11,2025-08-14,,,,,2025-09-22,166000,USD
OFR-003061-V1,OFR-003061,APP-0043565,REQ-2025-00562,1,1,initial,withdrawn,true,2025-07-05,,,2025-07-05,,,2025-08-02,63500,USD
OFR-003062-V1,OFR-003062,APP-0043566,REQ-2025-00562,1,1,initial,accepted,true,2025-07-01,2025-07-05,,,,,2025-07-21,59500,USD
OFR-003063-V1,OFR-003063,APP-0043568,REQ-2025-00563,1,1,initial,accepted,true,2025-06-27,2025-06-30,,,,,2025-08-04,67000,USD
OFR-003064-V1,OFR-003064,APP-0043579,REQ-2025-00575,1,1,initial,withdrawn,true,2025-07-03,,,2025-07-10,,,2025-07-31,66000,USD
OFR-003065-V1,OFR-003065,APP-0043598,REQ-2025-00600,1,1,initial,accepted,true,2025-07-05,2025-07-12,,,,,2025-09-01,141000,USD
OFR-003066-V1,OFR-003066,APP-0043600,REQ-2025-00601,1,1,initial,accepted,true,2025-07-05,2025-07-06,,,,,2025-08-04,73500,USD
OFR-003067-V1,OFR-003067,APP-0043614,REQ-2025-00099,1,1,initial,accepted,false,2025-07-11,2025-07-28,,,,,2025-09-01,87000,USD
OFR-003067-V2,OFR-003067,APP-0043614,REQ-2025-00099,1,2,letter_reissue,accepted,true,2025-08-09,2025-08-09,,,,,2025-09-01,87000,USD
OFR-003068-V1,OFR-003068,APP-0043625,REQ-2025-00294,1,1,initial,accepted,true,2025-07-28,2025-08-01,,,,,2025-08-25,90500,USD
OFR-003069-V1,OFR-003069,APP-0043642,REQ-2025-00482,1,1,initial,accepted,true,2025-06-29,2025-07-01,,,,,2025-07-28,82000,USD
OFR-003070-V1,OFR-003070,APP-0043661,REQ-2025-00553,1,1,initial,declined,true,2025-07-03,,2025-07-04,,,,2025-07-31,75000,USD
OFR-003071-V1,OFR-003071,APP-0043664,REQ-2025-00557,1,1,initial,withdrawn,true,2025-07-07,,,2025-07-08,,,2025-08-04,136000,USD
OFR-003072-V1,OFR-003072,APP-0043670,REQ-2025-00562,1,1,initial,accepted,true,2025-06-28,2025-07-01,,,,,2025-07-28,54000,USD
OFR-003073-V1,OFR-003073,APP-0043688,REQ-2025-00578,1,1,initial,superseded,false,2025-07-16,,,,,,2025-08-18,86500,USD
OFR-003073-V2,OFR-003073,APP-0043688,REQ-2025-00578,1,2,negotiation_revision,accepted,true,2025-07-18,2025-07-19,,,,,2025-08-18,92500,USD
OFR-003074-V1,OFR-003074,APP-0043691,REQ-2025-00587,1,1,initial,accepted,true,2025-07-03,2025-07-08,,,,,2025-08-11,120000,USD
OFR-003075-V1,OFR-003075,APP-0043696,REQ-2025-00599,1,1,initial,accepted,true,2025-07-03,2025-07-05,,,,,2025-08-18,109500,USD
OFR-003076-V1,OFR-003076,APP-0043704,REQ-2025-00612,1,1,initial,declined,true,2025-07-02,,2025-07-03,,,,2025-07-30,51000,USD
OFR-003077-V1,OFR-003077,APP-0043719,REQ-2025-00323,1,1,initial,superseded,false,2025-08-01,,,,,,2025-09-01,101000,USD
OFR-003077-V2,OFR-003077,APP-0043719,REQ-2025-00323,1,2,negotiation_revision,accepted,true,2025-08-02,2025-08-03,,,,,2025-09-01,105500,USD
OFR-003078-V1,OFR-003078,APP-0043745,REQ-2025-00553,1,1,initial,accepted,true,2025-07-02,2025-07-03,,,,,2025-07-28,78000,USD
OFR-003079-V1,OFR-003079,APP-0043766,REQ-2025-00577,1,1,initial,superseded,false,2025-07-11,,,,,,2025-07-28,79500,USD
OFR-003079-V2,OFR-003079,APP-0043766,REQ-2025-00577,1,2,negotiation_revision,accepted,true,2025-07-13,2025-07-16,,,,,2025-07-28,83000,USD
OFR-003080-V1,OFR-003080,APP-0043773,REQ-2025-00582,1,1,initial,accepted,true,2025-07-11,2025-07-14,,,,,2025-08-18,141000,USD
OFR-003081-V1,OFR-003081,APP-0043784,REQ-2025-00597,1,1,initial,accepted,true,2025-07-19,2025-07-20,,,,,2025-08-25,132000,USD
OFR-003082-V1,OFR-003082,APP-0043795,REQ-2025-00619,1,1,initial,accepted,true,2025-07-04,2025-07-06,,,,,2025-08-18,103000,USD
OFR-003083-V1,OFR-003083,APP-0043807,REQ-2025-00223,1,1,initial,accepted,true,2025-07-21,2025-07-26,,,,,2025-09-08,130000,USD
OFR-003084-V1,OFR-003084,APP-0043824,REQ-2025-00532,1,1,initial,accepted,false,2025-07-12,2025-07-15,,,,,2025-08-18,77500,USD
OFR-003084-V2,OFR-003084,APP-0043824,REQ-2025-00532,1,2,salary_correction,accepted,true,2025-07-26,2025-07-26,,,,,2025-08-18,77600,USD
OFR-003085-V1,OFR-003085,APP-0043836,REQ-2025-00548,1,1,initial,accepted,true,2025-07-21,2025-07-26,,,,,2025-10-06,168500,USD
OFR-003086-V1,OFR-003086,APP-0043841,REQ-2025-00559,1,1,initial,accepted,false,2025-07-17,2025-07-21,,,,,2025-08-18,137000,USD
OFR-003086-V2,OFR-003086,APP-0043841,REQ-2025-00559,1,2,letter_reissue,accepted,true,2025-07-30,2025-07-30,,,,,2025-08-18,137000,USD
OFR-003087-V1,OFR-003087,APP-0043858,REQ-2025-00576,1,1,initial,accepted,true,2025-07-14,2025-07-17,,,,,2025-08-11,91500,USD
OFR-003088-V1,OFR-003088,APP-0043877,REQ-2025-00609,1,1,initial,accepted,true,2025-07-10,2025-07-12,,,,,2025-08-11,99500,USD
OFR-003089-V1,OFR-003089,APP-0043881,REQ-2025-00610,1,1,initial,accepted,true,2025-07-09,2025-07-11,,,,,2025-08-18,92500,USD
OFR-003090-V1,OFR-003090,APP-0043882,REQ-2025-00611,1,1,initial,accepted,false,2025-07-06,2025-07-07,,,,,2025-07-21,55500,USD
OFR-003090-V2,OFR-003090,APP-0043882,REQ-2025-00611,1,2,letter_reissue,accepted,true,2025-07-12,2025-07-12,,,,,2025-07-21,55500,USD
OFR-003091-V1,OFR-003091,APP-0043885,REQ-2025-00612,1,1,initial,accepted,false,2025-07-02,2025-07-03,,,,,2025-07-21,46000,USD
OFR-003091-V2,OFR-003091,APP-0043885,REQ-2025-00612,1,2,salary_correction,accepted,true,2025-07-05,2025-07-05,,,,,2025-07-21,46600,USD
OFR-003092-V1,OFR-003092,APP-0043887,REQ-2025-00613,1,1,initial,withdrawn,true,2025-07-12,,,2025-07-18,,,2025-08-09,115000,USD
OFR-003093-V1,OFR-003093,APP-0043903,REQ-2024-01147,1,1,initial,reneged,true,2025-07-17,2025-07-24,,,,2025-08-31,2025-09-01,90500,USD
OFR-003094-V1,OFR-003094,APP-0043929,REQ-2025-00548,1,1,initial,superseded,false,2025-07-25,,,,,,2025-08-22,156000,USD
OFR-003094-V2,OFR-003094,APP-0043929,REQ-2025-00548,1,2,negotiation_revision,withdrawn,true,2025-07-26,,,2025-08-02,,,2025-08-22,166000,USD
OFR-003095-V1,OFR-003095,APP-0043950,REQ-2025-00571,1,1,initial,withdrawn,true,2025-07-04,,,2025-07-07,,,2025-08-01,83500,USD
OFR-003096-V1,OFR-003096,APP-0043954,REQ-2025-00573,1,1,initial,accepted,true,2025-07-17,2025-07-19,,,,,2025-08-25,89500,USD
OFR-003097-V1,OFR-003097,APP-0043956,REQ-2025-00580,1,1,initial,accepted,true,2025-07-02,2025-07-05,,,,,2025-08-18,86500,USD
OFR-003098-V1,OFR-003098,APP-0043976,REQ-2025-00612,1,1,initial,accepted,true,2025-07-02,2025-07-03,,,,,2025-07-21,49000,USD
OFR-003099-V1,OFR-003099,APP-0043987,REQ-2024-01084,1,1,initial,accepted,false,2025-07-17,2025-07-20,,,,,2025-08-25,93000,USD
OFR-003099-V2,OFR-003099,APP-0043987,REQ-2024-01084,1,2,salary_correction,accepted,true,2025-07-22,2025-07-22,,,,,2025-08-25,94800,USD
OFR-003100-V1,OFR-003100,APP-0043995,REQ-2025-00325,1,1,initial,accepted,false,2025-07-27,2025-07-29,,,,,2025-09-08,136000,USD
OFR-003100-V2,OFR-003100,APP-0043995,REQ-2025-00325,1,2,start_date_revision,accepted,true,2025-07-31,2025-07-31,,,,,2025-09-15,136000,USD
OFR-003101-V1,OFR-003101,APP-0044002,REQ-2025-00377,1,1,initial,superseded,false,2025-07-28,,,,,,2025-08-25,68000,USD
OFR-003101-V2,OFR-003101,APP-0044002,REQ-2025-00377,1,2,negotiation_revision,accepted,false,2025-07-29,2025-08-01,,,,,2025-08-25,72500,USD
OFR-003101-V3,OFR-003101,APP-0044002,REQ-2025-00377,1,3,start_date_revision,reneged,true,2025-08-08,2025-08-08,,,,2025-08-20,2025-09-01,72500,USD
OFR-003102-V1,OFR-003102,APP-0044008,REQ-2025-00504,1,1,initial,accepted,true,2025-07-10,2025-07-13,,,,,2025-08-11,79000,USD
OFR-003103-V1,OFR-003103,APP-0044018,REQ-2025-00553,1,1,initial,withdrawn,true,2025-07-02,,,2025-07-03,,,2025-07-30,73500,USD
OFR-003104-V1,OFR-003104,APP-0044022,REQ-2025-00555,1,1,initial,accepted,true,2025-07-26,2025-07-30,,,,,2025-09-01,104000,USD
OFR-003105-V1,OFR-003105,APP-0044031,REQ-2025-00568,1,1,initial,accepted,true,2025-07-08,2025-07-10,,,,,2025-07-28,53500,USD
OFR-003106-V1,OFR-003106,APP-0044051,REQ-2025-00607,1,1,initial,accepted,true,2025-07-16,2025-07-18,,,,,2025-08-18,101500,USD
OFR-003107-V1,OFR-003107,APP-0044097,REQ-2025-00436,1,1,initial,superseded,false,2025-08-01,,,,,,2025-08-29,88000,USD
OFR-003107-V2,OFR-003107,APP-0044097,REQ-2025-00436,1,2,negotiation_revision,declined,true,2025-08-04,,2025-08-06,,,,2025-08-29,94500,USD
OFR-003108-V1,OFR-003108,APP-0044109,REQ-2025-00554,1,1,initial,withdrawn,true,2025-07-09,,,2025-07-11,,,2025-08-06,104500,USD
OFR-003109-V1,OFR-003109,APP-0044125,REQ-2025-00571,1,1,initial,withdrawn,true,2025-07-06,,,2025-07-09,,,2025-08-03,84500,USD
OFR-003110-V1,OFR-003110,APP-0044134,REQ-2025-00586,1,1,initial,superseded,false,2025-07-12,,,,,,2025-09-08,123500,USD
OFR-003110-V2,OFR-003110,APP-0044134,REQ-2025-00586,1,2,negotiation_revision,accepted,false,2025-07-14,2025-07-15,,,,,2025-09-08,132500,USD
OFR-003110-V3,OFR-003110,APP-0044134,REQ-2025-00586,1,3,letter_reissue,accepted,true,2025-07-19,2025-07-19,,,,,2025-09-08,132500,USD
OFR-003111-V1,OFR-003111,APP-0044143,REQ-2025-00592,1,1,initial,accepted,true,2025-08-02,2025-08-09,,,,,2025-09-15,158000,USD
OFR-003112-V1,OFR-003112,APP-0044153,REQ-2025-00609,1,1,initial,accepted,false,2025-07-14,2025-07-16,,,,,2025-08-25,93000,USD
OFR-003112-V2,OFR-003112,APP-0044153,REQ-2025-00609,1,2,letter_reissue,accepted,true,2025-07-29,2025-07-29,,,,,2025-08-25,93000,USD
OFR-003113-V1,OFR-003113,APP-0044162,REQ-2025-00618,1,1,initial,declined,true,2025-07-23,,2025-07-28,,,,2025-08-20,103500,USD
OFR-003114-V1,OFR-003114,APP-0044169,REQ-2025-00632,1,1,initial,superseded,false,2025-07-08,,,,,,2025-08-25,111000,USD
OFR-003114-V2,OFR-003114,APP-0044169,REQ-2025-00632,1,2,negotiation_revision,accepted,true,2025-07-09,2025-07-12,,,,,2025-08-25,117000,USD
OFR-003115-V1,OFR-003115,APP-0044202,REQ-2025-00517,1,1,initial,accepted,true,2025-07-27,2025-08-05,,,,,2025-09-22,183500,USD
OFR-003116-V1,OFR-003116,APP-0044209,REQ-2025-00545,1,1,initial,accepted,false,2025-07-26,2025-07-29,,,,,2025-10-06,257500,USD
OFR-003116-V2,OFR-003116,APP-0044209,REQ-2025-00545,1,2,letter_reissue,accepted,true,2025-08-09,2025-08-09,,,,,2025-10-06,257500,USD
OFR-003117-V1,OFR-003117,APP-0044211,REQ-2025-00546,1,1,initial,accepted,false,2025-07-21,2025-07-25,,,,,2025-09-01,139000,USD
OFR-003117-V2,OFR-003117,APP-0044211,REQ-2025-00546,1,2,salary_correction,accepted,true,2025-08-07,2025-08-07,,,,,2025-09-01,139000,USD
OFR-003118-V1,OFR-003118,APP-0044241,REQ-2025-00583,1,1,initial,superseded,false,2025-08-10,,,,,,2025-09-29,182000,USD
OFR-003118-V2,OFR-003118,APP-0044241,REQ-2025-00583,1,2,negotiation_revision,accepted,false,2025-08-12,2025-08-14,,,,,2025-09-29,196500,USD
OFR-003118-V3,OFR-003118,APP-0044241,REQ-2025-00583,1,3,salary_correction,accepted,true,2025-08-17,2025-08-17,,,,,2025-09-29,197900,USD
OFR-003119-V1,OFR-003119,APP-0044258,REQ-2025-00608,1,1,initial,accepted,true,2025-07-09,2025-07-11,,,,,2025-08-11,106000,USD
OFR-003120-V1,OFR-003120,APP-0044262,REQ-2025-00611,1,1,initial,withdrawn,true,2025-07-11,,,2025-07-14,,,2025-08-08,55000,USD
OFR-003121-V1,OFR-003121,APP-0044264,REQ-2025-00611,1,1,initial,accepted,true,2025-07-06,2025-07-08,,,,,2025-07-21,49000,USD
OFR-003122-V1,OFR-003122,APP-0044280,REQ-2025-00636,1,1,initial,accepted,true,2025-07-20,2025-07-24,,,,,2025-08-25,109500,USD
OFR-003123-V1,OFR-003123,APP-0044351,REQ-2025-00591,1,1,initial,superseded,false,2025-07-07,,,,,,2025-08-11,72500,USD
OFR-003123-V2,OFR-003123,APP-0044351,REQ-2025-00591,1,2,negotiation_revision,accepted,true,2025-07-09,2025-07-10,,,,,2025-08-11,78000,USD
OFR-003124-V1,OFR-003124,APP-0044389,REQ-2025-00635,1,1,initial,accepted,true,2025-07-17,2025-07-21,,,,,2025-08-18,82500,USD
OFR-003125-V1,OFR-003125,APP-0044432,REQ-2025-00603,1,1,initial,accepted,true,2025-07-12,2025-07-14,,,,,2025-08-25,145000,USD
OFR-003126-V1,OFR-003126,APP-0044438,REQ-2025-00609,1,1,initial,accepted,true,2025-07-14,2025-07-20,,,,,2025-08-25,98500,USD
OFR-003127-V1,OFR-003127,APP-0044454,REQ-2025-00623,1,1,initial,accepted,true,2025-07-25,2025-07-26,,,,,2025-08-18,93000,USD
OFR-003128-V1,OFR-003128,APP-0044457,REQ-2025-00626,1,1,initial,withdrawn,true,2025-08-03,,,2025-08-04,,,2025-08-31,102500,USD
OFR-003129-V1,OFR-003129,APP-0044465,REQ-2025-00634,1,1,initial,accepted,true,2025-07-18,2025-07-20,,,,,2025-08-25,85500,USD
OFR-003130-V1,OFR-003130,APP-0044467,REQ-2025-00635,1,1,initial,accepted,true,2025-07-24,2025-07-26,,,,,2025-08-18,72000,USD
OFR-003131-V1,OFR-003131,APP-0044483,REQ-2025-00453,1,1,initial,superseded,false,2025-08-19,,,,,,2025-10-13,124000,USD
OFR-003131-V2,OFR-003131,APP-0044483,REQ-2025-00453,1,2,negotiation_revision,accepted,true,2025-08-20,2025-09-03,,,,,2025-10-13,130000,USD
OFR-003132-V1,OFR-003132,APP-0044518,REQ-2025-00592,1,1,initial,withdrawn,true,2025-08-09,,,2025-08-14,,,2025-09-06,157000,USD
OFR-003133-V1,OFR-003133,APP-0044525,REQ-2025-00598,1,1,initial,superseded,false,2025-07-25,,,,,,2025-09-01,130500,USD
OFR-003133-V2,OFR-003133,APP-0044525,REQ-2025-00598,1,2,negotiation_revision,accepted,true,2025-07-27,2025-07-30,,,,,2025-09-01,139500,USD
OFR-003134-V1,OFR-003134,APP-0044532,REQ-2025-00610,1,1,initial,superseded,false,2025-07-11,,,,,,2025-08-18,99500,USD
OFR-003134-V2,OFR-003134,APP-0044532,REQ-2025-00610,1,2,negotiation_revision,accepted,true,2025-07-12,2025-07-15,,,,,2025-08-18,106500,USD
OFR-003135-V1,OFR-003135,APP-0044533,REQ-2025-00610,1,1,initial,accepted,true,2025-07-16,2025-07-18,,,,,2025-08-25,97500,USD
OFR-003136-V1,OFR-003136,APP-0044542,REQ-2025-00613,1,1,initial,accepted,true,2025-07-11,2025-07-13,,,,,2025-08-18,116500,USD
OFR-003137-V1,OFR-003137,APP-0044548,REQ-2025-00629,1,1,initial,accepted,false,2025-07-11,2025-07-13,,,,,2025-08-18,69000,USD
OFR-003137-V2,OFR-003137,APP-0044548,REQ-2025-00629,1,2,start_date_revision,accepted,true,2025-07-20,2025-07-20,,,,,2025-09-01,69000,USD
OFR-003138-V1,OFR-003138,APP-0044565,REQ-2025-00168,1,1,initial,declined,true,2025-07-21,,2025-07-24,,,,2025-08-18,95000,USD
OFR-003139-V1,OFR-003139,APP-0044599,REQ-2025-00585,1,1,initial,accepted,true,2025-07-12,2025-07-17,,,,,2025-08-18,100000,USD
OFR-003140-V1,OFR-003140,APP-0044618,REQ-2025-00611,1,1,initial,accepted,true,2025-07-12,2025-07-13,,,,,2025-08-04,57000,USD
OFR-003141-V1,OFR-003141,APP-0044629,REQ-2025-00621,1,1,initial,accepted,false,2025-07-15,2025-07-17,,,,,2025-08-18,69000,USD
OFR-003141-V2,OFR-003141,APP-0044629,REQ-2025-00621,1,2,start_date_revision,accepted,true,2025-07-21,2025-07-21,,,,,2025-09-08,69000,USD
OFR-003142-V1,OFR-003142,APP-0044637,REQ-2025-00626,1,1,initial,accepted,true,2025-07-22,2025-08-04,,,,,2025-09-15,110500,USD
OFR-003143-V1,OFR-003143,APP-0044649,REQ-2025-00637,1,1,initial,accepted,true,2025-08-20,2025-08-23,,,,,2025-10-13,172500,USD
OFR-003144-V1,OFR-003144,APP-0044670,REQ-2025-00343,1,1,initial,declined,true,2025-07-10,,2025-07-12,,,,2025-08-07,103000,USD
OFR-003145-V1,OFR-003145,APP-0044699,REQ-2025-00609,1,1,initial,withdrawn,true,2025-07-19,,,2025-07-21,,,2025-08-16,96000,USD
OFR-003146-V1,OFR-003146,APP-0044700,REQ-2025-00609,1,1,initial,accepted,true,2025-07-13,2025-07-15,,,,,2025-08-18,88500,USD
OFR-003147-V1,OFR-003147,APP-0044701,REQ-2025-00610,1,1,initial,withdrawn,true,2025-07-17,,,2025-07-19,,,2025-08-14,97000,USD
OFR-003148-V1,OFR-003148,APP-0044708,REQ-2025-00625,1,1,initial,accepted,false,2025-08-12,2025-08-20,,,,,2025-09-08,88000,USD
OFR-003148-V2,OFR-003148,APP-0044708,REQ-2025-00625,1,2,letter_reissue,accepted,true,2025-08-27,2025-08-27,,,,,2025-09-08,88000,USD
OFR-003149-V1,OFR-003149,APP-0044710,REQ-2025-00626,1,1,initial,accepted,true,2025-07-25,2025-07-31,,,,,2025-09-08,98500,USD
OFR-003150-V1,OFR-003150,APP-0044715,REQ-2025-00633,1,1,initial,accepted,true,2025-08-01,2025-08-05,,,,,2025-09-01,83000,USD
OFR-003151-V1,OFR-003151,APP-0044718,REQ-2025-00634,1,1,initial,superseded,false,2025-07-12,,,,,,2025-08-25,90500,USD
OFR-003151-V2,OFR-003151,APP-0044718,REQ-2025-00634,1,2,negotiation_revision,accepted,true,2025-07-14,2025-07-17,,,,,2025-08-25,97000,USD
OFR-003152-V1,OFR-003152,APP-0044721,REQ-2025-00635,1,1,initial,accepted,true,2025-07-15,2025-07-19,,,,,2025-08-18,84500,USD
OFR-003153-V1,OFR-003153,APP-0044759,REQ-2025-00536,1,1,initial,accepted,true,2025-07-18,2025-07-22,,,,,2025-08-25,75500,USD
OFR-003154-V1,OFR-003154,APP-0044792,REQ-2025-00618,1,1,initial,superseded,false,2025-07-29,,,,,,2025-09-08,111500,USD
OFR-003154-V2,OFR-003154,APP-0044792,REQ-2025-00618,1,2,negotiation_revision,accepted,false,2025-07-30,2025-07-31,,,,,2025-09-08,117500,USD
OFR-003154-V3,OFR-003154,APP-0044792,REQ-2025-00618,1,3,letter_reissue,accepted,true,2025-08-12,2025-08-12,,,,,2025-09-08,117500,USD
OFR-003155-V1,OFR-003155,APP-0044799,REQ-2025-00632,1,1,initial,accepted,true,2025-07-14,2025-07-15,,,,,2025-08-25,99500,USD
OFR-003156-V1,OFR-003156,APP-0044804,REQ-2025-00635,1,1,initial,accepted,true,2025-07-12,2025-07-15,,,,,2025-08-11,81500,USD
OFR-003157-V1,OFR-003157,APP-0044811,REQ-2025-00646,1,1,initial,accepted,true,2025-07-18,2025-07-24,,,,,2025-08-18,67500,USD
OFR-003158-V1,OFR-003158,APP-0044858,REQ-2025-00616,1,1,initial,accepted,true,2025-07-16,2025-07-18,,,,,2025-08-04,52000,USD
OFR-003159-V1,OFR-003159,APP-0044869,REQ-2025-00632,1,1,initial,withdrawn,true,2025-07-13,,,2025-07-16,,,2025-08-10,109000,USD
OFR-003160-V1,OFR-003160,APP-0044875,REQ-2025-00641,1,1,initial,accepted,true,2025-07-25,2025-07-30,,,,,2025-09-01,139500,USD
OFR-003161-V1,OFR-003161,APP-0044878,REQ-2025-00645,1,1,initial,accepted,true,2025-07-15,2025-07-19,,,,,2025-08-25,145000,USD
OFR-003162-V1,OFR-003162,APP-0044880,REQ-2025-00647,1,1,initial,accepted,true,2025-07-17,2025-07-21,,,,,2025-08-18,103000,USD
OFR-003163-V1,OFR-003163,APP-0044889,REQ-2025-00048,1,1,initial,accepted,true,2025-08-06,2025-08-14,,,,,2025-09-15,168000,USD
OFR-003164-V1,OFR-003164,APP-0044895,REQ-2025-00239,1,1,initial,accepted,true,2025-08-03,2025-08-13,,,,,2025-09-22,128500,USD
OFR-003165-V1,OFR-003165,APP-0044951,REQ-2025-00622,1,1,initial,reneged,true,2025-07-14,2025-07-16,,,,2025-07-25,2025-08-18,80000,USD
OFR-003166-V1,OFR-003166,APP-0044955,REQ-2025-00631,1,1,initial,accepted,true,2025-07-12,2025-07-14,,,,,2025-08-11,83000,USD
OFR-003167-V1,OFR-003167,APP-0044996,REQ-2025-00504,1,1,initial,accepted,true,2025-07-16,2025-07-17,,,,,2025-08-11,83500,USD
OFR-003168-V1,OFR-003168,APP-0044997,REQ-2025-00511,1,1,initial,superseded,false,2025-07-31,,,,,,2025-09-01,126000,USD
OFR-003168-V2,OFR-003168,APP-0044997,REQ-2025-00511,1,2,negotiation_revision,accepted,true,2025-08-02,2025-08-03,,,,,2025-09-01,132000,USD
OFR-003169-V1,OFR-003169,APP-0045018,REQ-2025-00622,1,1,initial,superseded,false,2025-07-23,,,,,,2025-08-20,71000,USD
OFR-003169-V2,OFR-003169,APP-0045018,REQ-2025-00622,1,2,negotiation_revision,declined,true,2025-07-27,,2025-07-29,,,,2025-08-20,74000,USD
OFR-003170-V1,OFR-003170,APP-0045020,REQ-2025-00622,1,1,initial,accepted,false,2025-08-13,2025-08-16,,,,,2025-09-08,81000,USD
OFR-003170-V2,OFR-003170,APP-0045020,REQ-2025-00622,1,2,letter_reissue,accepted,true,2025-08-26,2025-08-26,,,,,2025-09-08,81000,USD
OFR-003171-V1,OFR-003171,APP-0045049,REQ-2025-00290,1,1,initial,accepted,true,2025-07-26,2025-07-28,,,,,2025-08-25,54000,USD
OFR-003172-V1,OFR-003172,APP-0045073,REQ-2025-00578,1,1,initial,declined,true,2025-08-27,,2025-09-03,,,,2025-09-24,90000,USD
OFR-003173-V1,OFR-003173,APP-0045087,REQ-2025-00618,1,1,initial,declined,true,2025-07-19,,2025-07-21,,,,2025-08-16,101000,USD
OFR-003174-V1,OFR-003174,APP-0045102,REQ-2025-00635,1,1,initial,accepted,true,2025-07-19,2025-07-22,,,,,2025-08-25,79500,USD
OFR-003175-V1,OFR-003175,APP-0045105,REQ-2025-00639,1,1,initial,accepted,true,2025-07-30,2025-08-02,,,,,2025-09-01,103000,USD
OFR-003176-V1,OFR-003176,APP-0045109,REQ-2025-00646,1,1,initial,accepted,true,2025-07-21,2025-07-26,,,,,2025-08-18,66500,USD
OFR-003177-V1,OFR-003177,APP-0045114,REQ-2025-00654,1,1,initial,superseded,false,2025-07-19,,,,,,2025-09-01,89500,USD
OFR-003177-V2,OFR-003177,APP-0045114,REQ-2025-00654,1,2,negotiation_revision,accepted,true,2025-07-20,2025-07-22,,,,,2025-09-01,93500,USD
OFR-003178-V1,OFR-003178,APP-0045115,REQ-2024-00001,1,1,initial,accepted,true,2025-08-18,2025-08-20,,,,,2025-09-22,142000,USD
OFR-003179-V1,OFR-003179,APP-0045128,REQ-2025-00135,1,1,initial,accepted,true,2025-08-14,2025-08-26,,,,,2025-09-22,106000,USD
OFR-003180-V1,OFR-003180,APP-0045172,REQ-2025-00646,1,1,initial,withdrawn,true,2025-07-22,,,2025-07-28,,,2025-08-19,69000,USD
OFR-003181-V1,OFR-003181,APP-0045174,REQ-2025-00650,1,1,initial,accepted,false,2025-07-23,2025-07-27,,,,,2025-09-01,68500,USD
OFR-003181-V2,OFR-003181,APP-0045174,REQ-2025-00650,1,2,letter_reissue,accepted,true,2025-08-04,2025-08-04,,,,,2025-09-01,68500,USD
OFR-003182-V1,OFR-003182,APP-0045217,REQ-2025-00606,1,1,initial,superseded,false,2025-07-18,,,,,,2025-09-01,89000,USD
OFR-003182-V2,OFR-003182,APP-0045217,REQ-2025-00606,1,2,negotiation_revision,accepted,true,2025-07-19,2025-07-20,,,,,2025-09-01,95000,USD
OFR-003183-V1,OFR-003183,APP-0045244,REQ-2025-00646,1,1,initial,withdrawn,true,2025-07-21,,,2025-07-28,,,2025-08-18,65500,USD
OFR-003184-V1,OFR-003184,APP-0045249,REQ-2025-00650,1,1,initial,withdrawn,true,2025-07-25,,,2025-07-27,,,2025-08-22,78500,USD
OFR-003185-V1,OFR-003185,APP-0045267,REQ-2025-00212,1,1,initial,declined,true,2025-08-16,,2025-08-17,,,,2025-09-13,68000,USD
OFR-003186-V1,OFR-003186,APP-0045268,REQ-2025-00231,1,1,initial,accepted,true,2025-07-26,2025-07-28,,,,,2025-08-11,56500,USD
OFR-003187-V1,OFR-003187,APP-0045308,REQ-2025-00626,1,1,initial,accepted,true,2025-07-26,2025-07-29,,,,,2025-09-01,101000,USD
OFR-003188-V1,OFR-003188,APP-0045333,REQ-2025-00654,1,1,initial,accepted,true,2025-08-05,2025-08-07,,,,,2025-09-15,93000,USD
OFR-003189-V1,OFR-003189,APP-0045340,REQ-2024-01094,1,1,initial,accepted,true,2025-08-19,2025-08-23,,,,,2025-10-13,212000,USD
OFR-003190-V1,OFR-003190,APP-0045350,REQ-2025-00400,1,1,initial,superseded,false,2025-08-03,,,,,,2025-09-15,107500,USD
OFR-003190-V2,OFR-003190,APP-0045350,REQ-2025-00400,1,2,negotiation_revision,accepted,true,2025-08-06,2025-08-08,,,,,2025-09-15,111500,USD
OFR-003191-V1,OFR-003191,APP-0045374,REQ-2025-00626,1,1,initial,superseded,false,2025-07-25,,,,,,2025-09-01,107500,USD
OFR-003191-V2,OFR-003191,APP-0045374,REQ-2025-00626,1,2,negotiation_revision,accepted,true,2025-07-26,2025-07-27,,,,,2025-09-01,113500,USD
OFR-003192-V1,OFR-003192,APP-0045380,REQ-2025-00635,1,1,initial,withdrawn,true,2025-07-23,,,2025-07-27,,,2025-08-20,76000,USD
OFR-003193-V1,OFR-003193,APP-0045386,REQ-2025-00643,1,1,initial,accepted,true,2025-07-23,2025-07-25,,,,,2025-08-18,76500,USD
OFR-003194-V1,OFR-003194,APP-0045388,REQ-2025-00644,1,1,initial,accepted,true,2025-07-22,2025-07-27,,,,,2025-09-01,104500,USD
OFR-003195-V1,OFR-003195,APP-0045395,REQ-2025-00653,1,1,initial,accepted,true,2025-07-25,2025-07-26,,,,,2025-08-25,65000,USD
OFR-003196-V1,OFR-003196,APP-0045400,REQ-2025-00654,1,1,initial,reneged,true,2025-07-22,2025-07-24,,,,2025-08-16,2025-09-08,95000,USD
OFR-003197-V1,OFR-003197,APP-0045401,REQ-2025-00654,1,1,initial,superseded,false,2025-07-31,,,,,,2025-09-08,92500,USD
OFR-003197-V2,OFR-003197,APP-0045401,REQ-2025-00654,1,2,negotiation_revision,accepted,true,2025-08-01,2025-08-02,,,,,2025-09-08,97000,USD
OFR-003198-V1,OFR-003198,APP-0045404,REQ-2025-00657,1,1,initial,superseded,false,2025-07-29,,,,,,2025-09-08,90500,USD
OFR-003198-V2,OFR-003198,APP-0045404,REQ-2025-00657,1,2,negotiation_revision,accepted,true,2025-07-30,2025-07-31,,,,,2025-09-08,93500,USD
OFR-003199-V1,OFR-003199,APP-0045405,REQ-2025-00657,1,1,initial,superseded,false,2025-07-19,,,,,,2025-08-25,91500,USD
OFR-003199-V2,OFR-003199,APP-0045405,REQ-2025-00657,1,2,negotiation_revision,accepted,true,2025-07-21,2025-07-23,,,,,2025-08-25,96000,USD
OFR-003200-V1,OFR-003200,APP-0045438,REQ-2025-00628,1,1,initial,superseded,false,2025-08-07,,,,,,2025-09-22,108500,USD
OFR-003200-V2,OFR-003200,APP-0045438,REQ-2025-00628,1,2,negotiation_revision,accepted,false,2025-08-10,2025-08-11,,,,,2025-09-22,114500,USD
OFR-003200-V3,OFR-003200,APP-0045438,REQ-2025-00628,1,3,letter_reissue,accepted,true,2025-08-25,2025-08-25,,,,,2025-09-22,114500,USD
OFR-003201-V1,OFR-003201,APP-0045458,REQ-2025-00654,1,1,initial,accepted,true,2025-07-30,2025-08-01,,,,,2025-09-01,103500,USD
OFR-003202-V1,OFR-003202,APP-0045460,REQ-2025-00656,1,1,initial,superseded,false,2025-08-17,,,,,,2025-09-15,137500,USD
OFR-003202-V2,OFR-003202,APP-0045460,REQ-2025-00656,1,2,negotiation_revision,accepted,false,2025-08-18,2025-08-19,,,,,2025-09-15,142500,USD
OFR-003202-V3,OFR-003202,APP-0045460,REQ-2025-00656,1,3,letter_reissue,accepted,true,2025-08-31,2025-08-31,,,,,2025-09-15,142500,USD
OFR-003203-V1,OFR-003203,APP-0045471,REQ-2024-00836,1,1,initial,declined,true,2025-08-13,,2025-08-16,,,,2025-09-10,80000,USD
OFR-003204-V1,OFR-003204,APP-0045481,REQ-2025-00317,1,1,initial,withdrawn,true,2025-07-30,,,2025-07-31,,,2025-08-27,79000,USD
OFR-003205-V1,OFR-003205,APP-0045487,REQ-2025-00351,1,1,initial,declined,true,2025-08-21,,2025-08-27,,,,2025-09-18,162500,USD
OFR-003206-V1,OFR-003206,APP-0045511,REQ-2025-00620,1,1,initial,reneged,true,2025-07-28,2025-07-30,,,,2025-08-19,2025-09-01,142000,USD
OFR-003207-V1,OFR-003207,APP-0045513,REQ-2025-00622,1,1,initial,accepted,true,2025-07-26,2025-07-28,,,,,2025-08-25,69500,USD
OFR-003208-V1,OFR-003208,APP-0045518,REQ-2025-00635,1,1,initial,accepted,true,2025-07-25,2025-07-26,,,,,2025-08-25,77500,USD
OFR-003209-V1,OFR-003209,APP-0045524,REQ-2025-00642,1,1,initial,declined,true,2025-08-17,,2025-08-26,,,,2025-09-14,97500,USD
OFR-003210-V1,OFR-003210,APP-0045529,REQ-2025-00653,1,1,initial,accepted,true,2025-07-22,2025-07-26,,,,,2025-08-25,65500,USD
OFR-003211-V1,OFR-003211,APP-0045540,REQ-2025-00657,1,1,initial,accepted,true,2025-07-26,2025-07-27,,,,,2025-09-01,91500,USD
OFR-003212-V1,OFR-003212,APP-0045619,REQ-2025-00668,1,1,initial,superseded,false,2025-08-05,,,,,,2025-09-08,65500,USD
OFR-003212-V2,OFR-003212,APP-0045619,REQ-2025-00668,1,2,negotiation_revision,accepted,false,2025-08-07,2025-08-08,,,,,2025-09-08,70000,USD
OFR-003212-V3,OFR-003212,APP-0045619,REQ-2025-00668,1,3,letter_reissue,accepted,true,2025-08-14,2025-08-14,,,,,2025-09-08,70000,USD
OFR-003213-V1,OFR-003213,APP-0045620,REQ-2025-00671,1,1,initial,accepted,true,2025-07-27,2025-07-29,,,,,2025-08-18,58000,USD
OFR-003214-V1,OFR-003214,APP-0045632,REQ-2024-01185,1,1,initial,superseded,false,2025-08-24,,,,,,2025-09-21,108500,USD
OFR-003214-V2,OFR-003214,APP-0045632,REQ-2024-01185,1,2,negotiation_revision,withdrawn,true,2025-08-26,,,2025-08-27,,,2025-09-21,114500,USD
OFR-003215-V1,OFR-003215,APP-0045656,REQ-2025-00582,1,1,initial,accepted,true,2025-08-15,2025-08-17,,,,,2025-09-22,125000,USD
OFR-003216-V1,OFR-003216,APP-0045658,REQ-2025-00605,1,1,initial,accepted,true,2025-08-07,2025-08-10,,,,,2025-09-15,89000,USD
OFR-003217-V1,OFR-003217,APP-0045667,REQ-2025-00637,1,1,initial,declined,true,2025-08-17,,2025-08-19,,,,2025-09-14,192500,USD
OFR-003218-V1,OFR-003218,APP-0045675,REQ-2025-00656,1,1,initial,accepted,true,2025-08-27,2025-08-30,,,,,2025-10-13,125000,USD
OFR-003219-V1,OFR-003219,APP-0045678,REQ-2025-00657,1,1,initial,superseded,false,2025-07-30,,,,,,2025-09-01,90000,USD
OFR-003219-V2,OFR-003219,APP-0045678,REQ-2025-00657,1,2,negotiation_revision,accepted,true,2025-07-31,2025-08-01,,,,,2025-09-01,94500,USD
OFR-003220-V1,OFR-003220,APP-0045679,REQ-2025-00660,1,1,initial,accepted,true,2025-07-27,2025-08-01,,,,,2025-08-25,105500,USD
OFR-003221-V1,OFR-003221,APP-0045703,REQ-2025-00270,1,1,initial,accepted,true,2025-08-11,2025-08-14,,,,,2025-09-08,76500,USD
OFR-003222-V1,OFR-003222,APP-0045707,REQ-2025-00327,1,1,initial,accepted,true,2025-08-13,2025-08-25,,,,,2025-09-29,151500,USD
OFR-003223-V1,OFR-003223,APP-0045739,REQ-2025-00651,1,1,initial,accepted,true,2025-08-06,2025-08-18,,,,,2025-09-29,116500,USD
OFR-003224-V1,OFR-003224,APP-0045749,REQ-2025-00657,1,1,initial,accepted,true,2025-08-01,2025-08-05,,,,,2025-09-15,93000,USD
OFR-003225-V1,OFR-003225,APP-0045752,REQ-2025-00666,1,1,initial,accepted,true,2025-07-29,2025-08-01,,,,,2025-08-25,51000,USD
OFR-003226-V1,OFR-003226,APP-0045755,REQ-2025-00668,1,1,initial,accepted,true,2025-08-05,2025-08-07,,,,,2025-09-01,72000,USD
OFR-003227-V1,OFR-003227,APP-0045764,REQ-2025-00691,1,1,initial,accepted,true,2025-08-23,2025-08-28,,,,,2025-10-06,115000,USD
OFR-003228-V1,OFR-003228,APP-0045789,REQ-2025-00633,1,1,initial,declined,true,2025-07-29,,2025-07-30,,,,2025-08-26,77000,USD
OFR-003229-V1,OFR-003229,APP-0045813,REQ-2025-00672,1,1,initial,withdrawn,true,2025-07-28,,,2025-07-30,,,2025-08-25,73500,USD
OFR-003230-V1,OFR-003230,APP-0045825,REQ-2025-00694,1,1,initial,accepted,true,2025-07-28,2025-07-30,,,,,2025-08-11,61500,USD
OFR-003231-V1,OFR-003231,APP-0045843,REQ-2025-00267,1,1,initial,accepted,true,2025-09-12,2025-09-17,,,,,2025-11-10,203000,USD
OFR-003232-V1,OFR-003232,APP-0045851,REQ-2025-00428,1,1,initial,accepted,true,2025-08-07,2025-08-08,,,,,2025-09-01,61000,USD
OFR-003233-V1,OFR-003233,APP-0045853,REQ-2025-00465,1,1,initial,superseded,false,2025-08-27,,,,,,2025-10-20,159000,USD
OFR-003233-V2,OFR-003233,APP-0045853,REQ-2025-00465,1,2,negotiation_revision,accepted,true,2025-08-30,2025-09-01,,,,,2025-10-20,168500,USD
OFR-003234-V1,OFR-003234,APP-0045858,REQ-2025-00563,1,1,initial,accepted,true,2025-08-01,2025-08-04,,,,,2025-08-25,59000,USD
OFR-003235-V1,OFR-003235,APP-0045860,REQ-2025-00575,1,1,initial,accepted,false,2025-07-29,2025-07-31,,,,,2025-08-25,58500,USD
OFR-003235-V2,OFR-003235,APP-0045860,REQ-2025-00575,1,2,salary_correction,accepted,true,2025-08-06,2025-08-06,,,,,2025-08-25,59300,USD
OFR-003236-V1,OFR-003236,APP-0045871,REQ-2025-00649,1,1,initial,accepted,false,2025-08-11,2025-08-13,,,,,2025-09-08,101500,USD
OFR-003236-V2,OFR-003236,APP-0045871,REQ-2025-00649,1,2,start_date_revision,accepted,true,2025-08-18,2025-08-18,,,,,2025-09-29,101500,USD
OFR-003237-V1,OFR-003237,APP-0045877,REQ-2025-00654,1,1,initial,withdrawn,true,2025-08-05,,,2025-08-09,,,2025-09-02,93000,USD
OFR-003238-V1,OFR-003238,APP-0045889,REQ-2025-00668,1,1,initial,accepted,true,2025-07-26,2025-07-29,,,,,2025-09-01,70500,USD
OFR-003239-V1,OFR-003239,APP-0045890,REQ-2025-00668,1,1,initial,accepted,true,2025-08-02,2025-08-04,,,,,2025-09-01,72500,USD
OFR-003240-V1,OFR-003240,APP-0045898,REQ-2025-00677,1,1,initial,reneged,true,2025-07-28,2025-07-30,,,,2025-08-16,2025-08-18,50000,USD
OFR-003241-V1,OFR-003241,APP-0045907,REQ-2024-00762,1,1,initial,declined,true,2025-07-31,,2025-08-03,,,,2025-08-28,110500,USD
OFR-003242-V1,OFR-003242,APP-0045912,REQ-2024-01185,1,1,initial,accepted,true,2025-08-19,2025-08-26,,,,,2025-10-06,109000,USD
OFR-003243-V1,OFR-003243,APP-0045928,REQ-2025-00575,1,1,initial,superseded,false,2025-07-29,,,,,,2025-08-26,58000,USD
OFR-003243-V2,OFR-003243,APP-0045928,REQ-2025-00575,1,2,negotiation_revision,withdrawn,true,2025-07-31,,,2025-08-01,,,2025-08-26,62500,USD
OFR-003244-V1,OFR-003244,APP-0045954,REQ-2025-00649,1,1,initial,declined,true,2025-08-09,,2025-08-12,,,,2025-09-06,104000,USD
OFR-003245-V1,OFR-003245,APP-0045968,REQ-2025-00659,1,1,initial,reneged,true,2025-08-02,2025-08-07,,,,2025-09-05,2025-09-08,75500,USD
OFR-003246-V1,OFR-003246,APP-0045989,REQ-2025-00693,1,1,initial,declined,true,2025-08-05,,2025-08-08,,,,2025-09-02,96500,USD
OFR-003247-V1,OFR-003247,APP-0045992,REQ-2025-00701,1,1,initial,accepted,true,2025-07-28,2025-07-31,,,,,2025-08-25,76000,USD
OFR-003248-V1,OFR-003248,APP-0046013,REQ-2025-00395,1,1,initial,superseded,false,2025-08-12,,,,,,2025-10-06,138500,USD
OFR-003248-V2,OFR-003248,APP-0046013,REQ-2025-00395,1,2,negotiation_revision,accepted,true,2025-08-16,2025-08-18,,,,,2025-10-06,145500,USD
OFR-003249-V1,OFR-003249,APP-0046048,REQ-2025-00673,1,1,initial,accepted,true,2025-08-03,2025-08-06,,,,,2025-08-25,75000,USD
OFR-003250-V1,OFR-003250,APP-0046059,REQ-2025-00695,1,1,initial,superseded,false,2025-08-09,,,,,,2025-09-06,84000,USD
OFR-003250-V2,OFR-003250,APP-0046059,REQ-2025-00695,1,2,negotiation_revision,declined,true,2025-08-10,,2025-08-15,,,,2025-09-06,90500,USD
OFR-003251-V1,OFR-003251,APP-0046073,REQ-2024-01210,1,1,initial,accepted,true,2025-08-15,2025-08-21,,,,,2025-09-29,97000,USD
OFR-003252-V1,OFR-003252,APP-0046097,REQ-2025-00626,1,1,initial,withdrawn,true,2025-08-03,,,2025-08-04,,,2025-08-31,111000,USD
OFR-003253-V1,OFR-003253,APP-0046137,REQ-2025-00684,1,1,initial,accepted,false,2025-08-07,2025-08-08,,,,,2025-09-01,63000,USD
OFR-003253-V2,OFR-003253,APP-0046137,REQ-2025-00684,1,2,start_date_revision,accepted,true,2025-08-12,2025-08-12,,,,,2025-09-15,63000,USD
OFR-003254-V1,OFR-003254,APP-0046138,REQ-2025-00684,1,1,initial,superseded,false,2025-08-06,,,,,,2025-08-25,62500,USD
OFR-003254-V2,OFR-003254,APP-0046138,REQ-2025-00684,1,2,negotiation_revision,accepted,true,2025-08-07,2025-08-08,,,,,2025-08-25,67000,USD
OFR-003255-V1,OFR-003255,APP-0046139,REQ-2025-00685,1,1,initial,superseded,false,2025-08-26,,,,,,2025-09-23,68000,USD
OFR-003255-V2,OFR-003255,APP-0046139,REQ-2025-00685,1,2,negotiation_revision,declined,true,2025-08-28,,2025-09-01,,,,2025-09-23,72500,USD
OFR-003256-V1,OFR-003256,APP-0046146,REQ-2025-00694,1,1,initial,accepted,true,2025-08-01,2025-08-03,,,,,2025-08-18,54000,USD
OFR-003257-V1,OFR-003257,APP-0046150,REQ-2025-00705,1,1,initial,accepted,true,2025-08-10,2025-08-12,,,,,2025-09-15,102000,USD
OFR-003258-V1,OFR-003258,APP-0046155,REQ-2024-00876,1,1,initial,accepted,true,2025-08-17,2025-08-20,,,,,2025-09-15,92500,USD
OFR-003259-V1,OFR-003259,APP-0046156,REQ-2024-01223,1,1,initial,declined,true,2025-09-29,,2025-10-03,,,,2025-10-27,122000,USD
OFR-003260-V1,OFR-003260,APP-0046160,REQ-2025-00314,1,1,initial,accepted,true,2025-09-01,2025-09-02,,,,,2025-09-22,63500,USD
OFR-003261-V1,OFR-003261,APP-0046168,REQ-2025-00574,1,1,initial,accepted,false,2025-08-09,2025-08-12,,,,,2025-10-06,188000,USD
OFR-003261-V2,OFR-003261,APP-0046168,REQ-2025-00574,1,2,start_date_revision,reneged,true,2025-08-17,2025-08-17,,,,2025-08-27,2025-10-14,188000,USD
OFR-003262-V1,OFR-003262,APP-0046189,REQ-2025-00662,1,1,initial,accepted,true,2025-08-05,2025-08-06,,,,,2025-09-29,156500,USD
OFR-003263-V1,OFR-003263,APP-0046201,REQ-2025-00676,1,1,initial,withdrawn,true,2025-08-31,,,2025-09-03,,,2025-09-28,114500,USD
OFR-003264-V1,OFR-003264,APP-0046213,REQ-2025-00702,1,1,initial,accepted,true,2025-08-24,2025-08-28,,,,,2025-09-22,91000,USD
OFR-003265-V1,OFR-003265,APP-0046234,REQ-2025-00485,1,1,initial,accepted,true,2025-08-06,2025-08-08,,,,,2025-09-08,73000,USD
OFR-003266-V1,OFR-003266,APP-0046237,REQ-2025-00541,1,1,initial,declined,true,2025-08-06,,2025-08-08,,,,2025-09-03,63500,USD
OFR-003267-V1,OFR-003267,APP-0046242,REQ-2025-00627,1,1,initial,declined,true,2025-08-15,,2025-08-18,,,,2025-09-12,79500,USD
OFR-003268-V1,OFR-003268,APP-0046246,REQ-2025-00638,1,1,initial,accepted,true,2025-08-19,2025-08-21,,,,,2025-09-22,98000,USD
OFR-003269-V1,OFR-003269,APP-0046260,REQ-2025-00665,1,1,initial,accepted,true,2025-08-22,2025-08-27,,,,,2025-10-20,218000,USD
OFR-003270-V1,OFR-003270,APP-0046265,REQ-2025-00675,1,1,initial,accepted,true,2025-08-03,2025-08-04,,,,,2025-09-08,130500,USD
OFR-003271-V1,OFR-003271,APP-0046271,REQ-2025-00684,1,1,initial,accepted,true,2025-08-02,2025-08-06,,,,,2025-08-25,61500,USD
OFR-003272-V1,OFR-003272,APP-0046296,REQ-2024-00826,1,1,initial,accepted,true,2025-09-26,2025-09-30,,,,,2025-10-27,97500,USD
OFR-003273-V1,OFR-003273,APP-0046300,REQ-2024-01219,1,1,initial,accepted,true,2025-08-12,2025-08-13,,,,,2025-09-08,57500,USD
OFR-003274-V1,OFR-003274,APP-0046310,REQ-2025-00486,1,1,initial,accepted,false,2025-08-09,2025-08-13,,,,,2025-09-01,99000,USD
OFR-003274-V2,OFR-003274,APP-0046310,REQ-2025-00486,1,2,letter_reissue,accepted,true,2025-08-26,2025-08-26,,,,,2025-09-01,99000,USD
OFR-003275-V1,OFR-003275,APP-0046317,REQ-2025-00618,1,1,initial,accepted,true,2025-08-08,2025-08-09,,,,,2025-09-08,103500,USD
OFR-003276-V1,OFR-003276,APP-0046331,REQ-2025-00657,1,1,initial,withdrawn,true,2025-08-02,,,2025-08-05,,,2025-08-30,91000,USD
OFR-003277-V1,OFR-003277,APP-0046339,REQ-2025-00668,1,1,initial,superseded,false,2025-08-01,,,,,,2025-08-29,77000,USD
OFR-003277-V2,OFR-003277,APP-0046339,REQ-2025-00668,1,2,negotiation_revision,withdrawn,true,2025-08-05,,,2025-08-08,,,2025-08-29,83000,USD
OFR-003278-V1,OFR-003278,APP-0046347,REQ-2025-00684,1,1,initial,superseded,false,2025-08-07,,,,,,2025-09-04,57000,USD
OFR-003278-V2,OFR-003278,APP-0046347,REQ-2025-00684,1,2,negotiation_revision,withdrawn,true,2025-08-08,,,2025-08-09,,,2025-09-04,60000,USD
OFR-003279-V1,OFR-003279,APP-0046348,REQ-2025-00686,1,1,initial,superseded,false,2025-08-09,,,,,,2025-09-15,65500,USD
OFR-003279-V2,OFR-003279,APP-0046348,REQ-2025-00686,1,2,negotiation_revision,accepted,true,2025-08-10,2025-08-11,,,,,2025-09-15,68500,USD
OFR-003280-V1,OFR-003280,APP-0046368,REQ-2025-00708,1,1,initial,accepted,true,2025-08-10,2025-08-12,,,,,2025-09-08,59000,USD
OFR-003281-V1,OFR-003281,APP-0046371,REQ-2025-00710,1,1,initial,accepted,true,2025-08-12,2025-08-16,,,,,2025-09-15,124500,USD
OFR-003282-V1,OFR-003282,APP-0046389,REQ-2024-01225,1,1,initial,accepted,false,2025-08-07,2025-08-10,,,,,2025-09-22,113500,USD
OFR-003282-V2,OFR-003282,APP-0046389,REQ-2024-01225,1,2,start_date_revision,accepted,true,2025-08-22,2025-08-22,,,,,2025-10-13,113500,USD
OFR-003283-V1,OFR-003283,APP-0046449,REQ-2025-00711,1,1,initial,reneged,true,2025-08-11,2025-08-16,,,,2025-08-30,2025-09-22,113500,USD
OFR-003284-V1,OFR-003284,APP-0046455,REQ-2025-00718,1,1,initial,accepted,true,2025-08-01,2025-08-03,,,,,2025-08-25,56500,USD
OFR-003285-V1,OFR-003285,APP-0046457,REQ-2024-01021,1,1,initial,declined,true,2025-08-27,,2025-08-31,,,,2025-09-24,98000,USD
OFR-003286-V1,OFR-003286,APP-0046461,REQ-2024-01231,1,1,initial,accepted,false,2025-09-26,2025-09-27,,,,,2025-12-01,249500,USD
OFR-003286-V2,OFR-003286,APP-0046461,REQ-2024-01231,1,2,letter_reissue,accepted,true,2025-09-29,2025-09-29,,,,,2025-12-01,249500,USD
OFR-003287-V1,OFR-003287,APP-0046462,REQ-2025-00011,1,1,initial,accepted,false,2025-08-12,2025-08-14,,,,,2025-09-22,133000,USD
OFR-003287-V2,OFR-003287,APP-0046462,REQ-2025-00011,1,2,start_date_revision,reneged,true,2025-08-22,2025-08-22,,,,2025-09-04,2025-10-10,133000,USD
OFR-003288-V1,OFR-003288,APP-0046463,REQ-2025-00047,1,1,initial,accepted,true,2025-09-18,2025-09-20,,,,,2025-10-20,102500,USD
OFR-003289-V1,OFR-003289,APP-0046468,REQ-2025-00212,1,1,initial,accepted,true,2025-08-26,2025-09-07,,,,,2025-09-22,74000,USD
OFR-003290-V1,OFR-003290,APP-0046520,REQ-2025-00702,1,1,initial,superseded,false,2025-08-30,,,,,,2025-09-27,98000,USD
OFR-003290-V2,OFR-003290,APP-0046520,REQ-2025-00702,1,2,negotiation_revision,declined,true,2025-09-02,,2025-09-03,,,,2025-09-27,104000,USD
OFR-003291-V1,OFR-003291,APP-0046548,REQ-2025-00400,1,1,initial,accepted,false,2025-08-25,2025-08-30,,,,,2025-10-13,117000,USD
OFR-003291-V2,OFR-003291,APP-0046548,REQ-2025-00400,1,2,start_date_revision,accepted,true,2025-09-04,2025-09-04,,,,,2025-10-27,117000,USD
OFR-003292-V1,OFR-003292,APP-0046575,REQ-2025-00678,1,1,initial,accepted,true,2025-08-03,2025-08-05,,,,,2025-09-08,94000,USD
OFR-003293-V1,OFR-003293,APP-0046591,REQ-2025-00708,1,1,initial,withdrawn,true,2025-08-12,,,2025-08-13,,,2025-09-09,58000,USD
OFR-003294-V1,OFR-003294,APP-0046592,REQ-2025-00708,1,1,initial,withdrawn,true,2025-08-11,,,2025-08-13,,,2025-09-08,60000,USD
OFR-003295-V1,OFR-003295,APP-0046594,REQ-2025-00711,1,1,initial,accepted,true,2025-08-13,2025-08-14,,,,,2025-09-22,111500,USD
OFR-003296-V1,OFR-003296,APP-0046597,REQ-2025-00715,1,1,initial,accepted,true,2025-08-15,2025-08-18,,,,,2025-09-29,132500,USD
OFR-003297-V1,OFR-003297,APP-0046599,REQ-2025-00717,1,1,initial,accepted,true,2025-08-13,2025-08-16,,,,,2025-09-08,79500,USD
OFR-003298-V1,OFR-003298,APP-0046640,REQ-2025-00658,1,1,initial,accepted,true,2025-09-08,2025-09-15,,,,,2025-10-20,114500,USD
OFR-003299-V1,OFR-003299,APP-0046671,REQ-2025-00707,1,1,initial,accepted,true,2025-08-13,2025-08-16,,,,,2025-09-22,144000,USD
OFR-003300-V1,OFR-003300,APP-0046677,REQ-2025-00717,1,1,initial,declined,true,2025-08-10,,2025-08-12,,,,2025-09-07,78500,USD
OFR-003301-V1,OFR-003301,APP-0046682,REQ-2025-00721,1,1,initial,accepted,true,2025-08-12,2025-08-18,,,,,2025-09-22,95500,USD
OFR-003302-V1,OFR-003302,APP-0046683,REQ-2025-00722,1,1,initial,withdrawn,true,2025-08-09,,,2025-08-14,,,2025-09-06,87000,USD
OFR-003303-V1,OFR-003303,APP-0046684,REQ-2025-00722,1,1,initial,accepted,true,2025-08-11,2025-08-13,,,,,2025-09-22,79000,USD
OFR-003304-V1,OFR-003304,APP-0046699,REQ-2025-00222,1,1,initial,declined,true,2025-08-29,,2025-09-05,,,,2025-09-26,128500,USD
OFR-003305-V1,OFR-003305,APP-0046704,REQ-2025-00324,1,1,initial,accepted,true,2025-09-01,2025-09-04,,,,,2025-10-27,184000,USD
OFR-003306-V1,OFR-003306,APP-0046725,REQ-2025-00630,1,1,initial,accepted,false,2025-08-16,2025-08-19,,,,,2025-09-22,107500,USD
OFR-003306-V2,OFR-003306,APP-0046725,REQ-2025-00630,1,2,salary_correction,accepted,true,2025-08-29,2025-08-29,,,,,2025-09-22,107100,USD
OFR-003307-V1,OFR-003307,APP-0046750,REQ-2025-00693,1,1,initial,accepted,false,2025-08-13,2025-08-19,,,,,2025-09-29,106500,USD
OFR-003307-V2,OFR-003307,APP-0046750,REQ-2025-00693,1,2,start_date_revision,accepted,true,2025-09-02,2025-09-02,,,,,2025-10-20,106500,USD
OFR-003308-V1,OFR-003308,APP-0046752,REQ-2025-00700,1,1,initial,accepted,true,2025-08-14,2025-08-17,,,,,2025-10-13,173000,USD
OFR-003309-V1,OFR-003309,APP-0046756,REQ-2025-00705,1,1,initial,accepted,true,2025-08-13,2025-08-17,,,,,2025-09-22,98500,USD
OFR-003310-V1,OFR-003310,APP-0046768,REQ-2025-00719,1,1,initial,superseded,false,2025-08-06,,,,,,2025-09-15,94000,USD
OFR-003310-V2,OFR-003310,APP-0046768,REQ-2025-00719,1,2,negotiation_revision,accepted,false,2025-08-07,2025-08-08,,,,,2025-09-15,100500,USD
OFR-003310-V3,OFR-003310,APP-0046768,REQ-2025-00719,1,3,letter_reissue,accepted,true,2025-08-11,2025-08-11,,,,,2025-09-15,100500,USD
OFR-003311-V1,OFR-003311,APP-0046769,REQ-2025-00720,1,1,initial,accepted,true,2025-08-11,2025-08-12,,,,,2025-09-08,67500,USD
OFR-003312-V1,OFR-003312,APP-0046791,REQ-2025-00328,1,1,initial,accepted,true,2025-08-17,2025-08-19,,,,,2025-09-08,58500,USD
OFR-003313-V1,OFR-003313,APP-0046804,REQ-2025-00656,1,1,initial,accepted,true,2025-08-25,2025-08-27,,,,,2025-10-06,123500,USD
OFR-003314-V1,OFR-003314,APP-0046815,REQ-2025-00680,1,1,initial,declined,true,2025-09-07,,2025-09-10,,,,2025-10-05,130500,USD
OFR-003315-V1,OFR-003315,APP-0046816,REQ-2025-00684,1,1,initial,withdrawn,true,2025-08-06,,,2025-08-08,,,2025-09-03,56000,USD
OFR-003316-V1,OFR-003316,APP-0046821,REQ-2025-00704,1,1,initial,accepted,true,2025-08-25,2025-08-28,,,,,2025-09-22,79000,USD
OFR-003317-V1,OFR-003317,APP-0046826,REQ-2025-00707,1,1,initial,withdrawn,true,2025-08-14,,,2025-08-17,,,2025-09-11,132000,USD
OFR-003318-V1,OFR-003318,APP-0046839,REQ-2025-00717,1,1,initial,declined,true,2025-08-14,,2025-08-15,,,,2025-09-11,83000,USD
OFR-003319-V1,OFR-003319,APP-0046847,REQ-2025-00724,1,1,initial,accepted,true,2025-08-24,2025-08-27,,,,,2025-09-29,127000,USD
OFR-003320-V1,OFR-003320,APP-0046860,REQ-2025-00102,1,1,initial,accepted,false,2025-10-01,2025-10-03,,,,,2025-10-20,68000,USD
OFR-003320-V2,OFR-003320,APP-0046860,REQ-2025-00102,1,2,salary_correction,accepted,true,2025-10-11,2025-10-11,,,,,2025-10-20,67500,USD
OFR-003321-V1,OFR-003321,APP-0046869,REQ-2025-00400,1,1,initial,accepted,true,2025-09-05,2025-09-09,,,,,2025-10-13,102000,USD
OFR-003322-V1,OFR-003322,APP-0046872,REQ-2025-00541,1,1,initial,accepted,false,2025-08-15,2025-08-20,,,,,2025-09-08,57000,USD
OFR-003322-V2,OFR-003322,APP-0046872,REQ-2025-00541,1,2,start_date_revision,accepted,true,2025-08-26,2025-08-26,,,,,2025-09-22,57000,USD
OFR-003323-V1,OFR-003323,APP-0046889,REQ-2025-00680,1,1,initial,accepted,false,2025-09-24,2025-10-02,,,,,2025-11-03,113500,USD
OFR-003323-V2,OFR-003323,APP-0046889,REQ-2025-00680,1,2,salary_correction,accepted,true,2025-10-07,2025-10-07,,,,,2025-11-03,114100,USD
OFR-003324-V1,OFR-003324,APP-0046892,REQ-2025-00686,1,1,initial,withdrawn,true,2025-08-10,,,2025-08-15,,,2025-09-07,68500,USD
OFR-003325-V1,OFR-003325,APP-0046904,REQ-2025-00705,1,1,initial,withdrawn,true,2025-08-16,,,2025-08-17,,,2025-09-13,103500,USD
OFR-003326-V1,OFR-003326,APP-0046917,REQ-2025-00728,1,1,initial,withdrawn,true,2025-08-12,,,2025-08-16,,,2025-09-09,68000,USD
OFR-003327-V1,OFR-003327,APP-0046919,REQ-2025-00728,1,1,initial,accepted,true,2025-08-12,2025-08-14,,,,,2025-09-08,64000,USD
OFR-003328-V1,OFR-003328,APP-0046937,REQ-2025-00380,1,1,initial,declined,true,2025-08-27,,2025-08-29,,,,2025-09-24,96000,USD
OFR-003329-V1,OFR-003329,APP-0046945,REQ-2025-00502,1,1,initial,reneged,true,2025-08-17,2025-08-22,,,,2025-09-30,2025-10-13,156500,USD
OFR-003330-V1,OFR-003330,APP-0046970,REQ-2025-00693,1,1,initial,superseded,false,2025-08-25,,,,,,2025-09-29,102500,USD
OFR-003330-V2,OFR-003330,APP-0046970,REQ-2025-00693,1,2,negotiation_revision,accepted,false,2025-08-27,2025-08-28,,,,,2025-09-29,106000,USD
OFR-003330-V3,OFR-003330,APP-0046970,REQ-2025-00693,1,3,letter_reissue,accepted,true,2025-09-02,2025-09-02,,,,,2025-09-29,106000,USD
OFR-003331-V1,OFR-003331,APP-0046972,REQ-2025-00698,1,1,initial,accepted,true,2025-08-17,2025-08-18,,,,,2025-09-15,98500,USD
OFR-003332-V1,OFR-003332,APP-0046978,REQ-2025-00713,1,1,initial,superseded,false,2025-09-11,,,,,,2025-10-27,127500,USD
OFR-003332-V2,OFR-003332,APP-0046978,REQ-2025-00713,1,2,negotiation_revision,accepted,false,2025-09-13,2025-09-14,,,,,2025-10-27,137500,USD
OFR-003332-V3,OFR-003332,APP-0046978,REQ-2025-00713,1,3,start_date_revision,accepted,true,2025-09-18,2025-09-18,,,,,2025-11-17,137500,USD
OFR-003333-V1,OFR-003333,APP-0046992,REQ-2024-01179,1,1,initial,superseded,false,2025-08-27,,,,,,2025-09-22,60500,USD
OFR-003333-V2,OFR-003333,APP-0046992,REQ-2024-01179,1,2,negotiation_revision,accepted,false,2025-08-28,2025-08-30,,,,,2025-09-22,65000,USD
OFR-003333-V3,OFR-003333,APP-0046992,REQ-2024-01179,1,3,letter_reissue,accepted,true,2025-09-04,2025-09-04,,,,,2025-09-22,65000,USD
OFR-003334-V1,OFR-003334,APP-0046993,REQ-2024-01180,1,1,initial,superseded,false,2025-09-10,,,,,,2025-10-06,85500,USD
OFR-003334-V2,OFR-003334,APP-0046993,REQ-2024-01180,1,2,negotiation_revision,accepted,false,2025-09-11,2025-09-16,,,,,2025-10-06,88500,USD
OFR-003334-V3,OFR-003334,APP-0046993,REQ-2024-01180,1,3,start_date_revision,accepted,true,2025-09-19,2025-09-19,,,,,2025-10-27,88500,USD
OFR-003335-V1,OFR-003335,APP-0047012,REQ-2025-00464,1,1,initial,accepted,true,2025-08-20,2025-08-22,,,,,2025-09-29,96500,USD
OFR-003336-V1,OFR-003336,APP-0047031,REQ-2025-00667,1,1,initial,accepted,true,2025-08-21,2025-08-22,,,,,2025-09-22,108000,USD
OFR-003337-V1,OFR-003337,APP-0047050,REQ-2025-00709,1,1,initial,accepted,false,2025-08-26,2025-08-31,,,,,2025-10-20,192000,USD
OFR-003337-V2,OFR-003337,APP-0047050,REQ-2025-00709,1,2,salary_correction,accepted,true,2025-09-09,2025-09-09,,,,,2025-10-20,190800,USD
OFR-003338-V1,OFR-003338,APP-0047053,REQ-2025-00711,1,1,initial,withdrawn,true,2025-08-14,,,2025-08-19,,,2025-09-11,102000,USD
OFR-003339-V1,OFR-003339,APP-0047059,REQ-2025-00717,1,1,initial,accepted,true,2025-08-13,2025-08-14,,,,,2025-09-08,77500,USD
OFR-003340-V1,OFR-003340,APP-0047061,REQ-2025-00721,1,1,initial,withdrawn,true,2025-08-28,,,2025-08-30,,,2025-09-25,104000,USD
OFR-003341-V1,OFR-003341,APP-0047076,REQ-2025-00727,1,1,initial,accepted,false,2025-08-20,2025-08-21,,,,,2025-09-22,100500,USD
OFR-003341-V2,OFR-003341,APP-0047076,REQ-2025-00727,1,2,letter_reissue,accepted,true,2025-08-24,2025-08-24,,,,,2025-09-22,100500,USD
OFR-003342-V1,OFR-003342,APP-0047121,REQ-2025-00693,1,1,initial,declined,true,2025-08-21,,2025-08-23,,,,2025-09-18,97000,USD
OFR-003343-V1,OFR-003343,APP-0047134,REQ-2025-00717,1,1,initial,accepted,true,2025-08-21,2025-08-23,,,,,2025-09-22,82000,USD
OFR-003344-V1,OFR-003344,APP-0047137,REQ-2025-00719,1,1,initial,reneged,true,2025-08-16,2025-08-19,,,,2025-09-21,2025-09-29,98000,USD
OFR-003345-V1,OFR-003345,APP-0047148,REQ-2025-00728,1,1,initial,withdrawn,true,2025-08-13,,,2025-08-16,,,2025-09-10,64000,USD
OFR-003346-V1,OFR-003346,APP-0047156,REQ-2025-00741,1,1,initial,accepted,true,2025-08-12,2025-08-20,,,,,2025-09-15,56000,USD
OFR-003347-V1,OFR-003347,APP-0047180,REQ-2025-00456,1,1,initial,accepted,false,2025-08-21,2025-08-22,,,,,2025-09-15,83000,USD
OFR-003347-V2,OFR-003347,APP-0047180,REQ-2025-00456,1,2,start_date_revision,accepted,true,2025-08-30,2025-08-30,,,,,2025-09-29,83000,USD
OFR-003348-V1,OFR-003348,APP-0047191,REQ-2025-00604,1,1,initial,superseded,false,2025-09-08,,,,,,2025-10-06,91500,USD
OFR-003348-V2,OFR-003348,APP-0047191,REQ-2025-00604,1,2,negotiation_revision,declined,true,2025-09-10,,2025-09-11,,,,2025-10-06,95500,USD
OFR-003349-V1,OFR-003349,APP-0047224,REQ-2025-00719,1,1,initial,withdrawn,true,2025-08-16,,,2025-08-21,,,2025-09-13,90500,USD
OFR-003350-V1,OFR-003350,APP-0047230,REQ-2025-00726,1,1,initial,accepted,false,2025-08-18,2025-08-23,,,,,2025-09-22,95000,USD
OFR-003350-V2,OFR-003350,APP-0047230,REQ-2025-00726,1,2,letter_reissue,accepted,true,2025-09-04,2025-09-04,,,,,2025-09-22,95000,USD
OFR-003351-V1,OFR-003351,APP-0047277,REQ-2025-00706,1,1,initial,accepted,true,2025-08-24,2025-08-27,,,,,2025-09-22,82000,USD
OFR-003352-V1,OFR-003352,APP-0047295,REQ-2025-00721,1,1,initial,accepted,false,2025-08-22,2025-08-23,,,,,2025-09-29,96000,USD
OFR-003352-V2,OFR-003352,APP-0047295,REQ-2025-00721,1,2,letter_reissue,accepted,true,2025-08-27,2025-08-27,,,,,2025-09-29,96000,USD
OFR-003353-V1,OFR-003353,APP-0047297,REQ-2025-00725,1,1,initial,accepted,true,2025-08-17,2025-08-20,,,,,2025-09-22,140000,USD
OFR-003354-V1,OFR-003354,APP-0047300,REQ-2025-00731,1,1,initial,superseded,false,2025-08-19,,,,,,2025-09-22,110000,USD
OFR-003354-V2,OFR-003354,APP-0047300,REQ-2025-00731,1,2,negotiation_revision,accepted,false,2025-08-20,2025-08-21,,,,,2025-09-22,118000,USD
OFR-003354-V3,OFR-003354,APP-0047300,REQ-2025-00731,1,3,letter_reissue,rescinded,true,2025-08-31,2025-08-31,,,2025-09-04,,2025-09-22,118000,USD
OFR-003355-V1,OFR-003355,APP-0047316,REQ-2025-00008,1,1,initial,accepted,false,2025-09-04,2025-09-08,,,,,2025-11-10,217500,USD
OFR-003355-V2,OFR-003355,APP-0047316,REQ-2025-00008,1,2,salary_correction,accepted,true,2025-09-11,2025-09-11,,,,,2025-11-10,216300,USD
OFR-003356-V1,OFR-003356,APP-0047326,REQ-2025-00495,1,1,initial,accepted,true,2025-08-21,2025-08-23,,,,,2025-09-29,100500,USD
OFR-003357-V1,OFR-003357,APP-0047327,REQ-2025-00551,1,1,initial,accepted,false,2025-08-29,2025-09-01,,,,,2025-10-13,128500,USD
OFR-003357-V2,OFR-003357,APP-0047327,REQ-2025-00551,1,2,salary_correction,accepted,true,2025-09-12,2025-09-12,,,,,2025-10-13,130100,USD
OFR-003358-V1,OFR-003358,APP-0047359,REQ-2025-00721,1,1,initial,accepted,true,2025-08-23,2025-08-27,,,,,2025-09-29,87500,USD
OFR-003359-V1,OFR-003359,APP-0047408,REQ-2025-00534,1,1,initial,accepted,true,2025-08-23,2025-08-27,,,,,2025-09-15,74500,USD
OFR-003360-V1,OFR-003360,APP-0047438,REQ-2025-00716,1,1,initial,reneged,true,2025-08-28,2025-08-29,,,,2025-09-02,2025-10-06,82000,USD
OFR-003361-V1,OFR-003361,APP-0047439,REQ-2025-00717,1,1,initial,superseded,false,2025-08-24,,,,,,2025-09-22,80500,USD
OFR-003361-V2,OFR-003361,APP-0047439,REQ-2025-00717,1,2,negotiation_revision,accepted,false,2025-08-25,2025-08-26,,,,,2025-09-22,84500,USD
OFR-003361-V3,OFR-003361,APP-0047439,REQ-2025-00717,1,3,letter_reissue,accepted,true,2025-09-10,2025-09-10,,,,,2025-09-22,84500,USD
OFR-003362-V1,OFR-003362,APP-0047450,REQ-2025-00727,1,1,initial,accepted,true,2025-08-29,2025-08-30,,,,,2025-09-29,90000,USD
OFR-003363-V1,OFR-003363,APP-0047462,REQ-2025-00744,1,1,initial,accepted,true,2025-08-19,2025-08-20,,,,,2025-09-15,67500,USD
OFR-003364-V1,OFR-003364,APP-0047486,REQ-2025-00289,1,1,initial,declined,true,2025-11-10,,2025-11-13,,,,2025-12-08,195000,USD
OFR-003365-V1,OFR-003365,APP-0047536,REQ-2025-00744,1,1,initial,withdrawn,true,2025-08-21,,,2025-08-22,,,2025-09-18,69000,USD
OFR-003366-V1,OFR-003366,APP-0047548,REQ-2025-00763,1,1,initial,accepted,true,2025-09-10,2025-09-16,,,,,2025-10-13,105500,USD
OFR-003367-V1,OFR-003367,APP-0047549,REQ-2025-00766,1,1,initial,accepted,true,2025-08-20,2025-08-22,,,,,2025-09-15,61500,USD
OFR-003368-V1,OFR-003368,APP-0047557,REQ-2025-00249,1,1,initial,accepted,true,2025-09-03,2025-09-06,,,,,2025-10-13,147500,USD
OFR-003369-V1,OFR-003369,APP-0047580,REQ-2025-00714,1,1,initial,accepted,true,2025-09-07,2025-09-09,,,,,2025-10-06,78500,USD
OFR-003370-V1,OFR-003370,APP-0047591,REQ-2025-00731,1,1,initial,superseded,false,2025-08-28,,,,,,2025-09-25,99000,USD
OFR-003370-V2,OFR-003370,APP-0047591,REQ-2025-00731,1,2,negotiation_revision,declined,true,2025-08-30,,2025-09-03,,,,2025-09-25,103000,USD
OFR-003371-V1,OFR-003371,APP-0047608,REQ-2025-00760,1,1,initial,accepted,true,2025-08-29,2025-09-01,,,,,2025-10-06,101500,USD
OFR-003372-V1,OFR-003372,APP-0047613,REQ-2025-00766,1,1,initial,reneged,true,2025-08-29,2025-08-31,,,,2025-09-07,2025-09-15,53500,USD
OFR-003373-V1,OFR-003373,APP-0047645,REQ-2025-00715,1,1,initial,superseded,false,2025-09-19,,,,,,2025-10-27,116500,USD
OFR-003373-V2,OFR-003373,APP-0047645,REQ-2025-00715,1,2,negotiation_revision,accepted,false,2025-09-21,2025-09-23,,,,,2025-10-27,125000,USD
OFR-003373-V3,OFR-003373,APP-0047645,REQ-2025-00715,1,3,salary_correction,accepted,true,2025-10-08,2025-10-08,,,,,2025-10-27,125600,USD
OFR-003374-V1,OFR-003374,APP-0047650,REQ-2025-00721,1,1,initial,withdrawn,true,2025-08-27,,,2025-08-31,,,2025-09-24,99500,USD
OFR-003375-V1,OFR-003375,APP-0047651,REQ-2025-00721,1,1,initial,accepted,true,2025-08-27,2025-08-28,,,,,2025-10-13,98000,USD
OFR-003376-V1,OFR-003376,APP-0047662,REQ-2025-00750,1,1,initial,accepted,true,2025-08-26,2025-08-28,,,,,2025-09-22,71000,USD
OFR-003377-V1,OFR-003377,APP-0047667,REQ-2025-00759,1,1,initial,accepted,true,2025-08-27,2025-08-28,,,,,2025-09-22,43000,USD
OFR-003378-V1,OFR-003378,APP-0047678,REQ-2024-00828,1,1,initial,declined,true,2025-09-17,,2025-09-26,,,,2025-10-15,113500,USD
OFR-003379-V1,OFR-003379,APP-0047686,REQ-2025-00196,1,1,initial,accepted,true,2025-09-21,2025-09-23,,,,,2025-10-20,122000,USD
OFR-003380-V1,OFR-003380,APP-0047692,REQ-2025-00383,1,1,initial,superseded,false,2025-10-11,,,,,,2025-12-29,255000,USD
OFR-003380-V2,OFR-003380,APP-0047692,REQ-2025-00383,1,2,negotiation_revision,accepted,false,2025-10-12,2025-10-15,,,,,2025-12-29,268500,USD
OFR-003380-V3,OFR-003380,APP-0047692,REQ-2025-00383,1,3,letter_reissue,accepted,true,2025-10-20,2025-10-20,,,,,2025-12-29,268500,USD
OFR-003381-V1,OFR-003381,APP-0047697,REQ-2025-00514,1,1,initial,rescinded,true,2025-09-04,2025-09-09,,,2025-09-15,,2025-10-13,102500,USD
OFR-003382-V1,OFR-003382,APP-0047698,REQ-2025-00516,1,1,initial,accepted,true,2025-08-30,2025-09-02,,,,,2025-10-06,103500,USD
OFR-003383-V1,OFR-003383,APP-0047700,REQ-2025-00602,1,1,initial,accepted,true,2025-09-29,2025-10-03,,,,,2025-10-27,96500,USD
OFR-003384-V1,OFR-003384,APP-0047704,REQ-2025-00683,1,1,initial,accepted,true,2025-08-30,2025-08-31,,,,,2025-09-22,68500,USD
OFR-003385-V1,OFR-003385,APP-0047710,REQ-2025-00702,1,1,initial,accepted,false,2025-08-31,2025-09-03,,,,,2025-09-29,105500,USD
OFR-003385-V2,OFR-003385,APP-0047710,REQ-2025-00702,1,2,salary_correction,accepted,true,2025-09-07,2025-09-07,,,,,2025-09-29,105200,USD
OFR-003386-V1,OFR-003386,APP-0047715,REQ-2025-00716,1,1,initial,withdrawn,true,2025-08-29,,,2025-08-31,,,2025-09-26,92500,USD
OFR-003387-V1,OFR-003387,APP-0047725,REQ-2025-00727,1,1,initial,accepted,true,2025-08-24,2025-08-29,,,,,2025-09-22,103500,USD
OFR-003388-V1,OFR-003388,APP-0047744,REQ-2025-00766,1,1,initial,accepted,true,2025-08-28,2025-08-31,,,,,2025-09-15,55000,USD
OFR-003389-V1,OFR-003389,APP-0047752,REQ-2025-00778,1,1,initial,superseded,false,2025-08-30,,,,,,2025-10-06,103000,USD
OFR-003389-V2,OFR-003389,APP-0047752,REQ-2025-00778,1,2,negotiation_revision,accepted,true,2025-08-31,2025-09-02,,,,,2025-10-06,110000,USD
OFR-003390-V1,OFR-003390,APP-0047757,REQ-2025-00084,1,1,initial,declined,true,2025-10-15,,2025-10-19,,,,2025-11-12,105500,USD
OFR-003391-V1,OFR-003391,APP-0047762,REQ-2025-00257,1,1,initial,superseded,false,2025-09-21,,,,,,2025-10-19,184000,USD
OFR-003391-V2,OFR-003391,APP-0047762,REQ-2025-00257,1,2,negotiation_revision,withdrawn,true,2025-09-23,,,2025-09-25,,,2025-10-19,189500,USD
OFR-003392-V1,OFR-003392,APP-0047763,REQ-2025-00281,1,1,initial,accepted,true,2025-10-07,2025-10-11,,,,,2025-11-10,161000,USD
OFR-003393-V1,OFR-003393,APP-0047788,REQ-2025-00697,1,1,initial,superseded,false,2025-09-20,,,,,,2025-10-27,113000,USD
OFR-003393-V2,OFR-003393,APP-0047788,REQ-2025-00697,1,2,negotiation_revision,accepted,true,2025-09-21,2025-09-24,,,,,2025-10-27,121500,USD
OFR-003394-V1,OFR-003394,APP-0047789,REQ-2025-00699,1,1,initial,accepted,true,2025-09-16,2025-09-21,,,,,2025-12-01,268500,USD
OFR-003395-V1,OFR-003395,APP-0047799,REQ-2025-00733,1,1,initial,accepted,true,2025-08-28,2025-08-29,,,,,2025-09-29,127000,USD
OFR-003396-V1,OFR-003396,APP-0047801,REQ-2025-00734,1,1,initial,accepted,true,2025-09-03,2025-09-06,,,,,2025-10-06,82500,USD
OFR-003397-V1,OFR-003397,APP-0047825,REQ-2025-00273,1,1,initial,declined,true,2025-09-05,,2025-09-10,,,,2025-10-03,80000,USD
OFR-003398-V1,OFR-003398,APP-0047834,REQ-2025-00435,1,1,initial,declined,true,2025-09-14,,2025-09-19,,,,2025-10-12,85000,USD
OFR-003399-V1,OFR-003399,APP-0047842,REQ-2025-00614,1,1,initial,accepted,true,2025-09-16,2025-09-19,,,,,2025-10-13,95000,USD
OFR-003400-V1,OFR-003400,APP-0047858,REQ-2025-00735,1,1,initial,withdrawn,true,2025-08-30,,,2025-09-01,,,2025-09-27,108500,USD
OFR-003401-V1,OFR-003401,APP-0047865,REQ-2025-00744,1,1,initial,superseded,false,2025-08-18,,,,,,2025-09-22,72500,USD
OFR-003401-V2,OFR-003401,APP-0047865,REQ-2025-00744,1,2,negotiation_revision,accepted,true,2025-08-19,2025-08-21,,,,,2025-09-22,77500,USD
OFR-003402-V1,OFR-003402,APP-0047866,REQ-2025-00746,1,1,initial,rescinded,true,2025-08-23,2025-08-24,,,2025-09-11,,2025-09-15,94500,USD
OFR-003403-V1,OFR-003403,APP-0047870,REQ-2025-00750,1,1,initial,accepted,true,2025-08-29,2025-09-01,,,,,2025-09-29,71500,USD
OFR-003404-V1,OFR-003404,APP-0047875,REQ-2025-00754,1,1,initial,accepted,true,2025-08-23,2025-08-25,,,,,2025-09-22,65500,USD
OFR-003405-V1,OFR-003405,APP-0047957,REQ-2025-00766,1,1,initial,accepted,true,2025-08-23,2025-08-24,,,,,2025-09-08,55000,USD
OFR-003406-V1,OFR-003406,APP-0047962,REQ-2025-00777,1,1,initial,superseded,false,2025-08-26,,,,,,2025-09-15,45500,USD
OFR-003406-V2,OFR-003406,APP-0047962,REQ-2025-00777,1,2,negotiation_revision,accepted,true,2025-08-29,2025-08-30,,,,,2025-09-15,48000,USD
OFR-003407-V1,OFR-003407,APP-0047992,REQ-2025-00695,1,1,initial,superseded,false,2025-09-17,,,,,,2025-10-20,89000,USD
OFR-003407-V2,OFR-003407,APP-0047992,REQ-2025-00695,1,2,negotiation_revision,accepted,true,2025-09-18,2025-09-21,,,,,2025-10-20,92500,USD
OFR-003408-V1,OFR-003408,APP-0047995,REQ-2025-00702,1,1,initial,declined,true,2025-09-08,,2025-09-12,,,,2025-10-06,104000,USD
OFR-003409-V1,OFR-003409,APP-0048002,REQ-2025-00731,1,1,initial,withdrawn,true,2025-09-03,,,2025-09-04,,,2025-10-01,113500,USD
OFR-003410-V1,OFR-003410,APP-0048026,REQ-2025-00760,1,1,initial,withdrawn,true,2025-08-31,,,2025-09-02,,,2025-09-28,103500,USD
OFR-003411-V1,OFR-003411,APP-0048027,REQ-2025-00760,1,1,initial,withdrawn,true,2025-08-30,,,2025-09-03,,,2025-09-27,111000,USD
OFR-003412-V1,OFR-003412,APP-0048030,REQ-2025-00760,1,1,initial,accepted,false,2025-08-31,2025-09-01,,,,,2025-09-29,112000,USD
OFR-003412-V2,OFR-003412,APP-0048030,REQ-2025-00760,1,2,start_date_revision,accepted,true,2025-09-10,2025-09-10,,,,,2025-10-20,112000,USD
OFR-003413-V1,OFR-003413,APP-0048031,REQ-2025-00760,1,1,initial,accepted,false,2025-08-30,2025-08-31,,,,,2025-09-29,106000,USD
OFR-003413-V2,OFR-003413,APP-0048031,REQ-2025-00760,1,2,start_date_revision,accepted,true,2025-09-04,2025-09-04,,,,,2025-10-13,106000,USD
OFR-003414-V1,OFR-003414,APP-0048034,REQ-2025-00771,1,1,initial,declined,true,2025-08-29,,2025-09-02,,,,2025-09-26,108000,USD
OFR-003415-V1,OFR-003415,APP-0048038,REQ-2025-00772,1,1,initial,accepted,true,2025-08-30,2025-09-02,,,,,2025-10-20,140000,USD
OFR-003416-V1,OFR-003416,APP-0048040,REQ-2025-00774,1,1,initial,accepted,false,2025-09-01,2025-09-02,,,,,2025-09-29,60000,USD
OFR-003416-V2,OFR-003416,APP-0048040,REQ-2025-00774,1,2,start_date_revision,accepted,true,2025-09-08,2025-09-08,,,,,2025-10-20,60000,USD
OFR-003417-V1,OFR-003417,APP-0048044,REQ-2025-00778,1,1,initial,superseded,false,2025-08-29,,,,,,2025-09-26,93000,USD
OFR-003417-V2,OFR-003417,APP-0048044,REQ-2025-00778,1,2,negotiation_revision,declined,true,2025-08-30,,2025-08-31,,,,2025-09-26,98500,USD
OFR-003418-V1,OFR-003418,APP-0048057,REQ-2025-00114,1,1,initial,superseded,false,2025-09-11,,,,,,2025-10-13,80000,USD
OFR-003418-V2,OFR-003418,APP-0048057,REQ-2025-00114,1,2,negotiation_revision,accepted,true,2025-09-12,2025-09-13,,,,,2025-10-13,85000,USD
OFR-003419-V1,OFR-003419,APP-0048086,REQ-2025-00676,1,1,initial,superseded,false,2025-08-30,,,,,,2025-10-06,111500,USD
OFR-003419-V2,OFR-003419,APP-0048086,REQ-2025-00676,1,2,negotiation_revision,accepted,true,2025-08-31,2025-09-01,,,,,2025-10-06,115000,USD
OFR-003420-V1,OFR-003420,APP-0048116,REQ-2025-00767,1,1,initial,accepted,true,2025-09-11,2025-09-12,,,,,2025-10-06,102000,USD
OFR-003421-V1,OFR-003421,APP-0048122,REQ-2025-00773,1,1,initial,superseded,false,2025-08-29,,,,,,2025-10-13,141000,USD
OFR-003421-V2,OFR-003421,APP-0048122,REQ-2025-00773,1,2,negotiation_revision,accepted,true,2025-09-01,2025-09-02,,,,,2025-10-13,150000,USD
OFR-003422-V1,OFR-003422,APP-0048172,REQ-2025-00765,1,1,initial,accepted,true,2025-09-23,2025-09-27,,,,,2025-11-03,135500,USD
OFR-003423-V1,OFR-003423,APP-0048177,REQ-2025-00769,1,1,initial,superseded,false,2025-08-26,,,,,,2025-09-29,68500,USD
OFR-003423-V2,OFR-003423,APP-0048177,REQ-2025-00769,1,2,negotiation_revision,accepted,false,2025-08-28,2025-08-29,,,,,2025-09-29,72500,USD
OFR-003423-V3,OFR-003423,APP-0048177,REQ-2025-00769,1,3,start_date_revision,accepted,true,2025-09-01,2025-09-01,,,,,2025-10-13,72500,USD
OFR-003424-V1,OFR-003424,APP-0048182,REQ-2025-00775,1,1,initial,superseded,false,2025-09-29,,,,,,2025-10-27,98500,USD
OFR-003424-V2,OFR-003424,APP-0048182,REQ-2025-00775,1,2,negotiation_revision,accepted,true,2025-10-02,2025-10-07,,,,,2025-10-27,103500,USD
OFR-003425-V1,OFR-003425,APP-0048217,REQ-2025-00682,1,1,initial,accepted,true,2025-10-09,2025-10-11,,,,,2025-12-01,185000,USD
OFR-003426-V1,OFR-003426,APP-0048219,REQ-2025-00702,1,1,initial,accepted,true,2025-08-30,2025-09-12,,,,,2025-10-13,105500,USD
OFR-003427-V1,OFR-003427,APP-0048224,REQ-2025-00732,1,1,initial,accepted,false,2025-09-07,2025-09-08,,,,,2025-10-13,131500,USD
OFR-003427-V2,OFR-003427,APP-0048224,REQ-2025-00732,1,2,start_date_revision,accepted,true,2025-09-11,2025-09-11,,,,,2025-10-27,131500,USD
OFR-003428-V1,OFR-003428,APP-0048242,REQ-2025-00762,1,1,initial,accepted,true,2025-08-28,2025-08-30,,,,,2025-09-29,68500,USD
OFR-003429-V1,OFR-003429,APP-0048249,REQ-2025-00771,1,1,initial,accepted,true,2025-09-03,2025-09-06,,,,,2025-10-13,106000,USD
OFR-003430-V1,OFR-003430,APP-0048257,REQ-2025-00790,1,1,initial,accepted,true,2025-08-26,2025-08-28,,,,,2025-09-22,49000,USD
OFR-003431-V1,OFR-003431,APP-0048263,REQ-2025-00793,1,1,initial,accepted,true,2025-09-02,2025-09-04,,,,,2025-10-06,93000,USD
OFR-003432-V1,OFR-003432,APP-0048264,REQ-2025-00793,1,1,initial,accepted,true,2025-08-29,2025-09-04,,,,,2025-10-06,95000,USD
OFR-003433-V1,OFR-003433,APP-0048271,REQ-2025-00796,1,1,initial,declined,true,2025-09-01,,2025-09-02,,,,2025-09-29,82500,USD
OFR-003434-V1,OFR-003434,APP-0048295,REQ-2025-00692,1,1,initial,accepted,true,2025-09-16,2025-09-18,,,,,2025-10-27,124500,USD
OFR-003435-V1,OFR-003435,APP-0048308,REQ-2025-00735,1,1,initial,accepted,true,2025-08-30,2025-08-31,,,,,2025-10-13,113000,USD
OFR-003436-V1,OFR-003436,APP-0048324,REQ-2025-00759,1,1,initial,superseded,false,2025-08-25,,,,,,2025-09-22,46000,USD
OFR-003436-V2,OFR-003436,APP-0048324,REQ-2025-00759,1,2,negotiation_revision,accepted,false,2025-08-26,2025-08-27,,,,,2025-09-22,48000,USD
OFR-003436-V3,OFR-003436,APP-0048324,REQ-2025-00759,1,3,letter_reissue,accepted,true,2025-09-06,2025-09-06,,,,,2025-09-22,48000,USD
OFR-003437-V1,OFR-003437,APP-0048329,REQ-2025-00763,1,1,initial,withdrawn,true,2025-08-29,,,2025-08-31,,,2025-09-26,93000,USD
OFR-003438-V1,OFR-003438,APP-0048378,REQ-2025-00661,1,1,initial,accepted,true,2025-09-04,2025-09-09,,,,,2025-10-20,133500,USD
OFR-003439-V1,OFR-003439,APP-0048379,REQ-2025-00680,1,1,initial,accepted,true,2025-09-16,2025-09-23,,,,,2025-10-27,125000,USD
OFR-003440-V1,OFR-003440,APP-0048394,REQ-2025-00753,1,1,initial,accepted,true,2025-09-15,2025-09-17,,,,,2025-10-27,136000,USD
OFR-003441-V1,OFR-003441,APP-0048409,REQ-2025-00777,1,1,initial,withdrawn,true,2025-08-30,,,2025-09-01,,,2025-09-27,45500,USD
OFR-003442-V1,OFR-003442,APP-0048411,REQ-2025-00785,1,1,initial,superseded,false,2025-08-28,,,,,,2025-09-22,61000,USD
OFR-003442-V2,OFR-003442,APP-0048411,REQ-2025-00785,1,2,negotiation_revision,accepted,true,2025-08-29,2025-09-01,,,,,2025-09-22,63000,USD
OFR-003443-V1,OFR-003443,APP-0048413,REQ-2025-00789,1,1,initial,accepted,true,2025-09-03,2025-09-07,,,,,2025-10-13,104000,USD
OFR-003444-V1,OFR-003444,APP-0048417,REQ-2025-00791,1,1,initial,accepted,true,2025-09-01,2025-09-02,,,,,2025-09-29,67000,USD
OFR-003445-V1,OFR-003445,APP-0048421,REQ-2025-00793,1,1,initial,superseded,false,2025-09-06,,,,,,2025-10-13,93000,USD
OFR-003445-V2,OFR-003445,APP-0048421,REQ-2025-00793,1,2,negotiation_revision,accepted,true,2025-09-07,2025-09-08,,,,,2025-10-13,98500,USD
OFR-003446-V1,OFR-003446,APP-0048425,REQ-2025-00795,1,1,initial,declined,true,2025-09-01,,2025-09-06,,,,2025-09-29,98000,USD
OFR-003447-V1,OFR-003447,APP-0048430,REQ-2025-00798,1,1,initial,withdrawn,true,2025-09-04,,,2025-09-08,,,2025-10-02,50500,USD
OFR-003448-V1,OFR-003448,APP-0048445,REQ-2025-00391,1,1,initial,accepted,true,2025-09-04,2025-09-06,,,,,2025-09-22,57000,USD
OFR-003449-V1,OFR-003449,APP-0048490,REQ-2025-00795,1,1,initial,accepted,true,2025-09-02,2025-09-04,,,,,2025-10-13,100500,USD
OFR-003450-V1,OFR-003450,APP-0048495,REQ-2025-00796,1,1,initial,accepted,true,2025-08-29,2025-09-04,,,,,2025-10-06,84500,USD
OFR-003451-V1,OFR-003451,APP-0048534,REQ-2025-00749,1,1,initial,accepted,true,2025-09-13,2025-09-14,,,,,2025-10-13,94500,USD
OFR-003452-V1,OFR-003452,APP-0048538,REQ-2025-00753,1,1,initial,accepted,false,2025-09-23,2025-10-01,,,,,2025-11-03,133500,USD
OFR-003452-V2,OFR-003452,APP-0048538,REQ-2025-00753,1,2,start_date_revision,accepted,true,2025-10-04,2025-10-04,,,,,2025-11-24,133500,USD
OFR-003453-V1,OFR-003453,APP-0048547,REQ-2025-00769,1,1,initial,withdrawn,true,2025-09-02,,,2025-09-04,,,2025-09-30,68500,USD
OFR-003454-V1,OFR-003454,APP-0048548,REQ-2025-00769,1,1,initial,superseded,false,2025-09-01,,,,,,2025-09-29,71000,USD
OFR-003454-V2,OFR-003454,APP-0048548,REQ-2025-00769,1,2,negotiation_revision,accepted,true,2025-09-02,2025-09-04,,,,,2025-09-29,73500,USD
OFR-003455-V1,OFR-003455,APP-0048554,REQ-2025-00776,1,1,initial,accepted,true,2025-09-01,2025-09-04,,,,,2025-10-13,134000,USD
OFR-003456-V1,OFR-003456,APP-0048558,REQ-2025-00781,1,1,initial,accepted,false,2025-09-02,2025-09-05,,,,,2025-09-29,73500,USD
OFR-003456-V2,OFR-003456,APP-0048558,REQ-2025-00781,1,2,start_date_revision,accepted,true,2025-09-17,2025-09-17,,,,,2025-10-20,73500,USD
OFR-003457-V1,OFR-003457,APP-0048562,REQ-2025-00793,1,1,initial,withdrawn,true,2025-09-06,,,2025-09-09,,,2025-10-04,103500,USD
OFR-003458-V1,OFR-003458,APP-0048566,REQ-2025-00796,1,1,initial,superseded,false,2025-09-07,,,,,,2025-10-05,78000,USD
OFR-003458-V2,OFR-003458,APP-0048566,REQ-2025-00796,1,2,negotiation_revision,declined,true,2025-09-08,,2025-09-09,,,,2025-10-05,81500,USD
OFR-003459-V1,OFR-003459,APP-0048567,REQ-2025-00796,1,1,initial,accepted,true,2025-09-03,2025-09-09,,,,,2025-10-13,75000,USD
OFR-003460-V1,OFR-003460,APP-0048623,REQ-2025-00791,1,1,initial,withdrawn,true,2025-08-30,,,2025-09-02,,,2025-09-27,63000,USD
OFR-003461-V1,OFR-003461,APP-0048629,REQ-2025-00794,1,1,initial,accepted,true,2025-09-12,2025-09-13,,,,,2025-10-13,68000,USD
OFR-003462-V1,OFR-003462,APP-0048638,REQ-2025-00800,1,1,initial,superseded,false,2025-09-14,,,,,,2025-10-20,88000,USD
OFR-003462-V2,OFR-003462,APP-0048638,REQ-2025-00800,1,2,negotiation_revision,accepted,false,2025-09-16,2025-09-17,,,,,2025-10-20,94000,USD
OFR-003462-V3,OFR-003462,APP-0048638,REQ-2025-00800,1,3,start_date_revision,accepted,true,2025-09-24,2025-09-24,,,,,2025-11-10,94000,USD
OFR-003463-V1,OFR-003463,APP-0048641,REQ-2024-00596,1,1,initial,accepted,false,2025-10-06,2025-10-13,,,,,2025-11-24,172500,USD
OFR-003463-V2,OFR-003463,APP-0048641,REQ-2024-00596,1,2,start_date_revision,accepted,true,2025-10-16,2025-10-16,,,,,2025-12-08,172500,USD
OFR-003464-V1,OFR-003464,APP-0048644,REQ-2025-00114,1,1,initial,withdrawn,true,2025-09-10,,,2025-09-13,,,2025-10-08,80000,USD
OFR-003465-V1,OFR-003465,APP-0048647,REQ-2025-00262,1,1,initial,accepted,true,2025-11-11,2025-11-14,,,,,2025-12-22,142500,USD
OFR-003466-V1,OFR-003466,APP-0048653,REQ-2025-00365,1,1,initial,accepted,true,2025-10-02,2025-10-07,,,,,2025-10-27,103500,USD
OFR-003467-V1,OFR-003467,APP-0048681,REQ-2025-00761,1,1,initial,accepted,true,2025-09-06,2025-09-08,,,,,2025-10-13,117000,USD
OFR-003468-V1,OFR-003468,APP-0048693,REQ-2025-00784,1,1,initial,accepted,false,2025-09-09,2025-09-12,,,,,2025-10-06,69500,USD
OFR-003468-V2,OFR-003468,APP-0048693,REQ-2025-00784,1,2,letter_reissue,accepted,true,2025-09-17,2025-09-17,,,,,2025-10-06,69500,USD
OFR-003469-V1,OFR-003469,APP-0048744,REQ-2025-00737,1,1,initial,accepted,false,2025-09-18,2025-09-22,,,,,2025-11-10,215500,USD
OFR-003469-V2,OFR-003469,APP-0048744,REQ-2025-00737,1,2,letter_reissue,accepted,true,2025-10-05,2025-10-05,,,,,2025-11-10,215500,USD
OFR-003470-V1,OFR-003470,APP-0048748,REQ-2025-00751,1,1,initial,accepted,true,2025-10-10,2025-10-13,,,,,2025-11-17,98000,USD
OFR-003471-V1,OFR-003471,APP-0048751,REQ-2025-00755,1,1,initial,accepted,true,2025-09-01,2025-09-05,,,,,2025-09-22,43000,USD
OFR-003472-V1,OFR-003472,APP-0048766,REQ-2025-00782,1,1,initial,accepted,true,2025-09-05,2025-09-08,,,,,2025-10-06,54500,USD
OFR-003473-V1,OFR-003473,APP-0048791,REQ-2025-00798,1,1,initial,accepted,true,2025-09-03,2025-09-05,,,,,2025-09-22,53000,USD
OFR-003474-V1,OFR-003474,APP-0048814,REQ-2025-00677,1,1,initial,superseded,false,2025-09-10,,,,,,2025-10-06,49500,USD
OFR-003474-V2,OFR-003474,APP-0048814,REQ-2025-00677,1,2,negotiation_revision,accepted,false,2025-09-11,2025-09-12,,,,,2025-10-06,53500,USD
OFR-003474-V3,OFR-003474,APP-0048814,REQ-2025-00677,1,3,start_date_revision,accepted,true,2025-09-18,2025-09-18,,,,,2025-10-27,53500,USD
OFR-003475-V1,OFR-003475,APP-0048857,REQ-2025-00796,1,1,initial,superseded,false,2025-09-05,,,,,,2025-10-06,73500,USD
OFR-003475-V2,OFR-003475,APP-0048857,REQ-2025-00796,1,2,negotiation_revision,accepted,false,2025-09-06,2025-09-07,,,,,2025-10-06,78000,USD
OFR-003475-V3,OFR-003475,APP-0048857,REQ-2025-00796,1,3,start_date_revision,accepted,true,2025-09-15,2025-09-15,,,,,2025-10-27,78000,USD
OFR-003476-V1,OFR-003476,APP-0048858,REQ-2025-00798,1,1,initial,withdrawn,true,2025-09-07,,,2025-09-08,,,2025-10-05,56000,USD
OFR-003477-V1,OFR-003477,APP-0048864,REQ-2025-00805,1,1,initial,accepted,true,2025-09-19,2025-09-22,,,,,2025-10-20,78000,USD
OFR-003478-V1,OFR-003478,APP-0048869,REQ-2024-00973,1,1,initial,superseded,false,2025-10-21,,,,,,2025-12-15,215500,USD
OFR-003478-V2,OFR-003478,APP-0048869,REQ-2024-00973,1,2,negotiation_revision,accepted,true,2025-10-24,2025-10-25,,,,,2025-12-15,225500,USD
OFR-003479-V1,OFR-003479,APP-0048908,REQ-2025-00778,1,1,initial,accepted,true,2025-09-20,2025-09-22,,,,,2025-10-13,94000,USD
OFR-003480-V1,OFR-003480,APP-0048910,REQ-2025-00788,1,1,initial,superseded,false,2025-09-11,,,,,,2025-10-06,74000,USD
OFR-003480-V2,OFR-003480,APP-0048910,REQ-2025-00788,1,2,negotiation_revision,accepted,true,2025-09-12,2025-09-13,,,,,2025-10-06,77500,USD
OFR-003481-V1,OFR-003481,APP-0048919,REQ-2025-00798,1,1,initial,accepted,true,2025-09-06,2025-09-07,,,,,2025-09-29,50500,USD
OFR-003482-V1,OFR-003482,APP-0048930,REQ-2025-00814,1,1,initial,accepted,true,2025-09-08,2025-09-13,,,,,2025-10-06,61000,USD
OFR-003483-V1,OFR-003483,APP-0048951,REQ-2025-00522,1,1,initial,accepted,true,2025-09-23,2025-09-26,,,,,2025-10-27,141500,USD
OFR-003484-V1,OFR-003484,APP-0048966,REQ-2025-00753,1,1,initial,accepted,true,2025-09-19,2025-09-28,,,,,2025-11-03,122500,USD
OFR-003485-V1,OFR-003485,APP-0048970,REQ-2025-00764,1,1,initial,accepted,false,2025-09-13,2025-09-15,,,,,2025-10-27,128500,USD
OFR-003485-V2,OFR-003485,APP-0048970,REQ-2025-00764,1,2,letter_reissue,accepted,true,2025-09-19,2025-09-19,,,,,2025-10-27,128500,USD
OFR-003486-V1,OFR-003486,APP-0048975,REQ-2025-00771,1,1,initial,accepted,true,2025-09-18,2025-09-23,,,,,2025-10-27,109500,USD
OFR-003487-V1,OFR-003487,APP-0048990,REQ-2025-00803,1,1,initial,superseded,false,2025-09-04,,,,,,2025-09-29,60000,USD
OFR-003487-V2,OFR-003487,APP-0048990,REQ-2025-00803,1,2,negotiation_revision,accepted,true,2025-09-06,2025-09-07,,,,,2025-09-29,64500,USD
OFR-003488-V1,OFR-003488,APP-0048991,REQ-2025-00804,1,1,initial,accepted,true,2025-09-13,2025-09-17,,,,,2025-10-13,64000,USD
OFR-003489-V1,OFR-003489,APP-0048996,REQ-2025-00808,1,1,initial,accepted,true,2025-09-11,2025-09-15,,,,,2025-10-06,59500,USD
OFR-003490-V1,OFR-003490,APP-0048998,REQ-2025-00811,1,1,initial,accepted,true,2025-09-08,2025-09-11,,,,,2025-10-13,72500,USD
OFR-003491-V1,OFR-003491,APP-0049010,REQ-2025-00280,1,1,initial,superseded,false,2025-09-25,,,,,,2025-10-23,101000,USD
OFR-003491-V2,OFR-003491,APP-0049010,REQ-2025-00280,1,2,negotiation_revision,declined,true,2025-09-27,,2025-09-29,,,,2025-10-23,105000,USD
OFR-003492-V1,OFR-003492,APP-0049028,REQ-2025-00739,1,1,initial,accepted,true,2025-09-13,2025-09-16,,,,,2025-10-20,96500,USD
OFR-003493-V1,OFR-003493,APP-0049049,REQ-2025-00796,1,1,initial,superseded,false,2025-09-16,,,,,,2025-10-14,72000,USD
OFR-003493-V2,OFR-003493,APP-0049049,REQ-2025-00796,1,2,negotiation_revision,withdrawn,true,2025-09-18,,,2025-09-19,,,2025-10-14,77500,USD
OFR-003494-V1,OFR-003494,APP-0049051,REQ-2025-00796,1,1,initial,accepted,false,2025-09-11,2025-09-16,,,,,2025-10-13,74500,USD
OFR-003494-V2,OFR-003494,APP-0049051,REQ-2025-00796,1,2,start_date_revision,accepted,true,2025-09-23,2025-09-23,,,,,2025-10-27,74500,USD
OFR-003495-V1,OFR-003495,APP-0049060,REQ-2025-00806,1,1,initial,accepted,true,2025-09-17,2025-09-20,,,,,2025-10-20,82500,USD
OFR-003496-V1,OFR-003496,APP-0049067,REQ-2025-00817,1,1,initial,accepted,false,2025-09-10,2025-09-13,,,,,2025-09-29,61500,USD
OFR-003496-V2,OFR-003496,APP-0049067,REQ-2025-00817,1,2,start_date_revision,accepted,true,2025-09-18,2025-09-18,,,,,2025-10-13,61500,USD
OFR-003497-V1,OFR-003497,APP-0049106,REQ-2025-00752,1,1,initial,declined,true,2025-09-21,,2025-09-22,,,,2025-10-19,135500,USD
OFR-003498-V1,OFR-003498,APP-0049133,REQ-2025-00796,1,1,initial,withdrawn,true,2025-09-14,,,2025-09-17,,,2025-10-12,81500,USD
OFR-003499-V1,OFR-003499,APP-0049138,REQ-2025-00800,1,1,initial,superseded,false,2025-09-16,,,,,,2025-10-14,78000,USD
OFR-003499-V2,OFR-003499,APP-0049138,REQ-2025-00800,1,2,negotiation_revision,withdrawn,true,2025-09-17,,,2025-09-18,,,2025-10-14,84000,USD
OFR-003500-V1,OFR-003500,APP-0049186,REQ-2025-00768,1,1,initial,accepted,false,2025-09-27,2025-09-28,,,,,2025-10-27,116500,USD
OFR-003500-V2,OFR-003500,APP-0049186,REQ-2025-00768,1,2,letter_reissue,accepted,true,2025-10-13,2025-10-13,,,,,2025-10-27,116500,USD
OFR-003501-V1,OFR-003501,APP-0049199,REQ-2025-00796,1,1,initial,accepted,true,2025-09-14,2025-09-15,,,,,2025-10-13,76500,USD
OFR-003502-V1,OFR-003502,APP-0049202,REQ-2025-00804,1,1,initial,accepted,false,2025-09-14,2025-09-17,,,,,2025-10-06,56500,USD
OFR-003502-V2,OFR-003502,APP-0049202,REQ-2025-00804,1,2,salary_correction,accepted,true,2025-10-01,2025-10-01,,,,,2025-10-06,57200,USD
OFR-003503-V1,OFR-003503,APP-0049218,REQ-2025-00815,1,1,initial,accepted,true,2025-09-13,2025-09-17,,,,,2025-10-27,127500,USD
OFR-003504-V1,OFR-003504,APP-0049222,REQ-2025-00825,1,1,initial,accepted,true,2025-09-15,2025-09-19,,,,,2025-11-10,141000,USD
OFR-003505-V1,OFR-003505,APP-0049236,REQ-2025-00203,1,1,initial,accepted,true,2025-09-20,2025-09-24,,,,,2025-10-20,90500,USD
OFR-003506-V1,OFR-003506,APP-0049243,REQ-2025-00449,1,1,initial,accepted,true,2025-10-06,2025-10-08,,,,,2025-11-17,127000,USD
OFR-003507-V1,OFR-003507,APP-0049252,REQ-2025-00690,1,1,initial,superseded,false,2025-10-13,,,,,,2025-11-17,90000,USD
OFR-003507-V2,OFR-003507,APP-0049252,REQ-2025-00690,1,2,negotiation_revision,accepted,true,2025-10-15,2025-10-17,,,,,2025-11-17,95000,USD
OFR-003508-V1,OFR-003508,APP-0049272,REQ-2025-00796,1,1,initial,accepted,true,2025-09-10,2025-09-12,,,,,2025-10-13,79500,USD
OFR-003509-V1,OFR-003509,APP-0049276,REQ-2025-00802,1,1,initial,accepted,false,2025-09-17,2025-09-29,,,,,2025-11-03,107500,USD
OFR-003509-V2,OFR-003509,APP-0049276,REQ-2025-00802,1,2,salary_correction,accepted,true,2025-10-14,2025-10-14,,,,,2025-11-03,107600,USD
OFR-003510-V1,OFR-003510,APP-0049283,REQ-2025-00810,1,1,initial,accepted,true,2025-09-20,2025-09-23,,,,,2025-12-01,158000,USD
OFR-003511-V1,OFR-003511,APP-0049285,REQ-2025-00813,1,1,initial,declined,true,2025-09-14,,2025-09-16,,,,2025-10-12,60500,USD
OFR-003512-V1,OFR-003512,APP-0049286,REQ-2025-00813,1,1,initial,accepted,true,2025-09-16,2025-09-17,,,,,2025-10-13,68500,USD
OFR-003513-V1,OFR-003513,APP-0049297,REQ-2025-00831,1,1,initial,accepted,true,2025-09-16,2025-09-20,,,,,2025-10-13,74500,USD
OFR-003514-V1,OFR-003514,APP-0049298,REQ-2025-00831,1,1,initial,accepted,true,2025-09-12,2025-09-16,,,,,2025-10-13,75500,USD
OFR-003515-V1,OFR-003515,APP-0049315,REQ-2025-00501,1,1,initial,declined,true,2025-10-05,,2025-10-07,,,,2025-11-02,114500,USD
OFR-003516-V1,OFR-003516,APP-0049317,REQ-2025-00553,1,1,initial,superseded,false,2025-09-14,,,,,,2025-10-20,73500,USD
OFR-003516-V2,OFR-003516,APP-0049317,REQ-2025-00553,1,2,negotiation_revision,accepted,true,2025-09-15,2025-09-19,,,,,2025-10-20,79000,USD
OFR-003517-V1,OFR-003517,APP-0049326,REQ-2025-00703,1,1,initial,accepted,true,2025-09-28,2025-10-01,,,,,2025-10-27,55000,USD
OFR-003518-V1,OFR-003518,APP-0049328,REQ-2025-00740,1,1,initial,superseded,false,2025-09-30,,,,,,2025-11-03,87000,USD
OFR-003518-V2,OFR-003518,APP-0049328,REQ-2025-00740,1,2,negotiation_revision,accepted,true,2025-10-06,2025-10-07,,,,,2025-11-03,94000,USD
OFR-003519-V1,OFR-003519,APP-0049343,REQ-2025-00794,1,1,initial,accepted,true,2025-09-20,2025-09-22,,,,,2025-10-20,68500,USD
OFR-003520-V1,OFR-003520,APP-0049354,REQ-2025-00808,1,1,initial,withdrawn,true,2025-09-15,,,2025-09-16,,,2025-10-13,55000,USD
OFR-003521-V1,OFR-003521,APP-0049376,REQ-2025-00831,1,1,initial,accepted,true,2025-09-23,2025-09-28,,,,,2025-10-27,74500,USD
OFR-003522-V1,OFR-003522,APP-0049385,REQ-2025-00835,1,1,initial,accepted,true,2025-09-17,2025-09-20,,,,,2025-10-20,94500,USD
OFR-003523-V1,OFR-003523,APP-0049400,REQ-2025-00319,1,1,initial,accepted,true,2025-10-04,2025-10-09,,,,,2025-10-27,74000,USD
OFR-003524-V1,OFR-003524,APP-0049412,REQ-2025-00655,1,1,initial,declined,true,2025-10-09,,2025-10-14,,,,2025-11-06,178000,USD
OFR-003525-V1,OFR-003525,APP-0049459,REQ-2025-00820,1,1,initial,reneged,true,2025-09-17,2025-09-20,,,,2025-10-15,2025-10-27,137000,USD
OFR-003526-V1,OFR-003526,APP-0049474,REQ-2025-00833,1,1,initial,accepted,true,2025-09-11,2025-09-12,,,,,2025-10-06,73000,USD
OFR-003527-V1,OFR-003527,APP-0049476,REQ-2025-00835,1,1,initial,accepted,false,2025-09-15,2025-09-18,,,,,2025-10-20,94500,USD
OFR-003527-V2,OFR-003527,APP-0049476,REQ-2025-00835,1,2,salary_correction,accepted,true,2025-09-20,2025-09-20,,,,,2025-10-20,94500,USD
OFR-003528-V1,OFR-003528,APP-0049491,REQ-2025-00360,1,1,initial,superseded,false,2025-10-04,,,,,,2025-11-24,140500,USD
OFR-003528-V2,OFR-003528,APP-0049491,REQ-2025-00360,1,2,negotiation_revision,accepted,true,2025-10-06,2025-10-09,,,,,2025-11-24,145500,USD
OFR-003529-V1,OFR-003529,APP-0049507,REQ-2025-00778,1,1,initial,accepted,true,2025-09-20,2025-09-23,,,,,2025-10-27,95500,USD
OFR-003530-V1,OFR-003530,APP-0049510,REQ-2025-00794,1,1,initial,superseded,false,2025-09-20,,,,,,2025-10-18,76000,USD
OFR-003530-V2,OFR-003530,APP-0049510,REQ-2025-00794,1,2,negotiation_revision,withdrawn,true,2025-09-22,,,2025-09-23,,,2025-10-18,80500,USD
OFR-003531-V1,OFR-003531,APP-0049526,REQ-2025-00814,1,1,initial,accepted,true,2025-09-22,2025-09-25,,,,,2025-10-27,62500,USD
OFR-003532-V1,OFR-003532,APP-0049545,REQ-2025-00835,1,1,initial,withdrawn,true,2025-09-18,,,2025-09-22,,,2025-10-16,91000,USD
OFR-003533-V1,OFR-003533,APP-0049548,REQ-2025-00836,1,1,initial,accepted,true,2025-09-24,2025-09-27,,,,,2025-10-20,84500,USD
OFR-003534-V1,OFR-003534,APP-0049561,REQ-2025-00262,1,1,initial,declined,true,2025-10-05,,2025-10-15,,,,2025-11-02,132000,USD
OFR-003535-V1,OFR-003535,APP-0049608,REQ-2025-00814,1,1,initial,accepted,true,2025-09-17,2025-09-22,,,,,2025-10-20,60500,USD
OFR-003536-V1,OFR-003536,APP-0049610,REQ-2025-00818,1,1,initial,accepted,true,2025-09-25,2025-09-27,,,,,2025-11-03,107500,USD
OFR-003537-V1,OFR-003537,APP-0049617,REQ-2025-00828,1,1,initial,accepted,false,2025-09-24,2025-09-27,,,,,2025-10-20,81500,USD
OFR-003537-V2,OFR-003537,APP-0049617,REQ-2025-00828,1,2,salary_correction,accepted,true,2025-10-06,2025-10-06,,,,,2025-10-20,82800,USD
OFR-003538-V1,OFR-003538,APP-0049622,REQ-2025-00833,1,1,initial,withdrawn,true,2025-09-28,,,2025-09-30,,,2025-10-26,67500,USD
OFR-003539-V1,OFR-003539,APP-0049629,REQ-2025-00833,1,1,initial,superseded,false,2025-09-13,,,,,,2025-10-06,72000,USD
OFR-003539-V2,OFR-003539,APP-0049629,REQ-2025-00833,1,2,negotiation_revision,accepted,false,2025-09-14,2025-09-15,,,,,2025-10-06,75500,USD
OFR-003539-V3,OFR-003539,APP-0049629,REQ-2025-00833,1,3,letter_reissue,accepted,true,2025-09-19,2025-09-19,,,,,2025-10-06,75500,USD
OFR-003540-V1,OFR-003540,APP-0049630,REQ-2025-00833,1,1,initial,accepted,true,2025-09-16,2025-09-19,,,,,2025-10-13,71000,USD
OFR-003541-V1,OFR-003541,APP-0049634,REQ-2025-00835,1,1,initial,accepted,true,2025-09-16,2025-09-21,,,,,2025-10-27,103000,USD
OFR-003542-V1,OFR-003542,APP-0049637,REQ-2025-00838,1,1,initial,superseded,false,2025-09-27,,,,,,2025-11-03,110000,USD
OFR-003542-V2,OFR-003542,APP-0049637,REQ-2025-00838,1,2,negotiation_revision,accepted,true,2025-09-29,2025-09-30,,,,,2025-11-03,116000,USD
OFR-003543-V1,OFR-003543,APP-0049647,REQ-2024-01040,1,1,initial,superseded,false,2025-10-10,,,,,,2025-11-17,139500,USD
OFR-003543-V2,OFR-003543,APP-0049647,REQ-2024-01040,1,2,negotiation_revision,accepted,true,2025-10-13,2025-10-14,,,,,2025-11-17,146000,USD
OFR-003544-V1,OFR-003544,APP-0049701,REQ-2025-00814,1,1,initial,accepted,true,2025-09-25,2025-09-26,,,,,2025-10-20,63500,USD
OFR-003545-V1,OFR-003545,APP-0049710,REQ-2025-00822,1,1,initial,declined,true,2025-09-24,,2025-09-26,,,,2025-10-22,102500,USD
OFR-003546-V1,OFR-003546,APP-0049711,REQ-2025-00828,1,1,initial,accepted,true,2025-10-01,2025-10-05,,,,,2025-11-03,79500,USD
OFR-003547-V1,OFR-003547,APP-0049722,REQ-2025-00835,1,1,initial,accepted,true,2025-09-15,2025-09-22,,,,,2025-10-27,92500,USD
OFR-003548-V1,OFR-003548,APP-0049736,REQ-2024-00201,1,1,initial,declined,true,2025-10-18,,2025-10-25,,,,2025-11-15,206000,USD
OFR-003549-V1,OFR-003549,APP-0049744,REQ-2024-01227,1,1,initial,accepted,true,2025-09-16,2025-09-17,,,,,2025-10-06,60000,USD
OFR-003550-V1,OFR-003550,APP-0049752,REQ-2025-00314,1,1,initial,accepted,true,2025-09-30,2025-10-06,,,,,2025-10-27,61500,USD
OFR-003551-V1,OFR-003551,APP-0049759,REQ-2025-00515,1,1,initial,accepted,true,2025-09-24,2025-09-29,,,,,2025-11-10,118500,USD
OFR-003552-V1,OFR-003552,APP-0049769,REQ-2025-00753,1,1,initial,withdrawn,true,2025-09-29,,,2025-10-01,,,2025-10-27,131500,USD
OFR-003553-V1,OFR-003553,APP-0049771,REQ-2025-00771,1,1,initial,accepted,true,2025-09-16,2025-09-18,,,,,2025-10-20,105000,USD
OFR-003554-V1,OFR-003554,APP-0049797,REQ-2025-00828,1,1,initial,accepted,true,2025-10-03,2025-10-10,,,,,2025-11-10,88500,USD
OFR-003555-V1,OFR-003555,APP-0049824,REQ-2025-00841,1,1,initial,accepted,true,2025-09-19,2025-09-20,,,,,2025-10-13,59500,USD
OFR-003556-V1,OFR-003556,APP-0049837,REQ-2024-00828,1,1,initial,declined,true,2025-10-08,,2025-10-09,,,,2025-11-05,120000,USD
OFR-003557-V1,OFR-003557,APP-0049840,REQ-2024-01123,1,1,initial,accepted,true,2025-09-28,2025-09-30,,,,,2025-10-20,79500,USD
OFR-003558-V1,OFR-003558,APP-0049846,REQ-2025-00681,1,1,initial,accepted,true,2025-10-25,2025-10-29,,,,,2025-11-24,63500,USD
OFR-003559-V1,OFR-003559,APP-0049850,REQ-2025-00716,1,1,initial,accepted,true,2025-09-17,2025-09-18,,,,,2025-10-27,85000,USD
OFR-003560-V1,OFR-003560,APP-0049863,REQ-2025-00809,1,1,initial,declined,true,2025-09-26,,2025-09-27,,,,2025-10-24,71000,USD
OFR-003561-V1,OFR-003561,APP-0049872,REQ-2025-00814,1,1,initial,accepted,true,2025-09-22,2025-09-26,,,,,2025-10-27,65000,USD
OFR-003562-V1,OFR-003562,APP-0049887,REQ-2025-00831,1,1,initial,declined,true,2025-09-20,,2025-09-22,,,,2025-10-18,74500,USD
OFR-003563-V1,OFR-003563,APP-0049899,REQ-2025-00841,1,1,initial,reneged,true,2025-09-30,2025-10-01,,,,2025-10-20,2025-11-03,63500,USD
OFR-003564-V1,OFR-003564,APP-0049902,REQ-2025-00849,1,1,initial,accepted,false,2025-09-30,2025-10-02,,,,,2025-11-03,77000,USD
OFR-003564-V2,OFR-003564,APP-0049902,REQ-2025-00849,1,2,start_date_revision,accepted,true,2025-10-12,2025-10-12,,,,,2025-11-24,77000,USD
OFR-003565-V1,OFR-003565,APP-0049905,REQ-2025-00854,1,1,initial,superseded,false,2025-09-22,,,,,,2025-10-20,109500,USD
OFR-003565-V2,OFR-003565,APP-0049905,REQ-2025-00854,1,2,negotiation_revision,declined,true,2025-09-24,,2025-09-25,,,,2025-10-20,114000,USD
OFR-003566-V1,OFR-003566,APP-0049934,REQ-2025-00792,1,1,initial,declined,true,2025-10-08,,2025-10-11,,,,2025-11-05,103500,USD
OFR-003567-V1,OFR-003567,APP-0049976,REQ-2025-00846,1,1,initial,withdrawn,true,2025-09-26,,,2025-09-29,,,2025-10-24,50500,USD
OFR-003568-V1,OFR-003568,APP-0049988,REQ-2024-00828,1,1,initial,accepted,false,2025-10-05,2025-10-13,,,,,2025-11-24,128000,USD
OFR-003568-V2,OFR-003568,APP-0049988,REQ-2024-00828,1,2,start_date_revision,accepted,true,2025-10-18,2025-10-18,,,,,2025-12-15,128000,USD
OFR-003569-V1,OFR-003569,APP-0049993,REQ-2025-00189,1,1,initial,declined,true,2025-10-29,,2025-11-02,,,,2025-11-26,98500,USD
OFR-003570-V1,OFR-003570,APP-0050022,REQ-2025-00824,1,1,initial,accepted,true,2025-09-28,2025-09-29,,,,,2025-10-27,63500,USD
OFR-003571-V1,OFR-003571,APP-0050028,REQ-2025-00833,1,1,initial,accepted,true,2025-09-25,2025-09-29,,,,,2025-10-27,71500,USD
OFR-003572-V1,OFR-003572,APP-0050030,REQ-2025-00836,1,1,initial,declined,true,2025-10-02,,2025-10-03,,,,2025-10-30,81500,USD
OFR-003573-V1,OFR-003573,APP-0050031,REQ-2025-00836,1,1,initial,accepted,true,2025-10-06,2025-10-09,,,,,2025-11-03,73500,USD
OFR-003574-V1,OFR-003574,APP-0050049,REQ-2025-00851,1,1,initial,accepted,true,2025-10-02,2025-10-08,,,,,2025-11-03,91000,USD
OFR-003575-V1,OFR-003575,APP-0050096,REQ-2025-00814,1,1,initial,accepted,true,2025-09-22,2025-09-24,,,,,2025-10-20,65000,USD
OFR-003576-V1,OFR-003576,APP-0050097,REQ-2025-00816,1,1,initial,superseded,false,2025-09-23,,,,,,2025-10-27,67000,USD
OFR-003576-V2,OFR-003576,APP-0050097,REQ-2025-00816,1,2,negotiation_revision,accepted,true,2025-09-24,2025-09-25,,,,,2025-10-27,69500,USD
OFR-003577-V1,OFR-003577,APP-0050119,REQ-2025-00845,1,1,initial,declined,true,2025-10-28,,2025-10-30,,,,2025-11-25,94000,USD
OFR-003578-V1,OFR-003578,APP-0050122,REQ-2025-00846,1,1,initial,superseded,false,2025-09-25,,,,,,2025-10-13,48500,USD
OFR-003578-V2,OFR-003578,APP-0050122,REQ-2025-00846,1,2,negotiation_revision,accepted,true,2025-09-26,2025-09-27,,,,,2025-10-13,50500,USD
OFR-003579-V1,OFR-003579,APP-0050123,REQ-2025-00847,1,1,initial,accepted,true,2025-10-08,2025-10-14,,,,,2025-12-01,137500,USD
OFR-003580-V1,OFR-003580,APP-0050128,REQ-2025-00849,1,1,initial,withdrawn,true,2025-10-11,,,2025-10-13,,,2025-11-08,65000,USD
OFR-003581-V1,OFR-003581,APP-0050172,REQ-2025-00747,1,1,initial,superseded,false,2025-10-16,,,,,,2025-12-15,182000,USD
OFR-003581-V2,OFR-003581,APP-0050172,REQ-2025-00747,1,2,negotiation_revision,accepted,true,2025-10-18,2025-10-19,,,,,2025-12-15,191500,USD
OFR-003582-V1,OFR-003582,APP-0050173,REQ-2025-00766,1,1,initial,accepted,false,2025-09-21,2025-09-25,,,,,2025-10-20,53500,USD
OFR-003582-V2,OFR-003582,APP-0050173,REQ-2025-00766,1,2,letter_reissue,accepted,true,2025-10-04,2025-10-04,,,,,2025-10-20,53500,USD
OFR-003583-V1,OFR-003583,APP-0050184,REQ-2025-00814,1,1,initial,withdrawn,true,2025-09-24,,,2025-09-26,,,2025-10-22,66500,USD
OFR-003584-V1,OFR-003584,APP-0050187,REQ-2025-00814,1,1,initial,withdrawn,true,2025-09-25,,,2025-09-29,,,2025-10-23,64500,USD
OFR-003585-V1,OFR-003585,APP-0050190,REQ-2025-00818,1,1,initial,superseded,false,2025-09-22,,,,,,2025-11-03,97000,USD
OFR-003585-V2,OFR-003585,APP-0050190,REQ-2025-00818,1,2,negotiation_revision,accepted,true,2025-09-23,2025-09-24,,,,,2025-11-03,100000,USD
OFR-003586-V1,OFR-003586,APP-0050191,REQ-2025-00818,1,1,initial,accepted,true,2025-09-29,2025-10-01,,,,,2025-11-10,112500,USD
OFR-003587-V1,OFR-003587,APP-0050216,REQ-2025-00841,1,1,initial,accepted,true,2025-09-30,2025-10-02,,,,,2025-10-27,59500,USD
OFR-003588-V1,OFR-003588,APP-0050233,REQ-2025-00861,1,1,initial,accepted,false,2025-09-23,2025-09-25,,,,,2025-10-27,72500,USD
OFR-003588-V2,OFR-003588,APP-0050233,REQ-2025-00861,1,2,salary_correction,accepted,true,2025-10-06,2025-10-06,,,,,2025-10-27,73900,USD
OFR-003589-V1,OFR-003589,APP-0050237,REQ-2025-00869,1,1,initial,accepted,true,2025-10-11,2025-10-15,,,,,2025-11-10,63000,USD
OFR-003590-V1,OFR-003590,APP-0050239,REQ-2025-00871,1,1,initial,withdrawn,true,2025-10-09,,,2025-10-15,,,2025-11-06,81000,USD
OFR-003591-V1,OFR-003591,APP-0050255,REQ-2025-00408,1,1,initial,superseded,false,2025-10-11,,,,,,2025-11-24,136000,USD
OFR-003591-V2,OFR-003591,APP-0050255,REQ-2025-00408,1,2,negotiation_revision,reneged,true,2025-10-14,2025-10-17,,,,2025-10-31,2025-11-24,147000,USD
OFR-003592-V1,OFR-003592,APP-0050262,REQ-2025-00620,1,1,initial,withdrawn,true,2025-10-01,,,2025-10-03,,,2025-10-29,139000,USD
OFR-003593-V1,OFR-003593,APP-0050301,REQ-2025-00839,1,1,initial,accepted,true,2025-10-01,2025-10-05,,,,,2025-11-10,108500,USD
OFR-003594-V1,OFR-003594,APP-0050313,REQ-2025-00852,1,1,initial,accepted,true,2025-09-25,2025-09-28,,,,,2025-10-20,43000,USD
OFR-003595-V1,OFR-003595,APP-0050316,REQ-2025-00855,1,1,initial,declined,true,2025-10-10,,2025-10-13,,,,2025-11-07,73500,USD
OFR-003596-V1,OFR-003596,APP-0050327,REQ-2025-00867,1,1,initial,accepted,true,2025-10-04,2025-10-09,,,,,2025-11-10,176000,USD
OFR-003597-V1,OFR-003597,APP-0050345,REQ-2025-00295,1,1,initial,accepted,true,2025-10-23,2025-10-28,,,,,2025-11-24,94000,USD
OFR-003598-V1,OFR-003598,APP-0050384,REQ-2025-00833,1,1,initial,accepted,true,2025-09-27,2025-09-29,,,,,2025-10-27,77000,USD
OFR-003599-V1,OFR-003599,APP-0050392,REQ-2025-00844,1,1,initial,accepted,true,2025-10-14,2025-10-17,,,,,2025-11-24,134000,USD
OFR-003600-V1,OFR-003600,APP-0050394,REQ-2025-00849,1,1,initial,declined,true,2025-10-02,,2025-10-05,,,,2025-10-30,70500,USD
OFR-003601-V1,OFR-003601,APP-0050395,REQ-2025-00849,1,1,initial,accepted,true,2025-10-06,2025-10-11,,,,,2025-11-10,73000,USD
OFR-003602-V1,OFR-003602,APP-0050405,REQ-2025-00856,1,1,initial,accepted,true,2025-10-02,2025-10-07,,,,,2025-11-10,75000,USD
OFR-003603-V1,OFR-003603,APP-0050411,REQ-2025-00864,1,1,initial,accepted,false,2025-09-27,2025-09-28,,,,,2025-10-20,85500,USD
OFR-003603-V2,OFR-003603,APP-0050411,REQ-2025-00864,1,2,start_date_revision,accepted,true,2025-10-10,2025-10-10,,,,,2025-10-27,85500,USD
OFR-003604-V1,OFR-003604,APP-0050417,REQ-2025-00871,1,1,initial,accepted,true,2025-10-06,2025-10-08,,,,,2025-11-03,80000,USD
OFR-003605-V1,OFR-003605,APP-0050423,REQ-2025-00874,1,1,initial,accepted,false,2025-09-21,2025-09-22,,,,,2025-10-13,61000,USD
OFR-003605-V2,OFR-003605,APP-0050423,REQ-2025-00874,1,2,letter_reissue,accepted,true,2025-10-03,2025-10-03,,,,,2025-10-13,61000,USD
OFR-003606-V1,OFR-003606,APP-0050450,REQ-2025-00574,1,1,initial,accepted,false,2025-10-04,2025-10-07,,,,,2025-12-01,213000,USD
OFR-003606-V2,OFR-003606,APP-0050450,REQ-2025-00574,1,2,letter_reissue,accepted,true,2025-10-12,2025-10-12,,,,,2025-12-01,213000,USD
OFR-003607-V1,OFR-003607,APP-0050486,REQ-2025-00849,1,1,initial,declined,true,2025-10-08,,2025-10-12,,,,2025-11-05,71000,USD
OFR-003608-V1,OFR-003608,APP-0050499,REQ-2025-00869,1,1,initial,declined,true,2025-10-02,,2025-10-04,,,,2025-10-30,58000,USD
OFR-003609-V1,OFR-003609,APP-0050507,REQ-2025-00875,1,1,initial,accepted,true,2025-10-03,2025-10-06,,,,,2025-11-10,72500,USD
OFR-003610-V1,OFR-003610,APP-0050508,REQ-2025-00876,1,1,initial,accepted,true,2025-10-14,2025-10-21,,,,,2025-11-17,123500,USD
OFR-003611-V1,OFR-003611,APP-0050524,REQ-2025-00429,1,1,initial,accepted,true,2025-10-08,2025-10-11,,,,,2025-12-01,166500,USD
OFR-003612-V1,OFR-003612,APP-0050528,REQ-2025-00576,1,1,initial,accepted,false,2025-10-17,2025-10-20,,,,,2025-11-10,95500,USD
OFR-003612-V2,OFR-003612,APP-0050528,REQ-2025-00576,1,2,salary_correction,rescinded,true,2025-11-04,2025-11-04,,,2025-11-08,,2025-11-10,96700,USD
OFR-003613-V1,OFR-003613,APP-0050547,REQ-2025-00831,1,1,initial,superseded,false,2025-09-24,,,,,,2025-10-20,69500,USD
OFR-003613-V2,OFR-003613,APP-0050547,REQ-2025-00831,1,2,negotiation_revision,accepted,true,2025-09-25,2025-09-26,,,,,2025-10-20,74000,USD
OFR-003614-V1,OFR-003614,APP-0050551,REQ-2025-00837,1,1,initial,accepted,true,2025-10-05,2025-10-11,,,,,2025-11-10,132500,USD
OFR-003615-V1,OFR-003615,APP-0050555,REQ-2025-00839,1,1,initial,superseded,false,2025-10-23,,,,,,2025-11-24,96500,USD
OFR-003615-V2,OFR-003615,APP-0050555,REQ-2025-00839,1,2,negotiation_revision,accepted,true,2025-10-25,2025-10-27,,,,,2025-11-24,100500,USD
OFR-003616-V1,OFR-003616,APP-0050561,REQ-2025-00842,1,1,initial,superseded,false,2025-10-01,,,,,,2025-10-20,48500,USD
OFR-003616-V2,OFR-003616,APP-0050561,REQ-2025-00842,1,2,negotiation_revision,accepted,true,2025-10-03,2025-10-04,,,,,2025-10-20,52000,USD
OFR-003617-V1,OFR-003617,APP-0050568,REQ-2025-00854,1,1,initial,declined,true,2025-10-06,,2025-10-26,,,,2025-11-03,114500,USD
OFR-003618-V1,OFR-003618,APP-0050602,REQ-2025-00167,1,1,initial,accepted,false,2025-10-21,2025-10-28,,,,,2025-11-17,67500,USD
OFR-003618-V2,OFR-003618,APP-0050602,REQ-2025-00167,1,2,salary_correction,accepted,true,2025-11-08,2025-11-08,,,,,2025-11-17,68300,USD
OFR-003619-V1,OFR-003619,APP-0050609,REQ-2025-00412,1,1,initial,accepted,true,2025-10-04,2025-10-05,,,,,2025-10-27,67000,USD
OFR-003620-V1,OFR-003620,APP-0050615,REQ-2025-00620,1,1,initial,accepted,true,2025-09-28,2025-10-01,,,,,2025-11-03,130500,USD
OFR-003621-V1,OFR-003621,APP-0050652,REQ-2025-00841,1,1,initial,withdrawn,true,2025-10-01,,,2025-10-05,,,2025-10-29,64500,USD
OFR-003622-V1,OFR-003622,APP-0050664,REQ-2025-00856,1,1,initial,accepted,true,2025-09-28,2025-09-29,,,,,2025-10-27,79500,USD
OFR-003623-V1,OFR-003623,APP-0050665,REQ-2025-00857,1,1,initial,declined,true,2025-10-27,,2025-11-05,,,,2025-11-24,184500,USD
OFR-003624-V1,OFR-003624,APP-0050670,REQ-2025-00861,1,1,initial,superseded,false,2025-10-05,,,,,,2025-11-10,75500,USD
OFR-003624-V2,OFR-003624,APP-0050670,REQ-2025-00861,1,2,negotiation_revision,accepted,true,2025-10-06,2025-10-07,,,,,2025-11-10,78500,USD
OFR-003625-V1,OFR-003625,APP-0050671,REQ-2025-00862,1,1,initial,rescinded,true,2025-10-17,2025-10-23,,,2025-11-26,,2025-12-01,89500,USD
OFR-003626-V1,OFR-003626,APP-0050676,REQ-2025-00869,1,1,initial,superseded,false,2025-10-02,,,,,,2025-11-10,68000,USD
OFR-003626-V2,OFR-003626,APP-0050676,REQ-2025-00869,1,2,negotiation_revision,accepted,true,2025-10-03,2025-10-07,,,,,2025-11-10,73500,USD
OFR-003627-V1,OFR-003627,APP-0050686,REQ-2025-00875,1,1,initial,superseded,false,2025-09-30,,,,,,2025-11-03,66000,USD
OFR-003627-V2,OFR-003627,APP-0050686,REQ-2025-00875,1,2,negotiation_revision,accepted,true,2025-10-03,2025-10-07,,,,,2025-11-03,68500,USD
OFR-003628-V1,OFR-003628,APP-0050706,REQ-2025-00483,1,1,initial,superseded,false,2025-10-06,,,,,,2025-11-17,136500,USD
OFR-003628-V2,OFR-003628,APP-0050706,REQ-2025-00483,1,2,negotiation_revision,accepted,true,2025-10-07,2025-10-08,,,,,2025-11-17,145500,USD
OFR-003629-V1,OFR-003629,APP-0050736,REQ-2025-00833,1,1,initial,accepted,false,2025-09-26,2025-09-28,,,,,2025-11-03,74500,USD
OFR-003629-V2,OFR-003629,APP-0050736,REQ-2025-00833,1,2,salary_correction,accepted,true,2025-10-13,2025-10-13,,,,,2025-11-03,74900,USD
OFR-003630-V1,OFR-003630,APP-0050752,REQ-2025-00849,1,1,initial,accepted,false,2025-09-28,2025-10-01,,,,,2025-10-20,74000,USD
OFR-003630-V2,OFR-003630,APP-0050752,REQ-2025-00849,1,2,letter_reissue,accepted,true,2025-10-04,2025-10-04,,,,,2025-10-20,74000,USD
OFR-003631-V1,OFR-003631,APP-0050762,REQ-2025-00866,1,1,initial,declined,true,2025-11-09,,2025-11-10,,,,2025-12-07,77500,USD
OFR-003632-V1,OFR-003632,APP-0050764,REQ-2025-00869,1,1,initial,withdrawn,true,2025-10-11,,,2025-10-16,,,2025-11-08,63500,USD
OFR-003633-V1,OFR-003633,APP-0050768,REQ-2025-00869,1,1,initial,accepted,true,2025-09-29,2025-09-30,,,,,2025-10-27,65500,USD
OFR-003634-V1,OFR-003634,APP-0050770,REQ-2025-00872,1,1,initial,accepted,false,2025-10-02,2025-10-07,,,,,2025-11-03,61500,USD
OFR-003634-V2,OFR-003634,APP-0050770,REQ-2025-00872,1,2,salary_correction,accepted,true,2025-10-20,2025-10-20,,,,,2025-11-03,61100,USD
OFR-003635-V1,OFR-003635,APP-0050784,REQ-2025-00887,1,1,initial,declined,true,2025-10-01,,2025-10-04,,,,2025-10-29,60500,USD
OFR-003636-V1,OFR-003636,APP-0050800,REQ-2025-00121,1,1,initial,accepted,true,2025-10-23,2025-10-30,,,,,2025-12-01,80000,USD
OFR-003637-V1,OFR-003637,APP-0050805,REQ-2025-00470,1,1,initial,accepted,true,2025-10-04,2025-10-06,,,,,2025-12-01,163000,USD
OFR-003638-V1,OFR-003638,APP-0050812,REQ-2025-00712,1,1,initial,accepted,true,2025-10-05,2025-10-09,,,,,2025-11-10,89500,USD
OFR-003639-V1,OFR-003639,APP-0050836,REQ-2025-00832,1,1,initial,superseded,false,2025-09-29,,,,,,2025-10-20,53500,USD
OFR-003639-V2,OFR-003639,APP-0050836,REQ-2025-00832,1,2,negotiation_revision,accepted,true,2025-09-30,2025-10-01,,,,,2025-10-20,57500,USD
OFR-003640-V1,OFR-003640,APP-0050874,REQ-2025-00883,1,1,initial,accepted,true,2025-10-11,2025-10-13,,,,,2025-11-17,98000,USD
OFR-003641-V1,OFR-003641,APP-0050880,REQ-2025-00891,1,1,initial,superseded,false,2025-10-12,,,,,,2025-12-01,82500,USD
OFR-003641-V2,OFR-003641,APP-0050880,REQ-2025-00891,1,2,negotiation_revision,accepted,true,2025-10-22,2025-10-24,,,,,2025-12-01,88000,USD
OFR-003642-V1,OFR-003642,APP-0050908,REQ-2025-00809,1,1,initial,accepted,true,2025-10-06,2025-10-07,,,,,2025-11-03,70000,USD
OFR-003643-V1,OFR-003643,APP-0050912,REQ-2025-00818,1,1,initial,withdrawn,true,2025-10-01,,,2025-10-03,,,2025-10-29,109000,USD
OFR-003644-V1,OFR-003644,APP-0050936,REQ-2025-00854,1,1,initial,superseded,false,2025-10-25,,,,,,2025-12-08,109500,USD
OFR-003644-V2,OFR-003644,APP-0050936,REQ-2025-00854,1,2,negotiation_revision,accepted,false,2025-10-26,2025-10-28,,,,,2025-12-08,116000,USD
OFR-003644-V3,OFR-003644,APP-0050936,REQ-2025-00854,1,3,start_date_revision,reneged,true,2025-11-09,2025-11-09,,,,2025-12-24,2025-12-16,116000,USD
OFR-003645-V1,OFR-003645,APP-0050953,REQ-2025-00871,1,1,initial,accepted,false,2025-10-14,2025-10-15,,,,,2025-11-10,85000,USD
OFR-003645-V2,OFR-003645,APP-0050953,REQ-2025-00871,1,2,start_date_revision,accepted,true,2025-10-24,2025-10-24,,,,,2025-11-24,85000,USD
OFR-003646-V1,OFR-003646,APP-0050959,REQ-2025-00873,1,1,initial,accepted,true,2025-10-08,2025-10-13,,,,,2025-11-24,98500,USD
OFR-003647-V1,OFR-003647,APP-0050964,REQ-2025-00879,1,1,initial,withdrawn,true,2025-10-14,,,2025-10-21,,,2025-11-11,117500,USD
OFR-003648-V1,OFR-003648,APP-0050965,REQ-2025-00880,1,1,initial,accepted,true,2025-11-08,2025-11-10,,,,,2025-12-08,134000,USD
OFR-003649-V1,OFR-003649,APP-0050967,REQ-2025-00885,1,1,initial,accepted,true,2025-11-01,2025-11-05,,,,,2025-12-15,120500,USD
OFR-003650-V1,OFR-003650,APP-0050969,REQ-2025-00887,1,1,initial,accepted,true,2025-10-07,2025-10-09,,,,,2025-11-03,60500,USD
OFR-003651-V1,OFR-003651,APP-0050974,REQ-2025-00888,1,1,initial,superseded,false,2025-10-11,,,,,,2025-12-01,107500,USD
OFR-003651-V2,OFR-003651,APP-0050974,REQ-2025-00888,1,2,negotiation_revision,accepted,true,2025-10-12,2025-10-16,,,,,2025-12-01,111000,USD
OFR-003652-V1,OFR-003652,APP-0050975,REQ-2025-00890,1,1,initial,superseded,false,2025-10-11,,,,,,2025-11-10,75000,USD
OFR-003652-V2,OFR-003652,APP-0050975,REQ-2025-00890,1,2,negotiation_revision,accepted,true,2025-10-12,2025-10-16,,,,,2025-11-10,77500,USD
OFR-003653-V1,OFR-003653,APP-0050982,REQ-2025-00904,1,1,initial,accepted,true,2025-10-05,2025-10-08,,,,,2025-10-27,59000,USD
OFR-003654-V1,OFR-003654,APP-0051001,REQ-2025-00659,1,1,initial,reneged,true,2025-10-05,2025-10-06,,,,2025-10-29,2025-11-03,76000,USD
OFR-003655-V1,OFR-003655,APP-0051011,REQ-2025-00833,1,1,initial,withdrawn,true,2025-09-27,,,2025-10-01,,,2025-10-25,72000,USD
OFR-003656-V1,OFR-003656,APP-0051031,REQ-2025-00869,1,1,initial,superseded,false,2025-10-05,,,,,,2025-11-03,66000,USD
OFR-003656-V2,OFR-003656,APP-0051031,REQ-2025-00869,1,2,negotiation_revision,accepted,true,2025-10-09,2025-10-10,,,,,2025-11-03,69500,USD
OFR-003657-V1,OFR-003657,APP-0051041,REQ-2025-00887,1,1,initial,declined,true,2025-10-02,,2025-10-04,,,,2025-10-30,66000,USD
OFR-003658-V1,OFR-003658,APP-0051060,REQ-2025-00905,1,1,initial,accepted,true,2025-10-08,2025-10-10,,,,,2025-11-03,84500,USD
OFR-003659-V1,OFR-003659,APP-0051071,REQ-2025-00529,1,1,initial,superseded,false,2025-10-16,,,,,,2025-11-03,63500,USD
OFR-003659-V2,OFR-003659,APP-0051071,REQ-2025-00529,1,2,negotiation_revision,accepted,false,2025-10-17,2025-10-19,,,,,2025-11-03,67500,USD
OFR-003659-V3,OFR-003659,APP-0051071,REQ-2025-00529,1,3,letter_reissue,accepted,true,2025-10-23,2025-10-23,,,,,2025-11-03,67500,USD
OFR-003660-V1,OFR-003660,APP-0051099,REQ-2025-00842,1,1,initial,superseded,false,2025-10-01,,,,,,2025-10-20,54000,USD
OFR-003660-V2,OFR-003660,APP-0051099,REQ-2025-00842,1,2,negotiation_revision,reneged,true,2025-10-02,2025-10-03,,,,2025-10-13,2025-10-20,57000,USD
OFR-003661-V1,OFR-003661,APP-0051101,REQ-2025-00844,1,1,initial,withdrawn,true,2025-10-11,,,2025-10-17,,,2025-11-08,121000,USD
OFR-003662-V1,OFR-003662,APP-0051115,REQ-2025-00856,1,1,initial,accepted,true,2025-10-06,2025-10-09,,,,,2025-11-03,80000,USD
OFR-003663-V1,OFR-003663,APP-0051125,REQ-2025-00862,1,1,initial,withdrawn,true,2025-10-21,,,2025-10-24,,,2025-11-18,83000,USD
OFR-003664-V1,OFR-003664,APP-0051130,REQ-2025-00871,1,1,initial,accepted,true,2025-10-10,2025-10-12,,,,,2025-11-10,81000,USD
OFR-003665-V1,OFR-003665,APP-0051142,REQ-2025-00883,1,1,initial,accepted,true,2025-10-14,2025-10-18,,,,,2025-11-24,91500,USD
OFR-003666-V1,OFR-003666,APP-0051146,REQ-2025-00888,1,1,initial,accepted,true,2025-10-09,2025-10-12,,,,,2025-11-17,112500,USD
OFR-003667-V1,OFR-003667,APP-0051147,REQ-2025-00888,1,1,initial,accepted,true,2025-10-15,2025-10-18,,,,,2025-11-24,110000,USD
OFR-003668-V1,OFR-003668,APP-0051202,REQ-2025-00841,1,1,initial,withdrawn,true,2025-10-02,,,2025-10-05,,,2025-10-30,59500,USD
OFR-003669-V1,OFR-003669,APP-0051227,REQ-2025-00883,1,1,initial,declined,true,2025-10-11,,2025-10-15,,,,2025-11-08,90500,USD
OFR-003670-V1,OFR-003670,APP-0051229,REQ-2025-00884,1,1,initial,declined,true,2025-10-14,,2025-10-17,,,,2025-11-11,143500,USD
OFR-003671-V1,OFR-003671,APP-0051253,REQ-2025-00084,1,1,initial,declined,true,2025-10-20,,2025-10-22,,,,2025-11-17,97500,USD
OFR-003672-V1,OFR-003672,APP-0051258,REQ-2025-00300,1,1,initial,accepted,false,2025-10-17,2025-10-23,,,,,2025-11-24,140500,USD
OFR-003672-V2,OFR-003672,APP-0051258,REQ-2025-00300,1,2,start_date_revision,accepted,true,2025-11-07,2025-11-07,,,,,2025-12-15,140500,USD
OFR-003673-V1,OFR-003673,APP-0051309,REQ-2025-00873,1,1,initial,accepted,true,2025-10-12,2025-10-15,,,,,2025-11-17,102000,USD
OFR-003674-V1,OFR-003674,APP-0051313,REQ-2025-00883,1,1,initial,declined,true,2025-10-18,,2025-10-21,,,,2025-11-15,100500,USD
OFR-003675-V1,OFR-003675,APP-0051341,REQ-2025-00189,1,1,initial,declined,true,2025-11-27,,2025-12-06,,,,2025-12-25,87500,USD
OFR-003676-V1,OFR-003676,APP-0051350,REQ-2025-00711,1,1,initial,accepted,false,2025-10-07,2025-10-08,,,,,2025-11-10,102000,USD
OFR-003676-V2,OFR-003676,APP-0051350,REQ-2025-00711,1,2,letter_reissue,accepted,true,2025-10-15,2025-10-15,,,,,2025-11-10,102000,USD
OFR-003677-V1,OFR-003677,APP-0051351,REQ-2025-00770,1,1,initial,accepted,true,2025-10-23,2025-10-26,,,,,2025-12-01,128500,USD
OFR-003678-V1,OFR-003678,APP-0051375,REQ-2025-00873,1,1,initial,superseded,false,2025-10-23,,,,,,2025-11-24,94500,USD
OFR-003678-V2,OFR-003678,APP-0051375,REQ-2025-00873,1,2,negotiation_revision,accepted,true,2025-10-24,2025-10-25,,,,,2025-11-24,101500,USD
OFR-003679-V1,OFR-003679,APP-0051376,REQ-2025-00879,1,1,initial,accepted,true,2025-10-16,2025-10-19,,,,,2025-11-24,121000,USD
OFR-003680-V1,OFR-003680,APP-0051381,REQ-2025-00888,1,1,initial,superseded,false,2025-10-24,,,,,,2025-12-01,110000,USD
OFR-003680-V2,OFR-003680,APP-0051381,REQ-2025-00888,1,2,negotiation_revision,accepted,true,2025-10-25,2025-10-27,,,,,2025-12-01,118000,USD
OFR-003681-V1,OFR-003681,APP-0051387,REQ-2025-00900,1,1,initial,declined,true,2025-11-10,,2025-11-12,,,,2025-12-08,92000,USD
OFR-003682-V1,OFR-003682,APP-0051395,REQ-2025-00911,1,1,initial,accepted,false,2025-10-18,2025-10-20,,,,,2025-11-10,76500,USD
OFR-003682-V2,OFR-003682,APP-0051395,REQ-2025-00911,1,2,letter_reissue,accepted,true,2025-10-26,2025-10-26,,,,,2025-11-10,76500,USD
OFR-003683-V1,OFR-003683,APP-0051399,REQ-2025-00918,1,1,initial,accepted,false,2025-10-08,2025-10-10,,,,,2025-11-17,86500,USD
OFR-003683-V2,OFR-003683,APP-0051399,REQ-2025-00918,1,2,salary_correction,reneged,true,2025-10-20,2025-10-20,,,,2025-11-07,2025-11-17,87600,USD
OFR-003684-V1,OFR-003684,APP-0051400,REQ-2025-00919,1,1,initial,accepted,true,2025-10-17,2025-10-23,,,,,2025-12-01,107500,USD
OFR-003685-V1,OFR-003685,APP-0051404,REQ-2024-01217,1,1,initial,accepted,false,2025-10-13,2025-10-17,,,,,2025-11-10,69000,USD
OFR-003685-V2,OFR-003685,APP-0051404,REQ-2024-01217,1,2,salary_correction,accepted,true,2025-10-23,2025-10-23,,,,,2025-11-10,70100,USD
OFR-003686-V1,OFR-003686,APP-0051415,REQ-2025-00413,1,1,initial,accepted,false,2025-11-13,2025-11-19,,,,,2025-12-29,170500,USD
OFR-003686-V2,OFR-003686,APP-0051415,REQ-2025-00413,1,2,salary_correction,accepted,true,2025-11-30,2025-11-30,,,,,2025-12-29,173000,USD
OFR-003687-V1,OFR-003687,APP-0051421,REQ-2025-00821,1,1,initial,accepted,true,2025-10-22,2025-10-28,,,,,2025-12-01,103500,USD
OFR-003688-V1,OFR-003688,APP-0051463,REQ-2025-00888,1,1,initial,declined,true,2025-10-17,,2025-11-02,,,,2025-11-14,114500,USD
OFR-003689-V1,OFR-003689,APP-0051479,REQ-2025-00905,1,1,initial,superseded,false,2025-10-18,,,,,,2025-11-17,78000,USD
OFR-003689-V2,OFR-003689,APP-0051479,REQ-2025-00905,1,2,negotiation_revision,accepted,true,2025-10-19,2025-10-20,,,,,2025-11-17,81000,USD
OFR-003690-V1,OFR-003690,APP-0051480,REQ-2025-00905,1,1,initial,superseded,false,2025-10-23,,,,,,2025-11-17,77500,USD
OFR-003690-V2,OFR-003690,APP-0051480,REQ-2025-00905,1,2,negotiation_revision,accepted,true,2025-10-24,2025-10-26,,,,,2025-11-17,83000,USD
OFR-003691-V1,OFR-003691,APP-0051490,REQ-2025-00912,1,1,initial,superseded,false,2025-10-13,,,,,,2025-11-10,66500,USD
OFR-003691-V2,OFR-003691,APP-0051490,REQ-2025-00912,1,2,negotiation_revision,accepted,false,2025-10-16,2025-10-18,,,,,2025-11-10,70000,USD
OFR-003691-V3,OFR-003691,APP-0051490,REQ-2025-00912,1,3,start_date_revision,accepted,true,2025-11-02,2025-11-02,,,,,2025-11-17,70000,USD
OFR-003692-V1,OFR-003692,APP-0051491,REQ-2025-00913,1,1,initial,declined,true,2025-10-16,,2025-10-21,,,,2025-11-13,144000,USD
OFR-003693-V1,OFR-003693,APP-0051504,REQ-2025-00313,1,1,initial,accepted,false,2025-10-26,2025-10-31,,,,,2025-12-01,120000,USD
OFR-003693-V2,OFR-003693,APP-0051504,REQ-2025-00313,1,2,start_date_revision,accepted,true,2025-11-05,2025-11-05,,,,,2025-12-22,120000,USD
OFR-003694-V1,OFR-003694,APP-0051505,REQ-2025-00352,1,1,initial,accepted,true,2025-10-15,2025-10-29,,,,,2025-12-01,107000,USD
OFR-003695-V1,OFR-003695,APP-0051516,REQ-2025-00730,1,1,initial,accepted,true,2025-10-18,2025-10-23,,,,,2025-11-17,63500,USD
OFR-003696-V1,OFR-003696,APP-0051533,REQ-2025-00861,1,1,initial,accepted,true,2025-10-11,2025-10-13,,,,,2025-11-17,73000,USD
OFR-003697-V1,OFR-003697,APP-0051534,REQ-2025-00866,1,1,initial,declined,true,2025-10-14,,2025-10-16,,,,2025-11-11,75000,USD
OFR-003698-V1,OFR-003698,APP-0051555,REQ-2025-00905,1,1,initial,withdrawn,true,2025-10-27,,,2025-10-30,,,2025-11-24,75500,USD
OFR-003699-V1,OFR-003699,APP-0051557,REQ-2025-00905,1,1,initial,accepted,true,2025-10-14,2025-10-17,,,,,2025-11-10,83500,USD
OFR-003700-V1,OFR-003700,APP-0051565,REQ-2025-00915,1,1,initial,accepted,true,2025-10-31,2025-11-04,,,,,2025-12-08,127500,USD
OFR-003701-V1,OFR-003701,APP-0051568,REQ-2025-00920,1,1,initial,accepted,true,2025-10-30,2025-11-04,,,,,2025-12-01,128500,USD
OFR-003702-V1,OFR-003702,APP-0051571,REQ-2024-01147,1,1,initial,accepted,true,2025-10-17,2025-10-20,,,,,2025-11-17,88500,USD
OFR-003703-V1,OFR-003703,APP-0051619,REQ-2025-00889,1,1,initial,accepted,true,2025-10-25,2025-10-27,,,,,2025-12-01,95500,USD
OFR-003704-V1,OFR-003704,APP-0051644,REQ-2025-00921,1,1,initial,accepted,false,2025-10-27,2025-10-30,,,,,2025-12-08,120500,USD
OFR-003704-V2,OFR-003704,APP-0051644,REQ-2025-00921,1,2,letter_reissue,accepted,true,2025-11-13,2025-11-13,,,,,2025-12-08,120500,USD
OFR-003705-V1,OFR-003705,APP-0051647,REQ-2025-00928,1,1,initial,accepted,true,2025-10-13,2025-10-16,,,,,2025-11-10,76500,USD
OFR-003706-V1,OFR-003706,APP-0051648,REQ-2025-00929,1,1,initial,accepted,false,2025-10-31,2025-11-03,,,,,2025-12-01,92500,USD
OFR-003706-V2,OFR-003706,APP-0051648,REQ-2025-00929,1,2,salary_correction,accepted,true,2025-11-18,2025-11-18,,,,,2025-12-01,93400,USD
OFR-003707-V1,OFR-003707,APP-0051667,REQ-2025-00510,1,1,initial,accepted,false,2025-10-18,2025-10-20,,,,,2025-11-24,108000,USD
OFR-003707-V2,OFR-003707,APP-0051667,REQ-2025-00510,1,2,salary_correction,accepted,true,2025-10-27,2025-10-27,,,,,2025-11-24,107400,USD
OFR-003708-V1,OFR-003708,APP-0051677,REQ-2025-00836,1,1,initial,accepted,false,2025-10-18,2025-10-22,,,,,2025-11-24,78500,USD
OFR-003708-V2,OFR-003708,APP-0051677,REQ-2025-00836,1,2,letter_reissue,accepted,true,2025-10-31,2025-10-31,,,,,2025-11-24,78500,USD
OFR-003709-V1,OFR-003709,APP-0051689,REQ-2025-00869,1,1,initial,superseded,false,2025-10-15,,,,,,2025-11-12,64000,USD
OFR-003709-V2,OFR-003709,APP-0051689,REQ-2025-00869,1,2,negotiation_revision,withdrawn,true,2025-10-17,,,2025-10-18,,,2025-11-12,66500,USD
OFR-003710-V1,OFR-003710,APP-0051697,REQ-2025-00878,1,1,initial,accepted,false,2025-11-26,2025-12-02,,,,,2026-01-12,131500,USD
OFR-003710-V2,OFR-003710,APP-0051697,REQ-2025-00878,1,2,start_date_revision,accepted,true,2025-12-04,2025-12-04,,,,,2026-01-26,131500,USD
OFR-003711-V1,OFR-003711,APP-0051723,REQ-2025-00920,1,1,initial,withdrawn,true,2025-11-04,,,2025-11-05,,,2025-12-02,135000,USD
OFR-003712-V1,OFR-003712,APP-0051733,REQ-2025-00938,1,1,initial,withdrawn,true,2025-10-20,,,2025-10-20,,,2025-11-17,66500,USD
OFR-003713-V1,OFR-003713,APP-0051756,REQ-2025-00845,1,1,initial,accepted,false,2025-11-04,2025-11-11,,,,,2025-12-08,91500,USD
OFR-003713-V2,OFR-003713,APP-0051756,REQ-2025-00845,1,2,start_date_revision,accepted,true,2025-11-17,2025-11-17,,,,,2025-12-22,91500,USD
OFR-003714-V1,OFR-003714,APP-0051804,REQ-2025-00934,1,1,initial,accepted,true,2025-10-24,2025-10-28,,,,,2025-12-01,109000,USD
OFR-003715-V1,OFR-003715,APP-0051839,REQ-2025-00843,1,1,initial,declined,true,2025-10-29,,2025-11-03,,,,2025-11-26,94500,USD
OFR-003716-V1,OFR-003716,APP-0051842,REQ-2025-00856,1,1,initial,accepted,true,2025-10-10,2025-10-12,,,,,2025-11-17,75000,USD
OFR-003717-V1,OFR-003717,APP-0051862,REQ-2025-00905,1,1,initial,withdrawn,true,2025-10-19,,,2025-10-28,,,2025-11-16,74000,USD
OFR-003718-V1,OFR-003718,APP-0051885,REQ-2025-00932,1,1,initial,accepted,true,2025-10-27,2025-11-04,,,,,2025-12-01,99500,USD
OFR-003719-V1,OFR-003719,APP-0051895,REQ-2025-00941,1,1,initial,superseded,false,2025-10-18,,,,,,2025-12-01,129000,USD
OFR-003719-V2,OFR-003719,APP-0051895,REQ-2025-00941,1,2,negotiation_revision,accepted,false,2025-10-21,2025-10-23,,,,,2025-12-01,134500,USD
OFR-003719-V3,OFR-003719,APP-0051895,REQ-2025-00941,1,3,letter_reissue,accepted,true,2025-10-25,2025-10-25,,,,,2025-12-01,134500,USD
OFR-003720-V1,OFR-003720,APP-0051911,REQ-2025-00590,1,1,initial,accepted,true,2025-10-12,2025-10-15,,,,,2025-11-10,76500,USD
OFR-003721-V1,OFR-003721,APP-0051912,REQ-2025-00648,1,1,initial,accepted,true,2025-10-28,2025-11-05,,,,,2025-12-08,91500,USD
OFR-003722-V1,OFR-003722,APP-0051942,REQ-2025-00921,1,1,initial,declined,true,2025-10-24,,2025-10-27,,,,2025-11-21,125500,USD
OFR-003723-V1,OFR-003723,APP-0051961,REQ-2025-00952,1,1,initial,accepted,false,2025-10-30,2025-11-02,,,,,2025-12-01,81000,USD
OFR-003723-V2,OFR-003723,APP-0051961,REQ-2025-00952,1,2,letter_reissue,accepted,true,2025-11-12,2025-11-12,,,,,2025-12-01,81000,USD
OFR-003724-V1,OFR-003724,APP-0051964,REQ-2024-00799,1,1,initial,superseded,false,2025-12-01,,,,,,2026-01-19,177000,USD
OFR-003724-V2,OFR-003724,APP-0051964,REQ-2024-00799,1,2,negotiation_revision,accepted,true,2025-12-04,2025-12-05,,,,,2026-01-19,189000,USD
OFR-003725-V1,OFR-003725,APP-0051974,REQ-2025-00514,1,1,initial,accepted,true,2025-10-28,2025-10-30,,,,,2025-12-01,98500,USD
OFR-003726-V1,OFR-003726,APP-0051980,REQ-2025-00667,1,1,initial,accepted,false,2025-10-20,2025-10-21,,,,,2025-12-01,114500,USD
OFR-003726-V2,OFR-003726,APP-0051980,REQ-2025-00667,1,2,letter_reissue,accepted,true,2025-10-24,2025-10-24,,,,,2025-12-01,114500,USD
OFR-003727-V1,OFR-003727,APP-0051991,REQ-2025-00871,1,1,initial,withdrawn,true,2025-10-14,,,2025-10-15,,,2025-11-11,76500,USD
OFR-003728-V1,OFR-003728,APP-0051998,REQ-2025-00882,1,1,initial,declined,true,2025-10-23,,2025-10-28,,,,2025-11-20,157000,USD
OFR-003729-V1,OFR-003729,APP-0052002,REQ-2025-00888,1,1,initial,superseded,false,2025-10-24,,,,,,2025-12-01,110000,USD
OFR-003729-V2,OFR-003729,APP-0052002,REQ-2025-00888,1,2,negotiation_revision,accepted,true,2025-10-26,2025-10-28,,,,,2025-12-01,118500,USD
OFR-003730-V1,OFR-003730,APP-0052034,REQ-2025-00937,1,1,initial,accepted,false,2025-11-02,2025-11-04,,,,,2025-12-15,104000,USD
OFR-003730-V2,OFR-003730,APP-0052034,REQ-2025-00937,1,2,start_date_revision,accepted,true,2025-11-16,2025-11-16,,,,,2025-12-29,104000,USD
OFR-003731-V1,OFR-003731,APP-0052035,REQ-2025-00938,1,1,initial,withdrawn,true,2025-10-13,,,2025-10-20,,,2025-11-10,61500,USD
OFR-003732-V1,OFR-003732,APP-0052044,REQ-2025-00945,1,1,initial,accepted,true,2025-10-26,2025-10-29,,,,,2025-12-22,150500,USD
OFR-003733-V1,OFR-003733,APP-0052052,REQ-2025-00953,1,1,initial,accepted,true,2025-10-29,2025-10-31,,,,,2025-12-01,90500,USD
OFR-003734-V1,OFR-003734,APP-0052055,REQ-2025-00959,1,1,initial,accepted,true,2025-10-17,2025-10-21,,,,,2025-12-08,147000,USD
OFR-003735-V1,OFR-003735,APP-0052059,REQ-2024-01247,1,1,initial,superseded,false,2025-11-11,,,,,,2025-12-22,97000,USD
OFR-003735-V2,OFR-003735,APP-0052059,REQ-2024-01247,1,2,negotiation_revision,accepted,true,2025-11-12,2025-11-21,,,,,2025-12-22,104500,USD
OFR-003736-V1,OFR-003736,APP-0052066,REQ-2025-00746,1,1,initial,accepted,false,2025-10-26,2025-10-28,,,,,2025-11-17,92500,USD
OFR-003736-V2,OFR-003736,APP-0052066,REQ-2025-00746,1,2,salary_correction,accepted,true,2025-11-08,2025-11-08,,,,,2025-11-17,93400,USD
OFR-003737-V1,OFR-003737,APP-0052068,REQ-2025-00787,1,1,initial,accepted,false,2025-10-30,2025-11-06,,,,,2025-12-01,68500,USD
OFR-003737-V2,OFR-003737,APP-0052068,REQ-2025-00787,1,2,start_date_revision,accepted,true,2025-11-08,2025-11-08,,,,,2025-12-22,68500,USD
OFR-003738-V1,OFR-003738,APP-0052072,REQ-2025-00827,1,1,initial,accepted,true,2025-10-18,2025-10-21,,,,,2025-12-01,124000,USD
OFR-003739-V1,OFR-003739,APP-0052095,REQ-2025-00873,1,1,initial,accepted,false,2025-10-22,2025-11-02,,,,,2025-12-08,101500,USD
OFR-003739-V2,OFR-003739,APP-0052095,REQ-2025-00873,1,2,salary_correction,accepted,true,2025-11-11,2025-11-11,,,,,2025-12-08,103100,USD
OFR-003740-V1,OFR-003740,APP-0052123,REQ-2025-00938,1,1,initial,accepted,true,2025-10-18,2025-10-20,,,,,2025-11-24,61500,USD
OFR-003741-V1,OFR-003741,APP-0052137,REQ-2025-00951,1,1,initial,superseded,false,2025-10-17,,,,,,2025-11-14,61000,USD
OFR-003741-V2,OFR-003741,APP-0052137,REQ-2025-00951,1,2,negotiation_revision,declined,true,2025-10-18,,2025-10-19,,,,2025-11-14,63000,USD
OFR-003742-V1,OFR-003742,APP-0052150,REQ-2025-00576,1,1,initial,accepted,true,2025-11-06,2025-11-10,,,,,2025-12-08,85500,USD
OFR-003743-V1,OFR-003743,APP-0052177,REQ-2025-00888,1,1,initial,accepted,false,2025-11-01,2025-11-03,,,,,2025-12-15,97500,USD
OFR-003743-V2,OFR-003743,APP-0052177,REQ-2025-00888,1,2,letter_reissue,accepted,true,2025-11-16,2025-11-16,,,,,2025-12-15,97500,USD
OFR-003744-V1,OFR-003744,APP-0052183,REQ-2025-00905,1,1,initial,superseded,false,2025-10-19,,,,,,2025-11-17,77000,USD
OFR-003744-V2,OFR-003744,APP-0052183,REQ-2025-00905,1,2,negotiation_revision,accepted,true,2025-10-22,2025-10-23,,,,,2025-11-17,81000,USD
OFR-003745-V1,OFR-003745,APP-0052196,REQ-2025-00933,1,1,initial,accepted,true,2025-10-21,2025-10-22,,,,,2025-11-24,74500,USD
OFR-003746-V1,OFR-003746,APP-0052235,REQ-2025-00822,1,1,initial,accepted,true,2025-10-18,2025-10-21,,,,,2025-11-24,97500,USD
OFR-003747-V1,OFR-003747,APP-0052239,REQ-2025-00854,1,1,initial,accepted,true,2025-10-18,2025-10-21,,,,,2025-11-24,111500,USD
OFR-003748-V1,OFR-003748,APP-0052249,REQ-2025-00888,1,1,initial,superseded,false,2025-11-01,,,,,,2025-11-29,112000,USD
OFR-003748-V2,OFR-003748,APP-0052249,REQ-2025-00888,1,2,negotiation_revision,withdrawn,true,2025-11-02,,,2025-11-03,,,2025-11-29,117500,USD
OFR-003749-V1,OFR-003749,APP-0052253,REQ-2025-00888,1,1,initial,declined,true,2025-10-19,,2025-10-23,,,,2025-11-16,110500,USD
OFR-003750-V1,OFR-003750,APP-0052255,REQ-2025-00892,1,1,initial,reneged,true,2025-10-31,2025-11-01,,,,2025-11-22,2025-12-01,79000,USD
OFR-003751-V1,OFR-003751,APP-0052264,REQ-2025-00905,1,1,initial,accepted,true,2025-10-21,2025-10-27,,,,,2025-11-17,74000,USD
OFR-003752-V1,OFR-003752,APP-0052338,REQ-2025-00799,1,1,initial,accepted,false,2025-10-22,2025-10-24,,,,,2025-11-24,87000,USD
OFR-003752-V2,OFR-003752,APP-0052338,REQ-2025-00799,1,2,letter_reissue,accepted,true,2025-10-29,2025-10-29,,,,,2025-11-24,87000,USD
OFR-003753-V1,OFR-003753,APP-0052339,REQ-2025-00836,1,1,initial,accepted,true,2025-10-20,2025-10-21,,,,,2025-11-10,82500,USD
OFR-003754-V1,OFR-003754,APP-0052366,REQ-2025-00898,1,1,initial,accepted,true,2025-11-02,2025-11-08,,,,,2025-12-22,162500,USD
OFR-003755-V1,OFR-003755,APP-0052406,REQ-2024-00906,1,1,initial,superseded,false,2025-11-13,,,,,,2026-01-12,184500,USD
OFR-003755-V2,OFR-003755,APP-0052406,REQ-2024-00906,1,2,negotiation_revision,accepted,false,2025-11-15,2025-11-18,,,,,2026-01-12,198000,USD
OFR-003755-V3,OFR-003755,APP-0052406,REQ-2024-00906,1,3,letter_reissue,accepted,true,2025-11-22,2025-11-22,,,,,2026-01-12,198000,USD
OFR-003756-V1,OFR-003756,APP-0052414,REQ-2025-00279,1,1,initial,accepted,true,2025-10-29,2025-11-01,,,,,2025-12-08,142000,USD
OFR-003757-V1,OFR-003757,APP-0052422,REQ-2025-00807,1,1,initial,accepted,true,2025-10-20,2025-10-22,,,,,2025-11-24,128000,USD
OFR-003758-V1,OFR-003758,APP-0052476,REQ-2025-00956,1,1,initial,accepted,true,2025-10-29,2025-11-05,,,,,2025-12-15,115500,USD
OFR-003759-V1,OFR-003759,APP-0052481,REQ-2025-00970,1,1,initial,superseded,false,2025-10-22,,,,,,2025-11-17,76500,USD
OFR-003759-V2,OFR-003759,APP-0052481,REQ-2025-00970,1,2,negotiation_revision,accepted,true,2025-10-23,2025-10-24,,,,,2025-11-17,81000,USD
OFR-003760-V1,OFR-003760,APP-0052486,REQ-2024-01223,1,1,initial,accepted,false,2025-11-08,2025-11-12,,,,,2025-12-15,136000,USD
OFR-003760-V2,OFR-003760,APP-0052486,REQ-2024-01223,1,2,salary_correction,accepted,true,2025-11-24,2025-11-24,,,,,2025-12-15,136200,USD
OFR-003761-V1,OFR-003761,APP-0052511,REQ-2025-00830,1,1,initial,accepted,true,2025-11-04,2025-11-05,,,,,2025-12-08,105500,USD
OFR-003762-V1,OFR-003762,APP-0052517,REQ-2025-00839,1,1,initial,withdrawn,true,2025-10-26,,,2025-10-30,,,2025-11-23,107000,USD
OFR-003763-V1,OFR-003763,APP-0052540,REQ-2025-00905,1,1,initial,declined,true,2025-10-21,,2025-10-27,,,,2025-11-18,75500,USD
OFR-003764-V1,OFR-003764,APP-0052547,REQ-2025-00910,1,1,initial,accepted,true,2025-10-25,2025-10-30,,,,,2025-12-01,88500,USD
OFR-003765-V1,OFR-003765,APP-0052557,REQ-2025-00937,1,1,initial,accepted,true,2025-11-01,2025-11-03,,,,,2025-12-15,100500,USD
OFR-003766-V1,OFR-003766,APP-0052559,REQ-2025-00940,1,1,initial,declined,true,2025-10-27,,2025-10-30,,,,2025-11-24,50500,USD
OFR-003767-V1,OFR-003767,APP-0052565,REQ-2025-00950,1,1,initial,accepted,false,2025-10-23,2025-10-24,,,,,2025-12-01,100000,USD
OFR-003767-V2,OFR-003767,APP-0052565,REQ-2025-00950,1,2,letter_reissue,accepted,true,2025-11-07,2025-11-07,,,,,2025-12-01,100000,USD
OFR-003768-V1,OFR-003768,APP-0052573,REQ-2025-00966,1,1,initial,superseded,false,2025-10-25,,,,,,2025-11-24,63500,USD
OFR-003768-V2,OFR-003768,APP-0052573,REQ-2025-00966,1,2,negotiation_revision,accepted,true,2025-10-27,2025-10-30,,,,,2025-11-24,67500,USD
OFR-003769-V1,OFR-003769,APP-0052597,REQ-2025-00719,1,1,initial,accepted,true,2025-10-22,2025-10-27,,,,,2025-11-24,102500,USD
OFR-003770-V1,OFR-003770,APP-0052620,REQ-2025-00930,1,1,initial,accepted,true,2025-11-04,2025-11-07,,,,,2025-12-15,127500,USD
OFR-003771-V1,OFR-003771,APP-0052624,REQ-2025-00933,1,1,initial,withdrawn,true,2025-10-24,,,2025-10-24,,,2025-11-21,67500,USD
OFR-003772-V1,OFR-003772,APP-0052633,REQ-2025-00950,1,1,initial,accepted,true,2025-10-30,2025-11-04,,,,,2025-12-08,91500,USD
OFR-003773-V1,OFR-003773,APP-0052643,REQ-2025-00956,1,1,initial,withdrawn,true,2025-11-03,,,2025-11-05,,,2025-12-01,119000,USD
OFR-003774-V1,OFR-003774,APP-0052653,REQ-2025-00966,1,1,initial,accepted,true,2025-10-21,2025-10-26,,,,,2025-11-24,60000,USD
OFR-003775-V1,OFR-003775,APP-0052654,REQ-2025-00967,1,1,initial,accepted,true,2025-11-22,2025-11-24,,,,,2026-01-05,94000,USD
OFR-003776-V1,OFR-003776,APP-0052661,REQ-2025-00974,1,1,initial,reneged,true,2025-10-22,2025-10-26,,,,2025-11-03,2025-11-17,66500,USD
OFR-003777-V1,OFR-003777,APP-0052664,REQ-2024-00244,1,1,initial,superseded,false,2025-11-13,,,,,,2025-12-15,115500,USD
OFR-003777-V2,OFR-003777,APP-0052664,REQ-2024-00244,1,2,negotiation_revision,accepted,true,2025-11-15,2025-11-18,,,,,2025-12-15,121000,USD
OFR-003778-V1,OFR-003778,APP-0052672,REQ-2025-00129,1,1,initial,accepted,true,2025-11-12,2025-11-23,,,,,2025-12-22,83000,USD
OFR-003779-V1,OFR-003779,APP-0052695,REQ-2025-00883,1,1,initial,accepted,true,2025-10-28,2025-10-30,,,,,2025-12-08,97500,USD
OFR-003780-V1,OFR-003780,APP-0052705,REQ-2025-00913,1,1,initial,accepted,false,2025-11-02,2025-11-04,,,,,2025-12-15,140000,USD
OFR-003780-V2,OFR-003780,APP-0052705,REQ-2025-00913,1,2,letter_reissue,accepted,true,2025-11-16,2025-11-16,,,,,2025-12-15,140000,USD
OFR-003781-V1,OFR-003781,APP-0052722,REQ-2025-00940,1,1,initial,accepted,true,2025-10-23,2025-10-28,,,,,2025-11-10,55000,USD
OFR-003782-V1,OFR-003782,APP-0052726,REQ-2025-00943,1,1,initial,accepted,true,2025-10-28,2025-10-30,,,,,2025-11-17,58000,USD
OFR-003783-V1,OFR-003783,APP-0052732,REQ-2025-00952,1,1,initial,accepted,true,2025-10-29,2025-11-03,,,,,2025-12-01,78000,USD
OFR-003784-V1,OFR-003784,APP-0052737,REQ-2025-00956,1,1,initial,accepted,true,2025-11-04,2025-11-08,,,,,2025-12-22,117500,USD
OFR-003785-V1,OFR-003785,APP-0052771,REQ-2025-00715,1,1,initial,superseded,false,2025-11-05,,,,,,2025-12-22,114500,USD
OFR-003785-V2,OFR-003785,APP-0052771,REQ-2025-00715,1,2,negotiation_revision,rescinded,true,2025-11-06,2025-11-10,,,2025-12-11,,2025-12-22,123000,USD
OFR-003786-V1,OFR-003786,APP-0052775,REQ-2025-00797,1,1,initial,accepted,true,2025-10-27,2025-10-28,,,,,2025-11-24,82500,USD
OFR-003787-V1,OFR-003787,APP-0052797,REQ-2025-00910,1,1,initial,accepted,true,2025-11-02,2025-11-04,,,,,2025-12-08,99000,USD
OFR-003788-V1,OFR-003788,APP-0052831,REQ-2025-00966,1,1,initial,declined,true,2025-11-01,,2025-11-02,,,,2025-11-29,63500,USD
OFR-003789-V1,OFR-003789,APP-0052838,REQ-2025-00970,1,1,initial,accepted,true,2025-10-30,2025-11-01,,,,,2025-12-01,66000,USD
OFR-003790-V1,OFR-003790,APP-0052839,REQ-2025-00971,1,1,initial,accepted,true,2025-10-28,2025-10-29,,,,,2025-12-08,114000,USD
OFR-003791-V1,OFR-003791,APP-0052865,REQ-2025-00572,1,1,initial,accepted,true,2025-11-01,2025-11-05,,,,,2025-12-08,98000,USD
OFR-003792-V1,OFR-003792,APP-0052878,REQ-2025-00873,1,1,initial,accepted,true,2025-11-01,2025-11-04,,,,,2025-12-08,96000,USD
OFR-003793-V1,OFR-003793,APP-0052884,REQ-2025-00904,1,1,initial,superseded,false,2025-10-23,,,,,,2025-12-01,60000,USD
OFR-003793-V2,OFR-003793,APP-0052884,REQ-2025-00904,1,2,negotiation_revision,accepted,true,2025-10-25,2025-10-26,,,,,2025-12-01,62500,USD
OFR-003794-V1,OFR-003794,APP-0052902,REQ-2025-00933,1,1,initial,accepted,true,2025-10-22,2025-10-24,,,,,2025-11-17,68500,USD
OFR-003795-V1,OFR-003795,APP-0052910,REQ-2025-00940,1,1,initial,superseded,false,2025-10-20,,,,,,2025-11-10,50500,USD
OFR-003795-V2,OFR-003795,APP-0052910,REQ-2025-00940,1,2,negotiation_revision,accepted,true,2025-10-21,2025-10-22,,,,,2025-11-10,54000,USD
OFR-003796-V1,OFR-003796,APP-0052911,REQ-2025-00946,1,1,initial,accepted,true,2025-11-22,2025-11-24,,,,,2026-01-12,191000,USD
OFR-003797-V1,OFR-003797,APP-0052928,REQ-2025-00966,1,1,initial,withdrawn,true,2025-11-01,,,2025-11-04,,,2025-11-29,60000,USD
OFR-003798-V1,OFR-003798,APP-0052959,REQ-2025-00336,1,1,initial,accepted,true,2025-11-16,2025-11-18,,,,,2025-12-22,76000,USD
OFR-003799-V1,OFR-003799,APP-0052963,REQ-2025-00364,1,1,initial,superseded,false,2025-10-29,,,,,,2025-12-08,108000,USD
OFR-003799-V2,OFR-003799,APP-0052963,REQ-2025-00364,1,2,negotiation_revision,accepted,true,2025-10-30,2025-10-31,,,,,2025-12-08,112500,USD
OFR-003800-V1,OFR-003800,APP-0052974,REQ-2025-00742,1,1,initial,accepted,true,2025-11-01,2025-11-03,,,,,2025-11-17,65000,USD
OFR-003801-V1,OFR-003801,APP-0052975,REQ-2025-00779,1,1,initial,accepted,true,2025-11-01,2025-11-06,,,,,2025-12-08,91500,USD
OFR-003802-V1,OFR-003802,APP-0052977,REQ-2025-00785,1,1,initial,accepted,true,2025-11-07,2025-11-11,,,,,2025-11-24,65500,USD
OFR-003803-V1,OFR-003803,APP-0052982,REQ-2025-00902,1,1,initial,declined,true,2025-11-01,,2025-11-04,,,,2025-11-29,68000,USD
OFR-003804-V1,OFR-003804,APP-0052984,REQ-2025-00903,1,1,initial,accepted,true,2025-11-18,2025-11-21,,,,,2026-01-05,143500,USD
OFR-003805-V1,OFR-003805,APP-0052993,REQ-2025-00925,1,1,initial,superseded,false,2025-11-07,,,,,,2025-12-08,90500,USD
OFR-003805-V2,OFR-003805,APP-0052993,REQ-2025-00925,1,2,negotiation_revision,accepted,true,2025-11-08,2025-11-09,,,,,2025-12-08,95000,USD
OFR-003806-V1,OFR-003806,APP-0052996,REQ-2025-00931,1,1,initial,accepted,false,2025-11-09,2025-11-12,,,,,2025-12-08,100500,USD
OFR-003806-V2,OFR-003806,APP-0052996,REQ-2025-00931,1,2,letter_reissue,reneged,true,2025-11-26,2025-11-26,,,,2025-11-30,2025-12-08,100500,USD
OFR-003807-V1,OFR-003807,APP-0053016,REQ-2025-00966,1,1,initial,accepted,false,2025-11-01,2025-11-03,,,,,2025-12-01,60500,USD
OFR-003807-V2,OFR-003807,APP-0053016,REQ-2025-00966,1,2,letter_reissue,accepted,true,2025-11-08,2025-11-08,,,,,2025-12-01,60500,USD
OFR-003808-V1,OFR-003808,APP-0053026,REQ-2025-00978,1,1,initial,superseded,false,2025-11-17,,,,,,2025-12-15,91500,USD
OFR-003808-V2,OFR-003808,APP-0053026,REQ-2025-00978,1,2,negotiation_revision,accepted,true,2025-11-19,2025-11-20,,,,,2025-12-15,95500,USD
OFR-003809-V1,OFR-003809,APP-0053030,REQ-2025-00985,1,1,initial,accepted,true,2025-11-26,2025-11-29,,,,,2026-02-02,213500,USD
OFR-003810-V1,OFR-003810,APP-0053061,REQ-2025-00851,1,1,initial,declined,true,2025-10-27,,2025-10-28,,,,2025-11-24,96500,USD
OFR-003811-V1,OFR-003811,APP-0053064,REQ-2025-00868,1,1,initial,accepted,true,2025-11-23,2025-11-26,,,,,2026-01-05,123500,USD
OFR-003812-V1,OFR-003812,APP-0053092,REQ-2025-00940,1,1,initial,declined,true,2025-11-01,,2025-11-03,,,,2025-11-29,51500,USD
OFR-003813-V1,OFR-003813,APP-0053102,REQ-2025-00951,1,1,initial,accepted,true,2025-10-29,2025-11-01,,,,,2025-12-01,57000,USD
OFR-003814-V1,OFR-003814,APP-0053112,REQ-2025-00966,1,1,initial,superseded,false,2025-10-31,,,,,,2025-11-28,66500,USD
OFR-003814-V2,OFR-003814,APP-0053112,REQ-2025-00966,1,2,negotiation_revision,withdrawn,true,2025-11-04,,,2025-11-05,,,2025-11-28,69000,USD
OFR-003815-V1,OFR-003815,APP-0053129,REQ-2025-00986,1,1,initial,declined,true,2025-11-02,,2025-11-07,,,,2025-11-30,82000,USD
OFR-003816-V1,OFR-003816,APP-0053149,REQ-2025-00387,1,1,initial,accepted,true,2025-11-16,2025-11-20,,,,,2025-12-29,176500,USD
OFR-003817-V1,OFR-003817,APP-0053156,REQ-2025-00729,1,1,initial,superseded,false,2025-10-31,,,,,,2025-12-29,191000,USD
OFR-003817-V2,OFR-003817,APP-0053156,REQ-2025-00729,1,2,negotiation_revision,rescinded,true,2025-11-05,2025-11-06,,,2025-12-21,,2025-12-29,198500,USD
OFR-003818-V1,OFR-003818,APP-0053200,REQ-2025-00974,1,1,initial,accepted,true,2025-10-27,2025-10-29,,,,,2025-11-17,70500,USD
OFR-003819-V1,OFR-003819,APP-0053201,REQ-2025-00975,1,1,initial,superseded,false,2025-11-02,,,,,,2025-11-17,66500,USD
OFR-003819-V2,OFR-003819,APP-0053201,REQ-2025-00975,1,2,negotiation_revision,accepted,true,2025-11-03,2025-11-04,,,,,2025-11-17,70000,USD
OFR-003820-V1,OFR-003820,APP-0053209,REQ-2025-00984,1,1,initial,accepted,true,2025-10-31,2025-11-06,,,,,2025-12-22,89500,USD
OFR-003821-V1,OFR-003821,APP-0053210,REQ-2025-00984,1,1,initial,accepted,true,2025-10-31,2025-11-04,,,,,2025-12-08,81500,USD
OFR-003822-V1,OFR-003822,APP-0053223,REQ-2025-00993,1,1,initial,declined,true,2025-11-06,,2025-11-09,,,,2025-12-04,82000,USD
OFR-003823-V1,OFR-003823,APP-0053236,REQ-2025-00505,1,1,initial,accepted,true,2025-11-08,2025-11-13,,,,,2025-12-08,98000,USD
OFR-003824-V1,OFR-003824,APP-0053261,REQ-2025-00924,1,1,initial,accepted,true,2025-10-31,2025-11-05,,,,,2025-12-08,113500,USD
OFR-003825-V1,OFR-003825,APP-0053290,REQ-2025-00974,1,1,initial,accepted,true,2025-11-10,2025-11-15,,,,,2025-12-15,76500,USD
OFR-003826-V1,OFR-003826,APP-0053298,REQ-2025-00984,1,1,initial,accepted,true,2025-11-07,2025-11-08,,,,,2025-12-15,88000,USD
OFR-003827-V1,OFR-003827,APP-0053302,REQ-2025-00986,1,1,initial,declined,true,2025-11-04,,2025-11-08,,,,2025-12-02,81000,USD
OFR-003828-V1,OFR-003828,APP-0053308,REQ-2025-00988,1,1,initial,superseded,false,2025-11-29,,,,,,2026-01-12,112000,USD
OFR-003828-V2,OFR-003828,APP-0053308,REQ-2025-00988,1,2,negotiation_revision,accepted,true,2025-12-01,2025-12-03,,,,,2026-01-12,115500,USD
OFR-003829-V1,OFR-003829,APP-0053322,REQ-2025-01001,1,1,initial,accepted,false,2025-11-02,2025-11-04,,,,,2025-12-15,86000,USD
OFR-003829-V2,OFR-003829,APP-0053322,REQ-2025-01001,1,2,letter_reissue,accepted,true,2025-11-17,2025-11-17,,,,,2025-12-15,86000,USD
OFR-003830-V1,OFR-003830,APP-0053332,REQ-2025-00168,1,1,initial,accepted,true,2025-11-06,2025-11-10,,,,,2025-12-08,87500,USD
OFR-003831-V1,OFR-003831,APP-0053336,REQ-2025-00388,1,1,initial,superseded,false,2025-11-22,,,,,,2025-12-22,83500,USD
OFR-003831-V2,OFR-003831,APP-0053336,REQ-2025-00388,1,2,negotiation_revision,accepted,false,2025-11-25,2025-11-26,,,,,2025-12-22,86500,USD
OFR-003831-V3,OFR-003831,APP-0053336,REQ-2025-00388,1,3,salary_correction,accepted,true,2025-11-29,2025-11-29,,,,,2025-12-22,86500,USD
OFR-003832-V1,OFR-003832,APP-0053371,REQ-2025-00944,1,1,initial,accepted,false,2025-11-12,2025-11-17,,,,,2025-12-08,77500,USD
OFR-003832-V2,OFR-003832,APP-0053371,REQ-2025-00944,1,2,salary_correction,accepted,true,2025-11-19,2025-11-19,,,,,2025-12-08,76900,USD
OFR-003833-V1,OFR-003833,APP-0053398,REQ-2025-00984,1,1,initial,withdrawn,true,2025-11-04,,,2025-11-09,,,2025-12-02,84500,USD
OFR-003834-V1,OFR-003834,APP-0053403,REQ-2025-00989,1,1,initial,accepted,false,2025-11-11,2025-11-13,,,,,2025-11-24,59000,USD
OFR-003834-V2,OFR-003834,APP-0053403,REQ-2025-00989,1,2,letter_reissue,accepted,true,2025-11-24,2025-11-24,,,,,2025-11-24,59000,USD
OFR-003835-V1,OFR-003835,APP-0053432,REQ-2025-00736,1,1,initial,accepted,true,2025-11-17,2025-11-20,,,,,2025-12-29,127000,USD
OFR-003836-V1,OFR-003836,APP-0053443,REQ-2025-00909,1,1,initial,declined,true,2025-11-17,,2025-11-22,,,,2025-12-15,128500,USD
OFR-003837-V1,OFR-003837,APP-0053444,REQ-2025-00914,1,1,initial,accepted,true,2025-11-11,2025-11-23,,,,,2025-12-29,134000,USD
OFR-003838-V1,OFR-003838,APP-0053478,REQ-2025-00970,1,1,initial,accepted,true,2025-11-08,2025-11-16,,,,,2025-12-22,76500,USD
OFR-003839-V1,OFR-003839,APP-0053486,REQ-2025-00986,1,1,initial,declined,true,2025-11-06,,2025-11-09,,,,2025-12-04,72000,USD
OFR-003840-V1,OFR-003840,APP-0053490,REQ-2025-00989,1,1,initial,accepted,true,2025-11-06,2025-11-11,,,,,2025-12-01,55500,USD
OFR-003841-V1,OFR-003841,APP-0053501,REQ-2025-01003,1,1,initial,superseded,false,2025-11-08,,,,,,2025-12-06,50500,USD
OFR-003841-V2,OFR-003841,APP-0053501,REQ-2025-01003,1,2,negotiation_revision,withdrawn,true,2025-11-09,,,2025-11-11,,,2025-12-06,54000,USD
OFR-003842-V1,OFR-003842,APP-0053502,REQ-2025-01003,1,1,initial,accepted,true,2025-11-04,2025-11-11,,,,,2025-12-08,54000,USD
OFR-003843-V1,OFR-003843,APP-0053506,REQ-2025-01005,1,1,initial,accepted,true,2025-11-04,2025-11-07,,,,,2025-12-08,104000,USD
OFR-003844-V1,OFR-003844,APP-0053510,REQ-2025-01009,1,1,initial,accepted,false,2025-11-10,2025-11-11,,,,,2025-12-15,102500,USD
OFR-003844-V2,OFR-003844,APP-0053510,REQ-2025-01009,1,2,start_date_revision,accepted,true,2025-11-13,2025-11-13,,,,,2025-12-29,102500,USD
OFR-003845-V1,OFR-003845,APP-0053521,REQ-2025-00215,1,1,initial,declined,true,2025-11-29,,2025-12-02,,,,2025-12-27,132500,USD
OFR-003846-V1,OFR-003846,APP-0053529,REQ-2025-00502,1,1,initial,accepted,true,2025-11-15,2025-11-18,,,,,2026-01-12,155000,USD
OFR-003847-V1,OFR-003847,APP-0053561,REQ-2025-00952,1,1,initial,withdrawn,true,2025-11-01,,,2025-11-03,,,2025-11-29,83000,USD
OFR-003848-V1,OFR-003848,APP-0053570,REQ-2025-00966,1,1,initial,withdrawn,true,2025-11-02,,,2025-11-06,,,2025-11-30,61000,USD
OFR-003849-V1,OFR-003849,APP-0053577,REQ-2025-00984,1,1,initial,withdrawn,true,2025-11-05,,,2025-11-10,,,2025-12-03,79500,USD
OFR-003850-V1,OFR-003850,APP-0053578,REQ-2025-00984,1,1,initial,withdrawn,true,2025-11-05,,,2025-11-13,,,2025-12-03,90500,USD
OFR-003851-V1,OFR-003851,APP-0053612,REQ-2025-01010,1,1,initial,declined,true,2025-11-03,,2025-11-06,,,,2025-12-01,67500,USD
OFR-003852-V1,OFR-003852,APP-0053622,REQ-2025-00273,1,1,initial,accepted,true,2025-11-20,2025-11-22,,,,,2025-12-22,77000,USD
OFR-003853-V1,OFR-003853,APP-0053633,REQ-2025-00807,1,1,initial,accepted,true,2025-11-22,2025-11-29,,,,,2025-12-29,122500,USD
OFR-003854-V1,OFR-003854,APP-0053637,REQ-2025-00857,1,1,initial,accepted,true,2025-11-19,2025-11-30,,,,,2026-02-09,181500,USD
OFR-003855-V1,OFR-003855,APP-0053653,REQ-2025-00940,1,1,initial,accepted,true,2025-11-03,2025-11-05,,,,,2025-11-24,49000,USD
OFR-003856-V1,OFR-003856,APP-0053691,REQ-2025-00999,1,1,initial,declined,true,2025-11-12,,2025-11-18,,,,2025-12-10,96000,USD
OFR-003857-V1,OFR-003857,APP-0053696,REQ-2025-01000,1,1,initial,accepted,false,2025-11-01,2025-11-04,,,,,2025-12-01,76500,USD
OFR-003857-V2,OFR-003857,APP-0053696,REQ-2025-01000,1,2,letter_reissue,accepted,true,2025-11-11,2025-11-11,,,,,2025-12-01,76500,USD
OFR-003858-V1,OFR-003858,APP-0053708,REQ-2025-01010,1,1,initial,accepted,true,2025-11-06,2025-11-10,,,,,2025-12-15,63500,USD
OFR-003859-V1,OFR-003859,APP-0053715,REQ-2025-01019,1,1,initial,superseded,false,2025-11-06,,,,,,2025-12-15,97000,USD
OFR-003859-V2,OFR-003859,APP-0053715,REQ-2025-01019,1,2,negotiation_revision,accepted,true,2025-11-07,2025-11-09,,,,,2025-12-15,104000,USD
OFR-003860-V1,OFR-003860,APP-0053764,REQ-2025-00970,1,1,initial,withdrawn,true,2025-11-15,,,2025-11-18,,,2025-12-13,66500,USD
OFR-003861-V1,OFR-003861,APP-0053770,REQ-2025-00976,1,1,initial,accepted,true,2025-11-12,2025-11-16,,,,,2025-12-29,110500,USD
OFR-003862-V1,OFR-003862,APP-0053771,REQ-2025-00977,1,1,initial,accepted,false,2025-12-12,2025-12-14,,,,,2026-02-23,266500,USD
OFR-003862-V2,OFR-003862,APP-0053771,REQ-2025-00977,1,2,start_date_revision,accepted,true,2025-12-20,2025-12-20,,,,,2026-03-09,266500,USD
OFR-003863-V1,OFR-003863,APP-0053775,REQ-2025-00981,1,1,initial,accepted,true,2025-11-30,2025-12-02,,,,,2026-01-05,136000,USD
OFR-003864-V1,OFR-003864,APP-0053788,REQ-2025-00992,1,1,initial,accepted,true,2025-11-05,2025-11-07,,,,,2025-11-24,44000,USD
OFR-003865-V1,OFR-003865,APP-0053850,REQ-2025-00973,1,1,initial,superseded,false,2025-12-15,,,,,,2026-02-02,202500,USD
OFR-003865-V2,OFR-003865,APP-0053850,REQ-2025-00973,1,2,negotiation_revision,accepted,false,2025-12-19,2025-12-21,,,,,2026-02-02,217500,USD
OFR-003865-V3,OFR-003865,APP-0053850,REQ-2025-00973,1,3,start_date_revision,accepted,true,2025-12-24,2025-12-24,,,,,2026-02-16,217500,USD
OFR-003866-V1,OFR-003866,APP-0053872,REQ-2025-01001,1,1,initial,accepted,true,2025-11-10,2025-11-14,,,,,2025-12-15,91000,USD
OFR-003867-V1,OFR-003867,APP-0053884,REQ-2025-01010,1,1,initial,accepted,true,2025-11-09,2025-11-13,,,,,2025-12-15,63500,USD
OFR-003868-V1,OFR-003868,APP-0053890,REQ-2025-01016,1,1,initial,accepted,true,2025-11-23,2025-11-24,,,,,2025-12-15,78000,USD
OFR-003869-V1,OFR-003869,APP-0053965,REQ-2025-00992,1,1,initial,accepted,false,2025-10-31,2025-11-02,,,,,2025-12-01,46500,USD
OFR-003869-V2,OFR-003869,APP-0053965,REQ-2025-00992,1,2,start_date_revision,accepted,true,2025-11-12,2025-11-12,,,,,2025-12-22,46500,USD
OFR-003870-V1,OFR-003870,APP-0053969,REQ-2025-00996,1,1,initial,accepted,true,2025-11-21,2025-11-23,,,,,2025-12-08,75000,USD
OFR-003871-V1,OFR-003871,APP-0053982,REQ-2025-01014,1,1,initial,accepted,true,2025-11-08,2025-11-13,,,,,2025-12-08,58500,USD
OFR-003872-V1,OFR-003872,APP-0053983,REQ-2025-01014,1,1,initial,accepted,true,2025-11-08,2025-11-14,,,,,2025-12-08,64000,USD
OFR-003873-V1,OFR-003873,APP-0053984,REQ-2025-01014,1,1,initial,reneged,true,2025-11-03,2025-11-06,,,,2025-12-05,2025-12-08,63500,USD
OFR-003874-V1,OFR-003874,APP-0053987,REQ-2025-01018,1,1,initial,accepted,true,2025-11-11,2025-11-14,,,,,2025-12-22,108000,USD
OFR-003875-V1,OFR-003875,APP-0054005,REQ-2025-00329,1,1,initial,superseded,false,2025-11-17,,,,,,2025-12-22,92500,USD
OFR-003875-V2,OFR-003875,APP-0054005,REQ-2025-00329,1,2,negotiation_revision,accepted,false,2025-11-18,2025-11-19,,,,,2025-12-22,95500,USD
OFR-003875-V3,OFR-003875,APP-0054005,REQ-2025-00329,1,3,start_date_revision,accepted,true,2025-11-30,2025-11-30,,,,,2026-01-12,95500,USD
OFR-003876-V1,OFR-003876,APP-0054006,REQ-2025-00578,1,1,initial,accepted,true,2025-12-21,2025-12-22,,,,,2026-01-19,87500,USD
OFR-003877-V1,OFR-003877,APP-0054010,REQ-2025-00696,1,1,initial,accepted,true,2025-12-03,2025-12-06,,,,,2025-12-29,68000,USD
OFR-003878-V1,OFR-003878,APP-0054021,REQ-2025-00902,1,1,initial,declined,true,2025-11-20,,2025-11-29,,,,2025-12-18,69000,USD
OFR-003879-V1,OFR-003879,APP-0054022,REQ-2025-00906,1,1,initial,declined,true,2025-11-05,,2025-11-10,,,,2025-12-03,58000,USD
OFR-003880-V1,OFR-003880,APP-0054053,REQ-2025-00987,1,1,initial,accepted,true,2025-11-22,2025-11-26,,,,,2025-12-15,55000,USD
OFR-003881-V1,OFR-003881,APP-0054058,REQ-2025-00992,1,1,initial,accepted,true,2025-11-03,2025-11-06,,,,,2025-11-24,43500,USD
OFR-003882-V1,OFR-003882,APP-0054061,REQ-2025-00997,1,1,initial,accepted,false,2025-12-07,2025-12-19,,,,,2026-01-26,172500,USD
OFR-003882-V2,OFR-003882,APP-0054061,REQ-2025-00997,1,2,start_date_revision,accepted,true,2025-12-22,2025-12-22,,,,,2026-02-16,172500,USD
OFR-003883-V1,OFR-003883,APP-0054071,REQ-2025-01010,1,1,initial,superseded,false,2025-11-06,,,,,,2025-12-01,59000,USD
OFR-003883-V2,OFR-003883,APP-0054071,REQ-2025-01010,1,2,negotiation_revision,accepted,true,2025-11-08,2025-11-09,,,,,2025-12-01,61500,USD
OFR-003884-V1,OFR-003884,APP-0054090,REQ-2025-01028,1,1,initial,accepted,true,2025-11-13,2025-11-15,,,,,2025-12-29,106500,USD
OFR-003885-V1,OFR-003885,APP-0054106,REQ-2025-00280,1,1,initial,accepted,true,2025-11-18,2025-11-25,,,,,2025-12-22,92000,USD
OFR-003886-V1,OFR-003886,APP-0054126,REQ-2025-00892,1,1,initial,accepted,true,2025-11-29,2025-12-03,,,,,2026-01-05,73000,USD
OFR-003887-V1,OFR-003887,APP-0054134,REQ-2025-00951,1,1,initial,declined,true,2025-11-11,,2025-11-12,,,,2025-12-09,58500,USD
OFR-003888-V1,OFR-003888,APP-0054136,REQ-2025-00951,1,1,initial,accepted,true,2025-11-09,2025-11-12,,,,,2025-12-08,61000,USD
OFR-003889-V1,OFR-003889,APP-0054174,REQ-2025-01009,1,1,initial,withdrawn,true,2025-11-11,,,2025-11-12,,,2025-12-09,113000,USD
OFR-003890-V1,OFR-003890,APP-0054181,REQ-2025-01016,1,1,initial,accepted,false,2025-11-29,2025-12-01,,,,,2025-12-22,75000,USD
OFR-003890-V2,OFR-003890,APP-0054181,REQ-2025-01016,1,2,start_date_revision,accepted,true,2025-12-03,2025-12-03,,,,,2026-01-12,75000,USD
OFR-003891-V1,OFR-003891,APP-0054199,REQ-2025-00229,1,1,initial,declined,true,2025-12-10,,2025-12-12,,,,2026-01-07,132500,USD
OFR-003892-V1,OFR-003892,APP-0054221,REQ-2025-00948,1,1,initial,accepted,true,2025-11-21,2025-11-26,,,,,2025-12-22,89500,USD
OFR-003893-V1,OFR-003893,APP-0054239,REQ-2025-00986,1,1,initial,accepted,false,2025-11-12,2025-11-14,,,,,2025-12-08,84000,USD
OFR-003893-V2,OFR-003893,APP-0054239,REQ-2025-00986,1,2,letter_reissue,accepted,true,2025-11-19,2025-11-19,,,,,2025-12-08,84000,USD
OFR-003894-V1,OFR-003894,APP-0054253,REQ-2025-01000,1,1,initial,accepted,true,2025-11-11,2025-11-14,,,,,2025-12-15,81000,USD
OFR-003895-V1,OFR-003895,APP-0054258,REQ-2025-01006,1,1,initial,superseded,false,2025-11-19,,,,,,2025-12-15,56500,USD
OFR-003895-V2,OFR-003895,APP-0054258,REQ-2025-01006,1,2,negotiation_revision,accepted,true,2025-11-21,2025-11-24,,,,,2025-12-15,60000,USD
OFR-003896-V1,OFR-003896,APP-0054270,REQ-2025-01020,1,1,initial,accepted,false,2025-12-24,2026-01-01,,,,,2026-02-02,102500,USD
OFR-003896-V2,OFR-003896,APP-0054270,REQ-2025-01020,1,2,salary_correction,accepted,true,2026-01-09,2026-01-09,,,,,2026-02-02,103900,USD
OFR-003897-V1,OFR-003897,APP-0054283,REQ-2025-01035,1,1,initial,superseded,false,2025-11-19,,,,,,2025-12-29,107500,USD
OFR-003897-V2,OFR-003897,APP-0054283,REQ-2025-01035,1,2,negotiation_revision,accepted,true,2025-11-20,2025-11-21,,,,,2025-12-29,115000,USD
OFR-003898-V1,OFR-003898,APP-0054296,REQ-2025-00326,1,1,initial,superseded,false,2025-11-23,,,,,,2025-12-29,83500,USD
OFR-003898-V2,OFR-003898,APP-0054296,REQ-2025-00326,1,2,negotiation_revision,rescinded,true,2025-11-25,2025-11-26,,,2025-12-16,,2025-12-29,89500,USD
OFR-003899-V1,OFR-003899,APP-0054301,REQ-2025-00550,1,1,initial,accepted,true,2025-11-20,2025-11-24,,,,,2026-01-05,164000,USD
OFR-003900-V1,OFR-003900,APP-0054313,REQ-2025-00886,1,1,initial,superseded,false,2025-11-30,,,,,,2026-01-19,123000,USD
OFR-003900-V2,OFR-003900,APP-0054313,REQ-2025-00886,1,2,negotiation_revision,accepted,true,2025-12-01,2025-12-09,,,,,2026-01-19,126500,USD
OFR-003901-V1,OFR-003901,APP-0054333,REQ-2025-00974,1,1,initial,withdrawn,true,2025-11-18,,,2025-11-20,,,2025-12-16,77000,USD
OFR-003902-V1,OFR-003902,APP-0054336,REQ-2025-00974,1,1,initial,accepted,true,2025-11-14,2025-11-19,,,,,2025-12-08,67000,USD
OFR-003903-V1,OFR-003903,APP-0054363,REQ-2025-01011,1,1,initial,accepted,true,2025-12-01,2025-12-07,,,,,2026-01-05,95000,USD
OFR-003904-V1,OFR-003904,APP-0054369,REQ-2025-01017,1,1,initial,accepted,true,2025-11-17,2025-11-18,,,,,2025-12-22,76500,USD
OFR-003905-V1,OFR-003905,APP-0054370,REQ-2025-01017,1,1,initial,accepted,false,2025-11-13,2025-11-17,,,,,2025-12-15,76000,USD
OFR-003905-V2,OFR-003905,APP-0054370,REQ-2025-01017,1,2,salary_correction,accepted,true,2025-12-01,2025-12-01,,,,,2025-12-15,75500,USD
OFR-003906-V1,OFR-003906,APP-0054432,REQ-2025-00986,1,1,initial,accepted,false,2025-11-13,2025-11-14,,,,,2025-12-08,73500,USD
OFR-003906-V2,OFR-003906,APP-0054432,REQ-2025-00986,1,2,letter_reissue,accepted,true,2025-11-17,2025-11-17,,,,,2025-12-08,73500,USD
OFR-003907-V1,OFR-003907,APP-0054437,REQ-2025-00993,1,1,initial,accepted,true,2025-11-18,2025-11-22,,,,,2025-12-22,81000,USD
OFR-003908-V1,OFR-003908,APP-0054447,REQ-2025-01008,1,1,initial,accepted,true,2025-11-27,2025-12-01,,,,,2026-01-05,98000,USD
OFR-003909-V1,OFR-003909,APP-0054455,REQ-2025-01010,1,1,initial,accepted,false,2025-11-16,2025-11-18,,,,,2025-12-08,65000,USD
OFR-003909-V2,OFR-003909,APP-0054455,REQ-2025-01010,1,2,start_date_revision,accepted,true,2025-11-20,2025-11-20,,,,,2025-12-22,65000,USD
OFR-003910-V1,OFR-003910,APP-0054471,REQ-2025-01026,1,1,initial,superseded,false,2025-12-01,,,,,,2025-12-15,69500,USD
OFR-003910-V2,OFR-003910,APP-0054471,REQ-2025-01026,1,2,negotiation_revision,reneged,true,2025-12-02,2025-12-03,,,,2025-12-04,2025-12-15,72000,USD
OFR-003911-V1,OFR-003911,APP-0054540,REQ-2025-01005,1,1,initial,accepted,false,2025-11-12,2025-11-17,,,,,2025-12-15,112000,USD
OFR-003911-V2,OFR-003911,APP-0054540,REQ-2025-01005,1,2,start_date_revision,accepted,true,2025-11-27,2025-11-27,,,,,2025-12-22,112000,USD
OFR-003912-V1,OFR-003912,APP-0054545,REQ-2025-01010,1,1,initial,declined,true,2025-11-17,,2025-11-22,,,,2025-12-15,57500,USD
OFR-003913-V1,OFR-003913,APP-0054546,REQ-2025-01010,1,1,initial,withdrawn,true,2025-11-18,,,2025-11-23,,,2025-12-16,59000,USD
OFR-003914-V1,OFR-003914,APP-0054576,REQ-2025-00364,1,1,initial,accepted,false,2025-11-12,2025-11-14,,,,,2025-12-22,105000,USD
OFR-003914-V2,OFR-003914,APP-0054576,REQ-2025-00364,1,2,letter_reissue,accepted,true,2025-11-28,2025-11-28,,,,,2025-12-22,105000,USD
OFR-003915-V1,OFR-003915,APP-0054580,REQ-2025-00792,1,1,initial,accepted,false,2025-11-18,2025-11-20,,,,,2025-12-22,103500,USD
OFR-003915-V2,OFR-003915,APP-0054580,REQ-2025-00792,1,2,start_date_revision,accepted,true,2025-12-01,2025-12-01,,,,,2025-12-29,103500,USD
OFR-003916-V1,OFR-003916,APP-0054608,REQ-2025-00986,1,1,initial,accepted,false,2025-11-15,2025-11-18,,,,,2025-12-15,79500,USD
OFR-003916-V2,OFR-003916,APP-0054608,REQ-2025-00986,1,2,start_date_revision,accepted,true,2025-11-30,2025-11-30,,,,,2025-12-22,79500,USD
OFR-003917-V1,OFR-003917,APP-0054666,REQ-2025-00555,1,1,initial,superseded,false,2025-11-22,,,,,,2025-12-29,120500,USD
OFR-003917-V2,OFR-003917,APP-0054666,REQ-2025-00555,1,2,negotiation_revision,accepted,true,2025-11-23,2025-11-24,,,,,2025-12-29,124000,USD
OFR-003918-V1,OFR-003918,APP-0054675,REQ-2025-00877,1,1,initial,superseded,false,2026-01-01,,,,,,2026-01-29,179500,USD
OFR-003918-V2,OFR-003918,APP-0054675,REQ-2025-00877,1,2,negotiation_revision,withdrawn,true,2026-01-03,,,2026-01-06,,,2026-01-29,191000,USD
OFR-003919-V1,OFR-003919,APP-0054678,REQ-2025-00892,1,1,initial,accepted,true,2025-12-01,2025-12-02,,,,,2025-12-29,79000,USD
OFR-003920-V1,OFR-003920,APP-0054688,REQ-2025-00970,1,1,initial,withdrawn,true,2025-11-16,,,2025-11-22,,,2025-12-14,68000,USD
OFR-003921-V1,OFR-003921,APP-0054709,REQ-2025-01005,1,1,initial,accepted,true,2025-11-13,2025-11-15,,,,,2025-12-15,105000,USD
OFR-003922-V1,OFR-003922,APP-0054735,REQ-2025-01051,1,1,initial,withdrawn,true,2025-11-29,,,2025-11-30,,,2025-12-27,132000,USD
OFR-003923-V1,OFR-003923,APP-0054737,REQ-2025-01052,1,1,initial,accepted,true,2025-11-23,2025-11-26,,,,,2025-12-29,100000,USD
OFR-003924-V1,OFR-003924,APP-0054780,REQ-2025-00989,1,1,initial,accepted,true,2025-11-11,2025-11-13,,,,,2025-12-08,54500,USD
OFR-003925-V1,OFR-003925,APP-0054817,REQ-2025-01034,1,1,initial,superseded,false,2025-11-20,,,,,,2025-12-18,109500,USD
OFR-003925-V2,OFR-003925,APP-0054817,REQ-2025-01034,1,2,negotiation_revision,declined,true,2025-11-22,,2025-11-26,,,,2025-12-18,115500,USD
OFR-003926-V1,OFR-003926,APP-0054855,REQ-2025-00842,1,1,initial,superseded,false,2025-11-15,,,,,,2025-12-15,49000,USD
OFR-003926-V2,OFR-003926,APP-0054855,REQ-2025-00842,1,2,negotiation_revision,accepted,true,2025-11-17,2025-11-19,,,,,2025-12-15,50500,USD
OFR-003927-V1,OFR-003927,APP-0054896,REQ-2025-01030,1,1,initial,accepted,false,2025-11-14,2025-11-22,,,,,2025-12-15,57500,USD
OFR-003927-V2,OFR-003927,APP-0054896,REQ-2025-01030,1,2,letter_reissue,accepted,true,2025-11-27,2025-11-27,,,,,2025-12-15,57500,USD
OFR-003928-V1,OFR-003928,APP-0054919,REQ-2025-00199,1,1,initial,accepted,true,2025-12-10,2025-12-14,,,,,2026-01-19,128500,USD
OFR-003929-V1,OFR-003929,APP-0054928,REQ-2025-00820,1,1,initial,accepted,true,2025-11-14,2025-11-19,,,,,2025-12-29,138000,USD
OFR-003930-V1,OFR-003930,APP-0054930,REQ-2025-00848,1,1,initial,accepted,true,2025-11-27,2025-11-28,,,,,2025-12-29,82500,USD
OFR-003931-V1,OFR-003931,APP-0054948,REQ-2025-00988,1,1,initial,withdrawn,true,2025-12-01,,,2025-12-06,,,2025-12-29,114500,USD
OFR-003932-V1,OFR-003932,APP-0054974,REQ-2025-01029,1,1,initial,superseded,false,2025-11-20,,,,,,2025-12-18,69000,USD
OFR-003932-V2,OFR-003932,APP-0054974,REQ-2025-01029,1,2,negotiation_revision,declined,true,2025-11-21,,2025-11-22,,,,2025-12-18,74000,USD
OFR-003933-V1,OFR-003933,APP-0054990,REQ-2025-01045,1,1,initial,accepted,true,2025-11-21,2025-11-26,,,,,2026-02-09,174500,USD
OFR-003934-V1,OFR-003934,APP-0054997,REQ-2025-01060,1,1,initial,reneged,true,2025-12-04,2025-12-11,,,,2025-12-31,2026-01-05,80500,USD
OFR-003935-V1,OFR-003935,APP-0054998,REQ-2025-01060,1,1,initial,accepted,true,2025-11-28,2025-12-01,,,,,2025-12-29,83500,USD
OFR-003936-V1,OFR-003936,APP-0055027,REQ-2025-00974,1,1,initial,withdrawn,true,2025-11-16,,,2025-11-21,,,2025-12-14,71000,USD
OFR-003937-V1,OFR-003937,APP-0055045,REQ-2025-00993,1,1,initial,accepted,true,2025-12-16,2025-12-18,,,,,2026-01-12,77000,USD
OFR-003938-V1,OFR-003938,APP-0055058,REQ-2025-01007,1,1,initial,accepted,false,2025-11-26,2025-11-29,,,,,2026-01-26,144000,USD
OFR-003938-V2,OFR-003938,APP-0055058,REQ-2025-01007,1,2,start_date_revision,reneged,true,2025-12-04,2025-12-04,,,,2025-12-31,2026-02-05,144000,USD
OFR-003939-V1,OFR-003939,APP-0055074,REQ-2025-01030,1,1,initial,accepted,true,2025-11-24,2025-11-26,,,,,2025-12-29,63500,USD
OFR-003940-V1,OFR-003940,APP-0055078,REQ-2025-01038,1,1,initial,superseded,false,2026-01-09,,,,,,2026-03-16,180000,USD
OFR-003940-V2,OFR-003940,APP-0055078,REQ-2025-01038,1,2,negotiation_revision,accepted,true,2026-01-15,2026-01-17,,,,,2026-03-16,192000,USD
OFR-003941-V1,OFR-003941,APP-0055081,REQ-2025-01040,1,1,initial,accepted,true,2025-12-23,2025-12-25,,,,,2026-01-12,69500,USD
OFR-003942-V1,OFR-003942,APP-0055085,REQ-2025-01044,1,1,initial,accepted,true,2025-11-24,2025-11-25,,,,,2026-02-02,164500,USD
OFR-003943-V1,OFR-003943,APP-0055089,REQ-2025-01049,1,1,initial,declined,true,2025-11-26,,2025-12-01,,,,2025-12-24,157000,USD
OFR-003944-V1,OFR-003944,APP-0055114,REQ-2025-00444,1,1,initial,accepted,false,2025-12-31,2026-01-03,,,,,2026-02-23,165500,USD
OFR-003944-V2,OFR-003944,APP-0055114,REQ-2025-00444,1,2,salary_correction,accepted,true,2026-01-16,2026-01-16,,,,,2026-02-23,165200,USD
OFR-003945-V1,OFR-003945,APP-0055115,REQ-2025-00455,1,1,initial,superseded,false,2025-11-20,,,,,,2025-12-08,63500,USD
OFR-003945-V2,OFR-003945,APP-0055115,REQ-2025-00455,1,2,negotiation_revision,accepted,true,2025-11-21,2025-11-22,,,,,2025-12-08,67000,USD
OFR-003946-V1,OFR-003946,APP-0055126,REQ-2025-00980,1,1,initial,accepted,true,2025-11-21,2025-11-23,,,,,2025-12-22,63000,USD
OFR-003947-V1,OFR-003947,APP-0055175,REQ-2025-01060,1,1,initial,accepted,true,2025-11-27,2025-11-30,,,,,2025-12-22,80000,USD
OFR-003948-V1,OFR-003948,APP-0055179,REQ-2025-01068,1,1,initial,accepted,true,2025-12-12,2025-12-15,,,,,2026-01-12,98500,USD
OFR-003949-V1,OFR-003949,APP-0055185,REQ-2025-00329,1,1,initial,withdrawn,true,2025-11-19,,,2025-11-22,,,2025-12-17,103500,USD
OFR-003950-V1,OFR-003950,APP-0055187,REQ-2025-00493,1,1,initial,accepted,true,2025-11-29,2025-12-04,,,,,2026-01-12,137500,USD
OFR-003951-V1,OFR-003951,APP-0055188,REQ-2025-00566,1,1,initial,accepted,true,2025-12-20,2025-12-22,,,,,2026-02-02,129500,USD
OFR-003952-V1,OFR-003952,APP-0055195,REQ-2025-00841,1,1,initial,rescinded,true,2025-11-20,2025-11-23,,,2025-12-09,,2025-12-15,66000,USD
OFR-003953-V1,OFR-003953,APP-0055205,REQ-2025-00951,1,1,initial,withdrawn,true,2025-12-17,,,2025-12-24,,,2026-01-14,53500,USD
OFR-003954-V1,OFR-003954,APP-0055213,REQ-2025-00983,1,1,initial,declined,true,2025-12-13,,2025-12-17,,,,2026-01-10,98000,USD
OFR-003955-V1,OFR-003955,APP-0055231,REQ-2025-01023,1,1,initial,accepted,true,2025-11-27,2025-12-01,,,,,2026-01-19,118500,USD
OFR-003956-V1,OFR-003956,APP-0055243,REQ-2025-01034,1,1,initial,accepted,true,2025-11-27,2025-11-28,,,,,2026-01-12,118500,USD
OFR-003957-V1,OFR-003957,APP-0055250,REQ-2025-01051,1,1,initial,accepted,true,2025-11-24,2025-11-29,,,,,2025-12-29,126000,USD
OFR-003958-V1,OFR-003958,APP-0055263,REQ-2025-01066,1,1,initial,accepted,true,2025-12-03,2025-12-07,,,,,2026-01-12,109500,USD
OFR-003959-V1,OFR-003959,APP-0055269,REQ-2025-01074,1,1,initial,superseded,false,2025-12-02,,,,,,2026-01-12,101500,USD
OFR-003959-V2,OFR-003959,APP-0055269,REQ-2025-01074,1,2,negotiation_revision,accepted,true,2025-12-06,2025-12-07,,,,,2026-01-12,106500,USD
OFR-003960-V1,OFR-003960,APP-0055288,REQ-2025-00785,1,1,initial,withdrawn,true,2025-11-23,,,2025-11-26,,,2025-12-21,57500,USD
OFR-003961-V1,OFR-003961,APP-0055337,REQ-2025-01053,1,1,initial,superseded,false,2025-11-25,,,,,,2026-01-05,94000,USD
OFR-003961-V2,OFR-003961,APP-0055337,REQ-2025-01053,1,2,negotiation_revision,reneged,true,2025-11-28,2025-11-29,,,,2025-12-15,2026-01-05,97000,USD
OFR-003962-V1,OFR-003962,APP-0055368,REQ-2025-00496,1,1,initial,accepted,true,2025-12-11,2025-12-13,,,,,2026-01-26,164500,USD
OFR-003963-V1,OFR-003963,APP-0055371,REQ-2025-00679,1,1,initial,accepted,true,2025-11-20,2025-11-21,,,,,2025-12-15,71500,USD
OFR-003964-V1,OFR-003964,APP-0055372,REQ-2025-00697,1,1,initial,accepted,true,2025-12-24,2025-12-25,,,,,2026-01-26,129500,USD
OFR-003965-V1,OFR-003965,APP-0055380,REQ-2025-00961,1,1,initial,accepted,true,2025-12-26,2026-01-01,,,,,2026-02-02,107000,USD
OFR-003966-V1,OFR-003966,APP-0055408,REQ-2025-01053,1,1,initial,withdrawn,true,2025-11-28,,,2025-12-04,,,2025-12-26,96500,USD
OFR-003967-V1,OFR-003967,APP-0055471,REQ-2025-01015,1,1,initial,accepted,false,2026-01-06,2026-01-10,,,,,2026-02-02,101500,USD
OFR-003967-V2,OFR-003967,APP-0055471,REQ-2025-01015,1,2,letter_reissue,accepted,true,2026-01-13,2026-01-13,,,,,2026-02-02,101500,USD
OFR-003968-V1,OFR-003968,APP-0055488,REQ-2025-01047,1,1,initial,accepted,true,2025-11-27,2025-12-01,,,,,2025-12-22,80500,USD
OFR-003969-V1,OFR-003969,APP-0055507,REQ-2025-01071,1,1,initial,superseded,false,2025-11-22,,,,,,2025-12-15,60500,USD
OFR-003969-V2,OFR-003969,APP-0055507,REQ-2025-01071,1,2,negotiation_revision,accepted,true,2025-11-25,2025-11-26,,,,,2025-12-15,64000,USD
OFR-003970-V1,OFR-003970,APP-0055514,REQ-2025-01075,1,1,initial,superseded,false,2025-12-03,,,,,,2026-02-02,153500,USD
OFR-003970-V2,OFR-003970,APP-0055514,REQ-2025-01075,1,2,negotiation_revision,reneged,true,2025-12-08,2025-12-09,,,,2026-01-27,2026-02-02,161500,USD
OFR-003971-V1,OFR-003971,APP-0055528,REQ-2025-00372,1,1,initial,superseded,false,2025-12-02,,,,,,2026-01-12,101500,USD
OFR-003971-V2,OFR-003971,APP-0055528,REQ-2025-00372,1,2,negotiation_revision,accepted,false,2025-12-03,2025-12-04,,,,,2026-01-12,106500,USD
OFR-003971-V3,OFR-003971,APP-0055528,REQ-2025-00372,1,3,letter_reissue,accepted,true,2025-12-12,2025-12-12,,,,,2026-01-12,106500,USD
OFR-003972-V1,OFR-003972,APP-0055536,REQ-2025-00664,1,1,initial,reneged,true,2025-11-30,2025-12-05,,,,2025-12-18,2026-01-05,119000,USD
OFR-003973-V1,OFR-003973,APP-0055537,REQ-2025-00743,1,1,initial,superseded,false,2025-11-29,,,,,,2025-12-15,53500,USD
OFR-003973-V2,OFR-003973,APP-0055537,REQ-2025-00743,1,2,negotiation_revision,accepted,true,2025-11-30,2025-12-01,,,,,2025-12-15,57000,USD
OFR-003974-V1,OFR-003974,APP-0055538,REQ-2025-00785,1,1,initial,superseded,false,2025-11-22,,,,,,2025-12-22,67000,USD
OFR-003974-V2,OFR-003974,APP-0055538,REQ-2025-00785,1,2,negotiation_revision,accepted,false,2025-11-23,2025-11-25,,,,,2025-12-22,69500,USD
OFR-003974-V3,OFR-003974,APP-0055538,REQ-2025-00785,1,3,letter_reissue,accepted,true,2025-12-09,2025-12-09,,,,,2025-12-22,69500,USD
OFR-003975-V1,OFR-003975,APP-0055590,REQ-2025-01071,1,1,initial,reneged,true,2025-11-26,2025-11-30,,,,2025-12-01,2025-12-15,56500,USD
OFR-003976-V1,OFR-003976,APP-0055599,REQ-2025-01080,1,1,initial,declined,true,2025-12-09,,2025-12-11,,,,2026-01-06,143000,USD
OFR-003977-V1,OFR-003977,APP-0055605,REQ-2025-01085,1,1,initial,accepted,true,2025-12-05,2025-12-06,,,,,2026-01-05,61500,USD
OFR-003978-V1,OFR-003978,APP-0055608,REQ-2024-00464,1,1,initial,accepted,false,2026-01-04,2026-01-14,,,,,2026-03-02,181500,USD
OFR-003978-V2,OFR-003978,APP-0055608,REQ-2024-00464,1,2,start_date_revision,accepted,true,2026-01-24,2026-01-24,,,,,2026-03-16,181500,USD
OFR-003979-V1,OFR-003979,APP-0055613,REQ-2025-00297,1,1,initial,accepted,true,2025-12-09,2025-12-11,,,,,2026-01-12,141000,USD
OFR-003980-V1,OFR-003980,APP-0055619,REQ-2025-00576,1,1,initial,accepted,true,2025-12-26,2025-12-29,,,,,2026-01-19,93000,USD
OFR-003981-V1,OFR-003981,APP-0055622,REQ-2025-00807,1,1,initial,accepted,true,2025-12-02,2025-12-14,,,,,2026-01-19,135000,USD
OFR-003982-V1,OFR-003982,APP-0055666,REQ-2025-01060,1,1,initial,accepted,false,2025-12-05,2025-12-09,,,,,2026-01-05,80500,USD
OFR-003982-V2,OFR-003982,APP-0055666,REQ-2025-01060,1,2,start_date_revision,accepted,true,2025-12-20,2025-12-20,,,,,2026-01-19,80500,USD
OFR-003983-V1,OFR-003983,APP-0055688,REQ-2025-01085,1,1,initial,accepted,true,2025-11-24,2025-11-26,,,,,2025-12-15,61000,USD
OFR-003984-V1,OFR-003984,APP-0055689,REQ-2025-01085,1,1,initial,accepted,true,2025-11-27,2025-11-28,,,,,2025-12-29,58500,USD
OFR-003985-V1,OFR-003985,APP-0055694,REQ-2024-00186,1,1,initial,accepted,true,2025-12-18,2025-12-31,,,,,2026-01-19,77000,USD
OFR-003986-V1,OFR-003986,APP-0055700,REQ-2025-00316,1,1,initial,accepted,true,2025-12-29,2026-01-08,,,,,2026-02-16,112000,USD
OFR-003987-V1,OFR-003987,APP-0055711,REQ-2025-00912,1,1,initial,accepted,true,2025-12-17,2025-12-23,,,,,2026-01-19,63000,USD
OFR-003988-V1,OFR-003988,APP-0055732,REQ-2025-01030,1,1,initial,accepted,true,2025-12-18,2025-12-20,,,,,2026-01-19,62500,USD
OFR-003989-V1,OFR-003989,APP-0055736,REQ-2025-01033,1,1,initial,accepted,true,2025-11-27,2025-12-01,,,,,2025-12-29,59500,USD
OFR-003990-V1,OFR-003990,APP-0055744,REQ-2025-01048,1,1,initial,accepted,true,2025-12-12,2025-12-14,,,,,2026-01-12,92500,USD
OFR-003991-V1,OFR-003991,APP-0055750,REQ-2025-01055,1,1,initial,accepted,true,2025-12-10,2025-12-12,,,,,2026-01-05,65000,USD
OFR-003992-V1,OFR-003992,APP-0055751,REQ-2025-01059,1,1,initial,accepted,true,2025-12-17,2025-12-19,,,,,2026-01-12,96500,USD
OFR-003993-V1,OFR-003993,APP-0055754,REQ-2025-01060,1,1,initial,accepted,true,2025-12-05,2025-12-11,,,,,2025-12-29,77500,USD
OFR-003994-V1,OFR-003994,APP-0055801,REQ-2025-00455,1,1,initial,withdrawn,true,2025-11-22,,,2025-11-25,,,2025-12-20,54500,USD
OFR-003995-V1,OFR-003995,APP-0055811,REQ-2025-00918,1,1,initial,withdrawn,true,2025-12-19,,,2025-12-19,,,2026-01-16,80000,USD
OFR-003996-V1,OFR-003996,APP-0055878,REQ-2025-00863,1,1,initial,declined,true,2026-01-01,,2026-01-18,,,,2026-01-29,209500,USD
OFR-003997-V1,OFR-003997,APP-0055881,REQ-2025-00892,1,1,initial,accepted,true,2025-12-26,2025-12-28,,,,,2026-01-19,75500,USD
OFR-003998-V1,OFR-003998,APP-0055882,REQ-2025-00896,1,1,initial,declined,true,2026-01-13,,2026-01-18,,,,2026-02-10,184500,USD
OFR-003999-V1,OFR-003999,APP-0055911,REQ-2025-01055,1,1,initial,withdrawn,true,2025-12-07,,,2025-12-12,,,2026-01-04,68500,USD
OFR-004000-V1,OFR-004000,APP-0055921,REQ-2025-01065,1,1,initial,accepted,true,2026-01-05,2026-01-12,,,,,2026-03-16,275000,USD
OFR-004001-V1,OFR-004001,APP-0055927,REQ-2025-01072,1,1,initial,accepted,true,2025-12-01,2025-12-04,,,,,2025-12-22,55500,USD
OFR-004002-V1,OFR-004002,APP-0055931,REQ-2025-01077,1,1,initial,accepted,true,2025-12-10,2025-12-16,,,,,2026-01-26,138500,USD
OFR-004003-V1,OFR-004003,APP-0055941,REQ-2025-01085,1,1,initial,withdrawn,true,2025-12-07,,,2025-12-10,,,2026-01-04,58000,USD
OFR-004004-V1,OFR-004004,APP-0055946,REQ-2025-01088,1,1,initial,accepted,true,2025-12-03,2025-12-04,,,,,2025-12-22,52000,USD
OFR-004005-V1,OFR-004005,APP-0055956,REQ-2025-00654,1,1,initial,superseded,false,2025-11-30,,,,,,2026-01-12,88500,USD
OFR-004005-V2,OFR-004005,APP-0055956,REQ-2025-00654,1,2,negotiation_revision,accepted,true,2025-12-02,2025-12-05,,,,,2026-01-12,92000,USD
OFR-004006-V1,OFR-004006,APP-0055964,REQ-2025-00918,1,1,initial,accepted,true,2025-12-14,2025-12-19,,,,,2026-02-02,79000,USD
OFR-004007-V1,OFR-004007,APP-0055983,REQ-2025-01037,1,1,initial,superseded,false,2025-12-01,,,,,,2026-01-19,105500,USD
OFR-004007-V2,OFR-004007,APP-0055983,REQ-2025-01037,1,2,negotiation_revision,accepted,true,2025-12-08,2025-12-11,,,,,2026-01-19,111000,USD
OFR-004008-V1,OFR-004008,APP-0056037,REQ-2025-00783,1,1,initial,accepted,true,2025-12-27,2026-01-01,,,,,2026-02-09,182500,USD
OFR-004009-V1,OFR-004009,APP-0056048,REQ-2025-00993,1,1,initial,accepted,true,2025-12-14,2025-12-17,,,,,2026-01-19,72500,USD
OFR-004010-V1,OFR-004010,APP-0056058,REQ-2025-01039,1,1,initial,accepted,false,2025-12-04,2025-12-08,,,,,2025-12-29,62500,USD
OFR-004010-V2,OFR-004010,APP-0056058,REQ-2025-01039,1,2,letter_reissue,accepted,true,2025-12-19,2025-12-19,,,,,2025-12-29,62500,USD
OFR-004011-V1,OFR-004011,APP-0056059,REQ-2025-01040,1,1,initial,accepted,true,2025-12-24,2026-01-03,,,,,2026-01-19,78500,USD
OFR-004012-V1,OFR-004012,APP-0056078,REQ-2025-01071,1,1,initial,accepted,true,2025-12-04,2025-12-05,,,,,2025-12-29,63000,USD
OFR-004013-V1,OFR-004013,APP-0056080,REQ-2025-01073,1,1,initial,superseded,false,2025-12-27,,,,,,2026-02-02,135000,USD
OFR-004013-V2,OFR-004013,APP-0056080,REQ-2025-01073,1,2,negotiation_revision,accepted,false,2025-12-28,2025-12-30,,,,,2026-02-02,140000,USD
OFR-004013-V3,OFR-004013,APP-0056080,REQ-2025-01073,1,3,start_date_revision,accepted,true,2026-01-08,2026-01-08,,,,,2026-02-23,140000,USD
OFR-004014-V1,OFR-004014,APP-0056084,REQ-2025-01078,1,1,initial,superseded,false,2025-12-08,,,,,,2026-01-05,57000,USD
OFR-004014-V2,OFR-004014,APP-0056084,REQ-2025-01078,1,2,negotiation_revision,withdrawn,true,2025-12-10,,,2025-12-17,,,2026-01-05,59500,USD
OFR-004015-V1,OFR-004015,APP-0056086,REQ-2025-01078,1,1,initial,accepted,true,2025-11-29,2025-11-30,,,,,2025-12-22,63500,USD
OFR-004016-V1,OFR-004016,APP-0056087,REQ-2025-01078,1,1,initial,accepted,false,2025-11-28,2025-11-30,,,,,2025-12-22,61500,USD
OFR-004016-V2,OFR-004016,APP-0056087,REQ-2025-01078,1,2,salary_correction,accepted,true,2025-12-09,2025-12-09,,,,,2025-12-22,61600,USD
OFR-004017-V1,OFR-004017,APP-0056088,REQ-2025-01078,1,1,initial,reneged,true,2025-12-04,2025-12-06,,,,2025-12-14,2025-12-22,54500,USD
OFR-004018-V1,OFR-004018,APP-0056096,REQ-2025-01085,1,1,initial,superseded,false,2025-12-03,,,,,,2025-12-31,67500,USD
OFR-004018-V2,OFR-004018,APP-0056096,REQ-2025-01085,1,2,negotiation_revision,declined,true,2025-12-05,,2025-12-07,,,,2025-12-31,69500,USD
OFR-004019-V1,OFR-004019,APP-0056098,REQ-2025-01085,1,1,initial,accepted,true,2025-12-07,2025-12-09,,,,,2026-01-12,63500,USD
OFR-004020-V1,OFR-004020,APP-0056107,REQ-2025-01096,1,1,initial,superseded,false,2025-12-01,,,,,,2025-12-22,60000,USD
OFR-004020-V2,OFR-004020,APP-0056107,REQ-2025-01096,1,2,negotiation_revision,accepted,true,2025-12-03,2025-12-06,,,,,2025-12-22,65000,USD
OFR-004021-V1,OFR-004021,APP-0056112,REQ-2024-00904,1,1,initial,accepted,true,2025-12-06,2025-12-14,,,,,2026-01-19,119500,USD
OFR-004022-V1,OFR-004022,APP-0056115,REQ-2025-00272,1,1,initial,superseded,false,2025-12-02,,,,,,2025-12-22,81000,USD
OFR-004022-V2,OFR-004022,APP-0056115,REQ-2025-00272,1,2,negotiation_revision,accepted,false,2025-12-03,2025-12-04,,,,,2025-12-22,83500,USD
OFR-004022-V3,OFR-004022,APP-0056115,REQ-2025-00272,1,3,start_date_revision,accepted,true,2025-12-15,2025-12-15,,,,,2025-12-29,83500,USD
OFR-004023-V1,OFR-004023,APP-0056137,REQ-2025-01022,1,1,initial,accepted,true,2025-12-14,2025-12-17,,,,,2026-01-19,133000,USD
OFR-004024-V1,OFR-004024,APP-0056146,REQ-2025-01052,1,1,initial,accepted,false,2025-12-08,2025-12-12,,,,,2026-01-26,97000,USD
OFR-004024-V2,OFR-004024,APP-0056146,REQ-2025-01052,1,2,letter_reissue,accepted,true,2025-12-14,2025-12-14,,,,,2026-01-26,97000,USD
OFR-004025-V1,OFR-004025,APP-0056151,REQ-2025-01061,1,1,initial,accepted,false,2025-12-08,2025-12-09,,,,,2026-01-05,81500,USD
OFR-004025-V2,OFR-004025,APP-0056151,REQ-2025-01061,1,2,letter_reissue,accepted,true,2025-12-17,2025-12-17,,,,,2026-01-05,81500,USD
OFR-004026-V1,OFR-004026,APP-0056160,REQ-2025-01071,1,1,initial,accepted,true,2025-12-04,2025-12-08,,,,,2025-12-22,61000,USD
OFR-004027-V1,OFR-004027,APP-0056163,REQ-2025-01077,1,1,initial,accepted,true,2025-12-19,2025-12-24,,,,,2026-01-26,134500,USD
OFR-004028-V1,OFR-004028,APP-0056164,REQ-2025-01077,1,1,initial,superseded,false,2025-12-15,,,,,,2026-01-26,125500,USD
OFR-004028-V2,OFR-004028,APP-0056164,REQ-2025-01077,1,2,negotiation_revision,accepted,true,2025-12-20,2025-12-22,,,,,2026-01-26,134500,USD
OFR-004029-V1,OFR-004029,APP-0056193,REQ-2025-00617,1,1,initial,accepted,true,2025-12-14,2025-12-18,,,,,2026-01-19,135500,USD
OFR-004030-V1,OFR-004030,APP-0056239,REQ-2025-01089,1,1,initial,superseded,false,2026-01-12,,,,,,2026-02-09,141500,USD
OFR-004030-V2,OFR-004030,APP-0056239,REQ-2025-01089,1,2,negotiation_revision,declined,true,2026-01-17,,2026-01-22,,,,2026-02-09,152500,USD
OFR-004031-V1,OFR-004031,APP-0056255,REQ-2024-00071,1,1,initial,accepted,true,2025-12-23,2025-12-28,,,,,2026-01-26,109500,USD
OFR-004032-V1,OFR-004032,APP-0056264,REQ-2025-00786,1,1,initial,superseded,false,2025-12-06,,,,,,2026-01-05,77500,USD
OFR-004032-V2,OFR-004032,APP-0056264,REQ-2025-00786,1,2,negotiation_revision,accepted,true,2025-12-07,2025-12-08,,,,,2026-01-05,81500,USD
OFR-004033-V1,OFR-004033,APP-0056289,REQ-2025-01055,1,1,initial,accepted,false,2025-12-10,2025-12-11,,,,,2026-01-12,69500,USD
OFR-004033-V2,OFR-004033,APP-0056289,REQ-2025-01055,1,2,start_date_revision,accepted,true,2025-12-13,2025-12-13,,,,,2026-01-26,69500,USD
OFR-004034-V1,OFR-004034,APP-0056306,REQ-2025-01078,1,1,initial,declined,true,2025-12-05,,2025-12-07,,,,2026-01-02,53500,USD
OFR-004035-V1,OFR-004035,APP-0056321,REQ-2025-01090,1,1,initial,accepted,true,2025-12-08,2025-12-11,,,,,2026-01-19,86000,USD
OFR-004036-V1,OFR-004036,APP-0056332,REQ-2025-01104,1,1,initial,superseded,false,2025-12-08,,,,,,2026-01-05,73500,USD
OFR-004036-V2,OFR-004036,APP-0056332,REQ-2025-01104,1,2,negotiation_revision,withdrawn,true,2025-12-12,,,2025-12-15,,,2026-01-05,77000,USD
OFR-004037-V1,OFR-004037,APP-0056342,REQ-2025-00365,1,1,initial,accepted,true,2025-12-21,2025-12-26,,,,,2026-01-19,97000,USD
OFR-004038-V1,OFR-004038,APP-0056347,REQ-2025-00738,1,1,initial,accepted,false,2025-12-13,2025-12-15,,,,,2026-01-05,72500,USD
OFR-004038-V2,OFR-004038,APP-0056347,REQ-2025-00738,1,2,letter_reissue,accepted,true,2025-12-27,2025-12-27,,,,,2026-01-05,72500,USD
OFR-004039-V1,OFR-004039,APP-0056384,REQ-2025-01067,1,1,initial,accepted,true,2025-12-20,2025-12-27,,,,,2026-03-09,212500,USD
OFR-004040-V1,OFR-004040,APP-0056391,REQ-2025-01077,1,1,initial,withdrawn,true,2025-12-19,,,2025-12-27,,,2026-01-16,136500,USD
OFR-004041-V1,OFR-004041,APP-0056398,REQ-2025-01085,1,1,initial,withdrawn,true,2025-12-08,,,2025-12-11,,,2026-01-05,63500,USD
OFR-004042-V1,OFR-004042,APP-0056401,REQ-2025-01085,1,1,initial,superseded,false,2025-12-02,,,,,,2025-12-29,64500,USD
OFR-004042-V2,OFR-004042,APP-0056401,REQ-2025-01085,1,2,negotiation_revision,accepted,true,2025-12-03,2025-12-04,,,,,2025-12-29,69500,USD
OFR-004043-V1,OFR-004043,APP-0056407,REQ-2025-01099,1,1,initial,superseded,false,2025-12-06,,,,,,2026-01-12,95500,USD
OFR-004043-V2,OFR-004043,APP-0056407,REQ-2025-01099,1,2,negotiation_revision,accepted,true,2025-12-07,2025-12-08,,,,,2026-01-12,99000,USD
OFR-004044-V1,OFR-004044,APP-0056408,REQ-2025-01100,1,1,initial,accepted,true,2025-12-28,2026-01-04,,,,,2026-02-02,184000,USD
OFR-004045-V1,OFR-004045,APP-0056427,REQ-2025-00343,1,1,initial,accepted,true,2025-12-12,2025-12-16,,,,,2026-01-19,104000,USD
OFR-004046-V1,OFR-004046,APP-0056434,REQ-2025-00659,1,1,initial,accepted,true,2025-12-01,2025-12-02,,,,,2025-12-22,67000,USD
OFR-004047-V1,OFR-004047,APP-0056437,REQ-2025-00848,1,1,initial,superseded,false,2025-12-19,,,,,,2026-01-26,80000,USD
OFR-004047-V2,OFR-004047,APP-0056437,REQ-2025-00848,1,2,negotiation_revision,accepted,true,2025-12-22,2025-12-23,,,,,2026-01-26,86500,USD
OFR-004048-V1,OFR-004048,APP-0056444,REQ-2025-00955,1,1,initial,accepted,false,2025-12-24,2025-12-28,,,,,2026-01-26,82500,USD
OFR-004048-V2,OFR-004048,APP-0056444,REQ-2025-00955,1,2,start_date_revision,accepted,true,2026-01-11,2026-01-11,,,,,2026-02-09,82500,USD
OFR-004049-V1,OFR-004049,APP-0056446,REQ-2025-00994,1,1,initial,superseded,false,2025-12-08,,,,,,2025-12-29,55500,USD
OFR-004049-V2,OFR-004049,APP-0056446,REQ-2025-00994,1,2,negotiation_revision,accepted,true,2025-12-09,2025-12-11,,,,,2025-12-29,57000,USD
OFR-004050-V1,OFR-004050,APP-0056452,REQ-2025-01029,1,1,initial,accepted,true,2025-12-15,2025-12-17,,,,,2026-01-19,67500,USD
OFR-004051-V1,OFR-004051,APP-0056463,REQ-2025-01049,1,1,initial,accepted,true,2025-12-17,2025-12-21,,,,,2026-02-09,150500,USD
OFR-004052-V1,OFR-004052,APP-0056469,REQ-2025-01059,1,1,initial,superseded,false,2025-12-12,,,,,,2026-01-12,96500,USD
OFR-004052-V2,OFR-004052,APP-0056469,REQ-2025-01059,1,2,negotiation_revision,accepted,true,2025-12-15,2025-12-16,,,,,2026-01-12,99500,USD
OFR-004053-V1,OFR-004053,APP-0056480,REQ-2025-01078,1,1,initial,accepted,true,2025-12-09,2025-12-12,,,,,2026-01-05,61500,USD
OFR-004054-V1,OFR-004054,APP-0056514,REQ-2025-00215,1,1,initial,accepted,true,2025-12-30,2026-01-06,,,,,2026-02-09,130000,USD
OFR-004055-V1,OFR-004055,APP-0056531,REQ-2025-00939,1,1,initial,accepted,false,2025-12-11,2025-12-14,,,,,2026-01-19,73500,USD
OFR-004055-V2,OFR-004055,APP-0056531,REQ-2025-00939,1,2,salary_correction,accepted,true,2025-12-19,2025-12-19,,,,,2026-01-19,73900,USD
OFR-004056-V1,OFR-004056,APP-0056532,REQ-2025-00942,1,1,initial,accepted,false,2026-01-11,2026-01-16,,,,,2026-02-16,130000,USD
OFR-004056-V2,OFR-004056,APP-0056532,REQ-2025-00942,1,2,letter_reissue,accepted,true,2026-01-31,2026-01-31,,,,,2026-02-16,130000,USD
OFR-004057-V1,OFR-004057,APP-0056564,REQ-2025-01076,1,1,initial,withdrawn,true,2025-12-29,,,2026-01-02,,,2026-01-26,72000,USD
OFR-004058-V1,OFR-004058,APP-0056571,REQ-2025-01085,1,1,initial,withdrawn,true,2025-12-09,,,2025-12-13,,,2026-01-06,59500,USD
OFR-004059-V1,OFR-004059,APP-0056579,REQ-2025-01099,1,1,initial,withdrawn,true,2025-12-06,,,2025-12-09,,,2026-01-03,92000,USD
OFR-004060-V1,OFR-004060,APP-0056590,REQ-2025-01110,1,1,initial,accepted,false,2025-12-06,2025-12-09,,,,,2025-12-22,45500,USD
OFR-004060-V2,OFR-004060,APP-0056590,REQ-2025-01110,1,2,start_date_revision,accepted,true,2025-12-14,2025-12-14,,,,,2026-01-12,45500,USD
OFR-004061-V1,OFR-004061,APP-0056633,REQ-2025-01071,1,1,initial,withdrawn,true,2025-12-05,,,2025-12-08,,,2026-01-02,63500,USD
OFR-004062-V1,OFR-004062,APP-0056638,REQ-2025-01078,1,1,initial,withdrawn,true,2025-12-12,,,2025-12-15,,,2026-01-09,61500,USD
OFR-004063-V1,OFR-004063,APP-0056658,REQ-2025-01102,1,1,initial,superseded,false,2025-12-18,,,,,,2026-01-12,64500,USD
OFR-004063-V2,OFR-004063,APP-0056658,REQ-2025-01102,1,2,negotiation_revision,accepted,true,2025-12-19,2025-12-20,,,,,2026-01-12,69000,USD
OFR-004064-V1,OFR-004064,APP-0056668,REQ-2025-01112,1,1,initial,accepted,true,2025-12-12,2025-12-18,,,,,2026-01-05,49500,USD
OFR-004065-V1,OFR-004065,APP-0056669,REQ-2025-01114,1,1,initial,accepted,true,2025-12-28,2025-12-31,,,,,2026-01-26,94500,USD
OFR-004066-V1,OFR-004066,APP-0056680,REQ-2025-00093,1,1,initial,accepted,true,2026-01-08,2026-01-10,,,,,2026-02-02,82500,USD
OFR-004067-V1,OFR-004067,APP-0056698,REQ-2025-00917,1,1,initial,superseded,false,2025-12-31,,,,,,2026-02-02,158000,USD
OFR-004067-V2,OFR-004067,APP-0056698,REQ-2025-00917,1,2,negotiation_revision,accepted,true,2026-01-01,2026-01-03,,,,,2026-02-02,170000,USD
OFR-004068-V1,OFR-004068,APP-0056722,REQ-2025-01076,1,1,initial,accepted,true,2025-12-29,2025-12-31,,,,,2026-01-26,74000,USD
OFR-004069-V1,OFR-004069,APP-0056742,REQ-2025-01104,1,1,initial,accepted,true,2025-12-10,2025-12-13,,,,,2026-01-05,83500,USD
OFR-004070-V1,OFR-004070,APP-0056744,REQ-2025-01110,1,1,initial,superseded,false,2025-12-07,,,,,,2026-01-04,46000,USD
OFR-004070-V2,OFR-004070,APP-0056744,REQ-2025-01110,1,2,negotiation_revision,declined,true,2025-12-09,,2025-12-10,,,,2026-01-04,48500,USD
OFR-004071-V1,OFR-004071,APP-0056748,REQ-2025-01112,1,1,initial,withdrawn,true,2025-12-15,,,2025-12-21,,,2026-01-12,43500,USD
OFR-004072-V1,OFR-004072,APP-0056757,REQ-2025-01122,1,1,initial,accepted,true,2025-12-12,2025-12-14,,,,,2026-01-05,69500,USD
OFR-004073-V1,OFR-004073,APP-0056758,REQ-2024-00243,1,1,initial,declined,true,2026-01-25,,2026-02-03,,,,2026-02-22,184500,USD
OFR-004074-V1,OFR-004074,APP-0056776,REQ-2025-01005,1,1,initial,accepted,true,2025-12-16,2025-12-21,,,,,2026-01-19,114500,USD
OFR-004075-V1,OFR-004075,APP-0056810,REQ-2025-01110,1,1,initial,accepted,true,2025-12-13,2025-12-15,,,,,2026-01-05,49000,USD
OFR-004076-V1,OFR-004076,APP-0056811,REQ-2025-01110,1,1,initial,superseded,false,2025-12-19,,,,,,2026-01-19,49500,USD
OFR-004076-V2,OFR-004076,APP-0056811,REQ-2025-01110,1,2,negotiation_revision,accepted,false,2025-12-20,2025-12-22,,,,,2026-01-19,53500,USD
OFR-004076-V3,OFR-004076,APP-0056811,REQ-2025-01110,1,3,letter_reissue,accepted,true,2025-12-26,2025-12-26,,,,,2026-01-19,53500,USD
OFR-004077-V1,OFR-004077,APP-0056815,REQ-2025-01112,1,1,initial,declined,true,2025-12-09,,2025-12-10,,,,2026-01-06,47000,USD
OFR-004078-V1,OFR-004078,APP-0056828,REQ-2025-01122,1,1,initial,accepted,true,2025-12-29,2025-12-31,,,,,2026-01-19,73000,USD
OFR-004079-V1,OFR-004079,APP-0056831,REQ-2025-01127,1,1,initial,superseded,false,2025-12-22,,,,,,2026-01-26,88500,USD
OFR-004079-V2,OFR-004079,APP-0056831,REQ-2025-01127,1,2,negotiation_revision,accepted,true,2025-12-25,2025-12-31,,,,,2026-01-26,95000,USD
OFR-004080-V1,OFR-004080,APP-0056858,REQ-2025-01043,1,1,initial,reneged,true,2025-12-15,2025-12-18,,,,2025-12-24,2026-01-19,59000,USD
OFR-004081-V1,OFR-004081,APP-0056862,REQ-2025-01059,1,1,initial,withdrawn,true,2025-12-17,,,2025-12-20,,,2026-01-14,96000,USD
OFR-004082-V1,OFR-004082,APP-0056874,REQ-2025-01083,1,1,initial,accepted,true,2025-12-11,2025-12-14,,,,,2026-01-19,80000,USD
OFR-004083-V1,OFR-004083,APP-0056876,REQ-2025-01085,1,1,initial,declined,true,2025-12-08,,2025-12-13,,,,2026-01-05,58500,USD
OFR-004084-V1,OFR-004084,APP-0056888,REQ-2025-01102,1,1,initial,accepted,true,2025-12-16,2025-12-19,,,,,2026-01-19,62500,USD
OFR-004085-V1,OFR-004085,APP-0056903,REQ-2025-01110,1,1,initial,accepted,true,2025-12-10,2025-12-12,,,,,2025-12-29,44500,USD
OFR-004086-V1,OFR-004086,APP-0056910,REQ-2025-01112,1,1,initial,accepted,false,2025-12-14,2025-12-15,,,,,2025-12-29,49500,USD
OFR-004086-V2,OFR-004086,APP-0056910,REQ-2025-01112,1,2,letter_reissue,accepted,true,2025-12-27,2025-12-27,,,,,2025-12-29,49500,USD
OFR-004087-V1,OFR-004087,APP-0056911,REQ-2025-01112,1,1,initial,accepted,true,2025-12-16,2025-12-17,,,,,2026-01-05,44500,USD
OFR-004088-V1,OFR-004088,APP-0056919,REQ-2025-01118,1,1,initial,accepted,true,2025-12-15,2025-12-18,,,,,2026-01-12,61500,USD
OFR-004089-V1,OFR-004089,APP-0056931,REQ-2025-01131,1,1,initial,accepted,true,2025-12-20,2025-12-27,,,,,2026-01-19,70000,USD
OFR-004090-V1,OFR-004090,APP-0056934,REQ-2024-00786,1,1,initial,accepted,true,2025-12-28,2025-12-31,,,,,2026-02-02,131500,USD
OFR-004091-V1,OFR-004091,APP-0057003,REQ-2025-01110,1,1,initial,accepted,false,2025-12-15,2025-12-19,,,,,2026-01-05,49500,USD
OFR-004091-V2,OFR-004091,APP-0057003,REQ-2025-01110,1,2,start_date_revision,accepted,true,2025-12-21,2025-12-21,,,,,2026-01-19,49500,USD
OFR-004092-V1,OFR-004092,APP-0057016,REQ-2025-01126,1,1,initial,superseded,false,2025-12-23,,,,,,2026-01-20,91500,USD
OFR-004092-V2,OFR-004092,APP-0057016,REQ-2025-01126,1,2,negotiation_revision,withdrawn,true,2025-12-25,,,2025-12-26,,,2026-01-20,97500,USD
OFR-004093-V1,OFR-004093,APP-0057074,REQ-2025-01112,1,1,initial,withdrawn,true,2025-12-16,,,2025-12-18,,,2026-01-13,43500,USD
OFR-004094-V1,OFR-004094,APP-0057090,REQ-2025-01126,1,1,initial,accepted,true,2025-12-13,2025-12-20,,,,,2026-01-26,78000,USD
OFR-004095-V1,OFR-004095,APP-0057111,REQ-2025-00906,1,1,initial,declined,true,2025-12-23,,2025-12-29,,,,2026-01-20,58500,USD
OFR-004096-V1,OFR-004096,APP-0057123,REQ-2025-01052,1,1,initial,accepted,true,2025-12-21,2025-12-23,,,,,2026-01-26,114500,USD
OFR-004097-V1,OFR-004097,APP-0057190,REQ-2025-00730,1,1,initial,superseded,false,2025-12-13,,,,,,2026-01-05,64000,USD
OFR-004097-V2,OFR-004097,APP-0057190,REQ-2025-00730,1,2,negotiation_revision,accepted,true,2025-12-16,2025-12-17,,,,,2026-01-05,69000,USD
OFR-004098-V1,OFR-004098,APP-0057230,REQ-2025-01102,1,1,initial,superseded,false,2025-12-26,,,,,,2026-01-23,66500,USD
OFR-004098-V2,OFR-004098,APP-0057230,REQ-2025-01102,1,2,negotiation_revision,declined,true,2025-12-27,,2025-12-31,,,,2026-01-23,70000,USD
OFR-004099-V1,OFR-004099,APP-0057262,REQ-2025-01134,1,1,initial,declined,true,2026-01-21,,2026-01-25,,,,2026-02-18,90000,USD
OFR-004100-V1,OFR-004100,APP-0057271,REQ-2025-00011,1,1,initial,superseded,false,2025-12-28,,,,,,2026-02-09,136000,USD
OFR-004100-V2,OFR-004100,APP-0057271,REQ-2025-00011,1,2,negotiation_revision,accepted,true,2025-12-31,2026-01-03,,,,,2026-02-09,145500,USD
OFR-004101-V1,OFR-004101,APP-0057283,REQ-2025-00894,1,1,initial,accepted,true,2026-01-15,2026-01-19,,,,,2026-02-23,184500,USD
OFR-004102-V1,OFR-004102,APP-0057314,REQ-2025-01100,1,1,initial,withdrawn,true,2026-01-03,,,2026-01-11,,,2026-01-31,172500,USD
OFR-004103-V1,OFR-004103,APP-0057341,REQ-2025-01126,1,1,initial,accepted,false,2025-12-15,2025-12-20,,,,,2026-01-26,88000,USD
OFR-004103-V2,OFR-004103,APP-0057341,REQ-2025-01126,1,2,letter_reissue,accepted,true,2025-12-30,2025-12-30,,,,,2026-01-26,88000,USD
OFR-004104-V1,OFR-004104,APP-0057347,REQ-2025-01133,1,1,initial,accepted,true,2026-01-02,2026-01-04,,,,,2026-02-02,73000,USD
OFR-004105-V1,OFR-004105,APP-0057364,REQ-2025-00595,1,1,initial,declined,true,2025-12-25,,2025-12-27,,,,2026-01-22,84500,USD
OFR-004106-V1,OFR-004106,APP-0057401,REQ-2025-01105,1,1,initial,declined,true,2025-12-16,,2025-12-20,,,,2026-01-13,75500,USD
OFR-004107-V1,OFR-004107,APP-0057409,REQ-2025-01114,1,1,initial,declined,true,2025-12-26,,2026-01-04,,,,2026-01-23,92000,USD
OFR-004108-V1,OFR-004108,APP-0057411,REQ-2025-01115,1,1,initial,declined,true,2025-12-15,,2025-12-17,,,,2026-01-12,62500,USD
OFR-004109-V1,OFR-004109,APP-0057432,REQ-2025-01139,1,1,initial,accepted,true,2025-12-13,2025-12-15,,,,,2026-01-12,65000,USD
OFR-004110-V1,OFR-004110,APP-0057454,REQ-2025-00385,1,1,initial,declined,true,2026-01-13,,2026-01-18,,,,2026-02-10,155500,USD
OFR-004111-V1,OFR-004111,APP-0057466,REQ-2025-00951,1,1,initial,accepted,false,2025-12-20,2025-12-22,,,,,2026-01-19,55500,USD
OFR-004111-V2,OFR-004111,APP-0057466,REQ-2025-00951,1,2,letter_reissue,accepted,true,2026-01-02,2026-01-02,,,,,2026-01-19,55500,USD
OFR-004112-V1,OFR-004112,APP-0057537,REQ-2025-01150,1,1,initial,accepted,true,2025-12-17,2025-12-18,,,,,2026-01-26,133500,USD
OFR-004113-V1,OFR-004113,APP-0057555,REQ-2025-00688,1,1,initial,declined,true,2025-12-16,,2025-12-19,,,,2026-01-13,74000,USD
OFR-004114-V1,OFR-004114,APP-0057596,REQ-2025-01102,1,1,initial,superseded,false,2025-12-23,,,,,,2026-01-26,63500,USD
OFR-004114-V2,OFR-004114,APP-0057596,REQ-2025-01102,1,2,negotiation_revision,accepted,true,2025-12-24,2025-12-25,,,,,2026-01-26,68500,USD
OFR-004115-V1,OFR-004115,APP-0057609,REQ-2025-01122,1,1,initial,accepted,true,2025-12-20,2025-12-22,,,,,2026-01-26,72000,USD
OFR-004116-V1,OFR-004116,APP-0057614,REQ-2025-01126,1,1,initial,accepted,true,2025-12-22,2025-12-25,,,,,2026-02-02,89000,USD
OFR-004117-V1,OFR-004117,APP-0057650,REQ-2025-00902,1,1,initial,superseded,false,2025-12-29,,,,,,2026-02-02,68000,USD
OFR-004117-V2,OFR-004117,APP-0057650,REQ-2025-00902,1,2,negotiation_revision,accepted,true,2026-01-01,2026-01-07,,,,,2026-02-02,70500,USD
OFR-004118-V1,OFR-004118,APP-0057673,REQ-2025-01110,1,1,initial,accepted,true,2025-12-21,2025-12-25,,,,,2026-01-19,46500,USD
OFR-004119-V1,OFR-004119,APP-0057680,REQ-2025-01113,1,1,initial,accepted,true,2025-12-29,2026-01-06,,,,,2026-03-16,161000,USD
OFR-004120-V1,OFR-004120,APP-0057695,REQ-2025-01126,1,1,initial,accepted,false,2025-12-22,2025-12-24,,,,,2026-02-02,80000,USD
OFR-004120-V2,OFR-004120,APP-0057695,REQ-2025-01126,1,2,start_date_revision,accepted,true,2026-01-03,2026-01-03,,,,,2026-02-16,80000,USD
OFR-004121-V1,OFR-004121,APP-0057697,REQ-2025-01130,1,1,initial,accepted,false,2026-01-22,2026-02-01,,,,,2026-03-09,112500,USD
OFR-004121-V2,OFR-004121,APP-0057697,REQ-2025-01130,1,2,letter_reissue,accepted,true,2026-02-14,2026-02-14,,,,,2026-03-09,112500,USD
OFR-004122-V1,OFR-004122,APP-0057739,REQ-2024-00927,1,1,initial,declined,true,2026-01-04,,2026-01-11,,,,2026-02-01,123500,USD
OFR-004123-V1,OFR-004123,APP-0057759,REQ-2025-01072,1,1,initial,accepted,true,2025-12-21,2025-12-22,,,,,2026-01-19,54000,USD
OFR-004124-V1,OFR-004124,APP-0057762,REQ-2025-01086,1,1,initial,accepted,false,2025-12-26,2026-01-02,,,,,2026-02-09,108000,USD
OFR-004124-V2,OFR-004124,APP-0057762,REQ-2025-01086,1,2,letter_reissue,accepted,true,2026-01-07,2026-01-07,,,,,2026-02-09,108000,USD
OFR-004125-V1,OFR-004125,APP-0057797,REQ-2025-01132,1,1,initial,accepted,true,2025-12-17,2025-12-20,,,,,2026-01-12,85500,USD
OFR-004126-V1,OFR-004126,APP-0057798,REQ-2025-01136,1,1,initial,accepted,true,2025-12-25,2025-12-30,,,,,2026-01-26,78500,USD
OFR-004127-V1,OFR-004127,APP-0057824,REQ-2025-01156,1,1,initial,rescinded,true,2025-12-31,2026-01-03,,,2026-01-07,,2026-02-02,84000,USD
OFR-004128-V1,OFR-004128,APP-0057836,REQ-2024-01144,1,1,initial,superseded,false,2026-01-03,,,,,,2026-01-31,118500,USD
OFR-004128-V2,OFR-004128,APP-0057836,REQ-2024-01144,1,2,negotiation_revision,declined,true,2026-01-07,,2026-01-12,,,,2026-01-31,124500,USD
OFR-004129-V1,OFR-004129,APP-0057842,REQ-2025-00862,1,1,initial,accepted,true,2025-12-21,2025-12-23,,,,,2026-01-26,77500,USD
OFR-004130-V1,OFR-004130,APP-0057869,REQ-2025-01107,1,1,initial,accepted,true,2025-12-25,2025-12-28,,,,,2026-01-26,102500,USD
OFR-004131-V1,OFR-004131,APP-0057885,REQ-2025-01128,1,1,initial,superseded,false,2026-02-03,,,,,,2026-04-13,255000,USD
OFR-004131-V2,OFR-004131,APP-0057885,REQ-2025-01128,1,2,negotiation_revision,accepted,true,2026-02-04,2026-02-06,,,,,2026-04-13,269500,USD
OFR-004132-V1,OFR-004132,APP-0057890,REQ-2025-01142,1,1,initial,accepted,true,2026-01-26,2026-01-29,,,,,2026-03-02,70000,USD
OFR-004133-V1,OFR-004133,APP-0057895,REQ-2025-01144,1,1,initial,accepted,false,2026-01-06,2026-01-09,,,,,2026-02-16,99000,USD
OFR-004133-V2,OFR-004133,APP-0057895,REQ-2025-01144,1,2,letter_reissue,accepted,true,2026-01-21,2026-01-21,,,,,2026-02-16,99000,USD
OFR-004134-V1,OFR-004134,APP-0057919,REQ-2025-01163,1,1,initial,superseded,false,2026-01-01,,,,,,2026-02-16,104000,USD
OFR-004134-V2,OFR-004134,APP-0057919,REQ-2025-01163,1,2,negotiation_revision,accepted,false,2026-01-03,2026-01-09,,,,,2026-02-16,109500,USD
OFR-004134-V3,OFR-004134,APP-0057919,REQ-2025-01163,1,3,start_date_revision,accepted,true,2026-01-23,2026-01-23,,,,,2026-03-09,109500,USD
OFR-004135-V1,OFR-004135,APP-0057952,REQ-2025-01106,1,1,initial,accepted,true,2026-01-04,2026-01-09,,,,,2026-02-23,151500,USD
OFR-004136-V1,OFR-004136,APP-0057954,REQ-2025-01110,1,1,initial,withdrawn,true,2025-12-25,,,2025-12-29,,,2026-01-22,47000,USD
OFR-004137-V1,OFR-004137,APP-0057955,REQ-2025-01110,1,1,initial,withdrawn,true,2025-12-25,,,2025-12-27,,,2026-01-22,43000,USD
OFR-004138-V1,OFR-004138,APP-0057956,REQ-2025-01110,1,1,initial,withdrawn,true,2025-12-24,,,2025-12-28,,,2026-01-21,47000,USD
OFR-004139-V1,OFR-004139,APP-0057957,REQ-2025-01110,1,1,initial,accepted,true,2025-12-20,2025-12-22,,,,,2026-01-12,51000,USD
OFR-004140-V1,OFR-004140,APP-0057966,REQ-2025-01120,1,1,initial,accepted,true,2026-01-08,2026-01-11,,,,,2026-02-23,143000,USD
OFR-004141-V1,OFR-004141,APP-0057970,REQ-2025-01122,1,1,initial,accepted,true,2025-12-31,2026-01-03,,,,,2026-02-02,75500,USD
OFR-004142-V1,OFR-004142,APP-0057985,REQ-2025-01143,1,1,initial,superseded,false,2026-01-17,,,,,,2026-03-02,128000,USD
OFR-004142-V2,OFR-004142,APP-0057985,REQ-2025-01143,1,2,negotiation_revision,accepted,true,2026-01-22,2026-01-25,,,,,2026-03-02,137000,USD
OFR-004143-V1,OFR-004143,APP-0058003,REQ-2025-01156,1,1,initial,accepted,false,2025-12-29,2025-12-31,,,,,2026-02-02,81500,USD
OFR-004143-V2,OFR-004143,APP-0058003,REQ-2025-01156,1,2,salary_correction,rescinded,true,2026-01-03,2026-01-03,,,2026-01-07,,2026-02-02,81800,USD
OFR-004144-V1,OFR-004144,APP-0058015,REQ-2025-01167,1,1,initial,accepted,false,2025-12-25,2025-12-31,,,,,2026-02-02,89000,USD
OFR-004144-V2,OFR-004144,APP-0058015,REQ-2025-01167,1,2,letter_reissue,accepted,true,2026-01-05,2026-01-05,,,,,2026-02-02,89000,USD
OFR-004145-V1,OFR-004145,APP-0058017,REQ-2025-01170,1,1,initial,declined,true,2025-12-30,,2026-01-03,,,,2026-01-27,99000,USD
OFR-004146-V1,OFR-004146,APP-0058068,REQ-2025-01131,1,1,initial,withdrawn,true,2025-12-23,,,2025-12-28,,,2026-01-20,67000,USD
OFR-004147-V1,OFR-004147,APP-0058071,REQ-2025-01136,1,1,initial,declined,true,2025-12-22,,2025-12-30,,,,2026-01-19,80500,USD
OFR-004148-V1,OFR-004148,APP-0058075,REQ-2025-01141,1,1,initial,accepted,true,2026-01-26,2026-01-31,,,,,2026-03-30,175500,USD
OFR-004149-V1,OFR-004149,APP-0058125,REQ-2025-01041,1,1,initial,withdrawn,true,2026-01-11,,,2026-01-18,,,2026-02-08,123500,USD
OFR-004150-V1,OFR-004150,APP-0058146,REQ-2025-01120,1,1,initial,superseded,false,2026-01-06,,,,,,2026-02-03,134000,USD
OFR-004150-V2,OFR-004150,APP-0058146,REQ-2025-01120,1,2,negotiation_revision,withdrawn,true,2026-01-09,,,2026-01-12,,,2026-02-03,139500,USD
OFR-004151-V1,OFR-004151,APP-0058163,REQ-2025-01138,1,1,initial,accepted,true,2026-01-28,2026-01-29,,,,,2026-02-23,51000,USD
OFR-004152-V1,OFR-004152,APP-0058174,REQ-2025-01145,1,1,initial,accepted,true,2025-12-23,2025-12-26,,,,,2026-01-19,76500,USD
OFR-004153-V1,OFR-004153,APP-0058191,REQ-2025-01166,1,1,initial,accepted,false,2026-01-04,2026-01-12,,,,,2026-02-16,104000,USD
OFR-004153-V2,OFR-004153,APP-0058191,REQ-2025-01166,1,2,start_date_revision,accepted,true,2026-01-22,2026-01-22,,,,,2026-03-02,104000,USD
OFR-004154-V1,OFR-004154,APP-0058209,REQ-2025-00544,1,1,initial,accepted,true,2025-12-21,2025-12-26,,,,,2026-01-12,54000,USD
OFR-004155-V1,OFR-004155,APP-0058238,REQ-2025-01111,1,1,initial,superseded,false,2025-12-24,,,,,,2026-01-19,50500,USD
OFR-004155-V2,OFR-004155,APP-0058238,REQ-2025-01111,1,2,negotiation_revision,accepted,true,2025-12-26,2025-12-27,,,,,2026-01-19,53000,USD
OFR-004156-V1,OFR-004156,APP-0058251,REQ-2025-01137,1,1,initial,declined,true,2026-01-08,,2026-01-13,,,,2026-02-05,67500,USD
OFR-004157-V1,OFR-004157,APP-0058265,REQ-2025-01153,1,1,initial,reneged,true,2026-01-05,2026-01-07,,,,2026-01-09,2026-02-09,101000,USD
OFR-004158-V1,OFR-004158,APP-0058301,REQ-2025-01180,1,1,initial,accepted,true,2025-12-30,2026-01-02,,,,,2026-01-26,50000,USD
OFR-004159-V1,OFR-004159,APP-0058318,REQ-2025-01014,1,1,initial,accepted,true,2026-01-09,2026-01-11,,,,,2026-02-02,67500,USD
OFR-004160-V1,OFR-004160,APP-0058328,REQ-2025-01103,1,1,initial,accepted,true,2026-01-06,2026-01-13,,,,,2026-02-09,83000,USD
OFR-004161-V1,OFR-004161,APP-0058377,REQ-2025-01162,1,1,initial,superseded,false,2025-12-31,,,,,,2026-02-02,66500,USD
OFR-004161-V2,OFR-004161,APP-0058377,REQ-2025-01162,1,2,negotiation_revision,accepted,true,2026-01-02,2026-01-03,,,,,2026-02-02,71500,USD
OFR-004162-V1,OFR-004162,APP-0058391,REQ-2025-01176,1,1,initial,accepted,true,2026-01-05,2026-01-06,,,,,2026-02-09,114500,USD
OFR-004163-V1,OFR-004163,APP-0058411,REQ-2025-01025,1,1,initial,accepted,true,2025-12-27,2025-12-29,,,,,2026-01-12,53500,USD
OFR-004164-V1,OFR-004164,APP-0058457,REQ-2025-01162,1,1,initial,withdrawn,true,2026-01-02,,,2026-01-07,,,2026-01-30,60500,USD
OFR-004165-V1,OFR-004165,APP-0058458,REQ-2025-01162,1,1,initial,accepted,true,2025-12-26,2025-12-30,,,,,2026-01-26,66000,USD
OFR-004166-V1,OFR-004166,APP-0058487,REQ-2025-00965,1,1,initial,declined,true,2026-01-14,,2026-01-16,,,,2026-02-11,91000,USD
OFR-004167-V1,OFR-004167,APP-0058514,REQ-2025-01126,1,1,initial,withdrawn,true,2025-12-24,,,2025-12-26,,,2026-01-21,89500,USD
OFR-004168-V1,OFR-004168,APP-0058526,REQ-2025-01142,1,1,initial,accepted,true,2026-01-01,2026-01-03,,,,,2026-01-26,69500,USD
OFR-004169-V1,OFR-004169,APP-0058546,REQ-2025-01171,1,1,initial,accepted,true,2026-01-10,2026-01-14,,,,,2026-02-16,103000,USD
OFR-004170-V1,OFR-004170,APP-0058566,REQ-2025-01029,1,1,initial,superseded,false,2026-01-12,,,,,,2026-02-16,74000,USD
OFR-004170-V2,OFR-004170,APP-0058566,REQ-2025-01029,1,2,negotiation_revision,accepted,true,2026-01-16,2026-01-17,,,,,2026-02-16,78000,USD
OFR-004171-V1,OFR-004171,APP-0058579,REQ-2025-01101,1,1,initial,accepted,true,2026-01-02,2026-01-03,,,,,2026-03-02,160000,USD
OFR-004172-V1,OFR-004172,APP-0058584,REQ-2025-01116,1,1,initial,declined,true,2026-01-18,,2026-01-21,,,,2026-02-15,93000,USD
OFR-004173-V1,OFR-004173,APP-0058598,REQ-2025-01144,1,1,initial,superseded,false,2026-01-12,,,,,,2026-03-02,100000,USD
OFR-004173-V2,OFR-004173,APP-0058598,REQ-2025-01144,1,2,negotiation_revision,accepted,true,2026-01-14,2026-01-17,,,,,2026-03-02,106000,USD
OFR-004174-V1,OFR-004174,APP-0058599,REQ-2025-01145,1,1,initial,accepted,true,2026-01-05,2026-01-07,,,,,2026-02-02,74000,USD
OFR-004175-V1,OFR-004175,APP-0058619,REQ-2025-01167,1,1,initial,accepted,true,2026-01-06,2026-01-10,,,,,2026-02-16,98000,USD
OFR-004176-V1,OFR-004176,APP-0058625,REQ-2025-01176,1,1,initial,accepted,true,2026-01-02,2026-01-08,,,,,2026-02-09,97500,USD
OFR-004177-V1,OFR-004177,APP-0058626,REQ-2025-01177,1,1,initial,superseded,false,2026-01-10,,,,,,2026-02-23,168000,USD
OFR-004177-V2,OFR-004177,APP-0058626,REQ-2025-01177,1,2,negotiation_revision,accepted,true,2026-01-12,2026-01-16,,,,,2026-02-23,177500,USD
OFR-004178-V1,OFR-004178,APP-0058647,REQ-2025-00987,1,1,initial,accepted,true,2025-12-28,2025-12-31,,,,,2026-01-26,52500,USD
OFR-004179-V1,OFR-004179,APP-0058653,REQ-2025-01054,1,1,initial,reneged,true,2026-01-08,2026-01-09,,,,2026-01-13,2026-02-02,72500,USD
OFR-004180-V1,OFR-004180,APP-0058674,REQ-2025-01124,1,1,initial,accepted,false,2026-01-03,2026-01-06,,,,,2026-01-26,80500,USD
OFR-004180-V2,OFR-004180,APP-0058674,REQ-2025-01124,1,2,letter_reissue,accepted,true,2026-01-17,2026-01-17,,,,,2026-01-26,80500,USD
OFR-004181-V1,OFR-004181,APP-0058708,REQ-2025-01165,1,1,initial,declined,true,2026-01-02,,2026-01-04,,,,2026-01-30,83500,USD
OFR-004182-V1,OFR-004182,APP-0058710,REQ-2025-01165,1,1,initial,superseded,false,2025-12-31,,,,,,2026-01-26,83000,USD
OFR-004182-V2,OFR-004182,APP-0058710,REQ-2025-01165,1,2,negotiation_revision,accepted,false,2026-01-02,2026-01-03,,,,,2026-01-26,86500,USD
OFR-004182-V3,OFR-004182,APP-0058710,REQ-2025-01165,1,3,start_date_revision,accepted,true,2026-01-06,2026-01-06,,,,,2026-02-16,86500,USD
OFR-004183-V1,OFR-004183,APP-0058721,REQ-2025-01180,1,1,initial,superseded,false,2025-12-30,,,,,,2026-01-27,53500,USD
OFR-004183-V2,OFR-004183,APP-0058721,REQ-2025-01180,1,2,negotiation_revision,declined,true,2025-12-31,,2026-01-01,,,,2026-01-27,56500,USD
OFR-004184-V1,OFR-004184,APP-0058750,REQ-2025-01106,1,1,initial,withdrawn,true,2026-01-08,,,2026-01-09,,,2026-02-05,155500,USD
OFR-004185-V1,OFR-004185,APP-0058767,REQ-2025-01146,1,1,initial,accepted,true,2026-01-20,2026-01-24,,,,,2026-02-16,67500,USD
OFR-004186-V1,OFR-004186,APP-0058772,REQ-2025-01155,1,1,initial,accepted,true,2026-01-12,2026-01-15,,,,,2026-02-23,84000,USD
OFR-004187-V1,OFR-004187,APP-0058778,REQ-2025-01162,1,1,initial,accepted,true,2026-01-04,2026-01-06,,,,,2026-01-26,68000,USD
OFR-004188-V1,OFR-004188,APP-0058790,REQ-2025-01172,1,1,initial,accepted,true,2026-01-20,2026-01-23,,,,,2026-02-16,89500,USD
OFR-004189-V1,OFR-004189,APP-0058803,REQ-2025-01203,1,1,initial,declined,true,2025-12-30,,2026-01-02,,,,2026-01-27,64000,USD
OFR-004190-V1,OFR-004190,APP-0058824,REQ-2025-01097,1,1,initial,accepted,true,2026-01-11,2026-01-13,,,,,2026-02-16,113500,USD
OFR-004191-V1,OFR-004191,APP-0058854,REQ-2025-01154,1,1,initial,accepted,true,2026-01-21,2026-01-23,,,,,2026-03-02,114500,USD
OFR-004192-V1,OFR-004192,APP-0058858,REQ-2025-01156,1,1,initial,withdrawn,true,2026-01-03,,,2026-01-07,,,2026-01-31,91000,USD
OFR-004193-V1,OFR-004193,APP-0058870,REQ-2025-01167,1,1,initial,declined,true,2026-01-02,,2026-01-04,,,,2026-01-30,93500,USD
OFR-004194-V1,OFR-004194,APP-0058883,REQ-2025-01188,1,1,initial,accepted,true,2026-01-18,2026-01-21,,,,,2026-03-02,112000,USD
OFR-004195-V1,OFR-004195,APP-0058888,REQ-2025-01204,1,1,initial,superseded,false,2026-01-05,,,,,,2026-02-09,58000,USD
OFR-004195-V2,OFR-004195,APP-0058888,REQ-2025-01204,1,2,negotiation_revision,accepted,true,2026-01-07,2026-01-08,,,,,2026-02-09,61500,USD
OFR-004196-V1,OFR-004196,APP-0058892,REQ-2025-00288,1,1,initial,accepted,false,2026-01-17,2026-01-21,,,,,2026-02-09,74000,USD
OFR-004196-V2,OFR-004196,APP-0058892,REQ-2025-00288,1,2,start_date_revision,accepted,true,2026-02-01,2026-02-01,,,,,2026-02-16,74000,USD
OFR-004197-V1,OFR-004197,APP-0058895,REQ-2025-00499,1,1,initial,superseded,false,2026-01-14,,,,,,2026-02-23,118500,USD
OFR-004197-V2,OFR-004197,APP-0058895,REQ-2025-00499,1,2,negotiation_revision,accepted,true,2026-01-15,2026-01-18,,,,,2026-02-23,123000,USD
OFR-004198-V1,OFR-004198,APP-0058906,REQ-2025-00960,1,1,initial,accepted,true,2026-01-11,2026-01-16,,,,,2026-02-09,100000,USD
OFR-004199-V1,OFR-004199,APP-0058907,REQ-2025-00979,1,1,initial,superseded,false,2026-02-17,,,,,,2026-03-30,170000,USD
OFR-004199-V2,OFR-004199,APP-0058907,REQ-2025-00979,1,2,negotiation_revision,accepted,true,2026-02-21,2026-02-23,,,,,2026-03-30,182500,USD
OFR-004200-V1,OFR-004200,APP-0058911,REQ-2025-01029,1,1,initial,withdrawn,true,2026-01-14,,,2026-01-18,,,2026-02-11,72500,USD
OFR-004201-V1,OFR-004201,APP-0058929,REQ-2025-01135,1,1,initial,accepted,true,2026-01-23,2026-01-27,,,,,2026-02-23,78000,USD
OFR-004202-V1,OFR-004202,APP-0058930,REQ-2025-01137,1,1,initial,declined,true,2026-01-09,,2026-01-14,,,,2026-02-06,67000,USD
OFR-004203-V1,OFR-004203,APP-0058960,REQ-2025-01166,1,1,initial,accepted,true,2026-01-13,2026-01-17,,,,,2026-02-23,102500,USD
OFR-004204-V1,OFR-004204,APP-0058973,REQ-2025-01200,1,1,initial,accepted,true,2026-01-30,2026-02-15,,,,,2026-03-30,173500,USD
OFR-004205-V1,OFR-004205,APP-0058978,REQ-2025-01203,1,1,initial,accepted,true,2026-01-11,2026-01-13,,,,,2026-02-09,59000,USD
OFR-004206-V1,OFR-004206,APP-0058993,REQ-2025-00812,1,1,initial,accepted,true,2026-01-31,2026-02-01,,,,,2026-03-09,142000,USD
OFR-004207-V1,OFR-004207,APP-0059002,REQ-2025-00994,1,1,initial,accepted,true,2026-01-11,2026-01-16,,,,,2026-02-02,59500,USD
OFR-004208-V1,OFR-004208,APP-0059017,REQ-2025-01117,1,1,initial,superseded,false,2026-01-17,,,,,,2026-02-09,72500,USD
OFR-004208-V2,OFR-004208,APP-0059017,REQ-2025-01117,1,2,negotiation_revision,accepted,true,2026-01-18,2026-01-20,,,,,2026-02-09,77500,USD
OFR-004209-V1,OFR-004209,APP-0059030,REQ-2025-01144,1,1,initial,withdrawn,true,2026-01-14,,,2026-01-18,,,2026-02-11,99500,USD
OFR-004210-V1,OFR-004210,APP-0059031,REQ-2025-01144,1,1,initial,accepted,true,2026-01-09,2026-01-12,,,,,2026-02-23,99000,USD
OFR-004211-V1,OFR-004211,APP-0059049,REQ-2025-01162,1,1,initial,withdrawn,true,2026-01-04,,,2026-01-06,,,2026-02-01,68500,USD
OFR-004212-V1,OFR-004212,APP-0059052,REQ-2025-01165,1,1,initial,accepted,true,2026-01-07,2026-01-15,,,,,2026-02-16,85000,USD
OFR-004213-V1,OFR-004213,APP-0059063,REQ-2025-01178,1,1,initial,accepted,true,2026-01-09,2026-01-12,,,,,2026-02-09,125500,USD
OFR-004214-V1,OFR-004214,APP-0059079,REQ-2025-01196,1,1,initial,accepted,true,2026-01-12,2026-01-14,,,,,2026-02-23,107500,USD
OFR-004215-V1,OFR-004215,APP-0059107,REQ-2025-01078,1,1,initial,accepted,true,2026-01-14,2026-01-22,,,,,2026-02-09,58500,USD
OFR-004216-V1,OFR-004216,APP-0059120,REQ-2025-01144,1,1,initial,accepted,false,2026-01-02,2026-01-06,,,,,2026-02-16,88000,USD
OFR-004216-V2,OFR-004216,APP-0059120,REQ-2025-01144,1,2,letter_reissue,accepted,true,2026-01-11,2026-01-11,,,,,2026-02-16,88000,USD
OFR-004217-V1,OFR-004217,APP-0059127,REQ-2025-01160,1,1,initial,accepted,false,2026-01-07,2026-01-09,,,,,2026-02-16,113000,USD
OFR-004217-V2,OFR-004217,APP-0059127,REQ-2025-01160,1,2,start_date_revision,accepted,true,2026-01-15,2026-01-15,,,,,2026-03-02,113000,USD
OFR-004218-V1,OFR-004218,APP-0059136,REQ-2025-01174,1,1,initial,declined,true,2026-01-07,,2026-01-09,,,,2026-02-04,174000,USD
OFR-004219-V1,OFR-004219,APP-0059171,REQ-2025-00627,1,1,initial,accepted,true,2026-01-03,2026-01-05,,,,,2026-02-02,76500,USD
OFR-004220-V1,OFR-004220,APP-0059199,REQ-2025-01122,1,1,initial,accepted,false,2026-01-12,2026-01-17,,,,,2026-02-16,65000,USD
OFR-004220-V2,OFR-004220,APP-0059199,REQ-2025-01122,1,2,salary_correction,rescinded,true,2026-01-24,2026-01-24,,,2026-01-27,,2026-02-16,66200,USD
OFR-004221-V1,OFR-004221,APP-0059261,REQ-2025-01098,1,1,initial,accepted,true,2026-01-24,2026-01-25,,,,,2026-03-02,95000,USD
OFR-004222-V1,OFR-004222,APP-0059274,REQ-2025-01144,1,1,initial,accepted,true,2026-01-09,2026-01-14,,,,,2026-02-23,89000,USD
OFR-004223-V1,OFR-004223,APP-0059324,REQ-2025-01222,1,1,initial,accepted,true,2026-01-03,2026-01-04,,,,,2026-01-19,46500,USD
OFR-004224-V1,OFR-004224,APP-0059365,REQ-2025-01144,1,1,initial,accepted,false,2026-01-11,2026-01-15,,,,,2026-02-23,91000,USD
OFR-004224-V2,OFR-004224,APP-0059365,REQ-2025-01144,1,2,letter_reissue,accepted,true,2026-01-25,2026-01-25,,,,,2026-02-23,91000,USD
OFR-004225-V1,OFR-004225,APP-0059385,REQ-2025-01170,1,1,initial,accepted,false,2026-01-08,2026-01-14,,,,,2026-02-23,100000,USD
OFR-004225-V2,OFR-004225,APP-0059385,REQ-2025-01170,1,2,start_date_revision,accepted,true,2026-01-24,2026-01-24,,,,,2026-03-16,100000,USD
OFR-004226-V1,OFR-004226,APP-0059386,REQ-2025-01173,1,1,initial,accepted,true,2026-01-09,2026-01-13,,,,,2026-03-02,122000,USD
OFR-004227-V1,OFR-004227,APP-0059394,REQ-2025-01187,1,1,initial,accepted,true,2026-01-29,2026-01-31,,,,,2026-03-09,103500,USD
OFR-004228-V1,OFR-004228,APP-0059398,REQ-2025-01205,1,1,initial,declined,true,2026-01-22,,2026-01-29,,,,2026-02-19,76000,USD
OFR-004229-V1,OFR-004229,APP-0059409,REQ-2025-01222,1,1,initial,superseded,false,2026-01-08,,,,,,2026-02-02,44000,USD
OFR-004229-V2,OFR-004229,APP-0059409,REQ-2025-01222,1,2,negotiation_revision,accepted,true,2026-01-09,2026-01-11,,,,,2026-02-02,45500,USD
OFR-004230-V1,OFR-004230,APP-0059412,REQ-2025-01225,1,1,initial,declined,true,2026-01-26,,2026-02-06,,,,2026-02-23,142000,USD
OFR-004231-V1,OFR-004231,APP-0059421,REQ-2024-01203,1,1,initial,accepted,true,2026-01-27,2026-01-31,,,,,2026-02-23,80000,USD
OFR-004232-V1,OFR-004232,APP-0059423,REQ-2025-00524,1,1,initial,superseded,false,2026-01-22,,,,,,2026-03-02,117000,USD
OFR-004232-V2,OFR-004232,APP-0059423,REQ-2025-00524,1,2,negotiation_revision,accepted,true,2026-01-23,2026-01-26,,,,,2026-03-02,120500,USD
OFR-004233-V1,OFR-004233,APP-0059432,REQ-2025-00870,1,1,initial,reneged,true,2026-01-18,2026-01-23,,,,2026-01-28,2026-02-16,72500,USD
OFR-004234-V1,OFR-004234,APP-0059510,REQ-2025-01228,1,1,initial,accepted,true,2026-01-13,2026-01-16,,,,,2026-03-02,85000,USD
OFR-004235-V1,OFR-004235,APP-0059541,REQ-2025-01142,1,1,initial,accepted,true,2026-01-18,2026-01-22,,,,,2026-02-16,65000,USD
OFR-004236-V1,OFR-004236,APP-0059560,REQ-2025-01209,1,1,initial,accepted,true,2026-01-12,2026-01-18,,,,,2026-02-23,85500,USD
OFR-004237-V1,OFR-004237,APP-0059576,REQ-2025-01228,1,1,initial,accepted,false,2026-01-12,2026-01-15,,,,,2026-02-23,86500,USD
OFR-004237-V2,OFR-004237,APP-0059576,REQ-2025-01228,1,2,letter_reissue,accepted,true,2026-01-27,2026-01-27,,,,,2026-02-23,86500,USD
OFR-004238-V1,OFR-004238,APP-0059588,REQ-2025-00669,1,1,initial,accepted,true,2026-01-13,2026-01-21,,,,,2026-02-23,146000,USD
OFR-004239-V1,OFR-004239,APP-0059602,REQ-2025-01083,1,1,initial,declined,true,2026-01-15,,2026-01-17,,,,2026-02-12,81500,USD
OFR-004240-V1,OFR-004240,APP-0059610,REQ-2025-01154,1,1,initial,accepted,true,2026-01-16,2026-01-22,,,,,2026-03-02,98000,USD
OFR-004241-V1,OFR-004241,APP-0059623,REQ-2025-01187,1,1,initial,accepted,true,2026-01-28,2026-01-30,,,,,2026-03-09,104500,USD
OFR-004242-V1,OFR-004242,APP-0059634,REQ-2025-01203,1,1,initial,accepted,false,2026-01-18,2026-01-20,,,,,2026-02-16,62000,USD
OFR-004242-V2,OFR-004242,APP-0059634,REQ-2025-01203,1,2,letter_reissue,accepted,true,2026-01-26,2026-01-26,,,,,2026-02-16,62000,USD
OFR-004243-V1,OFR-004243,APP-0059653,REQ-2025-01222,1,1,initial,accepted,true,2026-01-14,2026-01-17,,,,,2026-02-09,46000,USD
OFR-004244-V1,OFR-004244,APP-0059681,REQ-2025-00855,1,1,initial,declined,true,2026-01-22,,2026-01-26,,,,2026-02-19,76000,USD
OFR-004245-V1,OFR-004245,APP-0059691,REQ-2025-01140,1,1,initial,accepted,true,2026-01-20,2026-01-29,,,,,2026-03-02,103500,USD
OFR-004246-V1,OFR-004246,APP-0059714,REQ-2025-01185,1,1,initial,accepted,true,2026-01-26,2026-01-29,,,,,2026-03-09,106000,USD
OFR-004247-V1,OFR-004247,APP-0059720,REQ-2025-01198,1,1,initial,accepted,true,2026-01-17,2026-01-20,,,,,2026-02-23,127000,USD
OFR-004248-V1,OFR-004248,APP-0059726,REQ-2025-01206,1,1,initial,accepted,true,2026-02-10,2026-02-16,,,,,2026-04-20,193000,USD
OFR-004249-V1,OFR-004249,APP-0059731,REQ-2025-01211,1,1,initial,superseded,false,2026-01-30,,,,,,2026-02-27,110000,USD
OFR-004249-V2,OFR-004249,APP-0059731,REQ-2025-01211,1,2,negotiation_revision,declined,true,2026-02-01,,2026-02-02,,,,2026-02-27,116000,USD
OFR-004250-V1,OFR-004250,APP-0059746,REQ-2025-01227,1,1,initial,accepted,true,2026-01-12,2026-01-19,,,,,2026-02-16,75500,USD
OFR-004251-V1,OFR-004251,APP-0059755,REQ-2025-01244,1,1,initial,accepted,true,2026-01-18,2026-01-21,,,,,2026-02-09,66000,USD
OFR-004252-V1,OFR-004252,APP-0059793,REQ-2025-01187,1,1,initial,declined,true,2026-01-22,,2026-01-25,,,,2026-02-19,97000,USD
OFR-004253-V1,OFR-004253,APP-0059804,REQ-2025-01206,1,1,initial,withdrawn,true,2026-02-06,,,2026-02-20,,,2026-03-06,181000,USD
OFR-004254-V1,OFR-004254,APP-0059809,REQ-2025-01209,1,1,initial,accepted,true,2026-01-24,2026-01-27,,,,,2026-03-09,88000,USD
OFR-004255-V1,OFR-004255,APP-0059818,REQ-2025-01218,1,1,initial,accepted,true,2026-01-19,2026-01-21,,,,,2026-03-02,99500,USD
OFR-004256-V1,OFR-004256,APP-0059836,REQ-2025-01228,1,1,initial,accepted,true,2026-01-23,2026-01-24,,,,,2026-03-02,78500,USD
OFR-004257-V1,OFR-004257,APP-0059837,REQ-2025-01228,1,1,initial,accepted,true,2026-01-30,2026-02-01,,,,,2026-03-09,86000,USD
OFR-004258-V1,OFR-004258,APP-0059838,REQ-2025-01228,1,1,initial,superseded,false,2026-01-19,,,,,,2026-02-23,80500,USD
OFR-004258-V2,OFR-004258,APP-0059838,REQ-2025-01228,1,2,negotiation_revision,accepted,true,2026-01-21,2026-01-22,,,,,2026-02-23,84500,USD
OFR-004259-V1,OFR-004259,APP-0059850,REQ-2025-01244,1,1,initial,declined,true,2026-01-18,,2026-01-22,,,,2026-02-15,62500,USD
OFR-004260-V1,OFR-004260,APP-0059852,REQ-2025-01244,1,1,initial,accepted,true,2026-01-23,2026-01-28,,,,,2026-02-23,64500,USD
OFR-004261-V1,OFR-004261,APP-0059853,REQ-2025-01245,1,1,initial,superseded,false,2026-01-14,,,,,,2026-02-16,90000,USD
OFR-004261-V2,OFR-004261,APP-0059853,REQ-2025-01245,1,2,negotiation_revision,accepted,true,2026-01-15,2026-01-16,,,,,2026-02-16,94000,USD
OFR-004262-V1,OFR-004262,APP-0059854,REQ-2025-01246,1,1,initial,withdrawn,true,2026-01-23,,,2026-01-28,,,2026-02-20,112500,USD
OFR-004263-V1,OFR-004263,APP-0059857,REQ-2024-00760,1,1,initial,declined,true,2026-02-12,,2026-02-21,,,,2026-03-12,84000,USD
OFR-004264-V1,OFR-004264,APP-0059873,REQ-2025-01129,1,1,initial,accepted,true,2026-01-25,2026-01-28,,,,,2026-02-23,67500,USD
OFR-004265-V1,OFR-004265,APP-0059899,REQ-2025-01194,1,1,initial,accepted,true,2026-01-14,2026-01-20,,,,,2026-02-16,70500,USD
OFR-004266-V1,OFR-004266,APP-0059906,REQ-2025-01203,1,1,initial,withdrawn,true,2026-01-19,,,2026-01-20,,,2026-02-16,64500,USD
OFR-004267-V1,OFR-004267,APP-0059921,REQ-2025-01215,1,1,initial,superseded,false,2026-02-03,,,,,,2026-03-23,117000,USD
OFR-004267-V2,OFR-004267,APP-0059921,REQ-2025-01215,1,2,negotiation_revision,accepted,true,2026-02-08,2026-02-09,,,,,2026-03-23,123500,USD
OFR-004268-V1,OFR-004268,APP-0059930,REQ-2025-01222,1,1,initial,superseded,false,2026-01-14,,,,,,2026-02-16,49000,USD
OFR-004268-V2,OFR-004268,APP-0059930,REQ-2025-01222,1,2,negotiation_revision,accepted,true,2026-01-15,2026-01-24,,,,,2026-02-16,52500,USD
OFR-004269-V1,OFR-004269,APP-0059931,REQ-2025-01222,1,1,initial,accepted,false,2026-01-17,2026-01-20,,,,,2026-02-09,49500,USD
OFR-004269-V2,OFR-004269,APP-0059931,REQ-2025-01222,1,2,letter_reissue,accepted,true,2026-01-24,2026-01-24,,,,,2026-02-09,49500,USD
OFR-004270-V1,OFR-004270,APP-0059934,REQ-2025-01228,1,1,initial,declined,true,2026-01-13,,2026-01-18,,,,2026-02-10,83500,USD
OFR-004271-V1,OFR-004271,APP-0059961,REQ-2025-00664,1,1,initial,accepted,true,2026-01-11,2026-01-14,,,,,2026-02-23,105000,USD
OFR-004272-V1,OFR-004272,APP-0059968,REQ-2025-00994,1,1,initial,declined,true,2026-01-16,,2026-01-17,,,,2026-02-13,54500,USD
OFR-004273-V1,OFR-004273,APP-0059990,REQ-2025-01184,1,1,initial,superseded,false,2026-01-23,,,,,,2026-03-02,105500,USD
OFR-004273-V2,OFR-004273,APP-0059990,REQ-2025-01184,1,2,negotiation_revision,reneged,true,2026-01-24,2026-01-25,,,,2026-02-26,2026-03-02,108500,USD
OFR-004274-V1,OFR-004274,APP-0060005,REQ-2025-01209,1,1,initial,accepted,true,2026-01-24,2026-01-31,,,,,2026-03-02,87000,USD
OFR-004275-V1,OFR-004275,APP-0060025,REQ-2025-01228,1,1,initial,reneged,true,2026-01-25,2026-01-27,,,,2026-02-27,2026-03-02,83000,USD
OFR-004276-V1,OFR-004276,APP-0060027,REQ-2025-01234,1,1,initial,accepted,true,2026-01-22,2026-01-26,,,,,2026-02-16,44500,USD
OFR-004277-V1,OFR-004277,APP-0060029,REQ-2025-01241,1,1,initial,declined,true,2026-01-25,,2026-01-28,,,,2026-02-22,74000,USD
OFR-004278-V1,OFR-004278,APP-0060067,REQ-2025-01159,1,1,initial,withdrawn,true,2026-01-31,,,2026-02-03,,,2026-02-28,87000,USD
OFR-004279-V1,OFR-004279,APP-0060078,REQ-2025-01203,1,1,initial,withdrawn,true,2026-01-18,,,2026-01-20,,,2026-02-15,68000,USD
OFR-004280-V1,OFR-004280,APP-0060084,REQ-2025-01209,1,1,initial,reneged,true,2026-01-23,2026-01-27,,,,2026-02-20,2026-03-02,86500,USD
OFR-004281-V1,OFR-004281,APP-0060099,REQ-2025-01222,1,1,initial,accepted,false,2026-01-14,2026-01-17,,,,,2026-02-16,50000,USD
OFR-004281-V2,OFR-004281,APP-0060099,REQ-2025-01222,1,2,letter_reissue,accepted,true,2026-02-01,2026-02-01,,,,,2026-02-16,50000,USD
OFR-004282-V1,OFR-004282,APP-0060108,REQ-2025-01237,1,1,initial,accepted,true,2026-01-28,2026-01-30,,,,,2026-03-16,145500,USD
OFR-004283-V1,OFR-004283,APP-0060116,REQ-2025-01244,1,1,initial,withdrawn,true,2026-01-27,,,2026-01-28,,,2026-02-24,58500,USD
OFR-004284-V1,OFR-004284,APP-0060122,REQ-2025-01254,1,1,initial,accepted,true,2026-01-27,2026-02-01,,,,,2026-02-23,54000,USD
OFR-004285-V1,OFR-004285,APP-0060133,REQ-2024-00850,1,1,initial,superseded,false,2026-01-26,,,,,,2026-03-02,89500,USD
OFR-004285-V2,OFR-004285,APP-0060133,REQ-2024-00850,1,2,negotiation_revision,accepted,false,2026-01-30,2026-02-05,,,,,2026-03-02,96000,USD
OFR-004285-V3,OFR-004285,APP-0060133,REQ-2024-00850,1,3,letter_reissue,accepted,true,2026-02-17,2026-02-17,,,,,2026-03-02,96000,USD
OFR-004286-V1,OFR-004286,APP-0060159,REQ-2025-01161,1,1,initial,reneged,true,2026-01-22,2026-01-27,,,,2026-01-31,2026-03-02,136500,USD
OFR-004287-V1,OFR-004287,APP-0060161,REQ-2025-01165,1,1,initial,accepted,true,2026-01-25,2026-01-26,,,,,2026-03-02,83000,USD
OFR-004288-V1,OFR-004288,APP-0060163,REQ-2025-01174,1,1,initial,superseded,false,2026-01-17,,,,,,2026-03-16,173500,USD
OFR-004288-V2,OFR-004288,APP-0060163,REQ-2025-01174,1,2,negotiation_revision,accepted,true,2026-01-24,2026-01-26,,,,,2026-03-16,179500,USD
OFR-004289-V1,OFR-004289,APP-0060180,REQ-2025-01210,1,1,initial,reneged,true,2026-01-27,2026-01-28,,,,2026-02-02,2026-03-02,98000,USD
OFR-004290-V1,OFR-004290,APP-0060182,REQ-2025-01211,1,1,initial,accepted,false,2026-01-14,2026-01-17,,,,,2026-02-16,111500,USD
OFR-004290-V2,OFR-004290,APP-0060182,REQ-2025-01211,1,2,start_date_revision,accepted,true,2026-02-01,2026-02-01,,,,,2026-03-09,111500,USD
OFR-004291-V1,OFR-004291,APP-0060190,REQ-2025-01226,1,1,initial,declined,true,2026-02-03,,2026-02-04,,,,2026-03-03,93500,USD
OFR-004292-V1,OFR-004292,APP-0060192,REQ-2025-01228,1,1,initial,withdrawn,true,2026-01-29,,,2026-02-05,,,2026-02-26,88000,USD
OFR-004293-V1,OFR-004293,APP-0060203,REQ-2025-01242,1,1,initial,accepted,true,2026-01-25,2026-01-29,,,,,2026-02-23,81500,USD
OFR-004294-V1,OFR-004294,APP-0060235,REQ-2025-00897,1,1,initial,declined,true,2026-01-30,,2026-02-04,,,,2026-02-27,129500,USD
OFR-004295-V1,OFR-004295,APP-0060242,REQ-2025-01056,1,1,initial,superseded,false,2026-01-25,,,,,,2026-02-22,62000,USD
OFR-004295-V2,OFR-004295,APP-0060242,REQ-2025-01056,1,2,negotiation_revision,declined,true,2026-01-27,,2026-01-28,,,,2026-02-22,64500,USD
OFR-004296-V1,OFR-004296,APP-0060256,REQ-2025-01159,1,1,initial,accepted,false,2026-01-30,2026-02-02,,,,,2026-03-02,76000,USD
OFR-004296-V2,OFR-004296,APP-0060256,REQ-2025-01159,1,2,salary_correction,accepted,true,2026-02-08,2026-02-08,,,,,2026-03-02,75300,USD
OFR-004297-V1,OFR-004297,APP-0060273,REQ-2025-01213,1,1,initial,declined,true,2026-02-02,,2026-02-04,,,,2026-03-02,82000,USD
OFR-004298-V1,OFR-004298,APP-0060285,REQ-2025-01222,1,1,initial,withdrawn,true,2026-01-25,,,2026-01-28,,,2026-02-22,51000,USD
OFR-004299-V1,OFR-004299,APP-0060292,REQ-2025-01222,1,1,initial,accepted,false,2026-01-15,2026-01-22,,,,,2026-02-09,43000,USD
OFR-004299-V2,OFR-004299,APP-0060292,REQ-2025-01222,1,2,letter_reissue,accepted,true,2026-02-03,2026-02-03,,,,,2026-02-09,43000,USD
OFR-004300-V1,OFR-004300,APP-0060305,REQ-2025-01228,1,1,initial,accepted,true,2026-01-18,2026-01-20,,,,,2026-02-16,86000,USD
OFR-004301-V1,OFR-004301,APP-0060316,REQ-2025-01244,1,1,initial,withdrawn,true,2026-01-24,,,2026-01-28,,,2026-02-21,62500,USD
OFR-004302-V1,OFR-004302,APP-0060320,REQ-2025-01246,1,1,initial,accepted,true,2026-01-23,2026-01-26,,,,,2026-03-02,114000,USD
OFR-004303-V1,OFR-004303,APP-0060326,REQ-2025-01256,1,1,initial,accepted,true,2026-01-22,2026-01-24,,,,,2026-03-02,77500,USD
OFR-004304-V1,OFR-004304,APP-0060328,REQ-2025-01257,1,1,initial,accepted,true,2026-01-27,2026-01-28,,,,,2026-03-02,61500,USD
OFR-004305-V1,OFR-004305,APP-0060337,REQ-2025-00350,1,1,initial,accepted,true,2026-01-29,2026-02-04,,,,,2026-03-16,126500,USD
OFR-004306-V1,OFR-004306,APP-0060363,REQ-2025-01105,1,1,initial,superseded,false,2026-01-30,,,,,,2026-02-23,75500,USD
OFR-004306-V2,OFR-004306,APP-0060363,REQ-2025-01105,1,2,negotiation_revision,accepted,true,2026-01-31,2026-02-01,,,,,2026-02-23,80000,USD
OFR-004307-V1,OFR-004307,APP-0060374,REQ-2025-01185,1,1,initial,withdrawn,true,2026-01-29,,,2026-01-29,,,2026-02-26,105500,USD
OFR-004308-V1,OFR-004308,APP-0060398,REQ-2025-01223,1,1,initial,accepted,true,2026-01-12,2026-01-15,,,,,2026-02-09,61000,USD
OFR-004309-V1,OFR-004309,APP-0060493,REQ-2025-01222,1,1,initial,declined,true,2026-01-17,,2026-01-21,,,,2026-02-14,50000,USD
OFR-004310-V1,OFR-004310,APP-0060495,REQ-2025-01222,1,1,initial,withdrawn,true,2026-01-22,,,2026-01-29,,,2026-02-19,50500,USD
OFR-004311-V1,OFR-004311,APP-0060517,REQ-2025-01243,1,1,initial,accepted,true,2026-01-19,2026-01-26,,,,,2026-03-02,132000,USD
OFR-004312-V1,OFR-004312,APP-0060518,REQ-2025-01244,1,1,initial,withdrawn,true,2026-01-26,,,2026-01-28,,,2026-02-23,68500,USD
OFR-004313-V1,OFR-004313,APP-0060539,REQ-2026-00012,1,1,initial,accepted,true,2026-01-23,2026-01-26,,,,,2026-02-09,49000,USD
OFR-004314-V1,OFR-004314,APP-0060550,REQ-2025-00956,1,1,initial,accepted,false,2026-01-30,2026-02-04,,,,,2026-03-09,104500,USD
OFR-004314-V2,OFR-004314,APP-0060550,REQ-2025-00956,1,2,start_date_revision,accepted,true,2026-02-18,2026-02-18,,,,,2026-03-30,104500,USD
OFR-004315-V1,OFR-004315,APP-0060551,REQ-2025-00962,1,1,initial,accepted,true,2026-02-02,2026-02-07,,,,,2026-03-02,66500,USD
OFR-004316-V1,OFR-004316,APP-0060593,REQ-2025-01208,1,1,initial,superseded,false,2026-02-06,,,,,,2026-03-23,137000,USD
OFR-004316-V2,OFR-004316,APP-0060593,REQ-2025-01208,1,2,negotiation_revision,accepted,true,2026-02-08,2026-02-16,,,,,2026-03-23,147000,USD
OFR-004317-V1,OFR-004317,APP-0060597,REQ-2025-01214,1,1,initial,accepted,true,2026-01-29,2026-02-03,,,,,2026-02-23,52500,USD
OFR-004318-V1,OFR-004318,APP-0060638,REQ-2025-01262,1,1,initial,accepted,true,2026-02-12,2026-02-16,,,,,2026-03-23,86000,USD
OFR-004319-V1,OFR-004319,APP-0060664,REQ-2025-00965,1,1,initial,accepted,true,2026-03-09,2026-03-14,,,,,2026-04-20,91500,USD
OFR-004320-V1,OFR-004320,APP-0060705,REQ-2025-01223,1,1,initial,accepted,false,2026-01-24,2026-01-26,,,,,2026-02-16,57500,USD
OFR-004320-V2,OFR-004320,APP-0060705,REQ-2025-01223,1,2,start_date_revision,accepted,true,2026-02-06,2026-02-06,,,,,2026-03-09,57500,USD
OFR-004321-V1,OFR-004321,APP-0060713,REQ-2025-01232,1,1,initial,accepted,true,2026-01-21,2026-01-26,,,,,2026-03-02,139000,USD
OFR-004322-V1,OFR-004322,APP-0060734,REQ-2025-01260,1,1,initial,accepted,true,2026-01-20,2026-01-22,,,,,2026-02-16,50500,USD
OFR-004323-V1,OFR-004323,APP-0060739,REQ-2026-00009,1,1,initial,accepted,true,2026-01-23,2026-01-25,,,,,2026-02-23,60000,USD
OFR-004324-V1,OFR-004324,APP-0060767,REQ-2025-01109,1,1,initial,accepted,false,2026-02-16,2026-02-18,,,,,2026-03-23,139500,USD
OFR-004324-V2,OFR-004324,APP-0060767,REQ-2025-01109,1,2,letter_reissue,accepted,true,2026-02-20,2026-02-20,,,,,2026-03-23,139500,USD
OFR-004325-V1,OFR-004325,APP-0060779,REQ-2025-01187,1,1,initial,accepted,true,2026-02-09,2026-02-15,,,,,2026-03-30,93500,USD
OFR-004326-V1,OFR-004326,APP-0060785,REQ-2025-01211,1,1,initial,accepted,true,2026-02-05,2026-02-16,,,,,2026-03-23,99500,USD
OFR-004327-V1,OFR-004327,APP-0060812,REQ-2025-01244,1,1,initial,withdrawn,true,2026-01-24,,,2026-01-28,,,2026-02-21,67000,USD
OFR-004328-V1,OFR-004328,APP-0060847,REQ-2025-00688,1,1,initial,superseded,false,2026-02-02,,,,,,2026-03-02,75000,USD
OFR-004328-V2,OFR-004328,APP-0060847,REQ-2025-00688,1,2,negotiation_revision,accepted,false,2026-02-06,2026-02-07,,,,,2026-03-02,80500,USD
OFR-004328-V3,OFR-004328,APP-0060847,REQ-2025-00688,1,3,start_date_revision,accepted,true,2026-02-20,2026-02-20,,,,,2026-03-23,80500,USD
OFR-004329-V1,OFR-004329,APP-0060854,REQ-2025-01060,1,1,initial,accepted,true,2026-01-28,2026-02-07,,,,,2026-03-09,80000,USD
OFR-004330-V1,OFR-004330,APP-0060856,REQ-2025-01072,1,1,initial,reneged,true,2026-01-24,2026-01-25,,,,2026-01-26,2026-02-09,59000,USD
OFR-004331-V1,OFR-004331,APP-0060896,REQ-2025-01233,1,1,initial,accepted,false,2026-02-12,2026-02-17,,,,,2026-04-13,153500,USD
OFR-004331-V2,OFR-004331,APP-0060896,REQ-2025-01233,1,2,letter_reissue,accepted,true,2026-03-04,2026-03-04,,,,,2026-04-13,153500,USD
OFR-004332-V1,OFR-004332,APP-0060919,REQ-2026-00001,1,1,initial,accepted,false,2026-02-02,2026-02-06,,,,,2026-03-30,119500,USD
OFR-004332-V2,OFR-004332,APP-0060919,REQ-2026-00001,1,2,start_date_revision,accepted,true,2026-02-12,2026-02-12,,,,,2026-04-13,119500,USD
OFR-004333-V1,OFR-004333,APP-0060992,REQ-2025-01244,1,1,initial,withdrawn,true,2026-01-24,,,2026-01-28,,,2026-02-21,65000,USD
OFR-004334-V1,OFR-004334,APP-0061027,REQ-2025-00923,1,1,initial,superseded,false,2026-02-10,,,,,,2026-03-30,130000,USD
OFR-004334-V2,OFR-004334,APP-0061027,REQ-2025-00923,1,2,negotiation_revision,accepted,true,2026-02-13,2026-02-14,,,,,2026-03-30,137500,USD
OFR-004335-V1,OFR-004335,APP-0061075,REQ-2025-01241,1,1,initial,accepted,true,2026-02-11,2026-02-13,,,,,2026-03-16,75000,USD
OFR-004336-V1,OFR-004336,APP-0061082,REQ-2025-01255,1,1,initial,accepted,true,2026-01-26,2026-01-28,,,,,2026-03-09,89500,USD
OFR-004337-V1,OFR-004337,APP-0061101,REQ-2026-00014,1,1,initial,superseded,false,2026-02-07,,,,,,2026-03-07,71500,USD
OFR-004337-V2,OFR-004337,APP-0061101,REQ-2026-00014,1,2,negotiation_revision,declined,true,2026-02-10,,2026-02-11,,,,2026-03-07,74500,USD
OFR-004338-V1,OFR-004338,APP-0061111,REQ-2025-00440,1,1,initial,accepted,false,2026-02-02,2026-02-04,,,,,2026-03-09,154500,USD
OFR-004338-V2,OFR-004338,APP-0061111,REQ-2025-00440,1,2,salary_correction,accepted,true,2026-02-06,2026-02-06,,,,,2026-03-09,155400,USD
OFR-004339-V1,OFR-004339,APP-0061121,REQ-2025-00965,1,1,initial,declined,true,2026-02-11,,2026-02-14,,,,2026-03-11,89500,USD
OFR-004340-V1,OFR-004340,APP-0061134,REQ-2025-01202,1,1,initial,accepted,true,2026-02-04,2026-02-07,,,,,2026-03-16,119500,USD
OFR-004341-V1,OFR-004341,APP-0061141,REQ-2025-01209,1,1,initial,withdrawn,true,2026-01-28,,,2026-02-01,,,2026-02-25,84000,USD
OFR-004342-V1,OFR-004342,APP-0061151,REQ-2025-01228,1,1,initial,accepted,true,2026-01-28,2026-01-30,,,,,2026-03-09,79500,USD
OFR-004343-V1,OFR-004343,APP-0061158,REQ-2025-01244,1,1,initial,withdrawn,true,2026-01-28,,,2026-01-28,,,2026-02-25,60500,USD
OFR-004344-V1,OFR-004344,APP-0061179,REQ-2024-00129,1,1,initial,reneged,true,2026-03-25,2026-04-04,,,,2026-05-21,2026-05-25,176000,USD
OFR-004345-V1,OFR-004345,APP-0061182,REQ-2025-00362,1,1,initial,declined,true,2026-02-12,,2026-02-13,,,,2026-03-12,91500,USD
OFR-004346-V1,OFR-004346,APP-0061198,REQ-2025-01135,1,1,initial,superseded,false,2026-02-08,,,,,,2026-03-08,86000,USD
OFR-004346-V2,OFR-004346,APP-0061198,REQ-2025-01135,1,2,negotiation_revision,withdrawn,true,2026-02-11,,,2026-02-12,,,2026-03-08,91500,USD
OFR-004347-V1,OFR-004347,APP-0061209,REQ-2025-01193,1,1,initial,declined,true,2026-02-04,,2026-02-06,,,,2026-03-04,60000,USD
OFR-004348-V1,OFR-004348,APP-0061210,REQ-2025-01206,1,1,initial,withdrawn,true,2026-02-15,,,2026-02-19,,,2026-03-15,195500,USD
OFR-004349-V1,OFR-004349,APP-0061218,REQ-2025-01222,1,1,initial,accepted,true,2026-01-24,2026-01-27,,,,,2026-02-16,45500,USD
OFR-004350-V1,OFR-004350,APP-0061220,REQ-2025-01228,1,1,initial,declined,true,2026-01-29,,2026-02-01,,,,2026-02-26,80000,USD
OFR-004351-V1,OFR-004351,APP-0061250,REQ-2026-00021,1,1,initial,withdrawn,true,2026-02-18,,,2026-02-18,,,2026-03-18,134500,USD
OFR-004352-V1,OFR-004352,APP-0061253,REQ-2026-00027,1,1,initial,accepted,true,2026-02-11,2026-02-14,,,,,2026-03-02,56000,USD
OFR-004353-V1,OFR-004353,APP-0061259,REQ-2025-00723,1,1,initial,accepted,false,2026-03-03,2026-03-05,,,,,2026-04-20,186000,USD
OFR-004353-V2,OFR-004353,APP-0061259,REQ-2025-00723,1,2,letter_reissue,accepted,true,2026-03-20,2026-03-20,,,,,2026-04-20,186000,USD
OFR-004354-V1,OFR-004354,APP-0061287,REQ-2025-01220,1,1,initial,declined,true,2026-02-12,,2026-02-16,,,,2026-03-12,77500,USD
OFR-004355-V1,OFR-004355,APP-0061293,REQ-2025-01222,1,1,initial,withdrawn,true,2026-01-26,,,2026-01-28,,,2026-02-23,46000,USD
OFR-004356-V1,OFR-004356,APP-0061295,REQ-2025-01222,1,1,initial,withdrawn,true,2026-01-26,,,2026-01-30,,,2026-02-23,43500,USD
OFR-004357-V1,OFR-004357,APP-0061305,REQ-2025-01253,1,1,initial,superseded,false,2026-02-04,,,,,,2026-03-09,72000,USD
OFR-004357-V2,OFR-004357,APP-0061305,REQ-2025-01253,1,2,negotiation_revision,accepted,false,2026-02-05,2026-02-07,,,,,2026-03-09,75500,USD
OFR-004357-V3,OFR-004357,APP-0061305,REQ-2025-01253,1,3,start_date_revision,accepted,true,2026-02-11,2026-02-11,,,,,2026-03-23,75500,USD
OFR-004358-V1,OFR-004358,APP-0061320,REQ-2026-00014,1,1,initial,accepted,true,2026-01-31,2026-02-01,,,,,2026-03-02,72500,USD
OFR-004359-V1,OFR-004359,APP-0061321,REQ-2026-00016,1,1,initial,superseded,false,2026-02-11,,,,,,2026-03-09,74500,USD
OFR-004359-V2,OFR-004359,APP-0061321,REQ-2026-00016,1,2,negotiation_revision,accepted,true,2026-02-12,2026-02-15,,,,,2026-03-09,80000,USD
OFR-004360-V1,OFR-004360,APP-0061327,REQ-2026-00022,1,1,initial,superseded,false,2026-02-07,,,,,,2026-03-30,131500,USD
OFR-004360-V2,OFR-004360,APP-0061327,REQ-2026-00022,1,2,negotiation_revision,reneged,true,2026-02-10,2026-02-12,,,,2026-02-27,2026-03-30,141500,USD
OFR-004361-V1,OFR-004361,APP-0061329,REQ-2026-00024,1,1,initial,accepted,true,2026-02-06,2026-02-08,,,,,2026-03-16,85000,USD
OFR-004362-V1,OFR-004362,APP-0061346,REQ-2025-00931,1,1,initial,accepted,true,2026-02-24,2026-02-27,,,,,2026-03-30,102000,USD
OFR-004363-V1,OFR-004363,APP-0061347,REQ-2025-00939,1,1,initial,accepted,true,2026-01-31,2026-02-02,,,,,2026-02-23,79500,USD
OFR-004364-V1,OFR-004364,APP-0061349,REQ-2025-01026,1,1,initial,superseded,false,2026-02-14,,,,,,2026-03-02,73500,USD
OFR-004364-V2,OFR-004364,APP-0061349,REQ-2025-01026,1,2,negotiation_revision,accepted,true,2026-02-17,2026-02-18,,,,,2026-03-02,77000,USD
OFR-004365-V1,OFR-004365,APP-0061409,REQ-2026-00021,1,1,initial,superseded,false,2026-02-12,,,,,,2026-03-23,144000,USD
OFR-004365-V2,OFR-004365,APP-0061409,REQ-2026-00021,1,2,negotiation_revision,accepted,false,2026-02-14,2026-02-18,,,,,2026-03-23,155000,USD
OFR-004365-V3,OFR-004365,APP-0061409,REQ-2026-00021,1,3,start_date_revision,accepted,true,2026-02-26,2026-02-26,,,,,2026-03-30,155000,USD
OFR-004366-V1,OFR-004366,APP-0061424,REQ-2025-00594,1,1,initial,accepted,true,2026-02-20,2026-02-21,,,,,2026-04-06,129500,USD
OFR-004367-V1,OFR-004367,APP-0061483,REQ-2026-00022,1,1,initial,withdrawn,true,2026-02-09,,,2026-02-15,,,2026-03-09,138000,USD
OFR-004368-V1,OFR-004368,APP-0061510,REQ-2025-00990,1,1,initial,accepted,true,2026-04-02,2026-04-11,,,,,2026-05-25,179500,USD
OFR-004369-V1,OFR-004369,APP-0061557,REQ-2025-01259,1,1,initial,accepted,true,2026-02-13,2026-02-17,,,,,2026-03-09,53500,USD
OFR-004370-V1,OFR-004370,APP-0061577,REQ-2026-00029,1,1,initial,accepted,false,2026-03-04,2026-03-07,,,,,2026-03-30,92500,USD
OFR-004370-V2,OFR-004370,APP-0061577,REQ-2026-00029,1,2,start_date_revision,accepted,true,2026-03-18,2026-03-18,,,,,2026-04-20,92500,USD
OFR-004371-V1,OFR-004371,APP-0061604,REQ-2025-01064,1,1,initial,accepted,true,2026-02-06,2026-02-08,,,,,2026-03-23,132500,USD
OFR-004372-V1,OFR-004372,APP-0061641,REQ-2025-01257,1,1,initial,declined,true,2026-02-08,,2026-02-11,,,,2026-03-08,67000,USD
OFR-004373-V1,OFR-004373,APP-0061648,REQ-2026-00004,1,1,initial,accepted,true,2026-03-25,2026-04-05,,,,,2026-06-15,240000,USD
OFR-004374-V1,OFR-004374,APP-0061649,REQ-2026-00007,1,1,initial,declined,true,2026-02-04,,2026-02-05,,,,2026-03-04,126500,USD
OFR-004375-V1,OFR-004375,APP-0061655,REQ-2026-00023,1,1,initial,accepted,true,2026-02-04,2026-02-08,,,,,2026-03-16,83000,USD
OFR-004376-V1,OFR-004376,APP-0061667,REQ-2026-00030,1,1,initial,superseded,false,2026-02-07,,,,,,2026-03-16,98000,USD
OFR-004376-V2,OFR-004376,APP-0061667,REQ-2026-00030,1,2,negotiation_revision,accepted,true,2026-02-10,2026-02-11,,,,,2026-03-16,105500,USD
OFR-004377-V1,OFR-004377,APP-0061675,REQ-2026-00035,1,1,initial,accepted,true,2026-01-31,2026-02-06,,,,,2026-03-09,59500,USD
OFR-004378-V1,OFR-004378,APP-0061681,REQ-2026-00044,1,1,initial,superseded,false,2026-02-21,,,,,,2026-03-30,129500,USD
OFR-004378-V2,OFR-004378,APP-0061681,REQ-2026-00044,1,2,negotiation_revision,accepted,true,2026-02-22,2026-02-23,,,,,2026-03-30,136500,USD
OFR-004379-V1,OFR-004379,APP-0061755,REQ-2026-00042,1,1,initial,accepted,true,2026-02-10,2026-02-14,,,,,2026-03-09,57500,USD
OFR-004380-V1,OFR-004380,APP-0061769,REQ-2025-00461,1,1,initial,superseded,false,2026-02-17,,,,,,2026-03-23,79500,USD
OFR-004380-V2,OFR-004380,APP-0061769,REQ-2025-00461,1,2,negotiation_revision,accepted,false,2026-02-18,2026-02-20,,,,,2026-03-23,83000,USD
OFR-004380-V3,OFR-004380,APP-0061769,REQ-2025-00461,1,3,letter_reissue,accepted,true,2026-02-22,2026-02-22,,,,,2026-03-23,83000,USD
OFR-004381-V1,OFR-004381,APP-0061804,REQ-2025-01250,1,1,initial,accepted,true,2026-02-07,2026-02-10,,,,,2026-03-16,82500,USD
OFR-004382-V1,OFR-004382,APP-0061806,REQ-2025-01254,1,1,initial,accepted,true,2026-02-18,2026-02-19,,,,,2026-03-09,56500,USD
OFR-004383-V1,OFR-004383,APP-0061821,REQ-2026-00017,1,1,initial,accepted,true,2026-02-08,2026-02-11,,,,,2026-03-02,50000,USD
OFR-004384-V1,OFR-004384,APP-0061831,REQ-2026-00024,1,1,initial,accepted,true,2026-02-07,2026-02-10,,,,,2026-03-23,82500,USD
OFR-004385-V1,OFR-004385,APP-0061839,REQ-2026-00035,1,1,initial,superseded,false,2026-02-07,,,,,,2026-03-09,58500,USD
OFR-004385-V2,OFR-004385,APP-0061839,REQ-2026-00035,1,2,negotiation_revision,accepted,false,2026-02-08,2026-02-09,,,,,2026-03-09,61500,USD
OFR-004385-V3,OFR-004385,APP-0061839,REQ-2026-00035,1,3,start_date_revision,accepted,true,2026-02-23,2026-02-23,,,,,2026-03-30,61500,USD
OFR-004386-V1,OFR-004386,APP-0061876,REQ-2025-01092,1,1,initial,accepted,true,2026-02-17,2026-02-22,,,,,2026-04-06,86500,USD
OFR-004387-V1,OFR-004387,APP-0061886,REQ-2025-01200,1,1,initial,superseded,false,2026-02-14,,,,,,2026-03-14,162500,USD
OFR-004387-V2,OFR-004387,APP-0061886,REQ-2025-01200,1,2,negotiation_revision,withdrawn,true,2026-02-15,,,2026-02-16,,,2026-03-14,169000,USD
OFR-004388-V1,OFR-004388,APP-0061914,REQ-2026-00034,1,1,initial,declined,true,2026-02-28,,2026-03-04,,,,2026-03-28,120000,USD
OFR-004389-V1,OFR-004389,APP-0061918,REQ-2026-00041,1,1,initial,superseded,false,2026-02-22,,,,,,2026-04-06,130000,USD
OFR-004389-V2,OFR-004389,APP-0061918,REQ-2026-00041,1,2,negotiation_revision,accepted,true,2026-02-24,2026-02-26,,,,,2026-04-06,138500,USD
OFR-004390-V1,OFR-004390,APP-0061955,REQ-2025-01211,1,1,initial,accepted,true,2026-02-03,2026-02-05,,,,,2026-03-16,101000,USD
OFR-004391-V1,OFR-004391,APP-0061987,REQ-2026-00035,1,1,initial,withdrawn,true,2026-02-18,,,2026-02-20,,,2026-03-18,66500,USD
OFR-004392-V1,OFR-004392,APP-0061994,REQ-2026-00042,1,1,initial,accepted,true,2026-02-02,2026-02-06,,,,,2026-03-09,63000,USD
OFR-004393-V1,OFR-004393,APP-0062028,REQ-2025-01153,1,1,initial,accepted,true,2026-03-01,2026-03-04,,,,,2026-04-06,105000,USD
OFR-004394-V1,OFR-004394,APP-0062072,REQ-2026-00031,1,1,initial,declined,true,2026-02-11,,2026-02-12,,,,2026-03-11,59500,USD
OFR-004395-V1,OFR-004395,APP-0062080,REQ-2026-00050,1,1,initial,accepted,true,2026-03-01,2026-03-03,,,,,2026-04-13,133000,USD
OFR-004396-V1,OFR-004396,APP-0062089,REQ-2026-00067,1,1,initial,accepted,true,2026-02-08,2026-02-13,,,,,2026-03-16,75000,USD
OFR-004397-V1,OFR-004397,APP-0062103,REQ-2025-01083,1,1,initial,reneged,true,2026-02-11,2026-02-12,,,,2026-03-10,2026-03-23,89500,USD
OFR-004398-V1,OFR-004398,APP-0062106,REQ-2025-01105,1,1,initial,accepted,true,2026-02-08,2026-02-10,,,,,2026-03-09,76000,USD
OFR-004399-V1,OFR-004399,APP-0062107,REQ-2025-01140,1,1,initial,accepted,false,2026-02-11,2026-02-13,,,,,2026-03-23,105000,USD
OFR-004399-V2,OFR-004399,APP-0062107,REQ-2025-01140,1,2,start_date_revision,accepted,true,2026-02-23,2026-02-23,,,,,2026-04-06,105000,USD
OFR-004400-V1,OFR-004400,APP-0062111,REQ-2025-01158,1,1,initial,superseded,false,2026-02-14,,,,,,2026-03-23,132000,USD
OFR-004400-V2,OFR-004400,APP-0062111,REQ-2025-01158,1,2,negotiation_revision,accepted,false,2026-02-16,2026-02-20,,,,,2026-03-23,139000,USD
OFR-004400-V3,OFR-004400,APP-0062111,REQ-2025-01158,1,3,letter_reissue,accepted,true,2026-03-02,2026-03-02,,,,,2026-03-23,139000,USD
OFR-004401-V1,OFR-004401,APP-0062131,REQ-2025-01259,1,1,initial,declined,true,2026-02-03,,2026-02-06,,,,2026-03-03,49500,USD
OFR-004402-V1,OFR-004402,APP-0062145,REQ-2026-00024,1,1,initial,accepted,true,2026-02-18,2026-02-21,,,,,2026-03-23,87500,USD
OFR-004403-V1,OFR-004403,APP-0062159,REQ-2026-00042,1,1,initial,superseded,false,2026-02-08,,,,,,2026-03-16,60500,USD
OFR-004403-V2,OFR-004403,APP-0062159,REQ-2026-00042,1,2,negotiation_revision,accepted,true,2026-02-11,2026-02-13,,,,,2026-03-16,62500,USD
OFR-004404-V1,OFR-004404,APP-0062181,REQ-2026-00072,1,1,initial,superseded,false,2026-02-11,,,,,,2026-03-11,97000,USD
OFR-004404-V2,OFR-004404,APP-0062181,REQ-2026-00072,1,2,negotiation_revision,declined,true,2026-02-14,,2026-02-16,,,,2026-03-11,101000,USD
OFR-004405-V1,OFR-004405,APP-0062198,REQ-2025-01013,1,1,initial,accepted,true,2026-02-09,2026-02-13,,,,,2026-03-09,104000,USD
OFR-004406-V1,OFR-004406,APP-0062205,REQ-2025-01121,1,1,initial,superseded,false,2026-03-01,,,,,,2026-03-29,130500,USD
OFR-004406-V2,OFR-004406,APP-0062205,REQ-2025-01121,1,2,negotiation_revision,declined,true,2026-03-02,,2026-03-03,,,,2026-03-29,140000,USD
OFR-004407-V1,OFR-004407,APP-0062237,REQ-2026-00017,1,1,initial,accepted,true,2026-02-05,2026-02-08,,,,,2026-03-02,54000,USD
OFR-004408-V1,OFR-004408,APP-0062289,REQ-2026-00072,1,1,initial,accepted,true,2026-02-12,2026-02-16,,,,,2026-03-23,112000,USD
OFR-004409-V1,OFR-004409,APP-0062297,REQ-2025-00780,1,1,initial,accepted,true,2026-02-15,2026-02-19,,,,,2026-03-23,88000,USD
OFR-004410-V1,OFR-004410,APP-0062302,REQ-2025-00968,1,1,initial,accepted,true,2026-02-15,2026-02-21,,,,,2026-03-16,73500,USD
OFR-004411-V1,OFR-004411,APP-0062360,REQ-2026-00062,1,1,initial,declined,true,2026-02-18,,2026-02-20,,,,2026-03-18,74500,USD
OFR-004412-V1,OFR-004412,APP-0062400,REQ-2025-01247,1,1,initial,accepted,true,2026-02-24,2026-02-28,,,,,2026-03-16,70500,USD
OFR-004413-V1,OFR-004413,APP-0062419,REQ-2026-00029,1,1,initial,superseded,false,2026-03-16,,,,,,2026-04-13,93000,USD
OFR-004413-V2,OFR-004413,APP-0062419,REQ-2026-00029,1,2,negotiation_revision,declined,true,2026-03-22,,2026-03-24,,,,2026-04-13,99000,USD
OFR-004414-V1,OFR-004414,APP-0062434,REQ-2026-00042,1,1,initial,superseded,false,2026-02-13,,,,,,2026-03-16,66500,USD
OFR-004414-V2,OFR-004414,APP-0062434,REQ-2026-00042,1,2,negotiation_revision,accepted,true,2026-02-15,2026-02-16,,,,,2026-03-16,70500,USD
OFR-004415-V1,OFR-004415,APP-0062446,REQ-2026-00062,1,1,initial,accepted,false,2026-02-14,2026-02-22,,,,,2026-03-23,71000,USD
OFR-004415-V2,OFR-004415,APP-0062446,REQ-2026-00062,1,2,start_date_revision,accepted,true,2026-03-01,2026-03-01,,,,,2026-04-06,71000,USD
OFR-004416-V1,OFR-004416,APP-0062469,REQ-2025-01108,1,1,initial,accepted,true,2026-02-23,2026-02-27,,,,,2026-03-23,56500,USD
OFR-004417-V1,OFR-004417,APP-0062492,REQ-2026-00031,1,1,initial,accepted,true,2026-02-15,2026-02-16,,,,,2026-03-16,59000,USD
OFR-004418-V1,OFR-004418,APP-0062494,REQ-2026-00033,1,1,initial,accepted,true,2026-02-26,2026-03-02,,,,,2026-04-06,109500,USD
OFR-004419-V1,OFR-004419,APP-0062508,REQ-2026-00052,1,1,initial,accepted,false,2026-02-27,2026-03-06,,,,,2026-03-23,61500,USD
OFR-004419-V2,OFR-004419,APP-0062508,REQ-2026-00052,1,2,letter_reissue,accepted,true,2026-03-21,2026-03-21,,,,,2026-03-23,61500,USD
OFR-004420-V1,OFR-004420,APP-0062522,REQ-2026-00065,1,1,initial,accepted,true,2026-03-01,2026-03-03,,,,,2026-03-30,63000,USD
OFR-004421-V1,OFR-004421,APP-0062530,REQ-2026-00068,1,1,initial,superseded,false,2026-02-20,,,,,,2026-03-30,94500,USD
OFR-004421-V2,OFR-004421,APP-0062530,REQ-2026-00068,1,2,negotiation_revision,accepted,true,2026-02-21,2026-02-24,,,,,2026-03-30,98000,USD
OFR-004422-V1,OFR-004422,APP-0062551,REQ-2025-00596,1,1,initial,accepted,true,2026-02-23,2026-03-01,,,,,2026-04-06,137500,USD
OFR-004423-V1,OFR-004423,APP-0062558,REQ-2025-01056,1,1,initial,accepted,true,2026-02-13,2026-02-15,,,,,2026-03-09,60000,USD
OFR-004424-V1,OFR-004424,APP-0062583,REQ-2026-00025,1,1,initial,superseded,false,2026-02-24,,,,,,2026-03-30,68500,USD
OFR-004424-V2,OFR-004424,APP-0062583,REQ-2026-00025,1,2,negotiation_revision,accepted,false,2026-02-27,2026-03-01,,,,,2026-03-30,72000,USD
OFR-004424-V3,OFR-004424,APP-0062583,REQ-2026-00025,1,3,letter_reissue,rescinded,true,2026-03-04,2026-03-04,,,2026-03-05,,2026-03-30,72000,USD
OFR-004425-V1,OFR-004425,APP-0062586,REQ-2026-00030,1,1,initial,withdrawn,true,2026-02-16,,,2026-02-23,,,2026-03-16,105000,USD
OFR-004426-V1,OFR-004426,APP-0062587,REQ-2026-00030,1,1,initial,superseded,false,2026-02-17,,,,,,2026-03-30,99000,USD
OFR-004426-V2,OFR-004426,APP-0062587,REQ-2026-00030,1,2,negotiation_revision,accepted,true,2026-02-18,2026-02-19,,,,,2026-03-30,104500,USD
OFR-004427-V1,OFR-004427,APP-0062590,REQ-2026-00035,1,1,initial,accepted,false,2026-02-15,2026-02-18,,,,,2026-03-23,58000,USD
OFR-004427-V2,OFR-004427,APP-0062590,REQ-2026-00035,1,2,letter_reissue,accepted,true,2026-03-02,2026-03-02,,,,,2026-03-23,58000,USD
OFR-004428-V1,OFR-004428,APP-0062599,REQ-2026-00048,1,1,initial,accepted,true,2026-02-25,2026-02-28,,,,,2026-04-06,120000,USD
OFR-004429-V1,OFR-004429,APP-0062610,REQ-2026-00067,1,1,initial,accepted,false,2026-02-11,2026-02-13,,,,,2026-03-09,78500,USD
OFR-004429-V2,OFR-004429,APP-0062610,REQ-2026-00067,1,2,letter_reissue,accepted,true,2026-02-26,2026-02-26,,,,,2026-03-09,78500,USD
OFR-004430-V1,OFR-004430,APP-0062624,REQ-2026-00077,1,1,initial,accepted,true,2026-03-06,2026-03-10,,,,,2026-04-06,104500,USD
OFR-004431-V1,OFR-004431,APP-0062625,REQ-2026-00077,1,1,initial,accepted,false,2026-02-16,2026-02-27,,,,,2026-03-30,97500,USD
OFR-004431-V2,OFR-004431,APP-0062625,REQ-2026-00077,1,2,letter_reissue,accepted,true,2026-03-12,2026-03-12,,,,,2026-03-30,97500,USD
OFR-004432-V1,OFR-004432,APP-0062626,REQ-2026-00077,1,1,initial,accepted,true,2026-02-28,2026-03-06,,,,,2026-04-06,96000,USD
OFR-004433-V1,OFR-004433,APP-0062632,REQ-2025-00471,1,1,initial,accepted,true,2026-02-26,2026-03-03,,,,,2026-03-30,61000,USD
OFR-004434-V1,OFR-004434,APP-0062676,REQ-2026-00035,1,1,initial,withdrawn,true,2026-02-17,,,2026-02-18,,,2026-03-17,61000,USD
OFR-004435-V1,OFR-004435,APP-0062690,REQ-2026-00057,1,1,initial,reneged,true,2026-02-23,2026-02-26,,,,2026-03-23,2026-03-30,107000,USD
OFR-004436-V1,OFR-004436,APP-0062721,REQ-2025-00484,1,1,initial,accepted,false,2026-02-26,2026-03-06,,,,,2026-04-06,97500,USD
OFR-004436-V2,OFR-004436,APP-0062721,REQ-2025-00484,1,2,start_date_revision,accepted,true,2026-03-08,2026-03-08,,,,,2026-04-20,97500,USD
OFR-004437-V1,OFR-004437,APP-0062730,REQ-2025-01007,1,1,initial,reneged,true,2026-03-07,2026-03-11,,,,2026-03-17,2026-04-27,137500,USD
OFR-004438-V1,OFR-004438,APP-0062733,REQ-2025-01063,1,1,initial,accepted,true,2026-02-22,2026-02-27,,,,,2026-04-06,78500,USD
OFR-004439-V1,OFR-004439,APP-0062734,REQ-2025-01082,1,1,initial,accepted,true,2026-03-05,2026-03-20,,,,,2026-05-11,154000,USD
OFR-004440-V1,OFR-004440,APP-0062736,REQ-2025-01151,1,1,initial,accepted,true,2026-02-22,2026-02-24,,,,,2026-03-16,72000,USD
OFR-004441-V1,OFR-004441,APP-0062781,REQ-2026-00067,1,1,initial,accepted,true,2026-02-24,2026-02-26,,,,,2026-03-23,74000,USD
OFR-004442-V1,OFR-004442,APP-0062783,REQ-2026-00069,1,1,initial,accepted,false,2026-02-18,2026-02-23,,,,,2026-03-23,73000,USD
OFR-004442-V2,OFR-004442,APP-0062783,REQ-2026-00069,1,2,start_date_revision,reneged,true,2026-03-07,2026-03-07,,,,2026-04-04,2026-03-31,73000,USD
OFR-004443-V1,OFR-004443,APP-0062805,REQ-2025-01087,1,1,initial,accepted,true,2026-03-14,2026-03-18,,,,,2026-04-13,96000,USD
OFR-004444-V1,OFR-004444,APP-0062822,REQ-2026-00014,1,1,initial,accepted,true,2026-02-17,2026-02-18,,,,,2026-03-16,75000,USD
OFR-004445-V1,OFR-004445,APP-0062858,REQ-2026-00067,1,1,initial,accepted,true,2026-02-22,2026-02-24,,,,,2026-03-16,79500,USD
OFR-004446-V1,OFR-004446,APP-0062861,REQ-2026-00072,1,1,initial,accepted,true,2026-03-07,2026-03-08,,,,,2026-04-06,104000,USD
OFR-004447-V1,OFR-004447,APP-0062869,REQ-2026-00081,1,1,initial,accepted,true,2026-03-02,2026-03-06,,,,,2026-03-23,67500,USD
OFR-004448-V1,OFR-004448,APP-0062891,REQ-2025-00999,1,1,initial,reneged,true,2026-03-17,2026-03-21,,,,2026-04-02,2026-04-20,98500,USD
OFR-004449-V1,OFR-004449,APP-0062910,REQ-2026-00039,1,1,initial,declined,true,2026-02-25,,2026-02-28,,,,2026-03-25,103500,USD
OFR-004450-V1,OFR-004450,APP-0062911,REQ-2026-00040,1,1,initial,declined,true,2026-02-20,,2026-02-23,,,,2026-03-20,103500,USD
OFR-004451-V1,OFR-004451,APP-0062915,REQ-2026-00042,1,1,initial,declined,true,2026-02-18,,2026-02-20,,,,2026-03-18,63000,USD
OFR-004452-V1,OFR-004452,APP-0062923,REQ-2026-00056,1,1,initial,accepted,true,2026-02-25,2026-02-26,,,,,2026-04-06,116500,USD
OFR-004453-V1,OFR-004453,APP-0062931,REQ-2026-00063,1,1,initial,superseded,false,2026-02-23,,,,,,2026-03-23,85500,USD
OFR-004453-V2,OFR-004453,APP-0062931,REQ-2026-00063,1,2,negotiation_revision,declined,true,2026-02-24,,2026-02-25,,,,2026-03-23,92000,USD
OFR-004454-V1,OFR-004454,APP-0062951,REQ-2026-00093,1,1,initial,accepted,true,2026-02-22,2026-02-23,,,,,2026-03-09,62500,USD
OFR-004455-V1,OFR-004455,APP-0062953,REQ-2024-00496,1,1,initial,declined,true,2026-04-16,,2026-04-25,,,,2026-05-14,158500,USD
OFR-004456-V1,OFR-004456,APP-0062970,REQ-2025-00982,1,1,initial,accepted,true,2026-03-11,2026-03-15,,,,,2026-04-20,125500,USD
OFR-004457-V1,OFR-004457,APP-0063040,REQ-2026-00100,1,1,initial,accepted,false,2026-02-24,2026-02-26,,,,,2026-03-30,62000,USD
OFR-004457-V2,OFR-004457,APP-0063040,REQ-2026-00100,1,2,start_date_revision,accepted,true,2026-03-12,2026-03-12,,,,,2026-04-20,62000,USD
OFR-004458-V1,OFR-004458,APP-0063060,REQ-2025-01054,1,1,initial,superseded,false,2026-02-28,,,,,,2026-03-30,76000,USD
OFR-004458-V2,OFR-004458,APP-0063060,REQ-2025-01054,1,2,negotiation_revision,accepted,true,2026-03-01,2026-03-02,,,,,2026-03-30,79500,USD
OFR-004459-V1,OFR-004459,APP-0063081,REQ-2026-00024,1,1,initial,withdrawn,true,2026-02-21,,,2026-02-26,,,2026-03-21,78500,USD
OFR-004460-V1,OFR-004460,APP-0063097,REQ-2026-00060,1,1,initial,superseded,false,2026-02-26,,,,,,2026-04-13,102000,USD
OFR-004460-V2,OFR-004460,APP-0063097,REQ-2026-00060,1,2,negotiation_revision,accepted,true,2026-02-27,2026-03-01,,,,,2026-04-13,106500,USD
OFR-004461-V1,OFR-004461,APP-0063103,REQ-2026-00065,1,1,initial,accepted,true,2026-02-22,2026-02-24,,,,,2026-03-23,62000,USD
OFR-004462-V1,OFR-004462,APP-0063105,REQ-2026-00067,1,1,initial,declined,true,2026-02-18,,2026-03-03,,,,2026-03-18,72500,USD
OFR-004463-V1,OFR-004463,APP-0063112,REQ-2026-00087,1,1,initial,declined,true,2026-02-24,,2026-02-27,,,,2026-03-24,88000,USD
OFR-004464-V1,OFR-004464,APP-0063119,REQ-2026-00093,1,1,initial,reneged,true,2026-02-15,2026-02-19,,,,2026-02-25,2026-03-09,58500,USD
OFR-004465-V1,OFR-004465,APP-0063120,REQ-2026-00093,1,1,initial,superseded,false,2026-02-24,,,,,,2026-03-23,57500,USD
OFR-004465-V2,OFR-004465,APP-0063120,REQ-2026-00093,1,2,negotiation_revision,accepted,true,2026-02-26,2026-02-27,,,,,2026-03-23,61000,USD
OFR-004466-V1,OFR-004466,APP-0063138,REQ-2025-00908,1,1,initial,accepted,true,2026-03-18,2026-03-19,,,,,2026-04-20,111000,USD
OFR-004467-V1,OFR-004467,APP-0063140,REQ-2025-00963,1,1,initial,accepted,true,2026-03-23,2026-03-26,,,,,2026-05-11,219500,USD
OFR-004468-V1,OFR-004468,APP-0063149,REQ-2025-01194,1,1,initial,rescinded,true,2026-02-25,2026-03-03,,,2026-03-17,,2026-04-06,64500,USD
OFR-004469-V1,OFR-004469,APP-0063165,REQ-2026-00034,1,1,initial,accepted,true,2026-02-27,2026-03-04,,,,,2026-04-13,112500,USD
OFR-004470-V1,OFR-004470,APP-0063203,REQ-2026-00094,1,1,initial,accepted,true,2026-03-30,2026-04-06,,,,,2026-05-11,157000,USD
OFR-004471-V1,OFR-004471,APP-0063214,REQ-2026-00103,1,1,initial,declined,true,2026-03-12,,2026-03-13,,,,2026-04-09,75500,USD
OFR-004472-V1,OFR-004472,APP-0063218,REQ-2026-00109,1,1,initial,accepted,true,2026-02-23,2026-02-25,,,,,2026-03-30,82500,USD
OFR-004473-V1,OFR-004473,APP-0063228,REQ-2025-00907,1,1,initial,superseded,false,2026-03-30,,,,,,2026-05-11,120000,USD
OFR-004473-V2,OFR-004473,APP-0063228,REQ-2025-00907,1,2,negotiation_revision,accepted,true,2026-03-31,2026-04-03,,,,,2026-05-11,126000,USD
OFR-004474-V1,OFR-004474,APP-0063246,REQ-2025-01213,1,1,initial,accepted,true,2026-02-24,2026-03-01,,,,,2026-03-23,73500,USD
OFR-004475-V1,OFR-004475,APP-0063256,REQ-2026-00047,1,1,initial,accepted,true,2026-02-25,2026-02-27,,,,,2026-04-06,92500,USD
OFR-004476-V1,OFR-004476,APP-0063262,REQ-2026-00060,1,1,initial,superseded,false,2026-03-05,,,,,,2026-04-13,96000,USD
OFR-004476-V2,OFR-004476,APP-0063262,REQ-2026-00060,1,2,negotiation_revision,accepted,true,2026-03-06,2026-03-07,,,,,2026-04-13,103000,USD
OFR-004477-V1,OFR-004477,APP-0063277,REQ-2026-00074,1,1,initial,declined,true,2026-02-24,,2026-02-27,,,,2026-03-24,100000,USD
OFR-004478-V1,OFR-004478,APP-0063282,REQ-2026-00082,1,1,initial,superseded,false,2026-02-23,,,,,,2026-03-23,80000,USD
OFR-004478-V2,OFR-004478,APP-0063282,REQ-2026-00082,1,2,negotiation_revision,accepted,true,2026-02-25,2026-02-27,,,,,2026-03-23,82500,USD
OFR-004479-V1,OFR-004479,APP-0063302,REQ-2026-00102,1,1,initial,accepted,true,2026-03-04,2026-03-11,,,,,2026-04-13,99000,USD
OFR-004480-V1,OFR-004480,APP-0063309,REQ-2024-00331,1,1,initial,declined,true,2026-03-10,,2026-03-15,,,,2026-04-07,153000,USD
OFR-004481-V1,OFR-004481,APP-0063332,REQ-2025-01202,1,1,initial,accepted,true,2026-03-28,2026-04-08,,,,,2026-05-11,121500,USD
OFR-004482-V1,OFR-004482,APP-0063335,REQ-2025-01224,1,1,initial,superseded,false,2026-03-12,,,,,,2026-05-18,152500,USD
OFR-004482-V2,OFR-004482,APP-0063335,REQ-2025-01224,1,2,negotiation_revision,accepted,true,2026-03-20,2026-03-23,,,,,2026-05-18,160500,USD
OFR-004483-V1,OFR-004483,APP-0063345,REQ-2026-00024,1,1,initial,withdrawn,true,2026-02-21,,,2026-02-26,,,2026-03-21,88500,USD
OFR-004484-V1,OFR-004484,APP-0063378,REQ-2026-00096,1,1,initial,declined,true,2026-02-27,,2026-03-01,,,,2026-03-27,80500,USD
OFR-004485-V1,OFR-004485,APP-0063399,REQ-2025-00858,1,1,initial,superseded,false,2026-02-28,,,,,,2026-04-20,134500,USD
OFR-004485-V2,OFR-004485,APP-0063399,REQ-2025-00858,1,2,negotiation_revision,accepted,true,2026-03-02,2026-03-08,,,,,2026-04-20,141500,USD
OFR-004486-V1,OFR-004486,APP-0063453,REQ-2026-00076,1,1,initial,accepted,true,2026-03-24,2026-03-28,,,,,2026-05-04,140000,USD
OFR-004487-V1,OFR-004487,APP-0063462,REQ-2026-00088,1,1,initial,accepted,true,2026-03-03,2026-03-10,,,,,2026-04-13,132500,USD
OFR-004488-V1,OFR-004488,APP-0063469,REQ-2026-00093,1,1,initial,accepted,true,2026-02-26,2026-03-01,,,,,2026-03-23,59500,USD
OFR-004489-V1,OFR-004489,APP-0063480,REQ-2026-00100,1,1,initial,accepted,true,2026-03-11,2026-03-17,,,,,2026-04-06,66000,USD
OFR-004490-V1,OFR-004490,APP-0063505,REQ-2025-01122,1,1,initial,superseded,false,2026-02-24,,,,,,2026-03-23,70000,USD
OFR-004490-V2,OFR-004490,APP-0063505,REQ-2025-01122,1,2,negotiation_revision,accepted,true,2026-02-28,2026-03-01,,,,,2026-03-23,75500,USD
OFR-004491-V1,OFR-004491,APP-0063534,REQ-2026-00072,1,1,initial,superseded,false,2026-02-28,,,,,,2026-04-06,109000,USD
OFR-004491-V2,OFR-004491,APP-0063534,REQ-2026-00072,1,2,negotiation_revision,accepted,true,2026-03-02,2026-03-03,,,,,2026-04-06,117500,USD
OFR-004492-V1,OFR-004492,APP-0063552,REQ-2026-00093,1,1,initial,accepted,true,2026-02-24,2026-02-27,,,,,2026-03-23,60500,USD
OFR-004493-V1,OFR-004493,APP-0063574,REQ-2025-00344,1,1,initial,accepted,false,2026-03-13,2026-03-16,,,,,2026-04-27,112500,USD
OFR-004493-V2,OFR-004493,APP-0063574,REQ-2025-00344,1,2,salary_correction,accepted,true,2026-03-28,2026-03-28,,,,,2026-04-27,114000,USD
OFR-004494-V1,OFR-004494,APP-0063605,REQ-2026-00058,1,1,initial,accepted,false,2026-03-10,2026-03-17,,,,,2026-04-20,131500,USD
OFR-004494-V2,OFR-004494,APP-0063605,REQ-2026-00058,1,2,letter_reissue,accepted,true,2026-03-20,2026-03-20,,,,,2026-04-20,131500,USD
OFR-004495-V1,OFR-004495,APP-0063621,REQ-2026-00095,1,1,initial,accepted,true,2026-02-28,2026-03-03,,,,,2026-04-06,73500,USD
OFR-004496-V1,OFR-004496,APP-0063622,REQ-2026-00096,1,1,initial,accepted,true,2026-02-27,2026-03-02,,,,,2026-03-30,80000,USD
OFR-004497-V1,OFR-004497,APP-0063643,REQ-2026-00109,1,1,initial,accepted,true,2026-03-19,2026-03-20,,,,,2026-04-13,83000,USD
OFR-004498-V1,OFR-004498,APP-0063646,REQ-2026-00115,1,1,initial,accepted,true,2026-02-25,2026-02-28,,,,,2026-03-23,46500,USD
OFR-004499-V1,OFR-004499,APP-0063653,REQ-2025-00615,1,1,initial,accepted,true,2026-03-20,2026-03-28,,,,,2026-05-11,153000,USD
OFR-004500-V1,OFR-004500,APP-0063654,REQ-2025-00843,1,1,initial,superseded,false,2026-03-26,,,,,,2026-04-27,91000,USD
OFR-004500-V2,OFR-004500,APP-0063654,REQ-2025-00843,1,2,negotiation_revision,accepted,true,2026-03-31,2026-04-01,,,,,2026-04-27,94000,USD
OFR-004501-V1,OFR-004501,APP-0063659,REQ-2025-00949,1,1,initial,accepted,true,2026-03-22,2026-03-24,,,,,2026-05-04,122500,USD
OFR-004502-V1,OFR-004502,APP-0063671,REQ-2025-01213,1,1,initial,superseded,false,2026-03-10,,,,,,2026-04-20,75000,USD
OFR-004502-V2,OFR-004502,APP-0063671,REQ-2025-01213,1,2,negotiation_revision,accepted,true,2026-03-14,2026-03-15,,,,,2026-04-20,77500,USD
OFR-004503-V1,OFR-004503,APP-0063703,REQ-2026-00096,1,1,initial,accepted,false,2026-02-27,2026-03-09,,,,,2026-04-13,85500,USD
OFR-004503-V2,OFR-004503,APP-0063703,REQ-2026-00096,1,2,salary_correction,accepted,true,2026-03-12,2026-03-12,,,,,2026-04-13,85500,USD
OFR-004504-V1,OFR-004504,APP-0063725,REQ-2026-00115,1,1,initial,accepted,true,2026-03-01,2026-03-04,,,,,2026-03-30,50000,USD
OFR-004505-V1,OFR-004505,APP-0063805,REQ-2026-00109,1,1,initial,accepted,true,2026-03-08,2026-03-09,,,,,2026-04-06,75500,USD
OFR-004506-V1,OFR-004506,APP-0063839,REQ-2025-01089,1,1,initial,declined,true,2026-03-20,,2026-03-24,,,,2026-04-17,126500,USD
OFR-004507-V1,OFR-004507,APP-0063872,REQ-2026-00067,1,1,initial,accepted,false,2026-02-26,2026-03-04,,,,,2026-03-30,83000,USD
OFR-004507-V2,OFR-004507,APP-0063872,REQ-2026-00067,1,2,salary_correction,accepted,true,2026-03-16,2026-03-16,,,,,2026-03-30,84700,USD
OFR-004508-V1,OFR-004508,APP-0063879,REQ-2026-00085,1,1,initial,declined,true,2026-03-27,,2026-04-03,,,,2026-04-24,130000,USD
OFR-004509-V1,OFR-004509,APP-0063884,REQ-2026-00093,1,1,initial,accepted,true,2026-02-28,2026-03-01,,,,,2026-03-16,54500,USD
OFR-004510-V1,OFR-004510,APP-0063889,REQ-2026-00096,1,1,initial,accepted,false,2026-03-03,2026-03-08,,,,,2026-04-13,89000,USD
OFR-004510-V2,OFR-004510,APP-0063889,REQ-2026-00096,1,2,letter_reissue,accepted,true,2026-03-10,2026-03-10,,,,,2026-04-13,89000,USD
OFR-004511-V1,OFR-004511,APP-0063895,REQ-2026-00103,1,1,initial,accepted,true,2026-02-25,2026-02-28,,,,,2026-03-23,75000,USD
OFR-004512-V1,OFR-004512,APP-0063910,REQ-2026-00121,1,1,initial,superseded,false,2026-03-08,,,,,,2026-05-04,171500,USD
OFR-004512-V2,OFR-004512,APP-0063910,REQ-2026-00121,1,2,negotiation_revision,accepted,false,2026-03-10,2026-03-13,,,,,2026-05-04,177000,USD
OFR-004512-V3,OFR-004512,APP-0063910,REQ-2026-00121,1,3,letter_reissue,accepted,true,2026-03-22,2026-03-22,,,,,2026-05-04,177000,USD
OFR-004513-V1,OFR-004513,APP-0063912,REQ-2026-00126,1,1,initial,superseded,false,2026-03-13,,,,,,2026-05-04,118000,USD
OFR-004513-V2,OFR-004513,APP-0063912,REQ-2026-00126,1,2,negotiation_revision,accepted,true,2026-03-15,2026-03-16,,,,,2026-05-04,124500,USD
OFR-004514-V1,OFR-004514,APP-0063926,REQ-2024-01204,1,1,initial,accepted,true,2026-03-17,2026-03-23,,,,,2026-04-27,114500,USD
OFR-004515-V1,OFR-004515,APP-0063928,REQ-2025-00436,1,1,initial,declined,true,2026-03-26,,2026-03-30,,,,2026-04-23,90000,USD
OFR-004516-V1,OFR-004516,APP-0063943,REQ-2025-01186,1,1,initial,accepted,true,2026-03-15,2026-03-18,,,,,2026-05-11,148000,USD
OFR-004517-V1,OFR-004517,APP-0063947,REQ-2025-01257,1,1,initial,accepted,true,2026-03-05,2026-03-07,,,,,2026-03-30,65500,USD
OFR-004518-V1,OFR-004518,APP-0063957,REQ-2026-00043,1,1,initial,declined,true,2026-03-27,,2026-03-30,,,,2026-04-24,126500,USD
OFR-004519-V1,OFR-004519,APP-0063988,REQ-2026-00105,1,1,initial,accepted,true,2026-03-06,2026-03-09,,,,,2026-04-06,78000,USD
OFR-004520-V1,OFR-004520,APP-0063997,REQ-2026-00109,1,1,initial,accepted,true,2026-03-07,2026-03-10,,,,,2026-04-06,74000,USD
OFR-004521-V1,OFR-004521,APP-0063998,REQ-2026-00109,1,1,initial,superseded,false,2026-02-28,,,,,,2026-03-30,84500,USD
OFR-004521-V2,OFR-004521,APP-0063998,REQ-2026-00109,1,2,negotiation_revision,accepted,true,2026-03-01,2026-03-04,,,,,2026-03-30,89000,USD
OFR-004522-V1,OFR-004522,APP-0064047,REQ-2026-00039,1,1,initial,withdrawn,true,2026-03-17,,,2026-03-24,,,2026-04-14,100000,USD
OFR-004523-V1,OFR-004523,APP-0064056,REQ-2026-00067,1,1,initial,accepted,true,2026-03-14,2026-03-19,,,,,2026-04-13,74000,USD
OFR-004524-V1,OFR-004524,APP-0064059,REQ-2026-00073,1,1,initial,accepted,false,2026-03-07,2026-03-09,,,,,2026-04-13,102500,USD
OFR-004524-V2,OFR-004524,APP-0064059,REQ-2026-00073,1,2,start_date_revision,accepted,true,2026-03-20,2026-03-20,,,,,2026-04-27,102500,USD
OFR-004525-V1,OFR-004525,APP-0064083,REQ-2026-00107,1,1,initial,superseded,false,2026-03-29,,,,,,2026-05-04,94000,USD
OFR-004525-V2,OFR-004525,APP-0064083,REQ-2026-00107,1,2,negotiation_revision,accepted,true,2026-03-30,2026-03-31,,,,,2026-05-04,101000,USD
OFR-004526-V1,OFR-004526,APP-0064124,REQ-2025-01075,1,1,initial,reneged,true,2026-03-19,2026-03-21,,,,2026-04-01,2026-05-18,154500,USD
OFR-004527-V1,OFR-004527,APP-0064135,REQ-2026-00040,1,1,initial,accepted,true,2026-03-01,2026-03-06,,,,,2026-04-06,112000,USD
OFR-004528-V1,OFR-004528,APP-0064158,REQ-2026-00096,1,1,initial,accepted,true,2026-03-08,2026-03-12,,,,,2026-04-20,90500,USD
OFR-004529-V1,OFR-004529,APP-0064173,REQ-2026-00108,1,1,initial,accepted,true,2026-03-09,2026-03-10,,,,,2026-04-06,81500,USD
OFR-004530-V1,OFR-004530,APP-0064186,REQ-2026-00120,1,1,initial,accepted,true,2026-03-06,2026-03-08,,,,,2026-03-30,53500,USD
OFR-004531-V1,OFR-004531,APP-0064233,REQ-2026-00072,1,1,initial,withdrawn,true,2026-03-08,,,2026-03-09,,,2026-04-05,113500,USD
OFR-004532-V1,OFR-004532,APP-0064246,REQ-2026-00104,1,1,initial,accepted,true,2026-04-24,2026-04-28,,,,,2026-06-01,122000,USD
OFR-004533-V1,OFR-004533,APP-0064248,REQ-2026-00106,1,1,initial,accepted,true,2026-03-12,2026-03-13,,,,,2026-04-13,95500,USD
OFR-004534-V1,OFR-004534,APP-0064266,REQ-2026-00140,1,1,initial,superseded,false,2026-03-13,,,,,,2026-04-06,66500,USD
OFR-004534-V2,OFR-004534,APP-0064266,REQ-2026-00140,1,2,negotiation_revision,accepted,false,2026-03-14,2026-03-17,,,,,2026-04-06,69000,USD
OFR-004534-V3,OFR-004534,APP-0064266,REQ-2026-00140,1,3,letter_reissue,accepted,true,2026-03-22,2026-03-22,,,,,2026-04-06,69000,USD
OFR-004535-V1,OFR-004535,APP-0064268,REQ-2026-00143,1,1,initial,accepted,true,2026-03-15,2026-03-20,,,,,2026-05-04,82000,USD
OFR-004536-V1,OFR-004536,APP-0064276,REQ-2025-00402,1,1,initial,superseded,false,2026-03-31,,,,,,2026-04-28,71500,USD
OFR-004536-V2,OFR-004536,APP-0064276,REQ-2025-00402,1,2,negotiation_revision,declined,true,2026-04-03,,2026-04-05,,,,2026-04-28,77000,USD
OFR-004537-V1,OFR-004537,APP-0064277,REQ-2025-00752,1,1,initial,accepted,false,2026-03-17,2026-03-19,,,,,2026-04-20,131500,USD
OFR-004537-V2,OFR-004537,APP-0064277,REQ-2025-00752,1,2,start_date_revision,accepted,true,2026-03-26,2026-03-26,,,,,2026-05-04,131500,USD
OFR-004538-V1,OFR-004538,APP-0064278,REQ-2025-00841,1,1,initial,withdrawn,true,2026-03-10,,,2026-03-17,,,2026-04-07,57500,USD
OFR-004539-V1,OFR-004539,APP-0064300,REQ-2026-00055,1,1,initial,accepted,true,2026-04-06,2026-04-11,,,,,2026-06-01,165500,USD
OFR-004540-V1,OFR-004540,APP-0064311,REQ-2026-00087,1,1,initial,accepted,true,2026-03-12,2026-03-14,,,,,2026-04-20,81500,USD
OFR-004541-V1,OFR-004541,APP-0064343,REQ-2026-00140,1,1,initial,accepted,true,2026-03-06,2026-03-08,,,,,2026-04-06,66000,USD
OFR-004542-V1,OFR-004542,APP-0064362,REQ-2025-00958,1,1,initial,accepted,true,2026-03-19,2026-03-22,,,,,2026-04-27,128500,USD
OFR-004543-V1,OFR-004543,APP-0064411,REQ-2026-00109,1,1,initial,declined,true,2026-03-03,,2026-03-06,,,,2026-03-31,83000,USD
OFR-004544-V1,OFR-004544,APP-0064420,REQ-2026-00115,1,1,initial,accepted,true,2026-03-05,2026-03-12,,,,,2026-03-30,50000,USD
OFR-004545-V1,OFR-004545,APP-0064428,REQ-2026-00125,1,1,initial,accepted,true,2026-03-10,2026-03-12,,,,,2026-03-30,50000,USD
OFR-004546-V1,OFR-004546,APP-0064447,REQ-2026-00149,1,1,initial,accepted,true,2026-03-28,2026-03-30,,,,,2026-04-27,78000,USD
OFR-004547-V1,OFR-004547,APP-0064456,REQ-2025-01040,1,1,initial,accepted,true,2026-03-13,2026-03-15,,,,,2026-03-30,68000,USD
OFR-004548-V1,OFR-004548,APP-0064468,REQ-2026-00018,1,1,initial,accepted,true,2026-03-12,2026-03-14,,,,,2026-04-06,62500,USD
OFR-004549-V1,OFR-004549,APP-0064489,REQ-2026-00106,1,1,initial,withdrawn,true,2026-03-11,,,2026-03-16,,,2026-04-08,106000,USD
OFR-004550-V1,OFR-004550,APP-0064516,REQ-2026-00139,1,1,initial,superseded,false,2026-03-28,,,,,,2026-04-25,123000,USD
OFR-004550-V2,OFR-004550,APP-0064516,REQ-2026-00139,1,2,negotiation_revision,withdrawn,true,2026-04-01,,,2026-04-03,,,2026-04-25,129000,USD
OFR-004551-V1,OFR-004551,APP-0064534,REQ-2025-00801,1,1,initial,accepted,false,2026-04-04,2026-04-07,,,,,2026-05-04,101500,USD
OFR-004551-V2,OFR-004551,APP-0064534,REQ-2025-00801,1,2,letter_reissue,accepted,true,2026-04-10,2026-04-10,,,,,2026-05-04,101500,USD
OFR-004552-V1,OFR-004552,APP-0064548,REQ-2026-00039,1,1,initial,accepted,true,2026-03-17,2026-03-21,,,,,2026-04-20,104000,USD
OFR-004553-V1,OFR-004553,APP-0064580,REQ-2026-00121,1,1,initial,declined,true,2026-03-13,,2026-03-15,,,,2026-04-10,169500,USD
OFR-004554-V1,OFR-004554,APP-0064607,REQ-2024-00836,1,1,initial,accepted,true,2026-03-13,2026-03-23,,,,,2026-04-20,75500,USD
OFR-004555-V1,OFR-004555,APP-0064615,REQ-2025-00340,1,1,initial,declined,true,2026-03-28,,2026-04-05,,,,2026-04-25,78500,USD
OFR-004556-V1,OFR-004556,APP-0064622,REQ-2025-01073,1,1,initial,superseded,false,2026-04-14,,,,,,2026-06-01,126500,USD
OFR-004556-V2,OFR-004556,APP-0064622,REQ-2025-01073,1,2,negotiation_revision,accepted,true,2026-04-16,2026-04-18,,,,,2026-06-01,136000,USD
OFR-004557-V1,OFR-004557,APP-0064657,REQ-2026-00115,1,1,initial,accepted,true,2026-03-08,2026-03-11,,,,,2026-03-30,46000,USD
OFR-004558-V1,OFR-004558,APP-0064676,REQ-2026-00146,1,1,initial,declined,true,2026-04-02,,2026-04-11,,,,2026-04-30,112000,USD
OFR-004559-V1,OFR-004559,APP-0064679,REQ-2026-00148,1,1,initial,accepted,true,2026-03-10,2026-03-12,,,,,2026-04-06,73000,USD
OFR-004560-V1,OFR-004560,APP-0064707,REQ-2026-00006,1,1,initial,accepted,true,2026-04-25,2026-04-29,,,,,2026-06-01,133500,USD
OFR-004561-V1,OFR-004561,APP-0064739,REQ-2026-00115,1,1,initial,declined,true,2026-03-14,,2026-03-15,,,,2026-04-11,44500,USD
OFR-004562-V1,OFR-004562,APP-0064740,REQ-2026-00116,1,1,initial,accepted,false,2026-03-15,2026-03-18,,,,,2026-04-20,87000,USD
OFR-004562-V2,OFR-004562,APP-0064740,REQ-2026-00116,1,2,letter_reissue,accepted,true,2026-03-21,2026-03-21,,,,,2026-04-20,87000,USD
OFR-004563-V1,OFR-004563,APP-0064748,REQ-2026-00132,1,1,initial,accepted,true,2026-03-17,2026-03-19,,,,,2026-04-27,99000,USD
OFR-004564-V1,OFR-004564,APP-0064756,REQ-2026-00142,1,1,initial,accepted,true,2026-03-10,2026-03-12,,,,,2026-04-13,89000,USD
OFR-004565-V1,OFR-004565,APP-0064773,REQ-2026-00166,1,1,initial,accepted,false,2026-03-11,2026-03-13,,,,,2026-04-13,83000,USD
OFR-004565-V2,OFR-004565,APP-0064773,REQ-2026-00166,1,2,start_date_revision,accepted,true,2026-03-20,2026-03-20,,,,,2026-04-27,83000,USD
OFR-004566-V1,OFR-004566,APP-0064774,REQ-2026-00166,1,1,initial,accepted,true,2026-03-25,2026-03-27,,,,,2026-04-20,75500,USD
OFR-004567-V1,OFR-004567,APP-0064781,REQ-2025-00594,1,1,initial,accepted,true,2026-03-17,2026-03-19,,,,,2026-04-20,142000,USD
OFR-004568-V1,OFR-004568,APP-0064845,REQ-2026-00149,1,1,initial,declined,true,2026-03-13,,2026-03-15,,,,2026-04-10,72500,USD
OFR-004569-V1,OFR-004569,APP-0064872,REQ-2025-01164,1,1,initial,accepted,false,2026-03-24,2026-03-28,,,,,2026-05-11,134000,USD
OFR-004569-V2,OFR-004569,APP-0064872,REQ-2025-01164,1,2,letter_reissue,accepted,true,2026-04-08,2026-04-08,,,,,2026-05-11,134000,USD
OFR-004570-V1,OFR-004570,APP-0064874,REQ-2025-01197,1,1,initial,accepted,true,2026-03-18,2026-03-22,,,,,2026-05-04,95500,USD
OFR-004571-V1,OFR-004571,APP-0064897,REQ-2026-00116,1,1,initial,accepted,true,2026-04-01,2026-04-05,,,,,2026-05-11,98500,USD
OFR-004572-V1,OFR-004572,APP-0064909,REQ-2026-00130,1,1,initial,accepted,true,2026-04-06,2026-04-14,,,,,2026-06-22,233000,USD
OFR-004573-V1,OFR-004573,APP-0064912,REQ-2026-00132,1,1,initial,accepted,false,2026-03-25,2026-03-26,,,,,2026-04-27,100000,USD
OFR-004573-V2,OFR-004573,APP-0064912,REQ-2026-00132,1,2,salary_correction,accepted,true,2026-04-09,2026-04-09,,,,,2026-04-27,99600,USD
OFR-004574-V1,OFR-004574,APP-0064913,REQ-2026-00132,1,1,initial,accepted,false,2026-03-17,2026-03-24,,,,,2026-04-27,110500,USD
OFR-004574-V2,OFR-004574,APP-0064913,REQ-2026-00132,1,2,start_date_revision,accepted,true,2026-03-30,2026-03-30,,,,,2026-05-11,110500,USD
OFR-004575-V1,OFR-004575,APP-0064938,REQ-2026-00163,1,1,initial,accepted,true,2026-03-18,2026-03-19,,,,,2026-04-13,65000,USD
OFR-004576-V1,OFR-004576,APP-0064954,REQ-2025-00841,1,1,initial,accepted,true,2026-03-13,2026-03-15,,,,,2026-04-13,62500,USD
OFR-004577-V1,OFR-004577,APP-0065004,REQ-2026-00123,1,1,initial,accepted,true,2026-03-11,2026-03-14,,,,,2026-03-30,51000,USD
OFR-004578-V1,OFR-004578,APP-0065020,REQ-2026-00149,1,1,initial,declined,true,2026-03-12,,2026-03-14,,,,2026-04-09,72000,USD
OFR-004579-V1,OFR-004579,APP-0065027,REQ-2026-00158,1,1,initial,accepted,false,2026-03-23,2026-03-26,,,,,2026-04-20,94000,USD
OFR-004579-V2,OFR-004579,APP-0065027,REQ-2026-00158,1,2,start_date_revision,accepted,true,2026-04-04,2026-04-04,,,,,2026-05-11,94000,USD
OFR-004580-V1,OFR-004580,APP-0065029,REQ-2026-00159,1,1,initial,superseded,false,2026-03-18,,,,,,2026-05-04,122000,USD
OFR-004580-V2,OFR-004580,APP-0065029,REQ-2026-00159,1,2,negotiation_revision,accepted,false,2026-03-19,2026-03-20,,,,,2026-05-04,131500,USD
OFR-004580-V3,OFR-004580,APP-0065029,REQ-2026-00159,1,3,salary_correction,accepted,true,2026-03-24,2026-03-24,,,,,2026-05-04,130300,USD
OFR-004581-V1,OFR-004581,APP-0065034,REQ-2026-00162,1,1,initial,accepted,false,2026-03-21,2026-03-23,,,,,2026-04-13,57500,USD
OFR-004581-V2,OFR-004581,APP-0065034,REQ-2026-00162,1,2,start_date_revision,accepted,true,2026-03-31,2026-03-31,,,,,2026-04-27,57500,USD
OFR-004582-V1,OFR-004582,APP-0065068,REQ-2026-00032,1,1,initial,accepted,true,2026-03-16,2026-03-20,,,,,2026-04-27,113500,USD
OFR-004583-V1,OFR-004583,APP-0065092,REQ-2026-00129,1,1,initial,accepted,false,2026-04-14,2026-04-17,,,,,2026-05-11,68000,USD
OFR-004583-V2,OFR-004583,APP-0065092,REQ-2026-00129,1,2,salary_correction,accepted,true,2026-04-27,2026-04-27,,,,,2026-05-11,69100,USD
OFR-004584-V1,OFR-004584,APP-0065096,REQ-2026-00132,1,1,initial,declined,true,2026-03-15,,2026-03-18,,,,2026-04-12,110000,USD
OFR-004585-V1,OFR-004585,APP-0065099,REQ-2026-00136,1,1,initial,withdrawn,true,2026-03-27,,,2026-03-28,,,2026-04-24,111000,USD
OFR-004586-V1,OFR-004586,APP-0065100,REQ-2026-00136,1,1,initial,superseded,false,2026-03-26,,,,,,2026-05-04,118500,USD
OFR-004586-V2,OFR-004586,APP-0065100,REQ-2026-00136,1,2,negotiation_revision,accepted,true,2026-03-27,2026-03-28,,,,,2026-05-04,126500,USD
OFR-004587-V1,OFR-004587,APP-0065117,REQ-2026-00149,1,1,initial,accepted,true,2026-03-13,2026-03-18,,,,,2026-04-13,76500,USD
OFR-004588-V1,OFR-004588,APP-0065147,REQ-2025-01072,1,1,initial,accepted,true,2026-03-19,2026-03-20,,,,,2026-04-13,63000,USD
OFR-004589-V1,OFR-004589,APP-0065193,REQ-2026-00148,1,1,initial,accepted,true,2026-03-18,2026-03-21,,,,,2026-04-13,75500,USD
OFR-004590-V1,OFR-004590,APP-0065204,REQ-2026-00162,1,1,initial,accepted,true,2026-03-12,2026-03-15,,,,,2026-03-30,63500,USD
OFR-004591-V1,OFR-004591,APP-0065222,REQ-2024-00201,1,1,initial,declined,true,2026-04-12,,2026-04-15,,,,2026-05-10,208000,USD
OFR-004592-V1,OFR-004592,APP-0065268,REQ-2026-00127,1,1,initial,withdrawn,true,2026-03-27,,,2026-03-30,,,2026-04-24,66500,USD
OFR-004593-V1,OFR-004593,APP-0065275,REQ-2026-00140,1,1,initial,accepted,true,2026-03-14,2026-03-16,,,,,2026-04-13,63000,USD
OFR-004594-V1,OFR-004594,APP-0065280,REQ-2026-00149,1,1,initial,superseded,false,2026-03-16,,,,,,2026-04-13,78000,USD
OFR-004594-V2,OFR-004594,APP-0065280,REQ-2026-00149,1,2,negotiation_revision,accepted,true,2026-03-18,2026-03-21,,,,,2026-04-13,80500,USD
OFR-004595-V1,OFR-004595,APP-0065281,REQ-2026-00151,1,1,initial,accepted,true,2026-03-17,2026-03-18,,,,,2026-04-06,53000,USD
OFR-004596-V1,OFR-004596,APP-0065304,REQ-2026-00175,1,1,initial,accepted,true,2026-03-19,2026-03-25,,,,,2026-04-20,90500,USD
OFR-004597-V1,OFR-004597,APP-0065366,REQ-2026-00139,1,1,initial,accepted,true,2026-03-31,2026-04-02,,,,,2026-05-04,137500,USD
OFR-004598-V1,OFR-004598,APP-0065387,REQ-2026-00178,1,1,initial,superseded,false,2026-04-03,,,,,,2026-05-01,67500,USD
OFR-004598-V2,OFR-004598,APP-0065387,REQ-2026-00178,1,2,negotiation_revision,withdrawn,true,2026-04-04,,,2026-04-10,,,2026-05-01,70500,USD
OFR-004599-V1,OFR-004599,APP-0065469,REQ-2026-00162,1,1,initial,superseded,false,2026-03-14,,,,,,2026-04-11,53500,USD
OFR-004599-V2,OFR-004599,APP-0065469,REQ-2026-00162,1,2,negotiation_revision,declined,true,2026-03-15,,2026-03-16,,,,2026-04-11,56000,USD
OFR-004600-V1,OFR-004600,APP-0065470,REQ-2026-00162,1,1,initial,accepted,true,2026-03-19,2026-03-22,,,,,2026-04-06,59500,USD
OFR-004601-V1,OFR-004601,APP-0065474,REQ-2026-00164,1,1,initial,accepted,false,2026-03-15,2026-03-18,,,,,2026-03-30,44500,USD
OFR-004601-V2,OFR-004601,APP-0065474,REQ-2026-00164,1,2,start_date_revision,accepted,true,2026-03-23,2026-03-23,,,,,2026-04-20,44500,USD
OFR-004602-V1,OFR-004602,APP-0065481,REQ-2026-00174,1,1,initial,declined,true,2026-03-26,,2026-03-28,,,,2026-04-23,43000,USD
OFR-004603-V1,OFR-004603,APP-0065484,REQ-2026-00176,1,1,initial,accepted,true,2026-04-22,2026-04-28,,,,,2026-06-08,149000,USD
OFR-004604-V1,OFR-004604,APP-0065491,REQ-2026-00183,1,1,initial,superseded,false,2026-03-14,,,,,,2026-04-06,57000,USD
OFR-004604-V2,OFR-004604,APP-0065491,REQ-2026-00183,1,2,negotiation_revision,accepted,true,2026-03-15,2026-03-16,,,,,2026-04-06,60500,USD
OFR-004605-V1,OFR-004605,APP-0065492,REQ-2026-00186,1,1,initial,reneged,true,2026-04-02,2026-04-14,,,,2026-04-30,2026-05-04,74500,USD
OFR-004606-V1,OFR-004606,APP-0065494,REQ-2026-00191,1,1,initial,withdrawn,true,2026-04-08,,,2026-04-10,,,2026-05-06,102000,USD
OFR-004607-V1,OFR-004607,APP-0065500,REQ-2025-00236,1,1,initial,accepted,true,2026-03-27,2026-04-04,,,,,2026-04-20,70000,USD
OFR-004608-V1,OFR-004608,APP-0065514,REQ-2025-01229,1,1,initial,accepted,true,2026-04-07,2026-04-22,,,,,2026-05-25,101000,USD
OFR-004609-V1,OFR-004609,APP-0065545,REQ-2026-00140,1,1,initial,accepted,true,2026-03-24,2026-03-28,,,,,2026-04-27,61500,USD
OFR-004610-V1,OFR-004610,APP-0065559,REQ-2026-00166,1,1,initial,accepted,true,2026-04-04,2026-04-07,,,,,2026-04-27,81000,USD
OFR-004611-V1,OFR-004611,APP-0065572,REQ-2026-00186,1,1,initial,declined,true,2026-03-21,,2026-03-24,,,,2026-04-18,83000,USD
OFR-004612-V1,OFR-004612,APP-0065574,REQ-2026-00191,1,1,initial,accepted,true,2026-03-31,2026-04-03,,,,,2026-05-11,100500,USD
OFR-004613-V1,OFR-004613,APP-0065598,REQ-2025-01261,1,1,initial,accepted,true,2026-04-16,2026-04-17,,,,,2026-05-18,87000,USD
OFR-004614-V1,OFR-004614,APP-0065600,REQ-2026-00054,1,1,initial,accepted,false,2026-03-29,2026-03-31,,,,,2026-05-04,163500,USD
OFR-004614-V2,OFR-004614,APP-0065600,REQ-2026-00054,1,2,start_date_revision,accepted,true,2026-04-07,2026-04-07,,,,,2026-05-25,163500,USD
OFR-004615-V1,OFR-004615,APP-0065615,REQ-2026-00127,1,1,initial,accepted,true,2026-03-25,2026-03-29,,,,,2026-04-20,72000,USD
OFR-004616-V1,OFR-004616,APP-0065625,REQ-2026-00148,1,1,initial,accepted,true,2026-03-21,2026-03-25,,,,,2026-04-20,69000,USD
OFR-004617-V1,OFR-004617,APP-0065649,REQ-2026-00182,1,1,initial,superseded,false,2026-03-30,,,,,,2026-05-11,135000,USD
OFR-004617-V2,OFR-004617,APP-0065649,REQ-2026-00182,1,2,negotiation_revision,accepted,false,2026-04-06,2026-04-08,,,,,2026-05-11,144500,USD
OFR-004617-V3,OFR-004617,APP-0065649,REQ-2026-00182,1,3,letter_reissue,accepted,true,2026-04-14,2026-04-14,,,,,2026-05-11,144500,USD
OFR-004618-V1,OFR-004618,APP-0065653,REQ-2026-00183,1,1,initial,accepted,true,2026-03-25,2026-03-28,,,,,2026-04-13,63500,USD
OFR-004619-V1,OFR-004619,APP-0065654,REQ-2026-00183,1,1,initial,accepted,false,2026-03-21,2026-03-23,,,,,2026-04-13,62500,USD
OFR-004619-V2,OFR-004619,APP-0065654,REQ-2026-00183,1,2,start_date_revision,accepted,true,2026-03-25,2026-03-25,,,,,2026-04-27,62500,USD
OFR-004620-V1,OFR-004620,APP-0065670,REQ-2025-00594,1,1,initial,accepted,false,2026-03-26,2026-03-31,,,,,2026-05-11,129000,USD
OFR-004620-V2,OFR-004620,APP-0065670,REQ-2025-00594,1,2,start_date_revision,accepted,true,2026-04-14,2026-04-14,,,,,2026-05-31,129000,USD
OFR-004621-V1,OFR-004621,APP-0065715,REQ-2026-00149,1,1,initial,accepted,false,2026-03-17,2026-03-19,,,,,2026-04-20,79000,USD
OFR-004621-V2,OFR-004621,APP-0065715,REQ-2026-00149,1,2,start_date_revision,accepted,true,2026-03-21,2026-03-21,,,,,2026-05-04,79000,USD
OFR-004622-V1,OFR-004622,APP-0065744,REQ-2026-00183,1,1,initial,declined,true,2026-03-26,,2026-03-30,,,,2026-04-23,59500,USD
OFR-004623-V1,OFR-004623,APP-0065750,REQ-2026-00200,1,1,initial,accepted,false,2026-04-07,2026-04-10,,,,,2026-04-27,59500,USD
OFR-004623-V2,OFR-004623,APP-0065750,REQ-2026-00200,1,2,start_date_revision,accepted,true,2026-04-12,2026-04-12,,,,,2026-05-18,59500,USD
OFR-004624-V1,OFR-004624,APP-0065820,REQ-2026-00174,1,1,initial,accepted,true,2026-03-31,2026-04-03,,,,,2026-04-27,45000,USD
OFR-004625-V1,OFR-004625,APP-0065840,REQ-2025-00402,1,1,initial,declined,true,2026-04-17,,2026-04-24,,,,2026-05-15,66500,USD
OFR-004626-V1,OFR-004626,APP-0065872,REQ-2026-00116,1,1,initial,withdrawn,true,2026-04-01,,,2026-04-05,,,2026-04-29,94500,USD
OFR-004627-V1,OFR-004627,APP-0065883,REQ-2026-00149,1,1,initial,accepted,true,2026-03-29,2026-03-30,,,,,2026-04-20,83500,USD
OFR-004628-V1,OFR-004628,APP-0065897,REQ-2026-00174,1,1,initial,superseded,false,2026-03-31,,,,,,2026-04-28,44500,USD
OFR-004628-V2,OFR-004628,APP-0065897,REQ-2026-00174,1,2,negotiation_revision,withdrawn,true,2026-04-01,,,2026-04-03,,,2026-04-28,46000,USD
OFR-004629-V1,OFR-004629,APP-0065911,REQ-2026-00189,1,1,initial,accepted,true,2026-03-30,2026-04-04,,,,,2026-05-11,99500,USD
OFR-004630-V1,OFR-004630,APP-0065912,REQ-2026-00190,1,1,initial,reneged,true,2026-04-02,2026-04-10,,,,2026-04-20,2026-05-11,96500,USD
OFR-004631-V1,OFR-004631,APP-0065930,REQ-2025-00758,1,1,initial,accepted,true,2026-04-09,2026-04-16,,,,,2026-05-18,168500,USD
OFR-004632-V1,OFR-004632,APP-0065948,REQ-2026-00052,1,1,initial,accepted,true,2026-04-06,2026-04-10,,,,,2026-04-27,58500,USD
OFR-004633-V1,OFR-004633,APP-0065974,REQ-2026-00169,1,1,initial,superseded,false,2026-04-01,,,,,,2026-05-11,91500,USD
OFR-004633-V2,OFR-004633,APP-0065974,REQ-2026-00169,1,2,negotiation_revision,accepted,true,2026-04-03,2026-04-05,,,,,2026-05-11,95000,USD
OFR-004634-V1,OFR-004634,APP-0065984,REQ-2026-00191,1,1,initial,accepted,false,2026-04-04,2026-04-09,,,,,2026-05-25,95000,USD
OFR-004634-V2,OFR-004634,APP-0065984,REQ-2026-00191,1,2,salary_correction,accepted,true,2026-04-24,2026-04-24,,,,,2026-05-25,96200,USD
OFR-004635-V1,OFR-004635,APP-0065998,REQ-2024-01021,1,1,initial,declined,true,2026-04-26,,2026-05-03,,,,2026-05-24,95500,USD
OFR-004636-V1,OFR-004636,APP-0066001,REQ-2025-00248,1,1,initial,accepted,true,2026-04-23,2026-04-26,,,,,2026-06-01,129500,USD
OFR-004637-V1,OFR-004637,APP-0066017,REQ-2026-00055,1,1,initial,declined,true,2026-04-03,,2026-04-06,,,,2026-05-01,159500,USD
OFR-004638-V1,OFR-004638,APP-0066023,REQ-2026-00078,1,1,initial,superseded,false,2026-04-02,,,,,,2026-05-11,98000,USD
OFR-004638-V2,OFR-004638,APP-0066023,REQ-2026-00078,1,2,negotiation_revision,accepted,true,2026-04-04,2026-04-05,,,,,2026-05-11,105500,USD
OFR-004639-V1,OFR-004639,APP-0066051,REQ-2026-00185,1,1,initial,declined,true,2026-05-15,,2026-05-20,,,,2026-06-12,103500,USD
OFR-004640-V1,OFR-004640,APP-0066057,REQ-2026-00191,1,1,initial,accepted,true,2026-03-28,2026-03-31,,,,,2026-05-04,92000,USD
OFR-004641-V1,OFR-004641,APP-0066059,REQ-2026-00202,1,1,initial,accepted,true,2026-03-30,2026-04-06,,,,,2026-05-04,82000,USD
OFR-004642-V1,OFR-004642,APP-0066129,REQ-2026-00184,1,1,initial,accepted,true,2026-04-02,2026-04-06,,,,,2026-05-04,70000,USD
OFR-004643-V1,OFR-004643,APP-0066138,REQ-2026-00195,1,1,initial,superseded,false,2026-04-03,,,,,,2026-05-18,113000,USD
OFR-004643-V2,OFR-004643,APP-0066138,REQ-2026-00195,1,2,negotiation_revision,accepted,true,2026-04-07,2026-04-11,,,,,2026-05-18,121000,USD
OFR-004644-V1,OFR-004644,APP-0066139,REQ-2026-00201,1,1,initial,accepted,false,2026-04-23,2026-04-25,,,,,2026-06-01,131000,USD
OFR-004644-V2,OFR-004644,APP-0066139,REQ-2026-00201,1,2,start_date_revision,accepted,true,2026-05-01,2026-05-01,,,,,2026-06-22,131000,USD
OFR-004645-V1,OFR-004645,APP-0066142,REQ-2026-00202,1,1,initial,accepted,true,2026-03-29,2026-04-01,,,,,2026-05-04,73500,USD
OFR-004646-V1,OFR-004646,APP-0066159,REQ-2025-00893,1,1,initial,accepted,false,2026-04-16,2026-04-20,,,,,2026-06-15,159000,USD
OFR-004646-V2,OFR-004646,APP-0066159,REQ-2025-00893,1,2,letter_reissue,accepted,true,2026-04-23,2026-04-23,,,,,2026-06-15,159000,USD
OFR-004647-V1,OFR-004647,APP-0066168,REQ-2025-01226,1,1,initial,accepted,true,2026-04-06,2026-04-08,,,,,2026-05-18,100500,USD
OFR-004648-V1,OFR-004648,APP-0066182,REQ-2026-00109,1,1,initial,accepted,true,2026-03-25,2026-03-28,,,,,2026-04-20,78500,USD
OFR-004649-V1,OFR-004649,APP-0066211,REQ-2026-00183,1,1,initial,accepted,false,2026-04-01,2026-04-03,,,,,2026-04-20,59500,USD
OFR-004649-V2,OFR-004649,APP-0066211,REQ-2026-00183,1,2,start_date_revision,accepted,true,2026-04-14,2026-04-14,,,,,2026-05-04,59500,USD
OFR-004650-V1,OFR-004650,APP-0066219,REQ-2026-00193,1,1,initial,accepted,true,2026-04-10,2026-04-14,,,,,2026-05-04,86000,USD
OFR-004651-V1,OFR-004651,APP-0066229,REQ-2026-00212,1,1,initial,superseded,false,2026-04-13,,,,,,2026-05-25,125000,USD
OFR-004651-V2,OFR-004651,APP-0066229,REQ-2026-00212,1,2,negotiation_revision,rescinded,true,2026-04-14,2026-04-20,,,2026-05-16,,2026-05-25,132500,USD
OFR-004652-V1,OFR-004652,APP-0066231,REQ-2026-00214,1,1,initial,accepted,true,2026-03-30,2026-04-01,,,,,2026-05-04,89000,USD
OFR-004653-V1,OFR-004653,APP-0066234,REQ-2026-00217,1,1,initial,declined,true,2026-03-25,,2026-03-27,,,,2026-04-22,58000,USD
OFR-004654-V1,OFR-004654,APP-0066247,REQ-2025-01157,1,1,initial,accepted,true,2026-04-17,2026-04-18,,,,,2026-06-01,99500,USD
OFR-004655-V1,OFR-004655,APP-0066284,REQ-2026-00166,1,1,initial,accepted,true,2026-03-28,2026-03-30,,,,,2026-04-27,82500,USD
OFR-004656-V1,OFR-004656,APP-0066288,REQ-2026-00174,1,1,initial,superseded,false,2026-03-30,,,,,,2026-04-27,46500,USD
OFR-004656-V2,OFR-004656,APP-0066288,REQ-2026-00174,1,2,negotiation_revision,withdrawn,true,2026-03-31,,,2026-04-03,,,2026-04-27,48000,USD
OFR-004657-V1,OFR-004657,APP-0066298,REQ-2026-00194,1,1,initial,superseded,false,2026-04-13,,,,,,2026-05-25,135500,USD
OFR-004657-V2,OFR-004657,APP-0066298,REQ-2026-00194,1,2,negotiation_revision,accepted,true,2026-04-15,2026-04-17,,,,,2026-05-25,145000,USD
OFR-004658-V1,OFR-004658,APP-0066310,REQ-2026-00202,1,1,initial,superseded,false,2026-04-08,,,,,,2026-05-04,72500,USD
OFR-004658-V2,OFR-004658,APP-0066310,REQ-2026-00202,1,2,negotiation_revision,reneged,true,2026-04-09,2026-04-12,,,,2026-04-19,2026-05-04,77000,USD
OFR-004659-V1,OFR-004659,APP-0066333,REQ-2025-00030,1,1,initial,superseded,false,2026-04-18,,,,,,2026-06-08,170500,USD
OFR-004659-V2,OFR-004659,APP-0066333,REQ-2025-00030,1,2,negotiation_revision,accepted,true,2026-04-19,2026-04-23,,,,,2026-06-08,178500,USD
OFR-004660-V1,OFR-004660,APP-0066354,REQ-2025-01228,1,1,initial,accepted,true,2026-04-08,2026-04-10,,,,,2026-05-11,84500,USD
OFR-004661-V1,OFR-004661,APP-0066364,REQ-2026-00079,1,1,initial,accepted,true,2026-04-07,2026-04-09,,,,,2026-05-18,101500,USD
OFR-004662-V1,OFR-004662,APP-0066387,REQ-2026-00177,1,1,initial,declined,true,2026-04-05,,2026-04-09,,,,2026-05-03,58000,USD
OFR-004663-V1,OFR-004663,APP-0066403,REQ-2026-00203,1,1,initial,accepted,true,2026-03-26,2026-03-29,,,,,2026-05-11,92000,USD
OFR-004664-V1,OFR-004664,APP-0066443,REQ-2026-00025,1,1,initial,accepted,true,2026-04-13,2026-04-15,,,,,2026-05-04,67500,USD
OFR-004665-V1,OFR-004665,APP-0066471,REQ-2026-00170,1,1,initial,accepted,true,2026-04-11,2026-04-15,,,,,2026-05-25,115500,USD
OFR-004666-V1,OFR-004666,APP-0066499,REQ-2026-00230,1,1,initial,accepted,true,2026-04-17,2026-04-21,,,,,2026-05-18,101500,USD
OFR-004667-V1,OFR-004667,APP-0066500,REQ-2026-00231,1,1,initial,reneged,true,2026-04-14,2026-04-16,,,,2026-05-06,2026-05-11,70500,USD
OFR-004668-V1,OFR-004668,APP-0066506,REQ-2024-01021,1,1,initial,accepted,true,2026-05-14,2026-05-18,,,,,2026-06-15,93500,USD
OFR-004669-V1,OFR-004669,APP-0066507,REQ-2025-00203,1,1,initial,accepted,false,2026-04-16,2026-04-18,,,,,2026-05-18,90500,USD
OFR-004669-V2,OFR-004669,APP-0066507,REQ-2025-00203,1,2,salary_correction,accepted,true,2026-04-28,2026-04-28,,,,,2026-05-18,89700,USD
OFR-004670-V1,OFR-004670,APP-0066510,REQ-2025-00670,1,1,initial,accepted,true,2026-04-05,2026-04-07,,,,,2026-05-11,88000,USD
OFR-004671-V1,OFR-004671,APP-0066521,REQ-2025-01231,1,1,initial,superseded,false,2026-03-31,,,,,,2026-05-11,87500,USD
OFR-004671-V2,OFR-004671,APP-0066521,REQ-2025-01231,1,2,negotiation_revision,accepted,true,2026-04-01,2026-04-02,,,,,2026-05-11,90500,USD
OFR-004672-V1,OFR-004672,APP-0066573,REQ-2026-00217,1,1,initial,accepted,false,2026-04-10,2026-04-12,,,,,2026-04-27,55000,USD
OFR-004672-V2,OFR-004672,APP-0066573,REQ-2026-00217,1,2,start_date_revision,accepted,true,2026-04-22,2026-04-22,,,,,2026-05-04,55000,USD
OFR-004673-V1,OFR-004673,APP-0066579,REQ-2026-00227,1,1,initial,accepted,true,2026-04-03,2026-04-13,,,,,2026-05-11,79500,USD
OFR-004674-V1,OFR-004674,APP-0066586,REQ-2024-01223,1,1,initial,accepted,true,2026-04-12,2026-04-16,,,,,2026-05-18,126500,USD
OFR-004675-V1,OFR-004675,APP-0066587,REQ-2025-00291,1,1,initial,superseded,false,2026-04-24,,,,,,2026-07-13,262000,USD
OFR-004675-V2,OFR-004675,APP-0066587,REQ-2025-00291,1,2,negotiation_revision,accepted,true,2026-04-26,2026-04-29,,,,,2026-07-13,276000,USD
OFR-004676-V1,OFR-004676,APP-0066593,REQ-2025-01238,1,1,initial,accepted,true,2026-05-10,2026-05-16,,,,,2026-06-15,108000,USD
OFR-004677-V1,OFR-004677,APP-0066594,REQ-2025-01239,1,1,initial,accepted,false,2026-04-22,2026-04-25,,,,,2026-06-01,139000,USD
OFR-004677-V2,OFR-004677,APP-0066594,REQ-2025-01239,1,2,start_date_revision,accepted,true,2026-05-07,2026-05-07,,,,,2026-06-21,139000,USD
OFR-004678-V1,OFR-004678,APP-0066634,REQ-2026-00208,1,1,initial,declined,true,2026-04-12,,2026-04-16,,,,2026-05-10,75000,USD
OFR-004679-V1,OFR-004679,APP-0066638,REQ-2026-00211,1,1,initial,accepted,true,2026-04-10,2026-04-11,,,,,2026-05-04,76500,USD
OFR-004680-V1,OFR-004680,APP-0066652,REQ-2026-00220,1,1,initial,declined,true,2026-04-08,,2026-04-10,,,,2026-05-06,158500,USD
OFR-004681-V1,OFR-004681,APP-0066659,REQ-2026-00228,1,1,initial,superseded,false,2026-04-04,,,,,,2026-06-01,176000,USD
OFR-004681-V2,OFR-004681,APP-0066659,REQ-2026-00228,1,2,negotiation_revision,accepted,true,2026-04-06,2026-04-15,,,,,2026-06-01,184000,USD
OFR-004682-V1,OFR-004682,APP-0066660,REQ-2026-00229,1,1,initial,superseded,false,2026-05-24,,,,,,2026-07-06,105000,USD
OFR-004682-V2,OFR-004682,APP-0066660,REQ-2026-00229,1,2,negotiation_revision,accepted,true,2026-05-28,2026-05-31,,,,,2026-07-06,112000,USD
OFR-004683-V1,OFR-004683,APP-0066669,REQ-2026-00232,1,1,initial,accepted,false,2026-03-29,2026-03-31,,,,,2026-05-04,91500,USD
OFR-004683-V2,OFR-004683,APP-0066669,REQ-2026-00232,1,2,salary_correction,accepted,true,2026-04-13,2026-04-13,,,,,2026-05-04,92700,USD
OFR-004684-V1,OFR-004684,APP-0066680,REQ-2025-00819,1,1,initial,accepted,true,2026-04-13,2026-04-15,,,,,2026-05-18,170500,USD
OFR-004685-V1,OFR-004685,APP-0066684,REQ-2025-00896,1,1,initial,withdrawn,true,2026-05-01,,,2026-05-05,,,2026-05-29,172500,USD
OFR-004686-V1,OFR-004686,APP-0066697,REQ-2025-01238,1,1,initial,declined,true,2026-04-20,,2026-04-25,,,,2026-05-18,104000,USD
OFR-004687-V1,OFR-004687,APP-0066707,REQ-2026-00090,1,1,initial,accepted,true,2026-04-08,2026-04-11,,,,,2026-05-04,51500,USD
OFR-004688-V1,OFR-004688,APP-0066716,REQ-2026-00134,1,1,initial,accepted,true,2026-05-01,2026-05-03,,,,,2026-06-15,137500,USD
OFR-004689-V1,OFR-004689,APP-0066737,REQ-2026-00192,1,1,initial,accepted,true,2026-04-03,2026-04-06,,,,,2026-04-27,75500,USD
OFR-004690-V1,OFR-004690,APP-0066741,REQ-2026-00197,1,1,initial,accepted,true,2026-05-04,2026-05-10,,,,,2026-06-08,112500,USD
OFR-004691-V1,OFR-004691,APP-0066747,REQ-2026-00205,1,1,initial,declined,true,2026-04-02,,2026-04-04,,,,2026-04-30,77500,USD
OFR-004692-V1,OFR-004692,APP-0066772,REQ-2026-00246,1,1,initial,accepted,true,2026-03-31,2026-04-02,,,,,2026-05-11,79000,USD
OFR-004693-V1,OFR-004693,APP-0066782,REQ-2025-01041,1,1,initial,superseded,false,2026-05-03,,,,,,2026-05-31,137000,USD
OFR-004693-V2,OFR-004693,APP-0066782,REQ-2025-01041,1,2,negotiation_revision,declined,true,2026-05-09,,2026-05-10,,,,2026-05-31,145500,USD
OFR-004694-V1,OFR-004694,APP-0066787,REQ-2025-01116,1,1,initial,superseded,false,2026-04-19,,,,,,2026-05-18,98500,USD
OFR-004694-V2,OFR-004694,APP-0066787,REQ-2025-01116,1,2,negotiation_revision,accepted,true,2026-04-20,2026-04-21,,,,,2026-05-18,104500,USD
OFR-004695-V1,OFR-004695,APP-0066806,REQ-2026-00169,1,1,initial,accepted,true,2026-04-04,2026-04-07,,,,,2026-05-11,78500,USD
OFR-004696-V1,OFR-004696,APP-0066818,REQ-2026-00198,1,1,initial,declined,true,2026-04-06,,2026-04-08,,,,2026-05-04,59500,USD
OFR-004697-V1,OFR-004697,APP-0066822,REQ-2026-00202,1,1,initial,declined,true,2026-04-06,,2026-04-11,,,,2026-05-04,80500,USD
OFR-004698-V1,OFR-004698,APP-0066829,REQ-2026-00215,1,1,initial,accepted,true,2026-04-12,2026-04-15,,,,,2026-05-18,107500,USD
OFR-004699-V1,OFR-004699,APP-0066832,REQ-2026-00216,1,1,initial,declined,true,2026-04-09,,2026-04-10,,,,2026-05-07,48500,USD
OFR-004700-V1,OFR-004700,APP-0066868,REQ-2025-01157,1,1,initial,withdrawn,true,2026-04-17,,,2026-04-18,,,2026-05-15,108500,USD
OFR-004701-V1,OFR-004701,APP-0066876,REQ-2026-00025,1,1,initial,withdrawn,true,2026-04-11,,,2026-04-15,,,2026-05-09,62000,USD
OFR-004702-V1,OFR-004702,APP-0066881,REQ-2026-00131,1,1,initial,accepted,true,2026-04-04,2026-04-07,,,,,2026-05-11,81500,USD
OFR-004703-V1,OFR-004703,APP-0066889,REQ-2026-00160,1,1,initial,accepted,true,2026-04-12,2026-04-16,,,,,2026-05-25,97500,USD
OFR-004704-V1,OFR-004704,APP-0066892,REQ-2026-00178,1,1,initial,accepted,true,2026-04-02,2026-04-07,,,,,2026-05-11,61500,USD
OFR-004705-V1,OFR-004705,APP-0066911,REQ-2026-00202,1,1,initial,withdrawn,true,2026-04-10,,,2026-04-12,,,2026-05-08,75500,USD
OFR-004706-V1,OFR-004706,APP-0066937,REQ-2026-00230,1,1,initial,accepted,false,2026-04-21,2026-04-23,,,,,2026-06-01,89000,USD
OFR-004706-V2,OFR-004706,APP-0066937,REQ-2026-00230,1,2,start_date_revision,accepted,true,2026-05-08,2026-05-08,,,,,2026-06-17,89000,USD
OFR-004707-V1,OFR-004707,APP-0066963,REQ-2025-01228,1,1,initial,superseded,false,2026-04-09,,,,,,2026-05-07,80000,USD
OFR-004707-V2,OFR-004707,APP-0066963,REQ-2025-01228,1,2,negotiation_revision,withdrawn,true,2026-04-10,,,2026-04-11,,,2026-05-07,85000,USD
OFR-004708-V1,OFR-004708,APP-0066978,REQ-2026-00145,1,1,initial,withdrawn,true,2026-04-19,,,2026-04-22,,,2026-05-17,82000,USD
OFR-004709-V1,OFR-004709,APP-0066990,REQ-2026-00177,1,1,initial,accepted,true,2026-04-28,2026-05-03,,,,,2026-06-01,58500,USD
OFR-004710-V1,OFR-004710,APP-0067001,REQ-2026-00200,1,1,initial,superseded,false,2026-04-06,,,,,,2026-05-04,59000,USD
OFR-004710-V2,OFR-004710,APP-0067001,REQ-2026-00200,1,2,negotiation_revision,declined,true,2026-04-07,,2026-04-09,,,,2026-05-04,61000,USD
OFR-004711-V1,OFR-004711,APP-0067004,REQ-2026-00202,1,1,initial,accepted,false,2026-04-05,2026-04-06,,,,,2026-04-27,75500,USD
OFR-004711-V2,OFR-004711,APP-0067004,REQ-2026-00202,1,2,start_date_revision,accepted,true,2026-04-13,2026-04-13,,,,,2026-05-18,75500,USD
OFR-004712-V1,OFR-004712,APP-0067024,REQ-2026-00230,1,1,initial,accepted,true,2026-04-13,2026-04-21,,,,,2026-06-01,88500,USD
OFR-004713-V1,OFR-004713,APP-0067035,REQ-2026-00242,1,1,initial,accepted,false,2026-04-23,2026-04-26,,,,,2026-06-01,84000,USD
OFR-004713-V2,OFR-004713,APP-0067035,REQ-2026-00242,1,2,start_date_revision,accepted,true,2026-05-11,2026-05-11,,,,,2026-06-18,84000,USD
OFR-004714-V1,OFR-004714,APP-0067039,REQ-2026-00246,1,1,initial,declined,true,2026-04-10,,2026-04-12,,,,2026-05-08,81500,USD
OFR-004715-V1,OFR-004715,APP-0067106,REQ-2026-00222,1,1,initial,declined,true,2026-04-22,,2026-04-25,,,,2026-05-20,110500,USD
OFR-004716-V1,OFR-004716,APP-0067109,REQ-2026-00229,1,1,initial,declined,true,2026-04-14,,2026-04-18,,,,2026-05-12,105000,USD
OFR-004717-V1,OFR-004717,APP-0067117,REQ-2026-00233,1,1,initial,withdrawn,true,2026-04-15,,,2026-04-16,,,2026-05-13,99000,USD
OFR-004718-V1,OFR-004718,APP-0067118,REQ-2026-00235,1,1,initial,accepted,true,2026-04-15,2026-04-18,,,,,2026-05-18,74000,USD
OFR-004719-V1,OFR-004719,APP-0067145,REQ-2025-01062,1,1,initial,accepted,true,2026-04-20,2026-04-24,,,,,2026-06-01,136000,USD
OFR-004720-V1,OFR-004720,APP-0067148,REQ-2026-00015,1,1,initial,declined,true,2026-04-17,,2026-04-21,,,,2026-05-15,78500,USD
OFR-004721-V1,OFR-004721,APP-0067152,REQ-2026-00063,1,1,initial,accepted,true,2026-04-20,2026-05-03,,,,,2026-05-25,86000,USD
OFR-004722-V1,OFR-004722,APP-0067161,REQ-2026-00173,1,1,initial,superseded,false,2026-04-24,,,,,,2026-05-22,134000,USD
OFR-004722-V2,OFR-004722,APP-0067161,REQ-2026-00173,1,2,negotiation_revision,declined,true,2026-04-27,,2026-04-29,,,,2026-05-22,142500,USD
OFR-004723-V1,OFR-004723,APP-0067200,REQ-2026-00230,1,1,initial,superseded,false,2026-04-12,,,,,,2026-05-25,94500,USD
OFR-004723-V2,OFR-004723,APP-0067200,REQ-2026-00230,1,2,negotiation_revision,accepted,true,2026-04-14,2026-04-16,,,,,2026-05-25,102000,USD
OFR-004724-V1,OFR-004724,APP-0067204,REQ-2026-00233,1,1,initial,superseded,false,2026-04-14,,,,,,2026-05-18,110500,USD
OFR-004724-V2,OFR-004724,APP-0067204,REQ-2026-00233,1,2,negotiation_revision,accepted,true,2026-04-15,2026-04-16,,,,,2026-05-18,117000,USD
OFR-004725-V1,OFR-004725,APP-0067219,REQ-2026-00258,1,1,initial,accepted,true,2026-04-15,2026-04-18,,,,,2026-05-25,101500,USD
OFR-004726-V1,OFR-004726,APP-0067249,REQ-2026-00103,1,1,initial,superseded,false,2026-04-12,,,,,,2026-05-11,65500,USD
OFR-004726-V2,OFR-004726,APP-0067249,REQ-2026-00103,1,2,negotiation_revision,accepted,true,2026-04-14,2026-04-15,,,,,2026-05-11,67500,USD
OFR-004727-V1,OFR-004727,APP-0067258,REQ-2026-00178,1,1,initial,accepted,true,2026-04-07,2026-04-09,,,,,2026-05-04,64000,USD
OFR-004728-V1,OFR-004728,APP-0067280,REQ-2026-00227,1,1,initial,withdrawn,true,2026-04-08,,,2026-04-09,,,2026-05-06,78000,USD
OFR-004729-V1,OFR-004729,APP-0067292,REQ-2026-00246,1,1,initial,accepted,true,2026-04-12,2026-04-15,,,,,2026-05-25,78500,USD
OFR-004730-V1,OFR-004730,APP-0067329,REQ-2026-00145,1,1,initial,accepted,false,2026-04-14,2026-04-21,,,,,2026-05-18,73500,USD
OFR-004730-V2,OFR-004730,APP-0067329,REQ-2026-00145,1,2,start_date_revision,accepted,true,2026-05-03,2026-05-03,,,,,2026-05-31,73500,USD
OFR-004731-V1,OFR-004731,APP-0067333,REQ-2026-00170,1,1,initial,withdrawn,true,2026-04-11,,,2026-04-15,,,2026-05-09,122500,USD
OFR-004732-V1,OFR-004732,APP-0067363,REQ-2026-00221,1,1,initial,accepted,true,2026-04-05,2026-04-09,,,,,2026-05-04,47000,USD
OFR-004733-V1,OFR-004733,APP-0067383,REQ-2026-00250,1,1,initial,superseded,false,2026-04-13,,,,,,2026-06-01,91500,USD
OFR-004733-V2,OFR-004733,APP-0067383,REQ-2026-00250,1,2,negotiation_revision,accepted,true,2026-04-17,2026-04-18,,,,,2026-06-01,96000,USD
OFR-004734-V1,OFR-004734,APP-0067466,REQ-2026-00230,1,1,initial,accepted,false,2026-04-13,2026-04-17,,,,,2026-06-01,102500,USD
OFR-004734-V2,OFR-004734,APP-0067466,REQ-2026-00230,1,2,start_date_revision,reneged,true,2026-04-19,2026-04-19,,,,2026-05-22,2026-06-08,102500,USD
OFR-004735-V1,OFR-004735,APP-0067467,REQ-2026-00231,1,1,initial,withdrawn,true,2026-04-18,,,2026-04-25,,,2026-05-16,77500,USD
OFR-004736-V1,OFR-004736,APP-0067474,REQ-2026-00238,1,1,initial,accepted,false,2026-04-10,2026-04-15,,,,,2026-06-15,125500,USD
OFR-004736-V2,OFR-004736,APP-0067474,REQ-2026-00238,1,2,letter_reissue,accepted,true,2026-04-22,2026-04-22,,,,,2026-06-15,125500,USD
OFR-004737-V1,OFR-004737,APP-0067478,REQ-2026-00242,1,1,initial,accepted,true,2026-04-17,2026-04-22,,,,,2026-06-01,80500,USD
OFR-004738-V1,OFR-004738,APP-0067486,REQ-2026-00251,1,1,initial,accepted,true,2026-04-22,2026-04-24,,,,,2026-06-08,90500,USD
OFR-004739-V1,OFR-004739,APP-0067489,REQ-2026-00256,1,1,initial,accepted,true,2026-04-21,2026-04-22,,,,,2026-06-01,78500,USD
OFR-004740-V1,OFR-004740,APP-0067490,REQ-2026-00257,1,1,initial,withdrawn,true,2026-04-13,,,2026-04-18,,,2026-05-11,87500,USD
OFR-004741-V1,OFR-004741,APP-0067493,REQ-2026-00258,1,1,initial,superseded,false,2026-04-26,,,,,,2026-06-08,100000,USD
OFR-004741-V2,OFR-004741,APP-0067493,REQ-2026-00258,1,2,negotiation_revision,accepted,true,2026-04-28,2026-04-29,,,,,2026-06-08,107500,USD
OFR-004742-V1,OFR-004742,APP-0067506,REQ-2025-00826,1,1,initial,accepted,true,2026-04-23,2026-04-27,,,,,2026-06-08,174500,USD
OFR-004743-V1,OFR-004743,APP-0067527,REQ-2026-00145,1,1,initial,declined,true,2026-04-17,,2026-04-18,,,,2026-05-15,78500,USD
OFR-004744-V1,OFR-004744,APP-0067530,REQ-2026-00171,1,1,initial,declined,true,2026-04-17,,2026-04-19,,,,2026-05-15,136500,USD
OFR-004745-V1,OFR-004745,APP-0067534,REQ-2026-00188,1,1,initial,accepted,true,2026-04-13,2026-04-16,,,,,2026-05-18,60000,USD
OFR-004746-V1,OFR-004746,APP-0067589,REQ-2026-00275,1,1,initial,superseded,false,2026-04-28,,,,,,2026-05-26,102500,USD
OFR-004746-V2,OFR-004746,APP-0067589,REQ-2026-00275,1,2,negotiation_revision,declined,true,2026-04-29,,2026-04-30,,,,2026-05-26,110500,USD
OFR-004747-V1,OFR-004747,APP-0067595,REQ-2025-00689,1,1,initial,accepted,true,2026-04-23,2026-04-24,,,,,2026-06-08,161500,USD
OFR-004748-V1,OFR-004748,APP-0067613,REQ-2025-01261,1,1,initial,declined,true,2026-05-02,,2026-05-09,,,,2026-05-30,91500,USD
OFR-004749-V1,OFR-004749,APP-0067639,REQ-2026-00221,1,1,initial,accepted,true,2026-04-16,2026-04-18,,,,,2026-05-11,43500,USD
OFR-004750-V1,OFR-004750,APP-0067643,REQ-2026-00230,1,1,initial,withdrawn,true,2026-04-25,,,2026-04-27,,,2026-05-23,101000,USD
OFR-004751-V1,OFR-004751,APP-0067646,REQ-2026-00230,1,1,initial,declined,true,2026-04-19,,2026-04-20,,,,2026-05-17,90000,USD
OFR-004752-V1,OFR-004752,APP-0067661,REQ-2026-00250,1,1,initial,accepted,false,2026-04-11,2026-04-13,,,,,2026-05-18,79500,USD
OFR-004752-V2,OFR-004752,APP-0067661,REQ-2026-00250,1,2,start_date_revision,accepted,true,2026-04-22,2026-04-22,,,,,2026-06-07,79500,USD
OFR-004753-V1,OFR-004753,APP-0067677,REQ-2026-00264,1,1,initial,accepted,true,2026-04-14,2026-04-23,,,,,2026-05-25,93500,USD
OFR-004754-V1,OFR-004754,APP-0067679,REQ-2026-00268,1,1,initial,withdrawn,true,2026-04-15,,,2026-04-19,,,2026-05-13,48500,USD
OFR-004755-V1,OFR-004755,APP-0067685,REQ-2026-00280,1,1,initial,accepted,true,2026-04-15,2026-04-16,,,,,2026-06-01,84000,USD
OFR-004756-V1,OFR-004756,APP-0067696,REQ-2026-00022,1,1,initial,accepted,false,2026-04-21,2026-04-25,,,,,2026-06-15,132500,USD
OFR-004756-V2,OFR-004756,APP-0067696,REQ-2026-00022,1,2,letter_reissue,accepted,true,2026-05-04,2026-05-04,,,,,2026-06-15,132500,USD
OFR-004757-V1,OFR-004757,APP-0067723,REQ-2026-00231,1,1,initial,withdrawn,true,2026-04-23,,,2026-04-25,,,2026-05-21,76000,USD
OFR-004758-V1,OFR-004758,APP-0067736,REQ-2026-00249,1,1,initial,accepted,true,2026-05-09,2026-05-17,,,,,2026-06-29,157000,USD
OFR-004759-V1,OFR-004759,APP-0067745,REQ-2026-00257,1,1,initial,accepted,true,2026-04-16,2026-04-17,,,,,2026-06-01,96500,USD
OFR-004760-V1,OFR-004760,APP-0067762,REQ-2026-00268,1,1,initial,accepted,true,2026-04-16,2026-04-17,,,,,2026-05-04,44500,USD
OFR-004761-V1,OFR-004761,APP-0067796,REQ-2026-00156,1,1,initial,accepted,true,2026-04-14,2026-04-15,,,,,2026-05-18,75500,USD
OFR-004762-V1,OFR-004762,APP-0067805,REQ-2026-00213,1,1,initial,accepted,false,2026-04-29,2026-05-02,,,,,2026-05-25,86000,USD
OFR-004762-V2,OFR-004762,APP-0067805,REQ-2026-00213,1,2,start_date_revision,accepted,true,2026-05-09,2026-05-09,,,,,2026-06-05,86000,USD
OFR-004763-V1,OFR-004763,APP-0067814,REQ-2026-00230,1,1,initial,superseded,false,2026-04-24,,,,,,2026-05-22,97000,USD
OFR-004763-V2,OFR-004763,APP-0067814,REQ-2026-00230,1,2,negotiation_revision,withdrawn,true,2026-04-25,,,2026-04-27,,,2026-05-22,102500,USD
OFR-004764-V1,OFR-004764,APP-0067825,REQ-2026-00242,1,1,initial,accepted,true,2026-04-17,2026-04-20,,,,,2026-05-25,81000,USD
OFR-004765-V1,OFR-004765,APP-0067831,REQ-2026-00248,1,1,initial,declined,true,2026-04-24,,2026-04-26,,,,2026-05-22,57000,USD
OFR-004766-V1,OFR-004766,APP-0067833,REQ-2026-00248,1,1,initial,accepted,true,2026-04-11,2026-04-14,,,,,2026-05-04,62500,USD
OFR-004767-V1,OFR-004767,APP-0067845,REQ-2026-00268,1,1,initial,accepted,true,2026-04-15,2026-04-16,,,,,2026-05-11,48500,USD
OFR-004768-V1,OFR-004768,APP-0067846,REQ-2026-00268,1,1,initial,superseded,false,2026-04-13,,,,,,2026-05-04,47000,USD
OFR-004768-V2,OFR-004768,APP-0067846,REQ-2026-00268,1,2,negotiation_revision,accepted,true,2026-04-14,2026-04-15,,,,,2026-05-04,50000,USD
OFR-004769-V1,OFR-004769,APP-0067901,REQ-2026-00226,1,1,initial,declined,true,2026-04-20,,2026-04-22,,,,2026-05-18,90500,USD
OFR-004770-V1,OFR-004770,APP-0067906,REQ-2026-00234,1,1,initial,superseded,false,2026-04-27,,,,,,2026-05-25,81000,USD
OFR-004770-V2,OFR-004770,APP-0067906,REQ-2026-00234,1,2,negotiation_revision,accepted,true,2026-04-28,2026-05-01,,,,,2026-05-25,85000,USD
OFR-004771-V1,OFR-004771,APP-0067911,REQ-2026-00242,1,1,initial,withdrawn,true,2026-04-24,,,2026-04-30,,,2026-05-22,89000,USD
OFR-004772-V1,OFR-004772,APP-0067923,REQ-2026-00250,1,1,initial,accepted,true,2026-04-14,2026-04-18,,,,,2026-05-18,89000,USD
OFR-004773-V1,OFR-004773,APP-0067934,REQ-2026-00262,1,1,initial,accepted,true,2026-04-15,2026-04-17,,,,,2026-05-25,79500,USD
OFR-004774-V1,OFR-004774,APP-0067935,REQ-2026-00263,1,1,initial,accepted,false,2026-04-15,2026-04-17,,,,,2026-05-18,62000,USD
OFR-004774-V2,OFR-004774,APP-0067935,REQ-2026-00263,1,2,letter_reissue,accepted,true,2026-04-19,2026-04-19,,,,,2026-05-18,62000,USD
OFR-004775-V1,OFR-004775,APP-0067939,REQ-2026-00272,1,1,initial,accepted,true,2026-05-14,2026-05-19,,,,,2026-07-06,140000,USD
OFR-004776-V1,OFR-004776,APP-0067941,REQ-2026-00273,1,1,initial,accepted,false,2026-04-11,2026-04-18,,,,,2026-05-18,74500,USD
OFR-004776-V2,OFR-004776,APP-0067941,REQ-2026-00273,1,2,start_date_revision,accepted,true,2026-04-25,2026-04-25,,,,,2026-05-25,74500,USD
OFR-004777-V1,OFR-004777,APP-0067951,REQ-2026-00280,1,1,initial,reneged,true,2026-04-21,2026-04-25,,,,2026-05-27,2026-06-01,85500,USD
OFR-004778-V1,OFR-004778,APP-0067962,REQ-2024-00331,1,1,initial,accepted,false,2026-05-24,2026-05-28,,,,,2026-07-06,160500,USD
OFR-004778-V2,OFR-004778,APP-0067962,REQ-2024-00331,1,2,letter_reissue,accepted,true,2026-05-31,2026-05-31,,,,,2026-07-06,160500,USD
OFR-004779-V1,OFR-004779,APP-0067965,REQ-2025-00256,1,1,initial,accepted,false,2026-04-27,2026-05-02,,,,,2026-06-08,125500,USD
OFR-004779-V2,OFR-004779,APP-0067965,REQ-2025-00256,1,2,letter_reissue,accepted,true,2026-05-09,2026-05-09,,,,,2026-06-08,125500,USD
OFR-004780-V1,OFR-004780,APP-0068004,REQ-2026-00232,1,1,initial,superseded,false,2026-04-18,,,,,,2026-05-25,101000,USD
OFR-004780-V2,OFR-004780,APP-0068004,REQ-2026-00232,1,2,negotiation_revision,accepted,true,2026-04-20,2026-04-21,,,,,2026-05-25,108500,USD
OFR-004781-V1,OFR-004781,APP-0068009,REQ-2026-00245,1,1,initial,accepted,true,2026-04-12,2026-04-15,,,,,2026-05-04,78500,USD
OFR-004782-V1,OFR-004782,APP-0068019,REQ-2026-00258,1,1,initial,accepted,true,2026-04-28,2026-04-30,,,,,2026-06-08,104000,USD
OFR-004783-V1,OFR-004783,APP-0068042,REQ-2026-00287,1,1,initial,accepted,true,2026-04-25,2026-04-28,,,,,2026-06-08,114000,USD
OFR-004784-V1,OFR-004784,APP-0068048,REQ-2026-00288,1,1,initial,accepted,false,2026-04-22,2026-05-04,,,,,2026-06-01,77000,USD
OFR-004784-V2,OFR-004784,APP-0068048,REQ-2026-00288,1,2,salary_correction,accepted,true,2026-05-06,2026-05-06,,,,,2026-06-01,78500,USD
OFR-004785-V1,OFR-004785,APP-0068078,REQ-2026-00045,1,1,initial,superseded,false,2026-04-30,,,,,,2026-06-08,84500,USD
OFR-004785-V2,OFR-004785,APP-0068078,REQ-2026-00045,1,2,negotiation_revision,accepted,true,2026-05-01,2026-05-06,,,,,2026-06-08,89000,USD
OFR-004786-V1,OFR-004786,APP-0068104,REQ-2026-00239,1,1,initial,accepted,true,2026-04-20,2026-04-29,,,,,2026-06-01,79000,USD
OFR-004787-V1,OFR-004787,APP-0068124,REQ-2026-00274,1,1,initial,accepted,true,2026-05-04,2026-05-07,,,,,2026-06-15,130000,USD
OFR-004788-V1,OFR-004788,APP-0068125,REQ-2026-00275,1,1,initial,accepted,true,2026-04-25,2026-04-28,,,,,2026-05-25,101500,USD
OFR-004789-V1,OFR-004789,APP-0068190,REQ-2026-00230,1,1,initial,superseded,false,2026-04-23,,,,,,2026-06-08,103500,USD
OFR-004789-V2,OFR-004789,APP-0068190,REQ-2026-00230,1,2,negotiation_revision,accepted,true,2026-04-25,2026-04-27,,,,,2026-06-08,109000,USD
OFR-004790-V1,OFR-004790,APP-0068214,REQ-2026-00262,1,1,initial,accepted,true,2026-04-27,2026-05-02,,,,,2026-06-15,79000,USD
OFR-004791-V1,OFR-004791,APP-0068232,REQ-2026-00279,1,1,initial,accepted,true,2026-04-29,2026-05-08,,,,,2026-05-25,73000,USD
OFR-004792-V1,OFR-004792,APP-0068236,REQ-2026-00286,1,1,initial,accepted,true,2026-04-20,2026-04-24,,,,,2026-05-18,58000,USD
OFR-004793-V1,OFR-004793,APP-0068242,REQ-2026-00288,1,1,initial,declined,true,2026-04-19,,2026-04-24,,,,2026-05-17,76500,USD
OFR-004794-V1,OFR-004794,APP-0068255,REQ-2025-00378,1,1,initial,accepted,true,2026-04-26,2026-04-28,,,,,2026-06-01,135500,USD
OFR-004795-V1,OFR-004795,APP-0068262,REQ-2025-01007,1,1,initial,accepted,true,2026-05-12,2026-05-17,,,,,2026-07-06,154000,USD
OFR-004796-V1,OFR-004796,APP-0068293,REQ-2026-00222,1,1,initial,declined,true,2026-04-26,,2026-05-06,,,,2026-05-24,114000,USD
OFR-004797-V1,OFR-004797,APP-0068295,REQ-2026-00224,1,1,initial,accepted,true,2026-05-11,2026-05-13,,,,,2026-07-13,157000,USD
OFR-004798-V1,OFR-004798,APP-0068303,REQ-2026-00231,1,1,initial,accepted,true,2026-04-22,2026-04-24,,,,,2026-05-25,75500,USD
OFR-004799-V1,OFR-004799,APP-0068306,REQ-2026-00240,1,1,initial,accepted,true,2026-04-19,2026-04-22,,,,,2026-05-18,57500,USD
OFR-004800-V1,OFR-004800,APP-0068340,REQ-2026-00282,1,1,initial,accepted,false,2026-05-01,2026-05-05,,,,,2026-06-15,91000,USD
OFR-004800-V2,OFR-004800,APP-0068340,REQ-2026-00282,1,2,start_date_revision,accepted,true,2026-05-09,2026-05-09,,,,,2026-07-02,91000,USD
OFR-004801-V1,OFR-004801,APP-0068348,REQ-2026-00296,1,1,initial,accepted,true,2026-04-27,2026-04-30,,,,,2026-05-25,72000,USD
OFR-004802-V1,OFR-004802,APP-0068352,REQ-2025-00854,1,1,initial,superseded,false,2026-04-22,,,,,,2026-05-20,98500,USD
OFR-004802-V2,OFR-004802,APP-0068352,REQ-2025-00854,1,2,negotiation_revision,withdrawn,true,2026-04-23,,,2026-04-24,,,2026-05-20,103500,USD
OFR-004803-V1,OFR-004803,APP-0068363,REQ-2026-00027,1,1,initial,accepted,true,2026-04-23,2026-04-28,,,,,2026-05-18,63500,USD
OFR-004804-V1,OFR-004804,APP-0068404,REQ-2026-00260,1,1,initial,accepted,true,2026-05-12,2026-05-14,,,,,2026-06-15,79000,USD
OFR-004805-V1,OFR-004805,APP-0068435,REQ-2026-00296,1,1,initial,accepted,false,2026-04-27,2026-05-03,,,,,2026-05-25,71500,USD
OFR-004805-V2,OFR-004805,APP-0068435,REQ-2026-00296,1,2,salary_correction,accepted,true,2026-05-05,2026-05-05,,,,,2026-05-25,72100,USD
OFR-004806-V1,OFR-004806,APP-0068455,REQ-2026-00008,1,1,initial,accepted,true,2026-05-15,2026-05-19,,,,,2026-06-22,96500,USD
OFR-004807-V1,OFR-004807,APP-0068465,REQ-2026-00209,1,1,initial,accepted,true,2026-05-14,2026-05-23,,,,,2026-07-13,167000,USD
OFR-004808-V1,OFR-004808,APP-0068477,REQ-2026-00236,1,1,initial,declined,true,2026-05-02,,2026-05-09,,,,2026-05-30,92500,USD
OFR-004809-V1,OFR-004809,APP-0068500,REQ-2026-00277,1,1,initial,withdrawn,true,2026-04-26,,,2026-05-02,,,2026-05-24,62000,USD
OFR-004810-V1,OFR-004810,APP-0068507,REQ-2026-00283,1,1,initial,accepted,true,2026-04-29,2026-05-01,,,,,2026-06-08,94000,USD
OFR-004811-V1,OFR-004811,APP-0068508,REQ-2026-00284,1,1,initial,extended,true,2026-05-26,,,,,,2026-06-23,255500,USD
OFR-004812-V1,OFR-004812,APP-0068514,REQ-2026-00288,1,1,initial,declined,true,2026-04-28,,2026-05-03,,,,2026-05-26,66500,USD
OFR-004813-V1,OFR-004813,APP-0068525,REQ-2026-00297,1,1,initial,accepted,true,2026-05-07,2026-05-11,,,,,2026-06-15,140500,USD
OFR-004814-V1,OFR-004814,APP-0068534,REQ-2026-00310,1,1,initial,accepted,false,2026-04-26,2026-04-28,,,,,2026-06-01,87500,USD
OFR-004814-V2,OFR-004814,APP-0068534,REQ-2026-00310,1,2,start_date_revision,accepted,true,2026-05-07,2026-05-07,,,,,2026-06-17,87500,USD
OFR-004815-V1,OFR-004815,APP-0068556,REQ-2026-00141,1,1,initial,accepted,false,2026-04-28,2026-05-02,,,,,2026-06-01,69500,USD
OFR-004815-V2,OFR-004815,APP-0068556,REQ-2026-00141,1,2,start_date_revision,accepted,true,2026-05-05,2026-05-05,,,,,2026-06-13,69500,USD
OFR-004816-V1,OFR-004816,APP-0068576,REQ-2026-00252,1,1,initial,declined,true,2026-05-12,,2026-05-17,,,,2026-06-09,128500,USD
OFR-004817-V1,OFR-004817,APP-0068586,REQ-2026-00263,1,1,initial,accepted,false,2026-04-23,2026-04-25,,,,,2026-05-25,63500,USD
OFR-004817-V2,OFR-004817,APP-0068586,REQ-2026-00263,1,2,letter_reissue,accepted,true,2026-04-27,2026-04-27,,,,,2026-05-25,63500,USD
OFR-004818-V1,OFR-004818,APP-0068594,REQ-2026-00277,1,1,initial,accepted,true,2026-04-30,2026-05-01,,,,,2026-05-25,58000,USD
OFR-004819-V1,OFR-004819,APP-0068613,REQ-2026-00290,1,1,initial,accepted,true,2026-05-11,2026-05-13,,,,,2026-06-22,97500,USD
OFR-004820-V1,OFR-004820,APP-0068616,REQ-2026-00295,1,1,initial,declined,true,2026-05-04,,2026-05-11,,,,2026-06-01,84000,USD
OFR-004821-V1,OFR-004821,APP-0068646,REQ-2026-00070,1,1,initial,accepted,true,2026-04-30,2026-05-01,,,,,2026-06-15,132000,USD
OFR-004822-V1,OFR-004822,APP-0068656,REQ-2026-00180,1,1,initial,accepted,true,2026-05-05,2026-05-07,,,,,2026-06-15,132000,USD
OFR-004823-V1,OFR-004823,APP-0068682,REQ-2026-00248,1,1,initial,accepted,true,2026-04-23,2026-04-24,,,,,2026-05-18,63000,USD
OFR-004824-V1,OFR-004824,APP-0068691,REQ-2026-00255,1,1,initial,accepted,true,2026-04-17,2026-04-18,,,,,2026-05-04,48500,USD
OFR-004825-V1,OFR-004825,APP-0068697,REQ-2026-00262,1,1,initial,superseded,false,2026-04-29,,,,,,2026-06-08,82000,USD
OFR-004825-V2,OFR-004825,APP-0068697,REQ-2026-00262,1,2,negotiation_revision,accepted,true,2026-04-30,2026-05-01,,,,,2026-06-08,85000,USD
OFR-004826-V1,OFR-004826,APP-0068699,REQ-2026-00263,1,1,initial,superseded,false,2026-04-21,,,,,,2026-05-25,64000,USD
OFR-004826-V2,OFR-004826,APP-0068699,REQ-2026-00263,1,2,negotiation_revision,accepted,true,2026-04-24,2026-04-25,,,,,2026-05-25,68500,USD
OFR-004827-V1,OFR-004827,APP-0068712,REQ-2026-00278,1,1,initial,superseded,false,2026-05-08,,,,,,2026-06-05,122000,USD
OFR-004827-V2,OFR-004827,APP-0068712,REQ-2026-00278,1,2,negotiation_revision,declined,true,2026-05-11,,2026-05-12,,,,2026-06-05,127000,USD
OFR-004828-V1,OFR-004828,APP-0068718,REQ-2026-00282,1,1,initial,declined,true,2026-04-22,,2026-04-26,,,,2026-05-20,84500,USD
OFR-004829-V1,OFR-004829,APP-0068729,REQ-2026-00294,1,1,initial,withdrawn,true,2026-05-03,,,2026-05-09,,,2026-05-31,102500,USD
OFR-004830-V1,OFR-004830,APP-0068735,REQ-2026-00296,1,1,initial,withdrawn,true,2026-05-03,,,2026-05-05,,,2026-05-31,70000,USD
OFR-004831-V1,OFR-004831,APP-0068742,REQ-2026-00310,1,1,initial,superseded,false,2026-05-08,,,,,,2026-06-15,98500,USD
OFR-004831-V2,OFR-004831,APP-0068742,REQ-2026-00310,1,2,negotiation_revision,accepted,true,2026-05-10,2026-05-12,,,,,2026-06-15,106000,USD
OFR-004832-V1,OFR-004832,APP-0068746,REQ-2026-00313,1,1,initial,declined,true,2026-04-19,,2026-04-22,,,,2026-05-17,56000,USD
OFR-004833-V1,OFR-004833,APP-0068749,REQ-2026-00320,1,1,initial,accepted,true,2026-05-05,2026-05-06,,,,,2026-06-15,101500,USD
OFR-004834-V1,OFR-004834,APP-0068779,REQ-2026-00224,1,1,initial,withdrawn,true,2026-05-07,,,2026-05-15,,,2026-06-04,155000,USD
OFR-004835-V1,OFR-004835,APP-0068804,REQ-2026-00262,1,1,initial,superseded,false,2026-04-29,,,,,,2026-06-15,91500,USD
OFR-004835-V2,OFR-004835,APP-0068804,REQ-2026-00262,1,2,negotiation_revision,accepted,true,2026-05-01,2026-05-02,,,,,2026-06-15,96500,USD
OFR-004836-V1,OFR-004836,APP-0068828,REQ-2026-00288,1,1,initial,accepted,true,2026-04-26,2026-04-28,,,,,2026-05-18,68500,USD
OFR-004837-V1,OFR-004837,APP-0068836,REQ-2026-00298,1,1,initial,accepted,true,2026-05-04,2026-05-09,,,,,2026-06-01,60000,USD
OFR-004838-V1,OFR-004838,APP-0068838,REQ-2026-00299,1,1,initial,accepted,false,2026-04-22,2026-04-25,,,,,2026-06-22,124500,USD
OFR-004838-V2,OFR-004838,APP-0068838,REQ-2026-00299,1,2,start_date_revision,accepted,true,2026-05-07,2026-05-07,,,,,2026-07-06,124500,USD
OFR-004839-V1,OFR-004839,APP-0068848,REQ-2026-00316,1,1,initial,accepted,true,2026-04-29,2026-05-01,,,,,2026-05-25,62500,USD
OFR-004840-V1,OFR-004840,APP-0068852,REQ-2026-00320,1,1,initial,withdrawn,true,2026-05-03,,,2026-05-07,,,2026-05-31,100500,USD
OFR-004841-V1,OFR-004841,APP-0068903,REQ-2026-00263,1,1,initial,superseded,false,2026-04-25,,,,,,2026-05-23,63000,USD
OFR-004841-V2,OFR-004841,APP-0068903,REQ-2026-00263,1,2,negotiation_revision,withdrawn,true,2026-04-26,,,2026-04-27,,,2026-05-23,67000,USD
OFR-004842-V1,OFR-004842,APP-0068905,REQ-2026-00263,1,1,initial,accepted,true,2026-04-19,2026-04-23,,,,,2026-05-18,64000,USD
OFR-004843-V1,OFR-004843,APP-0068911,REQ-2026-00280,1,1,initial,superseded,false,2026-04-22,,,,,,2026-06-01,88000,USD
OFR-004843-V2,OFR-004843,APP-0068911,REQ-2026-00280,1,2,negotiation_revision,accepted,true,2026-04-26,2026-04-27,,,,,2026-06-01,91000,USD
OFR-004844-V1,OFR-004844,APP-0069003,REQ-2026-00271,1,1,initial,reneged,true,2026-05-05,2026-05-10,,,,2026-05-29,2026-06-08,76000,USD
OFR-004845-V1,OFR-004845,APP-0069017,REQ-2026-00288,1,1,initial,declined,true,2026-04-28,,2026-05-01,,,,2026-05-26,74500,USD
OFR-004846-V1,OFR-004846,APP-0069018,REQ-2026-00288,1,1,initial,withdrawn,true,2026-05-10,,,2026-05-13,,,2026-06-07,65500,USD
OFR-004847-V1,OFR-004847,APP-0069019,REQ-2026-00288,1,1,initial,superseded,false,2026-04-30,,,,,,2026-06-01,70500,USD
OFR-004847-V2,OFR-004847,APP-0069019,REQ-2026-00288,1,2,negotiation_revision,accepted,true,2026-05-01,2026-05-02,,,,,2026-06-01,76000,USD
OFR-004848-V1,OFR-004848,APP-0069027,REQ-2026-00298,1,1,initial,declined,true,2026-04-23,,2026-05-02,,,,2026-05-21,51000,USD
OFR-004849-V1,OFR-004849,APP-0069054,REQ-2025-01209,1,1,initial,accepted,false,2026-04-27,2026-04-29,,,,,2026-06-01,78000,USD
OFR-004849-V2,OFR-004849,APP-0069054,REQ-2025-01209,1,2,letter_reissue,accepted,true,2026-05-10,2026-05-10,,,,,2026-06-01,78000,USD
OFR-004850-V1,OFR-004850,APP-0069068,REQ-2026-00216,1,1,initial,accepted,true,2026-05-01,2026-05-04,,,,,2026-05-18,56000,USD
OFR-004851-V1,OFR-004851,APP-0069076,REQ-2026-00249,1,1,initial,declined,true,2026-05-03,,2026-05-06,,,,2026-05-31,175500,USD
OFR-004852-V1,OFR-004852,APP-0069080,REQ-2026-00253,1,1,initial,accepted,true,2026-04-28,2026-04-29,,,,,2026-05-25,72500,USD
OFR-004853-V1,OFR-004853,APP-0069086,REQ-2026-00262,1,1,initial,withdrawn,true,2026-05-02,,,2026-05-04,,,2026-05-30,92000,USD
OFR-004854-V1,OFR-004854,APP-0069133,REQ-2026-00324,1,1,initial,reneged,true,2026-04-30,2026-05-03,,,,2026-05-13,2026-06-08,90000,USD
OFR-004855-V1,OFR-004855,APP-0069136,REQ-2026-00330,1,1,initial,accepted,true,2026-05-06,2026-05-12,,,,,2026-06-08,78500,USD
OFR-004856-V1,OFR-004856,APP-0069137,REQ-2024-00894,1,1,initial,extended,true,2026-05-30,,,,,,2026-06-27,88000,USD
OFR-004857-V1,OFR-004857,APP-0069147,REQ-2025-00998,1,1,initial,accepted,true,2026-05-05,2026-05-08,,,,,2026-06-08,98500,USD
OFR-004858-V1,OFR-004858,APP-0069148,REQ-2025-00999,1,1,initial,accepted,false,2026-05-02,2026-05-05,,,,,2026-05-25,94500,USD
OFR-004858-V2,OFR-004858,APP-0069148,REQ-2025-00999,1,2,letter_reissue,accepted,true,2026-05-20,2026-05-20,,,,,2026-05-25,94500,USD
OFR-004859-V1,OFR-004859,APP-0069154,REQ-2025-01235,1,1,initial,accepted,true,2026-05-13,2026-05-18,,,,,2026-06-08,105000,USD
OFR-004860-V1,OFR-004860,APP-0069205,REQ-2026-00285,1,1,initial,accepted,true,2026-04-29,2026-05-04,,,,,2026-06-15,115500,USD
OFR-004861-V1,OFR-004861,APP-0069210,REQ-2026-00289,1,1,initial,accepted,true,2026-05-16,2026-05-25,,,,,2026-07-13,172500,USD
OFR-004862-V1,OFR-004862,APP-0069215,REQ-2026-00294,1,1,initial,accepted,true,2026-04-29,2026-05-04,,,,,2026-06-08,101500,USD
OFR-004863-V1,OFR-004863,APP-0069219,REQ-2026-00295,1,1,initial,superseded,false,2026-05-04,,,,,,2026-06-22,90000,USD
OFR-004863-V2,OFR-004863,APP-0069219,REQ-2026-00295,1,2,negotiation_revision,accepted,true,2026-05-05,2026-05-11,,,,,2026-06-22,96500,USD
OFR-004864-V1,OFR-004864,APP-0069270,REQ-2026-00217,1,1,initial,accepted,true,2026-05-03,2026-05-07,,,,,2026-06-01,55000,USD
OFR-004865-V1,OFR-004865,APP-0069273,REQ-2026-00236,1,1,initial,accepted,true,2026-05-06,2026-05-13,,,,,2026-06-15,92500,USD
OFR-004866-V1,OFR-004866,APP-0069285,REQ-2026-00266,1,1,initial,accepted,true,2026-05-09,2026-05-15,,,,,2026-06-08,104000,USD
OFR-004867-V1,OFR-004867,APP-0069301,REQ-2026-00288,1,1,initial,declined,true,2026-05-13,,2026-05-17,,,,2026-06-10,77000,USD
OFR-004868-V1,OFR-004868,APP-0069303,REQ-2026-00288,1,1,initial,accepted,true,2026-05-07,2026-05-09,,,,,2026-06-01,70000,USD
OFR-004869-V1,OFR-004869,APP-0069305,REQ-2026-00290,1,1,initial,accepted,true,2026-05-07,2026-05-13,,,,,2026-06-22,92500,USD
OFR-004870-V1,OFR-004870,APP-0069325,REQ-2026-00323,1,1,initial,accepted,true,2026-05-14,2026-05-16,,,,,2026-06-15,132000,USD
OFR-004871-V1,OFR-004871,APP-0069331,REQ-2026-00324,1,1,initial,accepted,false,2026-05-07,2026-05-08,,,,,2026-06-08,81000,USD
OFR-004871-V2,OFR-004871,APP-0069331,REQ-2026-00324,1,2,start_date_revision,accepted,true,2026-05-16,2026-05-16,,,,,2026-06-19,81000,USD
OFR-004872-V1,OFR-004872,APP-0069342,REQ-2026-00340,1,1,initial,withdrawn,true,2026-05-15,,,2026-05-22,,,2026-06-12,98500,USD
OFR-004873-V1,OFR-004873,APP-0069350,REQ-2025-00877,1,1,initial,accepted,true,2026-05-25,2026-05-28,,,,,2026-07-06,178000,USD
OFR-004874-V1,OFR-004874,APP-0069362,REQ-2025-01194,1,1,initial,accepted,false,2026-05-11,2026-05-15,,,,,2026-06-15,67500,USD
OFR-004874-V2,OFR-004874,APP-0069362,REQ-2025-01194,1,2,letter_reissue,accepted,true,2026-05-19,2026-05-19,,,,,2026-06-15,67500,USD
OFR-004875-V1,OFR-004875,APP-0069366,REQ-2025-01240,1,1,initial,accepted,true,2026-05-20,2026-05-24,,,,,2026-06-29,96000,USD
OFR-004876-V1,OFR-004876,APP-0069375,REQ-2026-00217,1,1,initial,rescinded,true,2026-05-01,2026-05-04,,,2026-05-20,,2026-05-25,55500,USD
OFR-004877-V1,OFR-004877,APP-0069388,REQ-2026-00254,1,1,initial,accepted,true,2026-05-18,2026-05-21,,,,,2026-06-15,47000,USD
OFR-004878-V1,OFR-004878,APP-0069446,REQ-2026-00324,1,1,initial,accepted,true,2026-05-07,2026-05-08,,,,,2026-06-08,88500,USD
OFR-004879-V1,OFR-004879,APP-0069464,REQ-2025-00983,1,1,initial,accepted,true,2026-05-14,2026-05-16,,,,,2026-06-15,97500,USD
OFR-004880-V1,OFR-004880,APP-0069468,REQ-2025-01027,1,1,initial,extended,true,2026-05-27,,,,,,2026-06-24,104500,USD
OFR-004881-V1,OFR-004881,APP-0069485,REQ-2026-00252,1,1,initial,declined,true,2026-05-26,,2026-05-29,,,,2026-06-23,136000,USD
OFR-004882-V1,OFR-004882,APP-0069502,REQ-2026-00294,1,1,initial,declined,true,2026-04-30,,2026-05-02,,,,2026-05-28,92000,USD
OFR-004883-V1,OFR-004883,APP-0069503,REQ-2026-00295,1,1,initial,accepted,true,2026-05-10,2026-05-14,,,,,2026-06-22,92000,USD
OFR-004884-V1,OFR-004884,APP-0069511,REQ-2026-00305,1,1,initial,accepted,true,2026-05-06,2026-05-09,,,,,2026-06-01,67500,USD
OFR-004885-V1,OFR-004885,APP-0069516,REQ-2026-00317,1,1,initial,accepted,true,2026-05-08,2026-05-13,,,,,2026-06-15,141500,USD
OFR-004886-V1,OFR-004886,APP-0069522,REQ-2026-00324,1,1,initial,accepted,true,2026-04-30,2026-05-03,,,,,2026-06-01,85000,USD
OFR-004887-V1,OFR-004887,APP-0069540,REQ-2026-00340,1,1,initial,accepted,true,2026-05-03,2026-05-08,,,,,2026-06-08,99500,USD
OFR-004888-V1,OFR-004888,APP-0069546,REQ-2025-00860,1,1,initial,extended,true,2026-05-31,,,,,,2026-06-28,191000,USD
OFR-004889-V1,OFR-004889,APP-0069556,REQ-2026-00097,1,1,initial,declined,true,2026-05-18,,2026-05-24,,,,2026-06-15,57000,USD
OFR-004890-V1,OFR-004890,APP-0069571,REQ-2026-00248,1,1,initial,accepted,true,2026-05-03,2026-05-05,,,,,2026-05-25,56000,USD
OFR-004891-V1,OFR-004891,APP-0069583,REQ-2026-00282,1,1,initial,declined,true,2026-05-14,,2026-05-16,,,,2026-06-11,83000,USD
OFR-004892-V1,OFR-004892,APP-0069598,REQ-2026-00308,1,1,initial,withdrawn,true,2026-05-03,,,2026-05-05,,,2026-05-31,65000,USD
OFR-004893-V1,OFR-004893,APP-0069608,REQ-2026-00324,1,1,initial,declined,true,2026-05-05,,2026-05-07,,,,2026-06-02,82500,USD
OFR-004894-V1,OFR-004894,APP-0069612,REQ-2026-00324,1,1,initial,accepted,true,2026-05-03,2026-05-06,,,,,2026-06-08,86500,USD
OFR-004895-V1,OFR-004895,APP-0069616,REQ-2026-00327,1,1,initial,accepted,true,2026-05-22,2026-05-27,,,,,2026-06-29,76500,USD
OFR-004896-V1,OFR-004896,APP-0069621,REQ-2026-00330,1,1,initial,accepted,true,2026-05-03,2026-05-10,,,,,2026-06-08,74500,USD
OFR-004897-V1,OFR-004897,APP-0069627,REQ-2026-00338,1,1,initial,superseded,false,2026-05-01,,,,,,2026-05-29,113500,USD
OFR-004897-V2,OFR-004897,APP-0069627,REQ-2026-00338,1,2,negotiation_revision,withdrawn,true,2026-05-02,,,2026-05-03,,,2026-05-29,120500,USD
OFR-004898-V1,OFR-004898,APP-0069629,REQ-2026-00339,1,1,initial,declined,true,2026-05-06,,2026-05-11,,,,2026-06-03,74000,USD
OFR-004899-V1,OFR-004899,APP-0069722,REQ-2026-00338,1,1,initial,accepted,true,2026-05-07,2026-05-14,,,,,2026-06-22,101000,USD
OFR-004900-V1,OFR-004900,APP-0069724,REQ-2026-00339,1,1,initial,superseded,false,2026-05-13,,,,,,2026-06-08,77500,USD
OFR-004900-V2,OFR-004900,APP-0069724,REQ-2026-00339,1,2,negotiation_revision,accepted,true,2026-05-14,2026-05-18,,,,,2026-06-08,82000,USD
OFR-004901-V1,OFR-004901,APP-0069725,REQ-2026-00340,1,1,initial,declined,true,2026-05-13,,2026-05-17,,,,2026-06-10,97000,USD
OFR-004902-V1,OFR-004902,APP-0069727,REQ-2026-00343,1,1,initial,superseded,false,2026-05-09,,,,,,2026-06-06,103000,USD
OFR-004902-V2,OFR-004902,APP-0069727,REQ-2026-00343,1,2,negotiation_revision,declined,true,2026-05-12,,2026-05-16,,,,2026-06-06,107500,USD
OFR-004903-V1,OFR-004903,APP-0069734,REQ-2026-00344,1,1,initial,reneged,true,2026-05-05,2026-05-06,,,,2026-05-14,2026-06-01,62000,USD
OFR-004904-V1,OFR-004904,APP-0069737,REQ-2026-00346,1,1,initial,accepted,true,2026-05-09,2026-05-12,,,,,2026-06-15,102000,USD
OFR-004905-V1,OFR-004905,APP-0069796,REQ-2026-00288,1,1,initial,accepted,true,2026-05-04,2026-05-10,,,,,2026-06-08,74500,USD
OFR-004906-V1,OFR-004906,APP-0069799,REQ-2026-00290,1,1,initial,accepted,true,2026-05-06,2026-05-09,,,,,2026-06-22,91000,USD
OFR-004907-V1,OFR-004907,APP-0069802,REQ-2026-00295,1,1,initial,superseded,false,2026-05-19,,,,,,2026-06-16,80000,USD
OFR-004907-V2,OFR-004907,APP-0069802,REQ-2026-00295,1,2,negotiation_revision,withdrawn,true,2026-05-21,,,2026-05-22,,,2026-06-16,84000,USD
OFR-004908-V1,OFR-004908,APP-0069807,REQ-2026-00300,1,1,initial,accepted,true,2026-05-10,2026-05-11,,,,,2026-06-01,72000,USD
OFR-004909-V1,OFR-004909,APP-0069808,REQ-2026-00301,1,1,initial,declined,true,2026-05-04,,2026-05-05,,,,2026-06-01,56000,USD
OFR-004910-V1,OFR-004910,APP-0069811,REQ-2026-00308,1,1,initial,withdrawn,true,2026-04-29,,,2026-05-05,,,2026-05-27,61000,USD
OFR-004911-V1,OFR-004911,APP-0069840,REQ-2026-00344,1,1,initial,superseded,false,2026-05-01,,,,,,2026-05-29,58000,USD
OFR-004911-V2,OFR-004911,APP-0069840,REQ-2026-00344,1,2,negotiation_revision,declined,true,2026-05-04,,2026-05-18,,,,2026-05-29,60000,USD
OFR-004912-V1,OFR-004912,APP-0069856,REQ-2025-00870,1,1,initial,accepted,true,2026-05-22,2026-05-28,,,,,2026-06-15,73000,USD
OFR-004913-V1,OFR-004913,APP-0069865,REQ-2025-01229,1,1,initial,declined,true,2026-05-14,,2026-05-16,,,,2026-06-11,107000,USD
OFR-004914-V1,OFR-004914,APP-0069866,REQ-2025-01229,1,1,initial,superseded,false,2026-05-13,,,,,,2026-06-08,91000,USD
OFR-004914-V2,OFR-004914,APP-0069866,REQ-2025-01229,1,2,negotiation_revision,accepted,false,2026-05-18,2026-05-19,,,,,2026-06-08,97000,USD
OFR-004914-V3,OFR-004914,APP-0069866,REQ-2025-01229,1,3,start_date_revision,accepted,true,2026-05-22,2026-05-22,,,,,2026-06-21,97000,USD
OFR-004915-V1,OFR-004915,APP-0069873,REQ-2026-00097,1,1,initial,superseded,false,2026-05-16,,,,,,2026-06-15,57500,USD
OFR-004915-V2,OFR-004915,APP-0069873,REQ-2026-00097,1,2,negotiation_revision,accepted,true,2026-05-17,2026-05-18,,,,,2026-06-15,62000,USD
OFR-004916-V1,OFR-004916,APP-0069881,REQ-2026-00248,1,1,initial,accepted,true,2026-05-04,2026-05-06,,,,,2026-06-01,62000,USD
OFR-004917-V1,OFR-004917,APP-0069898,REQ-2026-00288,1,1,initial,withdrawn,true,2026-05-10,,,2026-05-16,,,2026-06-07,73000,USD
OFR-004918-V1,OFR-004918,APP-0069910,REQ-2026-00306,1,1,initial,accepted,true,2026-05-20,2026-05-26,,,,,2026-06-29,133000,USD
OFR-004919-V1,OFR-004919,APP-0069927,REQ-2026-00330,1,1,initial,accepted,true,2026-05-09,2026-05-14,,,,,2026-06-08,85500,USD
OFR-004920-V1,OFR-004920,APP-0069930,REQ-2026-00333,1,1,initial,accepted,true,2026-05-15,2026-05-17,,,,,2026-06-22,107500,USD
OFR-004921-V1,OFR-004921,APP-0069933,REQ-2026-00338,1,1,initial,accepted,false,2026-05-13,2026-05-15,,,,,2026-06-22,113000,USD
OFR-004921-V2,OFR-004921,APP-0069933,REQ-2026-00338,1,2,salary_correction,accepted,true,2026-05-19,2026-05-19,,,,,2026-06-22,114900,USD
OFR-004922-V1,OFR-004922,APP-0069939,REQ-2026-00343,1,1,initial,accepted,false,2026-05-20,2026-05-23,,,,,2026-06-29,103500,USD
OFR-004922-V2,OFR-004922,APP-0069939,REQ-2026-00343,1,2,salary_correction,accepted,true,2026-05-28,2026-05-28,,,,,2026-06-29,104700,USD
OFR-004923-V1,OFR-004923,APP-0069945,REQ-2026-00348,1,1,initial,accepted,true,2026-05-02,2026-05-06,,,,,2026-05-25,46000,USD
OFR-004924-V1,OFR-004924,APP-0069972,REQ-2026-00069,1,1,initial,accepted,true,2026-05-09,2026-05-14,,,,,2026-06-08,70500,USD
OFR-004925-V1,OFR-004925,APP-0069976,REQ-2026-00227,1,1,initial,superseded,false,2026-05-21,,,,,,2026-06-18,73000,USD
OFR-004925-V2,OFR-004925,APP-0069976,REQ-2026-00227,1,2,negotiation_revision,withdrawn,true,2026-05-22,,,2026-05-24,,,2026-06-18,77000,USD
OFR-004926-V1,OFR-004926,APP-0069979,REQ-2026-00248,1,1,initial,withdrawn,true,2026-05-04,,,2026-05-06,,,2026-06-01,61500,USD
OFR-004927-V1,OFR-004927,APP-0069980,REQ-2026-00248,1,1,initial,declined,true,2026-05-05,,2026-05-08,,,,2026-06-02,55000,USD
OFR-004928-V1,OFR-004928,APP-0070000,REQ-2026-00302,1,1,initial,accepted,true,2026-05-16,2026-05-21,,,,,2026-06-15,68000,USD
OFR-004929-V1,OFR-004929,APP-0070005,REQ-2026-00310,1,1,initial,accepted,true,2026-05-02,2026-05-06,,,,,2026-06-15,95000,USD
OFR-004930-V1,OFR-004930,APP-0070016,REQ-2026-00324,1,1,initial,accepted,true,2026-05-18,2026-05-20,,,,,2026-06-22,78000,USD
OFR-004931-V1,OFR-004931,APP-0070028,REQ-2026-00338,1,1,initial,accepted,true,2026-05-10,2026-05-12,,,,,2026-06-22,104500,USD
OFR-004932-V1,OFR-004932,APP-0070038,REQ-2026-00345,1,1,initial,accepted,true,2026-05-05,2026-05-08,,,,,2026-06-08,65500,USD
OFR-004933-V1,OFR-004933,APP-0070062,REQ-2025-01075,1,1,initial,declined,true,2026-05-12,,2026-05-16,,,,2026-06-09,164000,USD
OFR-004934-V1,OFR-004934,APP-0070070,REQ-2026-00157,1,1,initial,accepted,true,2026-05-16,2026-05-21,,,,,2026-06-22,62500,USD
OFR-004935-V1,OFR-004935,APP-0070085,REQ-2026-00276,1,1,initial,accepted,true,2026-05-18,2026-05-23,,,,,2026-06-22,133000,USD
OFR-004936-V1,OFR-004936,APP-0070103,REQ-2026-00308,1,1,initial,accepted,true,2026-05-02,2026-05-04,,,,,2026-05-25,59500,USD
OFR-004937-V1,OFR-004937,APP-0070105,REQ-2026-00310,1,1,initial,accepted,true,2026-05-08,2026-05-12,,,,,2026-06-22,93500,USD
OFR-004938-V1,OFR-004938,APP-0070117,REQ-2026-00333,1,1,initial,withdrawn,true,2026-05-14,,,2026-05-18,,,2026-06-11,115500,USD
OFR-004939-V1,OFR-004939,APP-0070119,REQ-2026-00336,1,1,initial,accepted,true,2026-05-11,2026-05-17,,,,,2026-06-22,164000,USD
OFR-004940-V1,OFR-004940,APP-0070123,REQ-2026-00340,1,1,initial,declined,true,2026-05-18,,2026-05-24,,,,2026-06-15,100000,USD
OFR-004941-V1,OFR-004941,APP-0070128,REQ-2026-00343,1,1,initial,accepted,true,2026-05-08,2026-05-12,,,,,2026-06-15,112000,USD
OFR-004942-V1,OFR-004942,APP-0070135,REQ-2026-00348,1,1,initial,withdrawn,true,2026-05-07,,,2026-05-08,,,2026-06-04,43500,USD
OFR-004943-V1,OFR-004943,APP-0070159,REQ-2025-00855,1,1,initial,accepted,true,2026-05-10,2026-05-13,,,,,2026-06-15,78500,USD
OFR-004944-V1,OFR-004944,APP-0070166,REQ-2025-01236,1,1,initial,declined,true,2026-05-20,,2026-05-25,,,,2026-06-17,107000,USD
OFR-004945-V1,OFR-004945,APP-0070209,REQ-2026-00322,1,1,initial,declined,true,2026-05-17,,2026-05-21,,,,2026-06-14,98500,USD
OFR-004946-V1,OFR-004946,APP-0070226,REQ-2026-00340,1,1,initial,accepted,false,2026-05-11,2026-05-13,,,,,2026-06-08,107000,USD
OFR-004946-V2,OFR-004946,APP-0070226,REQ-2026-00340,1,2,start_date_revision,accepted,true,2026-05-19,2026-05-19,,,,,2026-06-17,107000,USD
OFR-004947-V1,OFR-004947,APP-0070232,REQ-2026-00343,1,1,initial,accepted,true,2026-05-23,2026-05-24,,,,,2026-06-29,108500,USD
OFR-004948-V1,OFR-004948,APP-0070258,REQ-2025-00999,1,1,initial,reneged,true,2026-05-18,2026-05-24,,,,2026-05-29,2026-06-22,104000,USD
OFR-004949-V1,OFR-004949,APP-0070267,REQ-2026-00098,1,1,initial,superseded,false,2026-05-04,,,,,,2026-06-01,51500,USD
OFR-004949-V2,OFR-004949,APP-0070267,REQ-2026-00098,1,2,negotiation_revision,declined,true,2026-05-06,,2026-05-07,,,,2026-06-01,54500,USD
OFR-004950-V1,OFR-004950,APP-0070288,REQ-2026-00295,1,1,initial,superseded,false,2026-05-17,,,,,,2026-06-14,87000,USD
OFR-004950-V2,OFR-004950,APP-0070288,REQ-2026-00295,1,2,negotiation_revision,withdrawn,true,2026-05-18,,,2026-05-20,,,2026-06-14,90000,USD
OFR-004951-V1,OFR-004951,APP-0070291,REQ-2026-00295,1,1,initial,superseded,false,2026-05-14,,,,,,2026-06-22,88500,USD
OFR-004951-V2,OFR-004951,APP-0070291,REQ-2026-00295,1,2,negotiation_revision,accepted,true,2026-05-15,2026-05-19,,,,,2026-06-22,92500,USD
OFR-004952-V1,OFR-004952,APP-0070313,REQ-2026-00330,1,1,initial,declined,true,2026-05-14,,2026-05-16,,,,2026-06-11,85000,USD
OFR-004953-V1,OFR-004953,APP-0070339,REQ-2026-00359,1,1,initial,accepted,false,2026-05-17,2026-05-22,,,,,2026-06-29,84000,USD
OFR-004953-V2,OFR-004953,APP-0070339,REQ-2026-00359,1,2,salary_correction,accepted,true,2026-05-28,2026-05-28,,,,,2026-06-29,83800,USD
OFR-004954-V1,OFR-004954,APP-0070340,REQ-2026-00364,1,1,initial,declined,true,2026-05-28,,2026-05-31,,,,2026-06-25,82000,USD
OFR-004955-V1,OFR-004955,APP-0070345,REQ-2026-00369,1,1,initial,accepted,true,2026-05-08,2026-05-14,,,,,2026-06-15,65500,USD
OFR-004956-V1,OFR-004956,APP-0070377,REQ-2026-00282,1,1,initial,accepted,true,2026-05-11,2026-05-12,,,,,2026-06-22,81000,USD
OFR-004957-V1,OFR-004957,APP-0070385,REQ-2026-00302,1,1,initial,declined,true,2026-05-16,,2026-05-18,,,,2026-06-13,68500,USD
OFR-004958-V1,OFR-004958,APP-0070409,REQ-2026-00333,1,1,initial,declined,true,2026-05-17,,2026-05-18,,,,2026-06-14,113000,USD
OFR-004959-V1,OFR-004959,APP-0070410,REQ-2026-00333,1,1,initial,accepted,true,2026-05-08,2026-05-13,,,,,2026-06-15,99000,USD
OFR-004960-V1,OFR-004960,APP-0070412,REQ-2026-00338,1,1,initial,superseded,false,2026-05-11,,,,,,2026-06-08,99000,USD
OFR-004960-V2,OFR-004960,APP-0070412,REQ-2026-00338,1,2,negotiation_revision,declined,true,2026-05-13,,2026-05-15,,,,2026-06-08,105500,USD
OFR-004961-V1,OFR-004961,APP-0070431,REQ-2026-00348,1,1,initial,accepted,true,2026-05-07,2026-05-08,,,,,2026-06-01,49500,USD
OFR-004962-V1,OFR-004962,APP-0070442,REQ-2026-00359,1,1,initial,accepted,true,2026-05-12,2026-05-15,,,,,2026-06-22,81000,USD
OFR-004963-V1,OFR-004963,APP-0070443,REQ-2026-00359,1,1,initial,accepted,true,2026-05-09,2026-05-13,,,,,2026-06-22,86000,USD
OFR-004964-V1,OFR-004964,APP-0070455,REQ-2025-01095,1,1,initial,accepted,true,2026-05-19,2026-05-26,,,,,2026-06-22,75000,USD
OFR-004965-V1,OFR-004965,APP-0070460,REQ-2026-00062,1,1,initial,accepted,true,2026-05-19,2026-05-21,,,,,2026-06-22,65500,USD
OFR-004966-V1,OFR-004966,APP-0070484,REQ-2026-00301,1,1,initial,superseded,false,2026-05-15,,,,,,2026-06-15,48000,USD
OFR-004966-V2,OFR-004966,APP-0070484,REQ-2026-00301,1,2,negotiation_revision,accepted,true,2026-05-18,2026-05-19,,,,,2026-06-15,51500,USD
OFR-004967-V1,OFR-004967,APP-0070507,REQ-2026-00338,1,1,initial,accepted,true,2026-05-25,2026-05-28,,,,,2026-07-06,106000,USD
OFR-004968-V1,OFR-004968,APP-0070512,REQ-2026-00341,1,1,initial,accepted,true,2026-05-22,2026-05-24,,,,,2026-06-22,71000,USD
OFR-004969-V1,OFR-004969,APP-0070515,REQ-2026-00343,1,1,initial,accepted,true,2026-05-28,2026-05-30,,,,,2026-07-06,105500,USD
OFR-004970-V1,OFR-004970,APP-0070521,REQ-2026-00345,1,1,initial,accepted,true,2026-05-20,2026-05-24,,,,,2026-06-22,68500,USD
OFR-004971-V1,OFR-004971,APP-0070538,REQ-2026-00359,1,1,initial,accepted,true,2026-05-11,2026-05-14,,,,,2026-06-15,79000,USD
OFR-004972-V1,OFR-004972,APP-0070539,REQ-2026-00362,1,1,initial,accepted,true,2026-05-22,2026-05-28,,,,,2026-07-06,127000,USD
OFR-004973-V1,OFR-004973,APP-0070544,REQ-2026-00366,1,1,initial,accepted,true,2026-05-21,2026-05-25,,,,,2026-06-22,84000,USD
OFR-004974-V1,OFR-004974,APP-0070551,REQ-2026-00373,1,1,initial,accepted,true,2026-05-27,2026-05-29,,,,,2026-07-06,97000,USD
OFR-004975-V1,OFR-004975,APP-0070552,REQ-2026-00373,1,1,initial,accepted,true,2026-05-20,2026-05-22,,,,,2026-06-22,100500,USD
OFR-004976-V1,OFR-004976,APP-0070565,REQ-2025-01083,1,1,initial,accepted,false,2026-05-17,2026-05-19,,,,,2026-06-22,90000,USD
OFR-004976-V2,OFR-004976,APP-0070565,REQ-2025-01083,1,2,letter_reissue,accepted,true,2026-05-26,2026-05-26,,,,,2026-06-22,90000,USD
OFR-004977-V1,OFR-004977,APP-0070573,REQ-2026-00062,1,1,initial,withdrawn,true,2026-05-20,,,2026-05-24,,,2026-06-17,75500,USD
OFR-004978-V1,OFR-004978,APP-0070628,REQ-2026-00343,1,1,initial,declined,true,2026-05-15,,2026-05-24,,,,2026-06-12,107000,USD
OFR-004979-V1,OFR-004979,APP-0070638,REQ-2026-00345,1,1,initial,accepted,true,2026-05-11,2026-05-15,,,,,2026-06-08,77000,USD
OFR-004980-V1,OFR-004980,APP-0070673,REQ-2026-00373,1,1,initial,accepted,true,2026-05-15,2026-05-18,,,,,2026-06-15,100500,USD
OFR-004981-V1,OFR-004981,APP-0070736,REQ-2026-00331,1,1,initial,declined,true,2026-05-22,,2026-05-23,,,,2026-06-19,99500,USD
OFR-004982-V1,OFR-004982,APP-0070739,REQ-2026-00332,1,1,initial,accepted,true,2026-05-25,2026-05-28,,,,,2026-06-29,105500,USD
OFR-004983-V1,OFR-004983,APP-0070744,REQ-2026-00340,1,1,initial,accepted,true,2026-05-16,2026-05-21,,,,,2026-06-22,101500,USD
OFR-004984-V1,OFR-004984,APP-0070761,REQ-2026-00359,1,1,initial,accepted,true,2026-05-15,2026-05-16,,,,,2026-06-29,89500,USD
OFR-004985-V1,OFR-004985,APP-0070764,REQ-2026-00365,1,1,initial,superseded,false,2026-05-18,,,,,,2026-06-15,105000,USD
OFR-004985-V2,OFR-004985,APP-0070764,REQ-2026-00365,1,2,negotiation_revision,declined,true,2026-05-19,,2026-05-22,,,,2026-06-15,109000,USD
OFR-004986-V1,OFR-004986,APP-0070800,REQ-2026-00217,1,1,initial,accepted,true,2026-05-23,2026-05-26,,,,,2026-06-15,63500,USD
OFR-004987-V1,OFR-004987,APP-0070813,REQ-2026-00305,1,1,initial,accepted,true,2026-05-22,2026-05-24,,,,,2026-06-22,66500,USD
OFR-004988-V1,OFR-004988,APP-0070824,REQ-2026-00324,1,1,initial,superseded,false,2026-05-25,,,,,,2026-07-06,90500,USD
OFR-004988-V2,OFR-004988,APP-0070824,REQ-2026-00324,1,2,negotiation_revision,accepted,false,2026-05-26,2026-05-27,,,,,2026-07-06,94000,USD
OFR-004988-V3,OFR-004988,APP-0070824,REQ-2026-00324,1,3,salary_correction,accepted,true,2026-05-29,2026-05-29,,,,,2026-07-06,93700,USD
OFR-004989-V1,OFR-004989,APP-0070830,REQ-2026-00338,1,1,initial,superseded,false,2026-05-26,,,,,,2026-06-23,104500,USD
OFR-004989-V2,OFR-004989,APP-0070830,REQ-2026-00338,1,2,negotiation_revision,declined,true,2026-05-28,,2026-05-30,,,,2026-06-23,112000,USD
OFR-004990-V1,OFR-004990,APP-0070849,REQ-2026-00356,1,1,initial,declined,true,2026-05-22,,2026-05-26,,,,2026-06-19,60500,USD
OFR-004991-V1,OFR-004991,APP-0070867,REQ-2026-00359,1,1,initial,accepted,false,2026-05-09,2026-05-11,,,,,2026-06-15,82000,USD
OFR-004991-V2,OFR-004991,APP-0070867,REQ-2026-00359,1,2,start_date_revision,accepted,true,2026-05-18,2026-05-18,,,,,2026-06-26,82000,USD
OFR-004992-V1,OFR-004992,APP-0070882,REQ-2026-00368,1,1,initial,accepted,true,2026-05-11,2026-05-20,,,,,2026-06-29,91500,USD
OFR-004993-V1,OFR-004993,APP-0070889,REQ-2026-00377,1,1,initial,accepted,true,2026-05-30,2026-05-31,,,,,2026-07-13,149500,USD
OFR-004994-V1,OFR-004994,APP-0070892,REQ-2026-00391,1,1,initial,declined,true,2026-05-25,,2026-05-27,,,,2026-06-22,46500,USD
OFR-004995-V1,OFR-004995,APP-0070893,REQ-2026-00392,1,1,initial,accepted,true,2026-05-14,2026-05-17,,,,,2026-06-08,75000,USD
OFR-004996-V1,OFR-004996,APP-0070914,REQ-2026-00074,1,1,initial,accepted,true,2026-05-24,2026-05-28,,,,,2026-07-06,116500,USD
OFR-004997-V1,OFR-004997,APP-0070923,REQ-2026-00227,1,1,initial,accepted,true,2026-05-16,2026-05-23,,,,,2026-06-29,76500,USD
OFR-004998-V1,OFR-004998,APP-0070925,REQ-2026-00232,1,1,initial,accepted,true,2026-05-20,2026-05-22,,,,,2026-07-06,87000,USD
OFR-004999-V1,OFR-004999,APP-0070943,REQ-2026-00321,1,1,initial,withdrawn,true,2026-05-21,,,2026-05-28,,,2026-06-18,65000,USD
OFR-005000-V1,OFR-005000,APP-0070957,REQ-2026-00344,1,1,initial,accepted,true,2026-05-20,2026-05-21,,,,,2026-06-08,54000,USD
OFR-005001-V1,OFR-005001,APP-0070962,REQ-2026-00358,1,1,initial,extended,true,2026-05-30,,,,,,2026-06-27,106000,USD
OFR-005002-V1,OFR-005002,APP-0070974,REQ-2026-00365,1,1,initial,superseded,false,2026-05-26,,,,,,2026-07-06,102500,USD
OFR-005002-V2,OFR-005002,APP-0070974,REQ-2026-00365,1,2,negotiation_revision,accepted,true,2026-05-28,2026-05-29,,,,,2026-07-06,106000,USD
OFR-005003-V1,OFR-005003,APP-0070977,REQ-2026-00366,1,1,initial,accepted,false,2026-05-16,2026-05-20,,,,,2026-06-15,85000,USD
OFR-005003-V2,OFR-005003,APP-0070977,REQ-2026-00366,1,2,letter_reissue,accepted,true,2026-05-31,2026-05-31,,,,,2026-06-15,85000,USD
OFR-005004-V1,OFR-005004,APP-0070983,REQ-2026-00368,1,1,initial,superseded,false,2026-05-28,,,,,,2026-06-29,80000,USD
OFR-005004-V2,OFR-005004,APP-0070983,REQ-2026-00368,1,2,negotiation_revision,accepted,true,2026-05-29,2026-05-30,,,,,2026-06-29,85500,USD
OFR-005005-V1,OFR-005005,APP-0070996,REQ-2026-00383,1,1,initial,superseded,false,2026-05-20,,,,,,2026-06-15,67000,USD
OFR-005005-V2,OFR-005005,APP-0070996,REQ-2026-00383,1,2,negotiation_revision,accepted,true,2026-05-22,2026-05-24,,,,,2026-06-15,70500,USD
OFR-005006-V1,OFR-005006,APP-0071009,REQ-2025-01012,1,1,initial,accepted,true,2026-05-24,2026-05-27,,,,,2026-06-29,129500,USD
OFR-005007-V1,OFR-005007,APP-0071025,REQ-2026-00217,1,1,initial,declined,true,2026-05-19,,2026-05-21,,,,2026-06-16,61000,USD
OFR-005008-V1,OFR-005008,APP-0071093,REQ-2026-00368,1,1,initial,superseded,false,2026-05-17,,,,,,2026-06-14,84000,USD
OFR-005008-V2,OFR-005008,APP-0071093,REQ-2026-00368,1,2,negotiation_revision,declined,true,2026-05-19,,2026-05-22,,,,2026-06-14,87000,USD
OFR-005009-V1,OFR-005009,APP-0071110,REQ-2026-00406,1,1,initial,accepted,true,2026-05-16,2026-05-18,,,,,2026-06-08,56000,USD
OFR-005010-V1,OFR-005010,APP-0071150,REQ-2026-00321,1,1,initial,accepted,true,2026-05-22,2026-05-24,,,,,2026-06-15,74500,USD
OFR-005011-V1,OFR-005011,APP-0071277,REQ-2026-00343,1,1,initial,declined,true,2026-05-24,,2026-05-27,,,,2026-06-21,106000,USD
OFR-005012-V1,OFR-005012,APP-0071290,REQ-2026-00359,1,1,initial,withdrawn,true,2026-05-21,,,2026-05-24,,,2026-06-18,80000,USD
OFR-005013-V1,OFR-005013,APP-0071346,REQ-2026-00100,1,1,initial,accepted,true,2026-05-24,2026-05-26,,,,,2026-06-15,58500,USD
OFR-005014-V1,OFR-005014,APP-0071398,REQ-2026-00368,1,1,initial,accepted,true,2026-05-25,2026-05-28,,,,,2026-06-29,89500,USD
OFR-005015-V1,OFR-005015,APP-0071406,REQ-2026-00379,1,1,initial,accepted,true,2026-05-25,2026-05-28,,,,,2026-06-29,63500,USD
OFR-005016-V1,OFR-005016,APP-0071433,REQ-2025-00995,1,1,initial,accepted,true,2026-05-28,2026-05-31,,,,,2026-06-15,66500,USD
OFR-005017-V1,OFR-005017,APP-0071511,REQ-2026-00381,1,1,initial,superseded,false,2026-05-19,,,,,,2026-06-16,86000,USD
OFR-005017-V2,OFR-005017,APP-0071511,REQ-2026-00381,1,2,negotiation_revision,declined,true,2026-05-23,,2026-05-25,,,,2026-06-16,89500,USD
OFR-005018-V1,OFR-005018,APP-0071518,REQ-2026-00391,1,1,initial,accepted,true,2026-05-21,2026-05-23,,,,,2026-06-08,50000,USD
OFR-005019-V1,OFR-005019,APP-0071535,REQ-2026-00412,1,1,initial,accepted,true,2026-05-19,2026-05-23,,,,,2026-06-15,71000,USD
OFR-005020-V1,OFR-005020,APP-0071612,REQ-2026-00385,1,1,initial,superseded,false,2026-05-25,,,,,,2026-06-22,114000,USD
OFR-005020-V2,OFR-005020,APP-0071612,REQ-2026-00385,1,2,negotiation_revision,declined,true,2026-05-26,,2026-05-29,,,,2026-06-22,119500,USD
OFR-005021-V1,OFR-005021,APP-0071624,REQ-2026-00403,1,1,initial,accepted,true,2026-05-26,2026-05-28,,,,,2026-07-06,90000,USD
OFR-005022-V1,OFR-005022,APP-0071628,REQ-2026-00409,1,1,initial,superseded,false,2026-05-27,,,,,,2026-07-06,92500,USD
OFR-005022-V2,OFR-005022,APP-0071628,REQ-2026-00409,1,2,negotiation_revision,accepted,true,2026-05-29,2026-05-30,,,,,2026-07-06,98000,USD
OFR-005023-V1,OFR-005023,APP-0071636,REQ-2026-00417,1,1,initial,accepted,true,2026-05-27,2026-05-30,,,,,2026-06-22,60500,USD
OFR-005024-V1,OFR-005024,APP-0071743,REQ-2026-00421,1,1,initial,declined,true,2026-05-28,,2026-05-30,,,,2026-06-25,74500,USD
OFR-005025-V1,OFR-005025,APP-0071802,REQ-2026-00359,1,1,initial,withdrawn,true,2026-05-22,,,2026-05-26,,,2026-06-19,81500,USD
OFR-005026-V1,OFR-005026,APP-0071834,REQ-2026-00410,1,1,initial,extended,true,2026-05-28,,,,,,2026-06-25,147000,USD
OFR-005027-V1,OFR-005027,APP-0071835,REQ-2026-00412,1,1,initial,extended,true,2026-05-31,,,,,,2026-06-28,72000,USD
OFR-005028-V1,OFR-005028,APP-0071845,REQ-2026-00419,1,1,initial,extended,true,2026-05-27,,,,,,2026-06-24,75000,USD
OFR-005029-V1,OFR-005029,APP-0071892,REQ-2026-00364,1,1,initial,accepted,true,2026-05-22,2026-05-30,,,,,2026-07-06,91500,USD
OFR-005030-V1,OFR-005030,APP-0071922,REQ-2026-00403,1,1,initial,extended,true,2026-05-31,,,,,,2026-06-28,92000,USD
OFR-005031-V1,OFR-005031,APP-0071937,REQ-2026-00419,1,1,initial,declined,true,2026-05-27,,2026-05-29,,,,2026-06-24,68000,USD
OFR-005032-V1,OFR-005032,APP-0072037,REQ-2026-00421,1,1,initial,extended,true,2026-05-30,,,,,,2026-06-27,81000,USD
OFR-005033-V1,OFR-005033,APP-0072085,REQ-2026-00344,1,1,initial,declined,true,2026-05-29,,2026-05-31,,,,2026-06-26,60500,USD
OFR-005034-V1,OFR-005034,APP-0072142,REQ-2026-00417,1,1,initial,accepted,true,2026-05-26,2026-05-28,,,,,2026-06-29,66000,USD
OFR-005035-V1,OFR-005035,APP-0072222,REQ-2026-00373,1,1,initial,withdrawn,true,2026-05-29,,,2026-05-31,,,2026-06-26,107500,USD
OFR-005036-V1,OFR-005036,APP-0072323,REQ-2026-00313,1,1,initial,declined,true,2026-05-27,,2026-05-28,,,,2026-06-24,51500,USD
OFR-005037-V1,OFR-005037,APP-0072482,REQ-2026-00417,1,1,initial,superseded,false,2026-05-27,,,,,,2026-06-29,59500,USD
OFR-005037-V2,OFR-005037,APP-0072482,REQ-2026-00417,1,2,negotiation_revision,accepted,true,2026-05-30,2026-05-31,,,,,2026-06-29,63000,USD
OFR-005038-V1,OFR-005038,APP-0072497,REQ-2026-00425,1,1,initial,superseded,false,2026-05-29,,,,,,2026-06-26,90000,USD
OFR-005038-V2,OFR-005038,APP-0072497,REQ-2026-00425,1,2,negotiation_revision,extended,true,2026-05-30,,,,,,2026-06-26,96500,USD
OFR-005039-V1,OFR-005039,APP-0072504,REQ-2026-00428,1,1,initial,accepted,true,2026-05-29,2026-05-30,,,,,2026-06-29,75500,USD
OFR-005040-V1,OFR-005040,APP-0072505,REQ-2026-00433,1,1,initial,extended,true,2026-05-31,,,,,,2026-06-28,66000,USD
OFR-005041-V1,OFR-005041,APP-0072570,REQ-2026-00368,1,1,initial,extended,true,2026-05-30,,,,,,2026-06-27,78000,USD
OFR-005042-V1,OFR-005042,APP-0072574,REQ-2026-00376,1,1,initial,extended,true,2026-05-30,,,,,,2026-06-27,97500,USD
OFR-005043-V1,OFR-005043,APP-0072608,REQ-2026-00425,1,1,initial,superseded,false,2026-05-29,,,,,,2026-06-26,100000,USD
OFR-005043-V2,OFR-005043,APP-0072608,REQ-2026-00425,1,2,negotiation_revision,extended,true,2026-05-30,,,,,,2026-06-26,104000,USD
OFR-005044-V1,OFR-005044,APP-0072614,REQ-2026-00428,1,1,initial,extended,true,2026-05-27,,,,,,2026-06-24,79000,USD
OFR-005045-V1,OFR-005045,APP-0072914,REQ-2026-00405,1,1,initial,extended,true,2026-05-30,,,,,,2026-06-27,52500,USD
OFR-005046-V1,OFR-005046,APP-0073029,REQ-2026-00425,1,1,initial,extended,true,2026-05-31,,,,,,2026-06-28,89000,USD
