application_id,requisition_id,offer_status_current,offer_extended_date,offer_accepted_date,offer_declined_date,offer_withdrawn_date,offer_rescinded_date,candidate_renege_date,planned_start_date,base_salary,currency,updated_at,extracted_at
APP-0000008,REQ-2024-00028,accepted,2024-01-20,2024-01-23,,,,,2024-02-12,81000,USD,2024-01-23T13:04:31Z,2026-05-31T23:59:59Z
APP-0000044,REQ-2024-00045,accepted,2024-02-18,2024-02-20,,,,,2024-04-01,145000,USD,2024-02-20T18:41:52Z,2026-05-31T23:59:59Z
APP-0000050,REQ-2024-00063,accepted,2024-01-19,2024-01-22,,,,,2024-02-12,75500,USD,2024-01-22T12:07:04Z,2026-05-31T23:59:59Z
APP-0000052,REQ-2024-00068,accepted,2024-01-28,2024-02-02,,,,,2024-03-11,111500,USD,2024-02-02T12:11:48Z,2026-05-31T23:59:59Z
APP-0000056,REQ-2024-00008,accepted,2024-01-17,2024-01-18,,,,,2024-02-12,75000,USD,2024-01-18T17:06:37Z,2026-05-31T23:59:59Z
APP-0000085,REQ-2024-00035,accepted,2024-01-17,2024-01-19,,,,,2024-02-19,86000,USD,2024-01-19T13:42:02Z,2026-05-31T23:59:59Z
APP-0000086,REQ-2024-00035,accepted,2024-03-17,2024-03-22,,,,,2024-04-29,83500,USD,2024-03-22T10:34:56Z,2026-05-31T23:59:59Z
APP-0000092,REQ-2024-00038,accepted,2024-02-05,2024-02-11,,,,,2024-04-01,162000,USD,2024-02-11T11:38:48Z,2026-05-31T23:59:59Z
APP-0000113,REQ-2024-00024,accepted,2024-01-26,2024-01-29,,,,,2024-03-11,131000,USD,2024-01-29T17:25:53Z,2026-05-31T23:59:59Z
APP-0000118,REQ-2024-00026,accepted,2024-01-27,2024-01-29,,,,,2024-03-11,105000,USD,2024-01-29T09:49:29Z,2026-05-31T23:59:59Z
APP-0000130,REQ-2024-00036,accepted,2024-02-02,2024-02-08,,,,,2024-03-04,62000,USD,2024-02-08T10:51:05Z,2026-05-31T23:59:59Z
APP-0000148,REQ-2024-00056,offer_declined,2024-02-01,,2024-02-08,,,,2024-02-29,107000,USD,2024-02-08T12:25:16Z,2026-05-31T23:59:59Z
APP-0000151,REQ-2024-00062,accepted,2024-01-21,2024-01-23,,,,,2024-03-04,106500,USD,2024-01-23T13:58:33Z,2026-05-31T23:59:59Z
APP-0000158,REQ-2024-00070,accepted,2024-02-17,2024-02-18,,,,,2024-03-25,79500,USD,2024-02-18T18:07:41Z,2026-05-31T23:59:59Z
APP-0000170,REQ-2024-00080,accepted,2024-02-23,2024-03-02,,,,,2024-04-01,121500,USD,2024-03-02T10:36:13Z,2026-05-31T23:59:59Z
APP-0000178,REQ-2024-00096,offer_declined,2024-01-27,,2024-02-03,,,,2024-02-24,104000,USD,2024-02-03T13:20:47Z,2026-05-31T23:59:59Z
APP-0000197,REQ-2024-00017,offer_rescinded,2024-01-26,2024-01-31,,,2024-02-14,,2024-03-04,75500,USD,2024-02-14T08:57:20Z,2026-05-31T23:59:59Z
APP-0000199,REQ-2024-00019,offer_rescinded,2024-02-01,2024-02-05,,,2024-03-04,,2024-03-11,106000,USD,2024-03-04T09:43:19Z,2026-05-31T23:59:59Z
APP-0000206,REQ-2024-00032,accepted,2024-02-10,2024-02-14,,,,,2024-04-15,206500,USD,2024-02-28T11:12:54Z,2026-05-31T23:59:59Z
APP-0000236,REQ-2024-00069,accepted,2024-01-27,2024-01-28,,,,,2024-02-19,51000,USD,2024-01-28T10:02:29Z,2026-05-31T23:59:59Z
APP-0000250,REQ-2024-00084,accepted,2024-02-13,2024-02-14,,,,,2024-03-11,104000,USD,2024-02-26T10:57:10Z,2026-05-31T23:59:59Z
APP-0000271,REQ-2024-00007,offer_withdrawn,2024-02-08,,,2024-02-10,,,2024-03-07,70000,USD,2024-02-10T12:57:54Z,2026-05-31T23:59:59Z
APP-0000277,REQ-2024-00014,accepted,2024-02-09,2024-02-11,,,,,2024-03-18,105000,USD,2024-02-11T08:37:59Z,2026-05-31T23:59:59Z
APP-0000311,REQ-2024-00044,accepted,2024-01-26,2024-01-30,,,,,2024-02-26,80000,USD,2024-01-30T19:26:27Z,2026-05-31T23:59:59Z
APP-0000330,REQ-2024-00069,accepted,2024-01-28,2024-01-31,,,,,2024-02-12,44500,USD,2024-01-31T08:08:23Z,2026-05-31T23:59:59Z
APP-0000339,REQ-2024-00083,accepted,2024-02-01,2024-02-04,,,,,2024-03-25,133000,USD,2024-02-08T09:34:11Z,2026-05-31T23:59:59Z
APP-0000356,REQ-2024-00112,accepted,2024-01-20,2024-01-22,,,,,2024-02-12,54000,USD,2024-01-22T17:49:56Z,2026-05-31T23:59:59Z
APP-0000357,REQ-2024-00112,accepted,2024-01-27,2024-01-30,,,,,2024-02-26,62500,USD,2024-01-30T17:04:18Z,2026-05-31T23:59:59Z
APP-0000365,REQ-2024-00133,offer_rescinded,2024-01-17,2024-01-20,,,2024-02-16,,2024-02-19,83500,USD,2024-02-16T10:29:17Z,2026-05-31T23:59:59Z
APP-0000366,REQ-2024-00133,accepted,2024-01-31,2024-02-02,,,,,2024-03-04,94000,USD,2024-02-02T17:16:55Z,2026-05-31T23:59:59Z
APP-0000373,REQ-2024-00008,accepted,2024-02-01,2024-02-02,,,,,2024-02-26,74000,USD,2024-02-02T10:50:49Z,2026-05-31T23:59:59Z
APP-0000384,REQ-2024-00019,offer_rescinded,2024-02-04,2024-02-07,,,2024-03-04,,2024-03-18,100500,USD,2024-03-04T16:35:49Z,2026-05-31T23:59:59Z
APP-0000391,REQ-2024-00025,accepted,2024-01-21,2024-01-23,,,,,2024-02-26,78000,USD,2024-01-26T19:58:35Z,2026-05-31T23:59:59Z
APP-0000396,REQ-2024-00028,offer_declined,2024-01-28,,2024-01-30,,,,2024-02-25,74500,USD,2024-01-30T12:54:32Z,2026-05-31T23:59:59Z
APP-0000397,REQ-2024-00028,accepted,2024-01-30,2024-02-02,,,,,2024-03-04,72500,USD,2024-02-02T13:50:22Z,2026-05-31T23:59:59Z
APP-0000400,REQ-2024-00031,accepted,2024-02-02,2024-02-06,,,,,2024-02-26,57500,USD,2024-02-06T17:05:53Z,2026-05-31T23:59:59Z
APP-0000409,REQ-2024-00037,accepted,2024-01-27,2024-01-29,,,,,2024-02-12,44500,USD,2024-01-29T16:29:09Z,2026-05-31T23:59:59Z
APP-0000425,REQ-2024-00052,offer_declined,2024-02-02,,2024-02-04,,,,2024-03-01,78500,USD,2024-02-04T13:37:00Z,2026-05-31T23:59:59Z
APP-0000441,REQ-2024-00063,accepted,2024-02-05,2024-02-08,,,,,2024-03-04,77000,USD,2024-02-08T18:18:11Z,2026-05-31T23:59:59Z
APP-0000442,REQ-2024-00063,accepted,2024-01-25,2024-01-31,,,,,2024-03-04,83500,USD,2024-01-31T17:38:33Z,2026-05-31T23:59:59Z
APP-0000443,REQ-2024-00064,offer_declined,2024-02-14,,2024-02-19,,,,2024-03-13,113500,USD,2024-02-19T16:58:55Z,2026-05-31T23:59:59Z
APP-0000445,REQ-2024-00067,accepted,2024-01-26,2024-01-30,,,,,2024-03-25,140500,USD,2024-01-30T12:21:14Z,2026-05-31T23:59:59Z
APP-0000453,REQ-2024-00072,accepted,2024-02-08,2024-02-11,,,,,2024-03-11,82000,USD,2024-02-11T08:30:06Z,2026-05-31T23:59:59Z
APP-0000456,REQ-2024-00080,accepted,2024-02-03,2024-02-14,,,,,2024-03-25,122500,USD,2024-02-14T16:01:05Z,2026-05-31T23:59:59Z
APP-0000467,REQ-2024-00112,offer_withdrawn,2024-01-26,,,2024-01-30,,,2024-02-23,56500,USD,2024-01-30T11:42:12Z,2026-05-31T23:59:59Z
APP-0000480,REQ-2024-00141,accepted,2024-02-08,2024-02-13,,,,,2024-03-25,133000,USD,2024-02-13T19:33:13Z,2026-05-31T23:59:59Z
APP-0000491,REQ-2024-00025,accepted,2024-01-28,2024-02-02,,,,,2024-02-26,77500,USD,2024-02-02T18:06:38Z,2026-05-31T23:59:59Z
APP-0000525,REQ-2024-00063,accepted,2024-02-02,2024-02-03,,,,,2024-02-26,88500,USD,2024-02-03T19:01:31Z,2026-05-31T23:59:59Z
APP-0000526,REQ-2024-00063,accepted,2024-01-24,2024-01-25,,,,,2024-02-19,79500,USD,2024-01-25T12:02:57Z,2026-05-31T23:59:59Z
APP-0000529,REQ-2024-00069,accepted,2024-01-26,2024-01-29,,,,,2024-03-04,46500,USD,2024-02-05T18:22:24Z,2026-05-31T23:59:59Z
APP-0000535,REQ-2024-00081,accepted,2024-02-02,2024-02-03,,,,,2024-02-26,82000,USD,2024-02-03T16:43:54Z,2026-05-31T23:59:59Z
APP-0000542,REQ-2024-00092,offer_rescinded,2024-01-31,2024-02-03,,,2024-02-10,,2024-02-26,73000,USD,2024-02-10T16:09:18Z,2026-05-31T23:59:59Z
APP-0000547,REQ-2024-00096,accepted,2024-02-05,2024-02-13,,,,,2024-03-11,100000,USD,2024-02-17T09:22:41Z,2026-05-31T23:59:59Z
APP-0000576,REQ-2024-00133,offer_withdrawn,2024-02-08,,,2024-02-11,,,2024-03-07,83000,USD,2024-02-11T09:35:48Z,2026-05-31T23:59:59Z
APP-0000587,REQ-2024-00008,offer_declined,2024-01-30,,2024-01-31,,,,2024-02-27,68500,USD,2024-01-31T10:29:01Z,2026-05-31T23:59:59Z
APP-0000597,REQ-2024-00021,offer_rescinded,2024-01-31,2024-02-02,,,2024-02-08,,2024-02-26,51000,USD,2024-02-08T14:26:52Z,2026-05-31T23:59:59Z
APP-0000604,REQ-2024-00034,offer_withdrawn,2024-01-28,,,2024-02-01,,,2024-02-25,72000,USD,2024-02-01T09:37:10Z,2026-05-31T23:59:59Z
APP-0000614,REQ-2024-00037,accepted,2024-01-26,2024-01-27,,,,,2024-02-12,50000,USD,2024-02-07T15:38:47Z,2026-05-31T23:59:59Z
APP-0000617,REQ-2024-00040,accepted,2024-02-05,2024-02-06,,,,,2024-03-11,70000,USD,2024-02-06T19:50:21Z,2026-05-31T23:59:59Z
APP-0000621,REQ-2024-00047,accepted,2024-02-13,2024-02-20,,,,,2024-04-01,98500,USD,2024-02-24T16:57:47Z,2026-05-31T23:59:59Z
APP-0000622,REQ-2024-00051,accepted,2024-02-06,2024-02-09,,,,,2024-03-18,94500,USD,2024-02-09T08:09:21Z,2026-05-31T23:59:59Z
APP-0000645,REQ-2024-00081,accepted,2024-01-31,2024-02-02,,,,,2024-02-26,85500,USD,2024-02-02T08:09:56Z,2026-05-31T23:59:59Z
APP-0000659,REQ-2024-00115,accepted,2024-02-02,2024-02-05,,,,,2024-04-01,79500,USD,2024-02-11T15:16:14Z,2026-05-31T23:59:59Z
APP-0000677,REQ-2024-00133,accepted,2024-02-01,2024-02-03,,,,,2024-03-18,77500,USD,2024-02-03T10:04:43Z,2026-05-31T23:59:59Z
APP-0000680,REQ-2024-00136,accepted,2024-01-28,2024-01-29,,,,,2024-03-11,85000,USD,2024-01-31T17:24:39Z,2026-05-31T23:59:59Z
APP-0000686,REQ-2024-00145,accepted,2024-01-19,2024-01-23,,,,,2024-02-19,44000,USD,2024-01-23T18:26:42Z,2026-05-31T23:59:59Z
APP-0000693,REQ-2024-00147,accepted,2024-01-26,2024-02-03,,,,,2024-03-18,80500,USD,2024-02-03T13:44:12Z,2026-05-31T23:59:59Z
APP-0000698,REQ-2024-00158,offer_declined,2024-01-26,,2024-01-27,,,,2024-02-23,89000,USD,2024-01-27T08:45:24Z,2026-05-31T23:59:59Z
APP-0000700,REQ-2024-00160,offer_withdrawn,2024-02-03,,,2024-02-07,,,2024-02-29,45000,USD,2024-02-07T16:54:00Z,2026-05-31T23:59:59Z
APP-0000713,REQ-2024-00012,accepted,2024-02-06,2024-02-09,,,,,2024-02-26,57500,USD,2024-02-09T08:28:03Z,2026-05-31T23:59:59Z
APP-0000720,REQ-2024-00023,offer_declined,2024-01-24,,2024-01-26,,,,2024-02-21,47500,USD,2024-01-26T10:03:22Z,2026-05-31T23:59:59Z
APP-0000739,REQ-2024-00043,offer_declined,2024-02-07,,2024-02-10,,,,2024-03-06,118000,USD,2024-02-10T10:09:19Z,2026-05-31T23:59:59Z
APP-0000767,REQ-2024-00075,accepted,2024-01-24,2024-01-27,,,,,2024-02-26,74500,USD,2024-01-27T13:14:53Z,2026-05-31T23:59:59Z
APP-0000778,REQ-2024-00085,accepted,2024-01-23,2024-01-26,,,,,2024-02-26,78000,USD,2024-01-26T12:45:17Z,2026-05-31T23:59:59Z
APP-0000781,REQ-2024-00094,candidate_renege,2024-02-05,2024-02-08,,,,2024-03-01,2024-04-17,161000,USD,2024-03-01T10:39:50Z,2026-05-31T23:59:59Z
APP-0000800,REQ-2024-00126,offer_declined,2024-01-21,,2024-01-24,,,,2024-02-18,99000,USD,2024-01-24T17:44:53Z,2026-05-31T23:59:59Z
APP-0000818,REQ-2024-00147,accepted,2024-01-31,2024-02-05,,,,,2024-03-11,81000,USD,2024-02-05T16:07:02Z,2026-05-31T23:59:59Z
APP-0000825,REQ-2024-00160,accepted,2024-01-28,2024-01-31,,,,,2024-02-19,46000,USD,2024-02-09T15:35:52Z,2026-05-31T23:59:59Z
APP-0000828,REQ-2024-00161,offer_declined,2024-02-16,,2024-02-19,,,,2024-03-15,106500,USD,2024-02-19T08:25:09Z,2026-05-31T23:59:59Z
APP-0000833,REQ-2024-00164,accepted,2024-02-05,2024-02-08,,,,,2024-03-11,70000,USD,2024-02-08T08:49:48Z,2026-05-31T23:59:59Z
APP-0000862,REQ-2024-00031,offer_withdrawn,2024-02-05,,,2024-02-07,,,2024-03-04,57500,USD,2024-02-07T11:46:07Z,2026-05-31T23:59:59Z
APP-0000869,REQ-2024-00034,accepted,2024-02-06,2024-02-07,,,,,2024-03-11,87000,USD,2024-02-19T14:34:31Z,2026-05-31T23:59:59Z
APP-0000887,REQ-2024-00062,offer_declined,2024-01-28,,2024-01-29,,,,2024-02-25,108000,USD,2024-01-29T18:36:46Z,2026-05-31T23:59:59Z
APP-0000910,REQ-2024-00082,accepted,2024-02-09,2024-02-11,,,,,2024-03-11,104500,USD,2024-02-11T11:25:23Z,2026-05-31T23:59:59Z
APP-0000923,REQ-2024-00102,accepted,2024-02-03,2024-02-05,,,,,2024-03-18,92000,USD,2024-02-05T09:37:30Z,2026-05-31T23:59:59Z
APP-0000932,REQ-2024-00115,accepted,2024-02-08,2024-02-10,,,,,2024-03-04,80000,USD,2024-02-10T09:50:05Z,2026-05-31T23:59:59Z
APP-0000935,REQ-2024-00117,offer_declined,2024-02-08,,2024-02-10,,,,2024-03-03,99000,USD,2024-02-10T11:51:10Z,2026-05-31T23:59:59Z
APP-0000948,REQ-2024-00133,accepted,2024-02-01,2024-02-04,,,,,2024-03-11,87000,USD,2024-02-18T17:18:12Z,2026-05-31T23:59:59Z
APP-0000949,REQ-2024-00133,accepted,2024-01-26,2024-02-01,,,,,2024-03-11,82000,USD,2024-02-01T12:37:22Z,2026-05-31T23:59:59Z
APP-0000950,REQ-2024-00134,offer_withdrawn,2024-02-01,,,2024-02-05,,,2024-02-29,58000,USD,2024-02-05T11:07:19Z,2026-05-31T23:59:59Z
APP-0000953,REQ-2024-00139,offer_declined,2024-02-08,,2024-02-12,,,,2024-03-07,142000,USD,2024-02-12T12:39:57Z,2026-05-31T23:59:59Z
APP-0000956,REQ-2024-00145,accepted,2024-02-07,2024-02-08,,,,,2024-02-19,52000,USD,2024-02-08T11:00:34Z,2026-05-31T23:59:59Z
APP-0000959,REQ-2024-00147,offer_declined,2024-02-01,,2024-02-03,,,,2024-02-28,91000,USD,2024-02-03T12:01:07Z,2026-05-31T23:59:59Z
APP-0000968,REQ-2024-00172,accepted,2024-02-23,2024-02-24,,,,,2024-04-01,112500,USD,2024-02-24T15:32:38Z,2026-05-31T23:59:59Z
APP-0000971,REQ-2024-00175,accepted,2024-02-02,2024-02-06,,,,,2024-03-04,75500,USD,2024-02-06T16:52:03Z,2026-05-31T23:59:59Z
APP-0000980,REQ-2024-00190,offer_withdrawn,2024-02-11,,,2024-02-24,,,2024-03-10,92500,USD,2024-02-24T19:06:18Z,2026-05-31T23:59:59Z
APP-0000987,REQ-2024-00202,accepted,2024-02-06,2024-02-07,,,,,2024-04-01,84000,USD,2024-02-22T12:19:21Z,2026-05-31T23:59:59Z
APP-0001008,REQ-2024-00034,accepted,2024-01-29,2024-01-30,,,,,2024-03-04,73000,USD,2024-01-30T15:26:50Z,2026-05-31T23:59:59Z
APP-0001031,REQ-2024-00069,offer_withdrawn,2024-01-31,,,2024-02-05,,,2024-02-28,48500,USD,2024-02-05T18:35:09Z,2026-05-31T23:59:59Z
APP-0001042,REQ-2024-00081,accepted,2024-01-28,2024-01-29,,,,,2024-02-26,79000,USD,2024-01-29T17:19:28Z,2026-05-31T23:59:59Z
APP-0001056,REQ-2024-00112,offer_withdrawn,2024-01-29,,,2024-01-31,,,2024-02-26,61000,USD,2024-01-31T12:27:36Z,2026-05-31T23:59:59Z
APP-0001063,REQ-2024-00118,accepted,2024-02-07,2024-02-09,,,,,2024-03-11,82000,USD,2024-02-09T15:27:48Z,2026-05-31T23:59:59Z
APP-0001067,REQ-2024-00126,accepted,2024-02-14,2024-02-15,,,,,2024-03-25,94000,USD,2024-02-15T16:51:57Z,2026-05-31T23:59:59Z
APP-0001081,REQ-2024-00147,accepted,2024-01-26,2024-01-29,,,,,2024-02-26,86500,USD,2024-01-29T10:58:30Z,2026-05-31T23:59:59Z
APP-0001086,REQ-2024-00155,accepted,2024-02-12,2024-02-14,,,,,2024-03-11,60500,USD,2024-02-14T19:03:17Z,2026-05-31T23:59:59Z
APP-0001092,REQ-2024-00168,candidate_renege,2024-02-02,2024-02-08,,,,2024-03-01,2024-03-04,103500,USD,2024-03-01T11:41:33Z,2026-05-31T23:59:59Z
APP-0001097,REQ-2024-00178,accepted,2024-01-27,2024-02-02,,,,,2024-03-11,104000,USD,2024-02-02T12:54:58Z,2026-05-31T23:59:59Z
APP-0001107,REQ-2024-00206,accepted,2024-02-25,2024-03-01,,,,,2024-04-01,123000,USD,2024-03-01T11:40:12Z,2026-05-31T23:59:59Z
APP-0001115,REQ-2024-00004,accepted,2024-02-02,2024-02-06,,,,,2024-03-18,88000,USD,2024-02-06T09:27:13Z,2026-05-31T23:59:59Z
APP-0001120,REQ-2024-00007,accepted,2024-02-04,2024-02-08,,,,,2024-03-11,71500,USD,2024-02-08T17:24:13Z,2026-05-31T23:59:59Z
APP-0001160,REQ-2024-00064,offer_declined,2024-01-30,,2024-02-06,,,,2024-02-27,130500,USD,2024-02-06T15:55:37Z,2026-05-31T23:59:59Z
APP-0001175,REQ-2024-00096,accepted,2024-02-22,2024-02-26,,,,,2024-03-18,101000,USD,2024-02-26T19:22:31Z,2026-05-31T23:59:59Z
APP-0001193,REQ-2024-00128,accepted,2024-01-31,2024-02-02,,,,,2024-03-18,97500,USD,2024-02-08T11:31:24Z,2026-05-31T23:59:59Z
APP-0001200,REQ-2024-00136,offer_withdrawn,2024-01-29,,,2024-01-29,,,2024-02-26,83500,USD,2024-01-29T11:39:18Z,2026-05-31T23:59:59Z
APP-0001216,REQ-2024-00147,accepted,2024-02-01,2024-02-07,,,,,2024-03-11,88000,USD,2024-02-07T09:19:14Z,2026-05-31T23:59:59Z
APP-0001220,REQ-2024-00153,candidate_renege,2024-02-04,2024-02-07,,,,2024-03-26,2024-03-30,102500,USD,2024-03-26T09:40:52Z,2026-05-31T23:59:59Z
APP-0001232,REQ-2024-00167,accepted,2024-02-17,2024-02-22,,,,,2024-03-25,182000,USD,2024-02-22T19:50:33Z,2026-05-31T23:59:59Z
APP-0001251,REQ-2024-00192,accepted,2024-02-05,2024-02-08,,,,,2024-03-04,65000,USD,2024-02-12T18:22:45Z,2026-05-31T23:59:59Z
APP-0001271,REQ-2024-00225,accepted,2024-02-03,2024-02-09,,,,,2024-03-04,59000,USD,2024-02-09T13:19:51Z,2026-05-31T23:59:59Z
APP-0001284,REQ-2024-00005,accepted,2024-01-29,2024-01-31,,,,,2024-02-12,61000,USD,2024-01-31T08:08:23Z,2026-05-31T23:59:59Z
APP-0001285,REQ-2024-00007,offer_declined,2024-02-08,,2024-02-09,,,,2024-03-04,80000,USD,2024-02-09T12:50:41Z,2026-05-31T23:59:59Z
APP-0001314,REQ-2024-00055,accepted,2024-02-17,2024-02-19,,,,,2024-04-01,103000,USD,2024-02-19T16:20:25Z,2026-05-31T23:59:59Z
APP-0001317,REQ-2024-00062,offer_declined,2024-02-20,,2024-02-23,,,,2024-03-19,106500,USD,2024-02-23T17:24:03Z,2026-05-31T23:59:59Z
APP-0001320,REQ-2024-00062,offer_declined,2024-02-17,,2024-02-19,,,,2024-03-13,109500,USD,2024-02-19T08:35:31Z,2026-05-31T23:59:59Z
APP-0001329,REQ-2024-00075,offer_declined,2024-01-29,,2024-01-31,,,,2024-02-26,72500,USD,2024-01-31T12:10:31Z,2026-05-31T23:59:59Z
APP-0001333,REQ-2024-00079,accepted,2024-02-17,2024-02-21,,,,,2024-04-01,104500,USD,2024-02-21T13:16:24Z,2026-05-31T23:59:59Z
APP-0001344,REQ-2024-00102,offer_withdrawn,2024-02-05,,,2024-02-06,,,2024-03-02,101000,USD,2024-02-06T18:16:44Z,2026-05-31T23:59:59Z
APP-0001349,REQ-2024-00110,offer_declined,2024-02-26,,2024-03-01,,,,2024-03-25,94500,USD,2024-03-01T13:05:53Z,2026-05-31T23:59:59Z
APP-0001371,REQ-2024-00133,accepted,2024-02-02,2024-02-07,,,,,2024-03-18,80000,USD,2024-02-07T12:57:36Z,2026-05-31T23:59:59Z
APP-0001397,REQ-2024-00158,accepted,2024-02-19,2024-02-20,,,,,2024-03-25,102500,USD,2024-02-20T11:51:23Z,2026-05-31T23:59:59Z
APP-0001435,REQ-2024-00202,offer_declined,2024-02-02,,2024-02-05,,,,2024-03-01,92000,USD,2024-02-05T11:59:20Z,2026-05-31T23:59:59Z
APP-0001442,REQ-2024-00210,accepted,2024-02-14,2024-02-19,,,,,2024-04-08,217000,USD,2024-02-19T15:07:40Z,2026-05-31T23:59:59Z
APP-0001452,REQ-2024-00217,accepted,2024-03-08,2024-03-13,,,,,2024-04-15,100000,USD,2024-03-13T13:51:57Z,2026-05-31T23:59:59Z
APP-0001461,REQ-2024-00239,accepted,2024-02-05,2024-02-09,,,,,2024-03-11,99500,USD,2024-02-09T10:34:44Z,2026-05-31T23:59:59Z
APP-0001469,REQ-2024-00003,accepted,2024-02-04,2024-02-08,,,,,2024-03-25,154500,USD,2024-02-13T12:27:34Z,2026-05-31T23:59:59Z
APP-0001529,REQ-2024-00075,offer_declined,2024-02-03,,2024-02-07,,,,2024-03-02,67500,USD,2024-02-07T12:04:21Z,2026-05-31T23:59:59Z
APP-0001537,REQ-2024-00091,offer_declined,2024-02-13,,2024-02-16,,,,2024-03-12,158500,USD,2024-02-16T10:56:03Z,2026-05-31T23:59:59Z
APP-0001539,REQ-2024-00100,accepted,2024-02-10,2024-02-20,,,,,2024-03-18,79500,USD,2024-02-20T16:26:44Z,2026-05-31T23:59:59Z
APP-0001547,REQ-2024-00115,accepted,2024-01-31,2024-02-02,,,,,2024-03-04,85500,USD,2024-02-02T11:40:52Z,2026-05-31T23:59:59Z
APP-0001560,REQ-2024-00134,accepted,2024-02-01,2024-02-04,,,,,2024-03-04,63500,USD,2024-02-04T18:36:21Z,2026-05-31T23:59:59Z
APP-0001571,REQ-2024-00145,offer_declined,2024-01-31,,2024-02-01,,,,2024-02-28,47500,USD,2024-02-01T14:01:22Z,2026-05-31T23:59:59Z
APP-0001579,REQ-2024-00148,accepted,2024-02-02,2024-02-11,,,,,2024-03-11,84500,USD,2024-02-11T10:28:16Z,2026-05-31T23:59:59Z
APP-0001583,REQ-2024-00157,offer_declined,2024-02-26,,2024-02-29,,,,2024-03-22,145000,USD,2024-02-29T12:31:13Z,2026-05-31T23:59:59Z
APP-0001588,REQ-2024-00160,accepted,2024-02-05,2024-02-06,,,,,2024-03-04,48000,USD,2024-02-06T13:36:25Z,2026-05-31T23:59:59Z
APP-0001591,REQ-2024-00163,accepted,2024-02-02,2024-02-03,,,,,2024-03-04,80000,USD,2024-02-03T09:18:52Z,2026-05-31T23:59:59Z
APP-0001592,REQ-2024-00164,offer_withdrawn,2024-02-04,,,2024-02-12,,,2024-03-03,74500,USD,2024-02-12T16:33:10Z,2026-05-31T23:59:59Z
APP-0001604,REQ-2024-00185,candidate_renege,2024-01-28,2024-02-05,,,,2024-02-25,2024-02-26,47500,USD,2024-02-25T12:29:23Z,2026-05-31T23:59:59Z
APP-0001617,REQ-2024-00202,accepted,2024-02-03,2024-02-08,,,,,2024-04-08,90000,USD,2024-02-17T13:23:36Z,2026-05-31T23:59:59Z
APP-0001638,REQ-2024-00226,accepted,2024-01-28,2024-01-31,,,,,2024-03-04,60500,USD,2024-01-31T14:06:03Z,2026-05-31T23:59:59Z
APP-0001642,REQ-2024-00229,accepted,2024-02-03,2024-02-05,,,,,2024-03-04,67500,USD,2024-02-05T13:45:54Z,2026-05-31T23:59:59Z
APP-0001648,REQ-2024-00237,offer_withdrawn,2024-02-14,,,2024-02-18,,,2024-03-13,87500,USD,2024-02-18T12:23:40Z,2026-05-31T23:59:59Z
APP-0001663,REQ-2024-00266,accepted,2024-02-07,2024-02-08,,,,,2024-03-04,79000,USD,2024-02-08T11:37:42Z,2026-05-31T23:59:59Z
APP-0001675,REQ-2024-00008,accepted,2024-02-06,2024-02-09,,,,,2024-03-11,77700,USD,2024-02-23T15:30:58Z,2026-05-31T23:59:59Z
APP-0001703,REQ-2024-00034,accepted,2024-02-07,2024-02-09,,,,,2024-03-11,80000,USD,2024-02-09T10:25:59Z,2026-05-31T23:59:59Z
APP-0001706,REQ-2024-00039,offer_declined,2024-01-30,,2024-02-01,,,,2024-02-27,48500,USD,2024-02-01T18:19:36Z,2026-05-31T23:59:59Z
APP-0001716,REQ-2024-00063,offer_withdrawn,2024-02-06,,,2024-02-08,,,2024-03-05,73500,USD,2024-02-08T09:36:57Z,2026-05-31T23:59:59Z
APP-0001749,REQ-2024-00126,accepted,2024-02-10,2024-02-11,,,,,2024-03-25,93500,USD,2024-02-11T13:36:45Z,2026-05-31T23:59:59Z
APP-0001751,REQ-2024-00130,accepted,2024-02-18,2024-02-27,,,,,2024-04-08,145500,USD,2024-02-27T17:46:06Z,2026-05-31T23:59:59Z
APP-0001756,REQ-2024-00133,accepted,2024-02-05,2024-02-08,,,,,2024-03-11,79000,USD,2024-02-08T18:27:09Z,2026-05-31T23:59:59Z
APP-0001772,REQ-2024-00147,offer_withdrawn,2024-02-13,,,2024-02-15,,,2024-03-12,90500,USD,2024-02-15T18:53:26Z,2026-05-31T23:59:59Z
APP-0001773,REQ-2024-00147,accepted,2024-02-01,2024-02-06,,,,,2024-03-04,79000,USD,2024-02-06T13:34:40Z,2026-05-31T23:59:59Z
APP-0001780,REQ-2024-00157,offer_declined,2024-03-02,,2024-03-06,,,,2024-03-30,129000,USD,2024-03-06T11:25:57Z,2026-05-31T23:59:59Z
APP-0001793,REQ-2024-00180,accepted,2024-02-01,2024-02-04,,,,,2024-03-04,67000,USD,2024-02-04T19:36:30Z,2026-05-31T23:59:59Z
APP-0001797,REQ-2024-00185,offer_withdrawn,2024-02-02,,,2024-02-05,,,2024-03-01,45000,USD,2024-02-05T17:45:11Z,2026-05-31T23:59:59Z
APP-0001803,REQ-2024-00193,accepted,2024-02-06,2024-02-14,,,,,2024-02-26,71000,USD,2024-02-14T09:55:22Z,2026-05-31T23:59:59Z
APP-0001835,REQ-2024-00226,offer_withdrawn,2024-02-12,,,2024-02-17,,,2024-03-11,60000,USD,2024-02-17T17:30:36Z,2026-05-31T23:59:59Z
APP-0001836,REQ-2024-00226,accepted,2024-02-01,2024-02-03,,,,,2024-03-04,62000,USD,2024-02-03T15:19:34Z,2026-05-31T23:59:59Z
APP-0001848,REQ-2024-00242,accepted,2024-02-10,2024-02-12,,,,,2024-03-25,102500,USD,2024-02-12T17:44:38Z,2026-05-31T23:59:59Z
APP-0001850,REQ-2024-00247,accepted,2024-02-03,2024-02-04,,,,,2024-03-04,67000,USD,2024-02-04T10:37:41Z,2026-05-31T23:59:59Z
APP-0001852,REQ-2024-00248,offer_withdrawn,2024-02-09,,,2024-02-11,,,2024-03-08,80500,USD,2024-02-11T13:36:25Z,2026-05-31T23:59:59Z
APP-0001858,REQ-2024-00255,accepted,2024-02-08,2024-02-09,,,,,2024-02-26,57500,USD,2024-02-09T15:39:51Z,2026-05-31T23:59:59Z
APP-0001863,REQ-2024-00274,accepted,2024-02-14,2024-02-20,,,,,2024-04-01,103000,USD,2024-02-24T08:26:52Z,2026-05-31T23:59:59Z
APP-0001867,REQ-2024-00289,accepted,2024-02-04,2024-02-06,,,,,2024-02-26,72000,USD,2024-02-06T13:11:49Z,2026-05-31T23:59:59Z
APP-0001881,REQ-2024-00025,offer_declined,2024-02-02,,2024-02-06,,,,2024-03-01,82000,USD,2024-02-06T12:35:58Z,2026-05-31T23:59:59Z
APP-0001882,REQ-2024-00026,accepted,2024-02-05,2024-02-06,,,,,2024-03-11,108000,USD,2024-02-08T10:07:16Z,2026-05-31T23:59:59Z
APP-0001883,REQ-2024-00028,offer_withdrawn,2024-02-01,,,2024-02-03,,,2024-02-29,82000,USD,2024-02-03T17:23:14Z,2026-05-31T23:59:59Z
APP-0001884,REQ-2024-00030,accepted,2024-02-12,2024-02-19,,,,,2024-04-01,126500,USD,2024-02-19T08:38:57Z,2026-05-31T23:59:59Z
APP-0001899,REQ-2024-00056,accepted,2024-02-10,2024-02-29,,,,,2024-04-08,103000,USD,2024-02-29T19:38:05Z,2026-05-31T23:59:59Z
APP-0001900,REQ-2024-00060,offer_declined,2024-03-06,,2024-03-15,,,,2024-04-01,133000,USD,2024-03-15T09:12:39Z,2026-05-31T23:59:59Z
APP-0001933,REQ-2024-00115,accepted,2024-02-04,2024-02-06,,,,,2024-03-11,81500,USD,2024-02-06T12:30:54Z,2026-05-31T23:59:59Z
APP-0001938,REQ-2024-00133,offer_withdrawn,2024-01-31,,,2024-02-12,,,2024-02-28,77500,USD,2024-02-12T17:04:54Z,2026-05-31T23:59:59Z
APP-0001944,REQ-2024-00133,accepted,2024-02-03,2024-02-09,,,,,2024-03-11,89500,USD,2024-02-09T16:20:42Z,2026-05-31T23:59:59Z
APP-0001960,REQ-2024-00147,accepted,2024-02-09,2024-02-13,,,,,2024-03-18,90500,USD,2024-02-13T12:37:21Z,2026-05-31T23:59:59Z
APP-0002000,REQ-2024-00202,accepted,2024-02-10,2024-02-14,,,,,2024-03-25,87000,USD,2024-02-14T08:37:58Z,2026-05-31T23:59:59Z
APP-0002008,REQ-2024-00208,offer_declined,2024-02-05,,2024-02-12,,,,2024-03-04,122500,USD,2024-02-12T16:14:12Z,2026-05-31T23:59:59Z
APP-0002013,REQ-2024-00211,accepted,2024-02-16,2024-02-19,,,,,2024-03-18,58000,USD,2024-02-19T14:57:33Z,2026-05-31T23:59:59Z
APP-0002017,REQ-2024-00219,candidate_renege,2024-02-09,2024-02-13,,,,2024-02-16,2024-03-18,68500,USD,2024-02-16T13:52:04Z,2026-05-31T23:59:59Z
APP-0002020,REQ-2024-00221,offer_declined,2024-02-07,,2024-02-14,,,,2024-03-06,74000,USD,2024-02-14T19:41:24Z,2026-05-31T23:59:59Z
APP-0002022,REQ-2024-00223,accepted,2024-02-24,2024-02-28,,,,,2024-04-01,127000,USD,2024-02-28T10:18:48Z,2026-05-31T23:59:59Z
APP-0002042,REQ-2024-00256,accepted,2024-02-26,2024-02-29,,,,,2024-04-01,132500,USD,2024-02-29T10:47:42Z,2026-05-31T23:59:59Z
APP-0002045,REQ-2024-00257,accepted,2024-02-25,2024-03-01,,,,,2024-04-22,97500,USD,2024-03-04T09:44:13Z,2026-05-31T23:59:59Z
APP-0002059,REQ-2024-00278,accepted,2024-03-01,2024-03-05,,,,,2024-05-06,205500,USD,2024-03-05T15:27:03Z,2026-05-31T23:59:59Z
APP-0002062,REQ-2024-00282,offer_withdrawn,2024-02-26,,,2024-03-02,,,2024-03-25,160000,USD,2024-03-02T10:23:08Z,2026-05-31T23:59:59Z
APP-0002079,REQ-2024-00012,offer_withdrawn,2024-02-26,,,2024-02-29,,,2024-03-22,56000,USD,2024-02-29T17:12:37Z,2026-05-31T23:59:59Z
APP-0002085,REQ-2024-00022,accepted,2024-02-05,2024-02-07,,,,,2024-03-04,81000,USD,2024-02-07T12:24:01Z,2026-05-31T23:59:59Z
APP-0002092,REQ-2024-00034,accepted,2024-02-09,2024-02-12,,,,,2024-03-11,77000,USD,2024-02-12T13:07:15Z,2026-05-31T23:59:59Z
APP-0002115,REQ-2024-00090,accepted,2024-02-18,2024-02-19,,,,,2024-03-25,84000,USD,2024-02-19T08:25:03Z,2026-05-31T23:59:59Z
APP-0002159,REQ-2024-00147,accepted,2024-02-06,2024-02-09,,,,,2024-03-18,84500,USD,2024-02-09T12:56:16Z,2026-05-31T23:59:59Z
APP-0002169,REQ-2024-00158,accepted,2024-02-13,2024-02-19,,,,,2024-03-18,96500,USD,2024-02-19T12:22:11Z,2026-05-31T23:59:59Z
APP-0002174,REQ-2024-00161,candidate_renege,2024-02-04,2024-02-06,,,,2024-02-22,2024-03-18,114500,USD,2024-02-22T10:59:27Z,2026-05-31T23:59:59Z
APP-0002178,REQ-2024-00176,accepted,2024-02-17,2024-02-21,,,,,2024-03-11,88500,USD,2024-02-21T10:49:08Z,2026-05-31T23:59:59Z
APP-0002182,REQ-2024-00190,accepted,2024-02-21,2024-02-24,,,,,2024-03-25,101500,USD,2024-02-24T10:00:21Z,2026-05-31T23:59:59Z
APP-0002213,REQ-2024-00229,offer_withdrawn,2024-02-09,,,2024-02-10,,,2024-03-05,80500,USD,2024-02-10T18:01:23Z,2026-05-31T23:59:59Z
APP-0002217,REQ-2024-00238,accepted,2024-02-03,2024-02-05,,,,,2024-02-26,64700,USD,2024-02-15T08:47:38Z,2026-05-31T23:59:59Z
APP-0002241,REQ-2024-00273,accepted,2024-02-03,2024-02-07,,,,,2024-03-11,105500,USD,2024-02-22T11:57:14Z,2026-05-31T23:59:59Z
APP-0002260,REQ-2024-00308,accepted,2024-02-08,2024-02-13,,,,,2024-03-11,65000,USD,2024-02-13T14:10:22Z,2026-05-31T23:59:59Z
APP-0002268,REQ-2024-00019,offer_rescinded,2024-02-21,2024-02-23,,,2024-03-04,,2024-04-01,108000,USD,2024-03-04T09:17:48Z,2026-05-31T23:59:59Z
APP-0002276,REQ-2024-00034,accepted,2024-02-09,2024-02-12,,,,,2024-03-11,79000,USD,2024-02-12T17:18:50Z,2026-05-31T23:59:59Z
APP-0002278,REQ-2024-00035,offer_declined,2024-02-20,,2024-02-26,,,,2024-03-19,89000,USD,2024-02-26T18:45:17Z,2026-05-31T23:59:59Z
APP-0002306,REQ-2024-00098,accepted,2024-03-12,2024-03-18,,,,,2024-04-29,147500,USD,2024-03-18T19:22:50Z,2026-05-31T23:59:59Z
APP-0002316,REQ-2024-00127,accepted,2024-02-14,2024-02-16,,,,,2024-04-15,206000,USD,2024-02-16T14:34:51Z,2026-05-31T23:59:59Z
APP-0002327,REQ-2024-00144,accepted,2024-02-21,2024-02-24,,,,,2024-03-18,78500,USD,2024-02-24T19:31:42Z,2026-05-31T23:59:59Z
APP-0002338,REQ-2024-00147,offer_withdrawn,2024-02-09,,,2024-02-13,,,2024-03-08,80500,USD,2024-02-13T16:45:02Z,2026-05-31T23:59:59Z
APP-0002368,REQ-2024-00192,accepted,2024-02-10,2024-02-11,,,,,2024-03-11,68000,USD,2024-02-11T18:00:43Z,2026-05-31T23:59:59Z
APP-0002384,REQ-2024-00211,accepted,2024-01-30,2024-02-02,,,,,2024-02-19,57500,USD,2024-02-02T08:41:18Z,2026-05-31T23:59:59Z
APP-0002395,REQ-2024-00220,offer_declined,2024-02-21,,2024-02-24,,,,2024-03-20,71000,USD,2024-02-24T15:00:09Z,2026-05-31T23:59:59Z
APP-0002400,REQ-2024-00227,accepted,2024-02-14,2024-02-18,,,,,2024-03-25,132000,USD,2024-02-18T17:35:54Z,2026-05-31T23:59:59Z
APP-0002403,REQ-2024-00231,accepted,2024-02-15,2024-02-17,,,,,2024-03-11,81500,USD,2024-02-17T18:16:32Z,2026-05-31T23:59:59Z
APP-0002419,REQ-2024-00274,offer_declined,2024-02-16,,2024-02-17,,,,2024-03-13,104500,USD,2024-02-17T19:29:35Z,2026-05-31T23:59:59Z
APP-0002421,REQ-2024-00275,accepted,2024-02-15,2024-02-17,,,,,2024-03-11,71500,USD,2024-02-17T16:16:46Z,2026-05-31T23:59:59Z
APP-0002452,REQ-2024-00019,offer_rescinded,2024-02-17,2024-02-19,,,2024-03-04,,2024-03-25,104500,USD,2024-03-04T16:03:31Z,2026-05-31T23:59:59Z
APP-0002474,REQ-2024-00062,accepted,2024-02-16,2024-02-22,,,,,2024-04-01,102500,USD,2024-02-22T19:52:04Z,2026-05-31T23:59:59Z
APP-0002482,REQ-2024-00074,offer_declined,2024-02-15,,2024-02-17,,,,2024-03-14,92500,USD,2024-02-17T09:56:46Z,2026-05-31T23:59:59Z
APP-0002483,REQ-2024-00078,accepted,2024-02-29,2024-03-06,,,,,2024-04-29,166500,USD,2024-03-06T15:39:52Z,2026-05-31T23:59:59Z
APP-0002492,REQ-2024-00106,accepted,2024-02-12,2024-02-15,,,,,2024-03-11,64500,USD,2024-02-15T09:03:27Z,2026-05-31T23:59:59Z
APP-0002496,REQ-2024-00114,offer_declined,2024-02-26,,2024-02-29,,,,2024-03-25,181000,USD,2024-02-29T15:45:10Z,2026-05-31T23:59:59Z
APP-0002515,REQ-2024-00146,offer_declined,2024-02-18,,2024-02-21,,,,2024-03-17,59500,USD,2024-02-21T19:26:59Z,2026-05-31T23:59:59Z
APP-0002533,REQ-2024-00173,offer_declined,2024-02-08,,2024-02-10,,,,2024-03-07,111000,USD,2024-02-10T15:58:44Z,2026-05-31T23:59:59Z
APP-0002551,REQ-2024-00203,accepted,2024-02-22,2024-02-23,,,,,2024-04-01,108500,USD,2024-02-23T09:24:46Z,2026-05-31T23:59:59Z
APP-0002574,REQ-2024-00229,accepted,2024-02-06,2024-02-07,,,,,2024-03-04,74000,USD,2024-02-07T16:35:31Z,2026-05-31T23:59:59Z
APP-0002576,REQ-2024-00233,accepted,2024-02-19,2024-02-20,,,,,2024-03-11,83500,USD,2024-03-02T09:50:55Z,2026-05-31T23:59:59Z
APP-0002583,REQ-2024-00242,offer_withdrawn,2024-02-12,,,2024-02-14,,,2024-03-11,102000,USD,2024-02-14T16:45:51Z,2026-05-31T23:59:59Z
APP-0002586,REQ-2024-00245,accepted,2024-02-08,2024-02-11,,,,,2024-03-25,82500,USD,2024-02-11T10:44:00Z,2026-05-31T23:59:59Z
APP-0002588,REQ-2024-00249,accepted,2024-02-05,2024-02-11,,,,,2024-03-04,77000,USD,2024-02-11T15:20:23Z,2026-05-31T23:59:59Z
APP-0002604,REQ-2024-00275,offer_withdrawn,2024-02-15,,,2024-02-18,,,2024-03-14,73000,USD,2024-02-18T12:58:53Z,2026-05-31T23:59:59Z
APP-0002625,REQ-2024-00295,accepted,2024-02-08,2024-02-12,,,,,2024-03-18,96500,USD,2024-02-12T10:00:57Z,2026-05-31T23:59:59Z
APP-0002629,REQ-2024-00303,accepted,2024-02-17,2024-02-19,,,,,2024-03-18,83500,USD,2024-02-19T15:06:26Z,2026-05-31T23:59:59Z
APP-0002630,REQ-2024-00303,accepted,2024-02-07,2024-02-11,,,,,2024-03-25,83000,USD,2024-02-23T16:04:39Z,2026-05-31T23:59:59Z
APP-0002638,REQ-2024-00316,offer_withdrawn,2024-02-12,,,2024-02-16,,,2024-03-11,80000,USD,2024-02-16T18:37:25Z,2026-05-31T23:59:59Z
APP-0002641,REQ-2024-00321,candidate_renege,2024-03-04,2024-03-08,,,,2024-03-13,2024-04-08,103500,USD,2024-03-13T19:19:34Z,2026-05-31T23:59:59Z
APP-0002645,REQ-2024-00325,accepted,2024-02-06,2024-02-07,,,,,2024-03-04,65000,USD,2024-02-07T16:59:11Z,2026-05-31T23:59:59Z
APP-0002650,REQ-2024-00001,offer_declined,2024-03-22,,2024-04-08,,,,2024-04-19,133000,USD,2024-04-08T09:59:45Z,2026-05-31T23:59:59Z
APP-0002656,REQ-2024-00012,accepted,2024-02-10,2024-02-14,,,,,2024-03-04,53000,USD,2024-02-21T15:01:56Z,2026-05-31T23:59:59Z
APP-0002671,REQ-2024-00044,offer_declined,2024-02-09,,2024-02-11,,,,2024-03-08,76000,USD,2024-02-11T19:04:37Z,2026-05-31T23:59:59Z
APP-0002677,REQ-2024-00052,accepted,2024-02-06,2024-02-08,,,,,2024-03-04,70500,USD,2024-02-08T12:53:04Z,2026-05-31T23:59:59Z
APP-0002710,REQ-2024-00123,accepted,2024-02-17,2024-02-21,,,,,2024-03-25,129500,USD,2024-02-21T19:40:18Z,2026-05-31T23:59:59Z
APP-0002720,REQ-2024-00147,offer_withdrawn,2024-02-13,,,2024-02-15,,,2024-03-12,89500,USD,2024-02-15T16:16:33Z,2026-05-31T23:59:59Z
APP-0002730,REQ-2024-00159,accepted,2024-02-21,2024-02-27,,,,,2024-04-22,142000,USD,2024-02-27T14:14:56Z,2026-05-31T23:59:59Z
APP-0002754,REQ-2024-00202,accepted,2024-02-06,2024-02-09,,,,,2024-03-11,86000,USD,2024-02-09T17:59:27Z,2026-05-31T23:59:59Z
APP-0002763,REQ-2024-00211,accepted,2024-02-14,2024-02-15,,,,,2024-03-11,68500,USD,2024-02-15T14:40:31Z,2026-05-31T23:59:59Z
APP-0002779,REQ-2024-00226,accepted,2024-02-11,2024-02-15,,,,,2024-03-18,66000,USD,2024-02-15T15:02:24Z,2026-05-31T23:59:59Z
APP-0002785,REQ-2024-00237,candidate_renege,2024-02-05,2024-02-08,,,,2024-02-21,2024-03-11,91500,USD,2024-02-21T08:30:28Z,2026-05-31T23:59:59Z
APP-0002786,REQ-2024-00238,offer_withdrawn,2024-02-04,,,2024-02-05,,,2024-03-03,60500,USD,2024-02-05T10:10:38Z,2026-05-31T23:59:59Z
APP-0002788,REQ-2024-00240,accepted,2024-02-08,2024-02-11,,,,,2024-03-11,68500,USD,2024-02-14T16:31:21Z,2026-05-31T23:59:59Z
APP-0002806,REQ-2024-00270,offer_declined,2024-02-19,,2024-02-23,,,,2024-03-18,101500,USD,2024-02-23T19:47:55Z,2026-05-31T23:59:59Z
APP-0002817,REQ-2024-00285,accepted,2024-02-05,2024-02-07,,,,,2024-02-26,57000,USD,2024-02-15T08:28:44Z,2026-05-31T23:59:59Z
APP-0002839,REQ-2024-00308,offer_declined,2024-02-13,,2024-02-15,,,,2024-03-11,73000,USD,2024-02-15T10:21:45Z,2026-05-31T23:59:59Z
APP-0002842,REQ-2024-00310,accepted,2024-02-09,2024-02-12,,,,,2024-03-18,84000,USD,2024-02-12T09:53:58Z,2026-05-31T23:59:59Z
APP-0002843,REQ-2024-00312,offer_declined,2024-02-18,,2024-02-21,,,,2024-03-17,80000,USD,2024-02-21T12:50:40Z,2026-05-31T23:59:59Z
APP-0002861,REQ-2024-00002,accepted,2024-02-09,2024-02-12,,,,,2024-04-01,130500,USD,2024-02-12T11:25:02Z,2026-05-31T23:59:59Z
APP-0002902,REQ-2024-00080,offer_declined,2024-02-17,,2024-02-20,,,,2024-03-16,133000,USD,2024-02-20T18:16:37Z,2026-05-31T23:59:59Z
APP-0002913,REQ-2024-00108,accepted,2024-03-11,2024-03-25,,,,,2024-04-29,130500,USD,2024-03-25T16:32:18Z,2026-05-31T23:59:59Z
APP-0002937,REQ-2024-00143,offer_withdrawn,2024-02-25,,,2024-02-28,,,2024-03-24,157000,USD,2024-02-28T11:02:33Z,2026-05-31T23:59:59Z
APP-0002938,REQ-2024-00144,candidate_renege,2024-02-27,2024-03-13,,,,2024-04-07,2024-04-15,76000,USD,2024-04-07T13:07:36Z,2026-05-31T23:59:59Z
APP-0002965,REQ-2024-00192,offer_declined,2024-02-10,,2024-02-12,,,,2024-03-08,74000,USD,2024-02-12T18:17:04Z,2026-05-31T23:59:59Z
APP-0002985,REQ-2024-00226,offer_declined,2024-02-06,,2024-02-08,,,,2024-03-05,60500,USD,2024-02-08T14:27:58Z,2026-05-31T23:59:59Z
APP-0002992,REQ-2024-00237,offer_withdrawn,2024-02-14,,,2024-02-15,,,2024-03-13,87000,USD,2024-02-15T12:05:32Z,2026-05-31T23:59:59Z
APP-0002993,REQ-2024-00237,accepted,2024-02-14,2024-02-15,,,,,2024-03-25,91000,USD,2024-02-15T10:10:34Z,2026-05-31T23:59:59Z
APP-0002995,REQ-2024-00239,offer_withdrawn,2024-02-09,,,2024-02-11,,,2024-03-08,93000,USD,2024-02-11T10:32:15Z,2026-05-31T23:59:59Z
APP-0003008,REQ-2024-00249,accepted,2024-02-10,2024-02-14,,,,,2024-03-18,76500,USD,2024-02-14T12:28:33Z,2026-05-31T23:59:59Z
APP-0003059,REQ-2024-00318,accepted,2024-02-18,2024-02-23,,,,,2024-03-25,105000,USD,2024-02-23T10:09:38Z,2026-05-31T23:59:59Z
APP-0003067,REQ-2024-00329,candidate_renege,2024-02-15,2024-02-16,,,,2024-03-09,2024-03-25,117000,USD,2024-03-09T19:17:58Z,2026-05-31T23:59:59Z
APP-0003072,REQ-2024-00332,accepted,2024-02-17,2024-02-26,,,,,2024-03-25,85500,USD,2024-03-12T14:22:32Z,2026-05-31T23:59:59Z
APP-0003110,REQ-2024-00072,offer_rescinded,2024-02-15,2024-02-19,,,2024-02-21,,2024-03-18,80500,USD,2024-02-21T11:53:25Z,2026-05-31T23:59:59Z
APP-0003126,REQ-2024-00099,accepted,2024-02-21,2024-02-22,,,,,2024-03-25,81500,USD,2024-02-22T16:43:47Z,2026-05-31T23:59:59Z
APP-0003142,REQ-2024-00142,accepted,2024-03-04,2024-03-16,,,,,2024-04-15,127500,USD,2024-03-16T11:47:40Z,2026-05-31T23:59:59Z
APP-0003146,REQ-2024-00145,offer_withdrawn,2024-02-07,,,2024-02-08,,,2024-03-06,46500,USD,2024-02-08T17:15:49Z,2026-05-31T23:59:59Z
APP-0003152,REQ-2024-00147,offer_withdrawn,2024-02-11,,,2024-02-15,,,2024-03-10,81500,USD,2024-02-15T12:20:45Z,2026-05-31T23:59:59Z
APP-0003174,REQ-2024-00183,accepted,2024-02-19,2024-02-21,,,,,2024-03-25,131500,USD,2024-03-03T17:27:06Z,2026-05-31T23:59:59Z
APP-0003199,REQ-2024-00215,accepted,2024-02-18,2024-02-21,,,,,2024-03-18,60000,USD,2024-02-21T13:28:57Z,2026-05-31T23:59:59Z
APP-0003231,REQ-2024-00257,accepted,2024-02-15,2024-02-21,,,,,2024-03-25,107500,USD,2024-02-21T09:47:36Z,2026-05-31T23:59:59Z
APP-0003232,REQ-2024-00257,accepted,2024-02-11,2024-02-13,,,,,2024-04-08,99500,USD,2024-02-25T13:41:22Z,2026-05-31T23:59:59Z
APP-0003233,REQ-2024-00257,offer_rescinded,2024-02-12,2024-02-13,,,2024-03-09,,2024-03-18,104500,USD,2024-03-09T14:04:04Z,2026-05-31T23:59:59Z
APP-0003243,REQ-2024-00277,accepted,2024-02-09,2024-02-12,,,,,2024-03-11,78500,USD,2024-02-12T10:04:03Z,2026-05-31T23:59:59Z
APP-0003245,REQ-2024-00281,accepted,2024-02-13,2024-02-14,,,,,2024-03-18,80000,USD,2024-02-14T12:34:46Z,2026-05-31T23:59:59Z
APP-0003266,REQ-2024-00308,accepted,2024-02-08,2024-02-12,,,,,2024-03-11,77000,USD,2024-02-12T10:02:06Z,2026-05-31T23:59:59Z
APP-0003280,REQ-2024-00322,accepted,2024-02-17,2024-02-22,,,,,2024-03-18,75000,USD,2024-02-22T17:59:01Z,2026-05-31T23:59:59Z
APP-0003320,REQ-2024-00063,offer_withdrawn,2024-02-05,,,2024-02-09,,,2024-03-04,73500,USD,2024-02-09T11:06:00Z,2026-05-31T23:59:59Z
APP-0003351,REQ-2024-00140,offer_declined,2024-03-20,,2024-03-23,,,,2024-04-16,92500,USD,2024-03-23T17:21:13Z,2026-05-31T23:59:59Z
APP-0003354,REQ-2024-00144,accepted,2024-02-26,2024-02-28,,,,,2024-03-25,75500,USD,2024-03-03T19:06:46Z,2026-05-31T23:59:59Z
APP-0003356,REQ-2024-00146,accepted,2024-02-10,2024-02-11,,,,,2024-03-11,66000,USD,2024-02-11T15:27:38Z,2026-05-31T23:59:59Z
APP-0003379,REQ-2024-00189,accepted,2024-02-14,2024-02-18,,,,,2024-03-25,136000,USD,2024-02-18T14:45:13Z,2026-05-31T23:59:59Z
APP-0003390,REQ-2024-00207,accepted,2024-02-22,2024-02-24,,,,,2024-03-18,64000,USD,2024-02-24T10:24:19Z,2026-05-31T23:59:59Z
APP-0003392,REQ-2024-00208,accepted,2024-03-03,2024-03-07,,,,,2024-04-15,137500,USD,2024-03-07T17:46:39Z,2026-05-31T23:59:59Z
APP-0003395,REQ-2024-00211,accepted,2024-02-18,2024-02-20,,,,,2024-03-04,53500,USD,2024-03-01T18:40:28Z,2026-05-31T23:59:59Z
APP-0003403,REQ-2024-00226,accepted,2024-02-08,2024-02-11,,,,,2024-03-11,66000,USD,2024-02-11T10:56:37Z,2026-05-31T23:59:59Z
APP-0003415,REQ-2024-00255,offer_withdrawn,2024-02-10,,,2024-02-11,,,2024-03-07,57500,USD,2024-02-11T09:49:05Z,2026-05-31T23:59:59Z
APP-0003456,REQ-2024-00296,accepted,2024-03-05,2024-03-17,,,,,2024-05-13,174500,USD,2024-03-24T11:29:51Z,2026-05-31T23:59:59Z
APP-0003460,REQ-2024-00301,accepted,2024-02-17,2024-02-20,,,,,2024-03-25,129000,USD,2024-02-24T18:42:33Z,2026-05-31T23:59:59Z
APP-0003467,REQ-2024-00303,offer_declined,2024-02-11,,2024-02-12,,,,2024-03-10,82000,USD,2024-02-12T16:18:02Z,2026-05-31T23:59:59Z
APP-0003476,REQ-2024-00311,accepted,2024-03-28,2024-04-01,,,,,2024-05-20,190500,USD,2024-04-04T13:33:33Z,2026-05-31T23:59:59Z
APP-0003480,REQ-2024-00320,accepted,2024-02-13,2024-02-16,,,,,2024-03-11,75000,USD,2024-02-16T09:09:43Z,2026-05-31T23:59:59Z
APP-0003489,REQ-2024-00332,accepted,2024-02-10,2024-02-14,,,,,2024-03-11,85500,USD,2024-02-14T13:17:39Z,2026-05-31T23:59:59Z
APP-0003496,REQ-2024-00343,offer_declined,2024-02-05,,2024-02-07,,,,2024-03-02,64500,USD,2024-02-07T17:51:31Z,2026-05-31T23:59:59Z
APP-0003497,REQ-2024-00343,accepted,2024-02-16,2024-02-20,,,,,2024-03-04,55300,USD,2024-03-03T14:09:57Z,2026-05-31T23:59:59Z
APP-0003515,REQ-2024-00027,accepted,2024-02-26,2024-03-02,,,,,2024-03-25,83000,USD,2024-03-07T13:41:58Z,2026-05-31T23:59:59Z
APP-0003519,REQ-2024-00034,accepted,2024-02-16,2024-02-17,,,,,2024-03-11,72000,USD,2024-02-17T14:37:01Z,2026-05-31T23:59:59Z
APP-0003524,REQ-2024-00035,accepted,2024-02-15,2024-02-17,,,,,2024-04-01,77500,USD,2024-02-17T17:48:35Z,2026-05-31T23:59:59Z
APP-0003525,REQ-2024-00041,accepted,2024-02-22,2024-02-23,,,,,2024-03-25,89000,USD,2024-02-23T17:36:37Z,2026-05-31T23:59:59Z
APP-0003532,REQ-2024-00062,accepted,2024-03-03,2024-03-04,,,,,2024-04-29,97000,USD,2024-03-09T13:11:35Z,2026-05-31T23:59:59Z
APP-0003534,REQ-2024-00064,accepted,2024-02-17,2024-02-21,,,,,2024-04-01,125000,USD,2024-02-21T18:55:46Z,2026-05-31T23:59:59Z
APP-0003535,REQ-2024-00075,accepted,2024-02-18,2024-02-19,,,,,2024-03-18,72000,USD,2024-02-23T10:26:44Z,2026-05-31T23:59:59Z
APP-0003547,REQ-2024-00093,candidate_renege,2024-02-18,2024-02-20,,,,2024-02-21,2024-03-25,103500,USD,2024-02-21T15:50:39Z,2026-05-31T23:59:59Z
APP-0003552,REQ-2024-00110,accepted,2024-02-21,2024-02-23,,,,,2024-03-25,105000,USD,2024-02-23T09:10:25Z,2026-05-31T23:59:59Z
APP-0003580,REQ-2024-00147,accepted,2024-02-09,2024-02-11,,,,,2024-03-18,89500,USD,2024-02-11T18:51:12Z,2026-05-31T23:59:59Z
APP-0003650,REQ-2024-00277,accepted,2024-02-10,2024-02-13,,,,,2024-03-04,77500,USD,2024-02-13T10:22:44Z,2026-05-31T23:59:59Z
APP-0003688,REQ-2024-00320,accepted,2024-02-11,2024-02-14,,,,,2024-03-11,82000,USD,2024-02-14T18:41:15Z,2026-05-31T23:59:59Z
APP-0003709,REQ-2024-00342,accepted,2024-02-15,2024-02-16,,,,,2024-03-25,95000,USD,2024-02-16T17:33:22Z,2026-05-31T23:59:59Z
APP-0003710,REQ-2024-00342,accepted,2024-02-18,2024-02-21,,,,,2024-03-25,98500,USD,2024-02-21T09:39:19Z,2026-05-31T23:59:59Z
APP-0003714,REQ-2024-00347,offer_declined,2024-02-12,,2024-02-13,,,,2024-03-11,72500,USD,2024-02-13T19:17:50Z,2026-05-31T23:59:59Z
APP-0003717,REQ-2024-00347,accepted,2024-02-12,2024-02-16,,,,,2024-03-11,73500,USD,2024-02-16T10:15:00Z,2026-05-31T23:59:59Z
APP-0003737,REQ-2024-00034,accepted,2024-02-12,2024-02-15,,,,,2024-03-11,72000,USD,2024-02-15T09:06:46Z,2026-05-31T23:59:59Z
APP-0003743,REQ-2024-00040,offer_withdrawn,2024-02-05,,,2024-02-07,,,2024-03-04,74500,USD,2024-02-07T17:41:12Z,2026-05-31T23:59:59Z
APP-0003777,REQ-2024-00142,candidate_renege,2024-03-15,2024-03-17,,,,2024-03-26,2024-04-22,118500,USD,2024-03-26T13:36:34Z,2026-05-31T23:59:59Z
APP-0003810,REQ-2024-00178,accepted,2024-02-06,2024-02-08,,,,,2024-03-11,105000,USD,2024-02-08T15:08:42Z,2026-05-31T23:59:59Z
APP-0003835,REQ-2024-00221,accepted,2024-02-18,2024-02-24,,,,,2024-03-18,73000,USD,2024-02-24T10:46:15Z,2026-05-31T23:59:59Z
APP-0003836,REQ-2024-00221,accepted,2024-02-19,2024-02-22,,,,,2024-03-18,75500,USD,2024-02-22T12:22:37Z,2026-05-31T23:59:59Z
APP-0003877,REQ-2024-00283,accepted,2024-03-02,2024-03-07,,,,,2024-05-20,271000,USD,2024-03-07T18:24:31Z,2026-05-31T23:59:59Z
APP-0003882,REQ-2024-00286,accepted,2024-02-24,2024-02-26,,,,,2024-04-01,84500,USD,2024-02-26T19:08:15Z,2026-05-31T23:59:59Z
APP-0003897,REQ-2024-00310,offer_declined,2024-02-23,,2024-02-24,,,,2024-03-19,87000,USD,2024-02-24T09:44:49Z,2026-05-31T23:59:59Z
APP-0003898,REQ-2024-00310,accepted,2024-02-11,2024-02-14,,,,,2024-03-11,77500,USD,2024-02-25T12:02:08Z,2026-05-31T23:59:59Z
APP-0003902,REQ-2024-00319,accepted,2024-02-27,2024-03-04,,,,,2024-04-15,139500,USD,2024-03-04T10:34:08Z,2026-05-31T23:59:59Z
APP-0003929,REQ-2024-00342,accepted,2024-02-21,2024-03-01,,,,,2024-04-08,95500,USD,2024-03-01T16:40:10Z,2026-05-31T23:59:59Z
APP-0003932,REQ-2024-00343,offer_withdrawn,2024-02-24,,,2024-02-25,,,2024-03-23,63500,USD,2024-02-25T13:25:55Z,2026-05-31T23:59:59Z
APP-0003943,REQ-2024-00356,accepted,2024-02-13,2024-02-16,,,,,2024-03-11,45500,USD,2024-02-16T11:04:18Z,2026-05-31T23:59:59Z
APP-0003975,REQ-2024-00066,accepted,2024-03-07,2024-03-10,,,,,2024-04-08,95000,USD,2024-03-23T17:01:56Z,2026-05-31T23:59:59Z
APP-0003982,REQ-2024-00080,accepted,2024-02-23,2024-02-25,,,,,2024-03-25,128000,USD,2024-02-25T09:17:28Z,2026-05-31T23:59:59Z
APP-0003994,REQ-2024-00116,offer_declined,2024-03-01,,2024-03-06,,,,2024-03-27,166500,USD,2024-03-06T10:09:32Z,2026-05-31T23:59:59Z
APP-0004010,REQ-2024-00147,offer_withdrawn,2024-02-11,,,2024-02-15,,,2024-03-10,86500,USD,2024-02-15T12:08:27Z,2026-05-31T23:59:59Z
APP-0004031,REQ-2024-00202,offer_declined,2024-02-14,,2024-02-17,,,,2024-03-13,91000,USD,2024-02-17T11:11:43Z,2026-05-31T23:59:59Z
APP-0004059,REQ-2024-00245,offer_withdrawn,2024-02-13,,,2024-02-16,,,2024-03-12,78000,USD,2024-02-16T11:04:59Z,2026-05-31T23:59:59Z
APP-0004061,REQ-2024-00245,candidate_renege,2024-02-12,2024-02-14,,,,2024-02-20,2024-03-18,84500,USD,2024-02-20T19:59:38Z,2026-05-31T23:59:59Z
APP-0004091,REQ-2024-00286,accepted,2024-02-12,2024-02-13,,,,,2024-03-25,97000,USD,2024-02-13T16:30:29Z,2026-05-31T23:59:59Z
APP-0004094,REQ-2024-00289,offer_withdrawn,2024-02-23,,,2024-02-24,,,2024-03-20,71000,USD,2024-02-24T08:36:58Z,2026-05-31T23:59:59Z
APP-0004101,REQ-2024-00294,accepted,2024-02-09,2024-02-11,,,,,2024-03-11,74000,USD,2024-02-11T11:30:35Z,2026-05-31T23:59:59Z
APP-0004104,REQ-2024-00299,offer_withdrawn,2024-02-17,,,2024-02-19,,,2024-03-16,78000,USD,2024-02-19T19:14:28Z,2026-05-31T23:59:59Z
APP-0004111,REQ-2024-00303,offer_rescinded,2024-02-24,2024-02-27,,,2024-03-29,,2024-04-01,90500,USD,2024-03-29T10:53:14Z,2026-05-31T23:59:59Z
APP-0004119,REQ-2024-00308,accepted,2024-02-12,2024-02-15,,,,,2024-03-18,76000,USD,2024-02-15T19:43:36Z,2026-05-31T23:59:59Z
APP-0004130,REQ-2024-00321,accepted,2024-02-13,2024-02-14,,,,,2024-03-18,110500,USD,2024-02-14T08:36:30Z,2026-05-31T23:59:59Z
APP-0004135,REQ-2024-00332,offer_declined,2024-02-16,,2024-02-20,,,,2024-03-15,82000,USD,2024-02-20T13:38:09Z,2026-05-31T23:59:59Z
APP-0004152,REQ-2024-00351,accepted,2024-02-19,2024-02-24,,,,,2024-04-01,110000,USD,2024-02-24T09:53:40Z,2026-05-31T23:59:59Z
APP-0004193,REQ-2024-00128,accepted,2024-02-11,2024-02-13,,,,,2024-03-25,101500,USD,2024-02-13T18:51:42Z,2026-05-31T23:59:59Z
APP-0004198,REQ-2024-00146,accepted,2024-02-18,2024-02-19,,,,,2024-03-18,69000,USD,2024-02-19T08:35:02Z,2026-05-31T23:59:59Z
APP-0004216,REQ-2024-00194,accepted,2024-03-06,2024-03-09,,,,,2024-04-22,136000,USD,2024-03-14T12:09:04Z,2026-05-31T23:59:59Z
APP-0004248,REQ-2024-00236,candidate_renege,2024-02-15,2024-02-16,,,,2024-03-01,2024-03-04,47500,USD,2024-03-01T12:19:46Z,2026-05-31T23:59:59Z
APP-0004255,REQ-2024-00248,accepted,2024-02-19,2024-02-23,,,,,2024-03-18,80500,USD,2024-02-23T13:56:46Z,2026-05-31T23:59:59Z
APP-0004256,REQ-2024-00249,accepted,2024-02-17,2024-02-20,,,,,2024-03-18,73000,USD,2024-02-20T08:58:12Z,2026-05-31T23:59:59Z
APP-0004264,REQ-2024-00257,offer_declined,2024-03-04,,2024-03-05,,,,2024-04-01,98000,USD,2024-03-05T19:24:59Z,2026-05-31T23:59:59Z
APP-0004265,REQ-2024-00257,accepted,2024-02-23,2024-02-25,,,,,2024-03-25,111000,USD,2024-02-25T11:26:21Z,2026-05-31T23:59:59Z
APP-0004279,REQ-2024-00279,accepted,2024-02-21,2024-02-27,,,,,2024-04-01,107500,USD,2024-02-27T14:17:27Z,2026-05-31T23:59:59Z
APP-0004317,REQ-2024-00332,offer_declined,2024-02-17,,2024-02-18,,,,2024-03-16,75000,USD,2024-02-18T08:23:29Z,2026-05-31T23:59:59Z
APP-0004337,REQ-2024-00344,accepted,2024-02-20,2024-02-21,,,,,2024-03-25,59000,USD,2024-02-21T16:05:23Z,2026-05-31T23:59:59Z
APP-0004341,REQ-2024-00348,accepted,2024-02-25,2024-02-27,,,,,2024-04-01,87000,USD,2024-02-27T15:02:09Z,2026-05-31T23:59:59Z
APP-0004344,REQ-2024-00355,offer_declined,2024-02-19,,2024-02-25,,,,2024-03-18,88000,USD,2024-02-25T11:17:18Z,2026-05-31T23:59:59Z
APP-0004362,REQ-2024-00034,offer_declined,2024-02-19,,2024-02-21,,,,2024-03-18,79000,USD,2024-02-21T08:14:01Z,2026-05-31T23:59:59Z
APP-0004394,REQ-2024-00146,offer_withdrawn,2024-02-19,,,2024-02-20,,,2024-03-18,64500,USD,2024-02-20T09:56:03Z,2026-05-31T23:59:59Z
APP-0004425,REQ-2024-00219,offer_declined,2024-02-16,,2024-02-17,,,,2024-03-15,65500,USD,2024-02-17T10:46:03Z,2026-05-31T23:59:59Z
APP-0004437,REQ-2024-00241,accepted,2024-03-01,2024-03-03,,,,,2024-04-22,139500,USD,2024-03-03T10:15:34Z,2026-05-31T23:59:59Z
APP-0004446,REQ-2024-00249,offer_declined,2024-02-13,,2024-02-17,,,,2024-03-12,71500,USD,2024-02-17T12:30:15Z,2026-05-31T23:59:59Z
APP-0004451,REQ-2024-00257,accepted,2024-02-26,2024-03-03,,,,,2024-04-08,115500,USD,2024-03-03T16:21:09Z,2026-05-31T23:59:59Z
APP-0004455,REQ-2024-00259,accepted,2024-02-22,2024-02-24,,,,,2024-04-08,90500,USD,2024-02-24T12:22:04Z,2026-05-31T23:59:59Z
APP-0004464,REQ-2024-00276,accepted,2024-02-27,2024-03-04,,,,,2024-04-08,105500,USD,2024-03-04T18:10:01Z,2026-05-31T23:59:59Z
APP-0004503,REQ-2024-00310,offer_declined,2024-02-13,,2024-02-18,,,,2024-03-12,85500,USD,2024-02-18T11:36:11Z,2026-05-31T23:59:59Z
APP-0004509,REQ-2024-00316,accepted,2024-02-12,2024-02-15,,,,,2024-03-11,79500,USD,2024-02-15T19:48:05Z,2026-05-31T23:59:59Z
APP-0004514,REQ-2024-00322,accepted,2024-02-21,2024-02-22,,,,,2024-03-25,73500,USD,2024-02-27T11:55:53Z,2026-05-31T23:59:59Z
APP-0004523,REQ-2024-00336,accepted,2024-02-27,2024-02-29,,,,,2024-04-01,79500,USD,2024-02-29T11:05:13Z,2026-05-31T23:59:59Z
APP-0004532,REQ-2024-00342,accepted,2024-02-23,2024-02-25,,,,,2024-04-01,88500,USD,2024-02-25T17:03:58Z,2026-05-31T23:59:59Z
APP-0004538,REQ-2024-00343,offer_declined,2024-02-20,,2024-02-23,,,,2024-03-19,60500,USD,2024-02-23T08:53:52Z,2026-05-31T23:59:59Z
APP-0004609,REQ-2024-00202,accepted,2024-02-14,2024-02-16,,,,,2024-03-18,83000,USD,2024-02-16T09:41:00Z,2026-05-31T23:59:59Z
APP-0004621,REQ-2024-00226,offer_withdrawn,2024-02-15,,,2024-02-17,,,2024-03-14,62500,USD,2024-02-17T18:44:44Z,2026-05-31T23:59:59Z
APP-0004630,REQ-2024-00236,offer_withdrawn,2024-02-15,,,2024-02-17,,,2024-03-14,46500,USD,2024-02-17T12:15:07Z,2026-05-31T23:59:59Z
APP-0004642,REQ-2024-00257,offer_declined,2024-02-18,,2024-02-19,,,,2024-03-17,106500,USD,2024-02-19T14:20:16Z,2026-05-31T23:59:59Z
APP-0004645,REQ-2024-00257,accepted,2024-02-22,2024-02-24,,,,,2024-04-01,106000,USD,2024-03-06T14:44:19Z,2026-05-31T23:59:59Z
APP-0004661,REQ-2024-00284,accepted,2024-02-14,2024-02-17,,,,,2024-04-01,79000,USD,2024-02-21T14:06:16Z,2026-05-31T23:59:59Z
APP-0004673,REQ-2024-00303,accepted,2024-02-17,2024-02-27,,,,,2024-04-01,84000,USD,2024-02-27T08:05:09Z,2026-05-31T23:59:59Z
APP-0004696,REQ-2024-00343,accepted,2024-02-19,2024-02-20,,,,,2024-03-11,59000,USD,2024-02-20T18:31:16Z,2026-05-31T23:59:59Z
APP-0004708,REQ-2024-00359,offer_withdrawn,2024-02-13,,,2024-02-16,,,2024-03-12,63000,USD,2024-02-16T11:34:37Z,2026-05-31T23:59:59Z
APP-0004709,REQ-2024-00359,accepted,2024-02-12,2024-02-15,,,,,2024-03-11,62000,USD,2024-02-15T12:12:11Z,2026-05-31T23:59:59Z
APP-0004711,REQ-2024-00361,accepted,2024-02-27,2024-03-04,,,,,2024-04-29,169500,USD,2024-03-04T11:52:08Z,2026-05-31T23:59:59Z
APP-0004718,REQ-2024-00029,offer_declined,2024-02-21,,2024-02-24,,,,2024-03-20,78000,USD,2024-02-24T11:00:28Z,2026-05-31T23:59:59Z
APP-0004722,REQ-2024-00039,accepted,2024-02-19,2024-02-22,,,,,2024-03-18,50500,USD,2024-03-07T15:17:37Z,2026-05-31T23:59:59Z
APP-0004728,REQ-2024-00075,accepted,2024-02-27,2024-03-01,,,,,2024-03-25,72000,USD,2024-03-01T09:54:23Z,2026-05-31T23:59:59Z
APP-0004755,REQ-2024-00162,accepted,2024-02-23,2024-02-25,,,,,2024-04-01,112000,USD,2024-02-25T18:54:45Z,2026-05-31T23:59:59Z
APP-0004756,REQ-2024-00165,accepted,2024-02-24,2024-02-26,,,,,2024-03-18,53900,USD,2024-03-09T19:45:19Z,2026-05-31T23:59:59Z
APP-0004757,REQ-2024-00166,offer_declined,2024-03-08,,2024-03-11,,,,2024-04-05,137000,USD,2024-03-11T08:47:21Z,2026-05-31T23:59:59Z
APP-0004774,REQ-2024-00203,offer_declined,2024-02-24,,2024-02-26,,,,2024-03-23,99000,USD,2024-02-26T13:56:49Z,2026-05-31T23:59:59Z
APP-0004813,REQ-2024-00281,accepted,2024-02-17,2024-02-19,,,,,2024-03-18,73500,USD,2024-02-19T18:20:41Z,2026-05-31T23:59:59Z
APP-0004814,REQ-2024-00282,accepted,2024-02-27,2024-02-29,,,,,2024-04-22,178500,USD,2024-02-29T11:32:42Z,2026-05-31T23:59:59Z
APP-0004827,REQ-2024-00299,accepted,2024-02-13,2024-02-15,,,,,2024-03-18,80500,USD,2024-02-15T14:33:07Z,2026-05-31T23:59:59Z
APP-0004839,REQ-2024-00314,accepted,2024-04-14,2024-04-25,,,,,2024-05-20,92000,USD,2024-04-25T19:29:41Z,2026-05-31T23:59:59Z
APP-0004874,REQ-2024-00350,accepted,2024-02-24,2024-02-27,,,,,2024-04-01,81000,USD,2024-02-27T16:14:20Z,2026-05-31T23:59:59Z
APP-0004876,REQ-2024-00353,offer_declined,2024-03-20,,2024-03-23,,,,2024-04-17,204000,USD,2024-03-23T13:50:40Z,2026-05-31T23:59:59Z
APP-0004877,REQ-2024-00354,offer_rescinded,2024-02-25,2024-02-26,,,2024-03-02,,2024-03-18,62000,USD,2024-03-02T14:41:42Z,2026-05-31T23:59:59Z
APP-0004881,REQ-2024-00010,accepted,2024-04-02,2024-04-03,,,,,2024-05-27,215000,USD,2024-04-03T14:04:12Z,2026-05-31T23:59:59Z
APP-0004929,REQ-2024-00199,offer_declined,2024-03-12,,2024-03-15,,,,2024-04-08,156000,USD,2024-03-15T18:47:47Z,2026-05-31T23:59:59Z
APP-0004952,REQ-2024-00249,offer_withdrawn,2024-02-18,,,2024-02-21,,,2024-03-17,74000,USD,2024-02-21T16:04:44Z,2026-05-31T23:59:59Z
APP-0004977,REQ-2024-00291,accepted,2024-03-02,2024-03-08,,,,,2024-04-29,165000,USD,2024-03-15T13:56:33Z,2026-05-31T23:59:59Z
APP-0004982,REQ-2024-00299,offer_rescinded,2024-02-14,2024-02-18,,,2024-03-27,,2024-04-11,83500,USD,2024-03-27T13:44:49Z,2026-05-31T23:59:59Z
APP-0004992,REQ-2024-00303,accepted,2024-02-25,2024-03-02,,,,,2024-04-08,82500,USD,2024-03-02T17:49:04Z,2026-05-31T23:59:59Z
APP-0005004,REQ-2024-00322,offer_withdrawn,2024-02-21,,,2024-02-24,,,2024-03-20,65500,USD,2024-02-24T10:18:46Z,2026-05-31T23:59:59Z
APP-0005012,REQ-2024-00330,accepted,2024-02-21,2024-02-23,,,,,2024-03-18,61500,USD,2024-02-23T11:09:38Z,2026-05-31T23:59:59Z
APP-0005038,REQ-2024-00360,accepted,2024-02-26,2024-03-02,,,,,2024-04-29,98500,USD,2024-03-11T15:09:34Z,2026-05-31T23:59:59Z
APP-0005043,REQ-2024-00012,accepted,2024-02-25,2024-02-28,,,,,2024-03-25,56500,USD,2024-02-28T13:02:25Z,2026-05-31T23:59:59Z
APP-0005059,REQ-2024-00089,accepted,2024-02-13,2024-02-14,,,,,2024-03-04,48000,USD,2024-02-14T10:37:50Z,2026-05-31T23:59:59Z
APP-0005069,REQ-2024-00143,accepted,2024-02-22,2024-02-27,,,,,2024-04-29,144000,USD,2024-03-10T18:30:21Z,2026-05-31T23:59:59Z
APP-0005092,REQ-2024-00193,accepted,2024-03-05,2024-03-09,,,,,2024-03-25,72000,USD,2024-03-09T14:37:46Z,2026-05-31T23:59:59Z
APP-0005100,REQ-2024-00218,offer_declined,2024-03-10,,2024-03-13,,,,2024-04-07,174500,USD,2024-03-13T19:40:24Z,2026-05-31T23:59:59Z
APP-0005157,REQ-2024-00309,accepted,2024-03-24,2024-03-26,,,,,2024-04-29,148500,USD,2024-03-26T15:04:46Z,2026-05-31T23:59:59Z
APP-0005171,REQ-2024-00322,offer_declined,2024-02-18,,2024-02-21,,,,2024-03-16,73000,USD,2024-02-21T09:40:09Z,2026-05-31T23:59:59Z
APP-0005181,REQ-2024-00334,accepted,2024-03-26,2024-04-12,,,,,2024-05-27,132500,USD,2024-04-12T08:52:06Z,2026-05-31T23:59:59Z
APP-0005187,REQ-2024-00342,offer_declined,2024-02-27,,2024-03-05,,,,2024-03-26,103000,USD,2024-03-05T09:22:11Z,2026-05-31T23:59:59Z
APP-0005189,REQ-2024-00343,accepted,2024-02-13,2024-02-15,,,,,2024-03-11,55000,USD,2024-02-15T10:35:48Z,2026-05-31T23:59:59Z
APP-0005190,REQ-2024-00343,accepted,2024-02-20,2024-02-22,,,,,2024-03-18,65500,USD,2024-02-22T16:15:29Z,2026-05-31T23:59:59Z
APP-0005191,REQ-2024-00346,offer_declined,2024-02-19,,2024-02-23,,,,2024-03-18,94000,USD,2024-02-23T08:35:03Z,2026-05-31T23:59:59Z
APP-0005205,REQ-2024-00360,offer_declined,2024-02-28,,2024-03-02,,,,2024-03-27,115500,USD,2024-03-02T12:43:42Z,2026-05-31T23:59:59Z
APP-0005209,REQ-2024-00362,accepted,2024-02-27,2024-03-02,,,,,2024-04-01,118000,USD,2024-03-02T18:53:09Z,2026-05-31T23:59:59Z
APP-0005212,REQ-2024-00370,accepted,2024-03-29,2024-04-06,,,,,2024-05-27,131500,USD,2024-04-21T11:54:04Z,2026-05-31T23:59:59Z
APP-0005219,REQ-2024-00035,accepted,2024-03-11,2024-03-14,,,,,2024-05-06,82000,USD,2024-03-19T08:54:44Z,2026-05-31T23:59:59Z
APP-0005250,REQ-2024-00221,accepted,2024-02-19,2024-02-20,,,,,2024-03-25,85500,USD,2024-02-20T11:56:36Z,2026-05-31T23:59:59Z
APP-0005262,REQ-2024-00257,accepted,2024-02-20,2024-02-23,,,,,2024-04-01,105500,USD,2024-02-23T09:34:19Z,2026-05-31T23:59:59Z
APP-0005276,REQ-2024-00289,accepted,2024-02-17,2024-02-23,,,,,2024-03-25,73500,USD,2024-02-23T19:45:07Z,2026-05-31T23:59:59Z
APP-0005303,REQ-2024-00336,offer_withdrawn,2024-02-27,,,2024-02-29,,,2024-03-26,81000,USD,2024-02-29T13:57:16Z,2026-05-31T23:59:59Z
APP-0005305,REQ-2024-00336,accepted,2024-02-18,2024-02-21,,,,,2024-03-25,79500,USD,2024-02-21T14:08:09Z,2026-05-31T23:59:59Z
APP-0005323,REQ-2024-00367,accepted,2024-03-05,2024-03-12,,,,,2024-05-06,107000,USD,2024-03-19T16:05:18Z,2026-05-31T23:59:59Z
APP-0005329,REQ-2024-00023,accepted,2024-02-15,2024-02-17,,,,,2024-03-11,45500,USD,2024-02-17T08:47:28Z,2026-05-31T23:59:59Z
APP-0005373,REQ-2024-00197,accepted,2024-02-25,2024-03-02,,,,,2024-04-01,69500,USD,2024-03-02T08:46:51Z,2026-05-31T23:59:59Z
APP-0005389,REQ-2024-00258,accepted,2024-03-05,2024-03-08,,,,,2024-04-22,150000,USD,2024-03-19T10:18:18Z,2026-05-31T23:59:59Z
APP-0005398,REQ-2024-00272,accepted,2024-02-12,2024-02-15,,,,,2024-03-11,57500,USD,2024-02-15T15:29:01Z,2026-05-31T23:59:59Z
APP-0005404,REQ-2024-00281,offer_withdrawn,2024-02-24,,,2024-02-28,,,2024-03-23,76000,USD,2024-02-28T18:21:14Z,2026-05-31T23:59:59Z
APP-0005434,REQ-2024-00336,offer_declined,2024-02-22,,2024-02-24,,,,2024-03-21,91000,USD,2024-02-24T12:11:05Z,2026-05-31T23:59:59Z
APP-0005443,REQ-2024-00343,accepted,2024-02-21,2024-02-22,,,,,2024-03-11,54000,USD,2024-02-27T12:23:25Z,2026-05-31T23:59:59Z
APP-0005480,REQ-2024-00193,offer_withdrawn,2024-03-08,,,2024-03-09,,,2024-04-05,72000,USD,2024-03-09T19:56:59Z,2026-05-31T23:59:59Z
APP-0005492,REQ-2024-00257,offer_withdrawn,2024-03-03,,,2024-03-08,,,2024-03-30,121000,USD,2024-03-08T09:08:54Z,2026-05-31T23:59:59Z
APP-0005513,REQ-2024-00313,accepted,2024-03-06,2024-03-10,,,,,2024-05-13,196000,USD,2024-03-15T19:46:23Z,2026-05-31T23:59:59Z
APP-0005518,REQ-2024-00322,accepted,2024-02-16,2024-02-19,,,,,2024-03-11,65000,USD,2024-02-19T19:06:47Z,2026-05-31T23:59:59Z
APP-0005531,REQ-2024-00336,offer_withdrawn,2024-02-29,,,2024-03-03,,,2024-03-28,79500,USD,2024-03-03T17:18:25Z,2026-05-31T23:59:59Z
APP-0005546,REQ-2024-00356,accepted,2024-02-25,2024-02-28,,,,,2024-03-18,44500,USD,2024-02-28T09:13:41Z,2026-05-31T23:59:59Z
APP-0005559,REQ-2024-00377,accepted,2024-02-24,2024-02-26,,,,,2024-03-25,68500,USD,2024-02-26T17:09:41Z,2026-05-31T23:59:59Z
APP-0005579,REQ-2024-00096,accepted,2024-03-22,2024-03-27,,,,,2024-04-29,93000,USD,2024-03-27T16:49:27Z,2026-05-31T23:59:59Z
APP-0005621,REQ-2024-00274,accepted,2024-02-25,2024-02-28,,,,,2024-04-01,98500,USD,2024-02-28T09:17:45Z,2026-05-31T23:59:59Z
APP-0005625,REQ-2024-00281,accepted,2024-02-22,2024-02-25,,,,,2024-03-18,71500,USD,2024-02-25T16:11:12Z,2026-05-31T23:59:59Z
APP-0005635,REQ-2024-00303,offer_withdrawn,2024-03-03,,,2024-03-06,,,2024-03-29,94500,USD,2024-03-06T19:31:45Z,2026-05-31T23:59:59Z
APP-0005665,REQ-2024-00342,offer_declined,2024-02-29,,2024-03-02,,,,2024-03-28,90000,USD,2024-03-02T10:34:12Z,2026-05-31T23:59:59Z
APP-0005671,REQ-2024-00343,accepted,2024-02-24,2024-02-25,,,,,2024-03-18,65000,USD,2024-03-05T14:01:32Z,2026-05-31T23:59:59Z
APP-0005684,REQ-2024-00356,accepted,2024-02-27,2024-02-28,,,,,2024-03-18,49400,USD,2024-03-08T11:06:36Z,2026-05-31T23:59:59Z
APP-0005706,REQ-2024-00077,accepted,2024-03-06,2024-03-09,,,,,2024-04-08,87000,USD,2024-03-09T14:53:35Z,2026-05-31T23:59:59Z
APP-0005707,REQ-2024-00091,accepted,2024-03-28,2024-03-31,,,,,2024-06-17,156000,USD,2024-04-06T19:49:13Z,2026-05-31T23:59:59Z
APP-0005785,REQ-2024-00312,accepted,2024-02-22,2024-02-25,,,,,2024-03-18,80500,USD,2024-03-07T19:47:41Z,2026-05-31T23:59:59Z
APP-0005793,REQ-2024-00325,accepted,2024-02-28,2024-03-02,,,,,2024-04-08,68500,USD,2024-03-02T17:46:17Z,2026-05-31T23:59:59Z
APP-0005795,REQ-2024-00330,accepted,2024-03-11,2024-03-13,,,,,2024-04-08,61500,USD,2024-03-13T13:06:36Z,2026-05-31T23:59:59Z
APP-0005798,REQ-2024-00332,accepted,2024-03-07,2024-03-12,,,,,2024-04-08,85000,USD,2024-03-12T17:01:21Z,2026-05-31T23:59:59Z
APP-0005809,REQ-2024-00356,offer_declined,2024-02-27,,2024-03-01,,,,2024-03-26,44500,USD,2024-03-01T19:35:31Z,2026-05-31T23:59:59Z
APP-0005815,REQ-2024-00366,offer_declined,2024-03-28,,2024-04-10,,,,2024-04-25,179500,USD,2024-04-10T18:52:25Z,2026-05-31T23:59:59Z
APP-0005829,REQ-2024-00376,accepted,2024-03-04,2024-03-05,,,,,2024-04-01,64000,USD,2024-03-05T19:53:37Z,2026-05-31T23:59:59Z
APP-0005870,REQ-2024-00252,accepted,2024-03-12,2024-03-15,,,,,2024-04-22,164000,USD,2024-03-15T17:44:00Z,2026-05-31T23:59:59Z
APP-0005938,REQ-2024-00379,accepted,2024-02-28,2024-02-29,,,,,2024-03-25,48500,USD,2024-03-02T19:15:45Z,2026-05-31T23:59:59Z
APP-0005947,REQ-2024-00062,accepted,2024-03-04,2024-03-06,,,,,2024-04-08,109000,USD,2024-03-06T19:28:55Z,2026-05-31T23:59:59Z
APP-0005957,REQ-2024-00173,accepted,2024-03-01,2024-03-04,,,,,2024-04-01,98000,USD,2024-03-04T10:28:06Z,2026-05-31T23:59:59Z
APP-0005983,REQ-2024-00274,accepted,2024-02-27,2024-02-29,,,,,2024-04-15,110000,USD,2024-02-29T19:28:34Z,2026-05-31T23:59:59Z
APP-0005987,REQ-2024-00281,accepted,2024-02-22,2024-02-25,,,,,2024-03-25,68000,USD,2024-02-25T10:24:59Z,2026-05-31T23:59:59Z
APP-0005990,REQ-2024-00284,accepted,2024-02-27,2024-03-01,,,,,2024-04-01,90500,USD,2024-03-01T17:39:37Z,2026-05-31T23:59:59Z
APP-0006012,REQ-2024-00332,accepted,2024-02-24,2024-02-27,,,,,2024-04-01,81500,USD,2024-02-27T17:58:52Z,2026-05-31T23:59:59Z
APP-0006014,REQ-2024-00336,offer_withdrawn,2024-02-25,,,2024-03-02,,,2024-03-24,80500,USD,2024-03-02T14:21:29Z,2026-05-31T23:59:59Z
APP-0006015,REQ-2024-00337,accepted,2024-03-08,2024-03-11,,,,,2024-04-15,94500,USD,2024-03-11T11:04:31Z,2026-05-31T23:59:59Z
APP-0006025,REQ-2024-00355,accepted,2024-03-16,2024-03-19,,,,,2024-04-22,81800,USD,2024-03-27T15:57:48Z,2026-05-31T23:59:59Z
APP-0006044,REQ-2024-00019,offer_withdrawn,2024-03-01,,,2024-03-04,,,2024-03-29,105000,USD,2024-03-04T12:13:32Z,2026-05-31T23:59:59Z
APP-0006095,REQ-2024-00324,accepted,2024-03-19,2024-03-22,,,,,2024-04-08,76500,USD,2024-03-22T13:46:31Z,2026-05-31T23:59:59Z
APP-0006099,REQ-2024-00343,offer_withdrawn,2024-02-23,,,2024-02-25,,,2024-03-22,55500,USD,2024-02-25T10:31:56Z,2026-05-31T23:59:59Z
APP-0006120,REQ-2024-00380,accepted,2024-03-11,2024-03-19,,,,,2024-04-29,68500,USD,2024-04-01T09:26:28Z,2026-05-31T23:59:59Z
APP-0006137,REQ-2024-00152,accepted,2024-03-10,2024-03-12,,,,,2024-04-15,105000,USD,2024-03-25T19:07:18Z,2026-05-31T23:59:59Z
APP-0006207,REQ-2024-00366,offer_declined,2024-04-01,,2024-04-10,,,,2024-04-29,185500,USD,2024-04-10T14:18:36Z,2026-05-31T23:59:59Z
APP-0006208,REQ-2024-00371,accepted,2024-03-09,2024-03-14,,,,,2024-04-15,117000,USD,2024-03-14T12:51:57Z,2026-05-31T23:59:59Z
APP-0006213,REQ-2024-00378,accepted,2024-03-03,2024-03-06,,,,,2024-04-01,58500,USD,2024-03-06T09:44:04Z,2026-05-31T23:59:59Z
APP-0006227,REQ-2024-00050,offer_declined,2024-03-26,,2024-03-31,,,,2024-04-22,121500,USD,2024-03-31T17:35:58Z,2026-05-31T23:59:59Z
APP-0006242,REQ-2024-00199,accepted,2024-04-07,2024-04-11,,,,,2024-06-03,158500,USD,2024-04-23T08:49:59Z,2026-05-31T23:59:59Z
APP-0006320,REQ-2024-00394,accepted,2024-03-20,2024-03-21,,,,,2024-04-22,77000,USD,2024-03-21T16:24:10Z,2026-05-31T23:59:59Z
APP-0006378,REQ-2024-00325,offer_withdrawn,2024-03-17,,,2024-03-18,,,2024-04-12,65000,USD,2024-03-18T09:04:29Z,2026-05-31T23:59:59Z
APP-0006383,REQ-2024-00342,accepted,2024-03-07,2024-03-11,,,,,2024-04-22,97000,USD,2024-03-11T16:40:58Z,2026-05-31T23:59:59Z
APP-0006431,REQ-2024-00137,accepted,2024-03-06,2024-03-08,,,,,2024-04-08,68500,USD,2024-03-08T19:34:16Z,2026-05-31T23:59:59Z
APP-0006437,REQ-2024-00177,accepted,2024-03-03,2024-03-07,,,,,2024-03-25,49500,USD,2024-03-07T08:17:17Z,2026-05-31T23:59:59Z
APP-0006440,REQ-2024-00198,accepted,2024-03-28,2024-04-01,,,,,2024-05-20,157000,USD,2024-04-01T11:56:25Z,2026-05-31T23:59:59Z
APP-0006443,REQ-2024-00206,offer_declined,2024-03-17,,2024-03-21,,,,2024-04-12,139000,USD,2024-03-21T16:14:11Z,2026-05-31T23:59:59Z
APP-0006452,REQ-2024-00243,offer_declined,2024-04-07,,2024-04-14,,,,2024-05-05,182500,USD,2024-04-14T18:26:12Z,2026-05-31T23:59:59Z
APP-0006458,REQ-2024-00271,accepted,2024-03-26,2024-03-30,,,,,2024-05-13,131500,USD,2024-03-30T17:53:30Z,2026-05-31T23:59:59Z
APP-0006471,REQ-2024-00310,offer_withdrawn,2024-03-09,,,2024-03-12,,,2024-04-06,84500,USD,2024-03-12T18:53:48Z,2026-05-31T23:59:59Z
APP-0006479,REQ-2024-00325,accepted,2024-03-10,2024-03-14,,,,,2024-04-15,64500,USD,2024-03-16T12:17:18Z,2026-05-31T23:59:59Z
APP-0006504,REQ-2024-00382,offer_declined,2024-03-11,,2024-03-20,,,,2024-04-08,61500,USD,2024-03-20T09:08:19Z,2026-05-31T23:59:59Z
APP-0006508,REQ-2024-00383,candidate_renege,2024-03-02,2024-03-05,,,,2024-03-16,2024-04-01,62000,USD,2024-03-16T11:25:28Z,2026-05-31T23:59:59Z
APP-0006512,REQ-2024-00385,candidate_renege,2024-03-06,2024-03-11,,,,2024-03-24,2024-04-22,97800,USD,2024-03-24T15:42:47Z,2026-05-31T23:59:59Z
APP-0006525,REQ-2024-00035,accepted,2024-03-09,2024-03-13,,,,,2024-05-06,85500,USD,2024-03-28T09:17:11Z,2026-05-31T23:59:59Z
APP-0006543,REQ-2024-00217,accepted,2024-03-07,2024-03-09,,,,,2024-04-08,110500,USD,2024-03-09T10:53:24Z,2026-05-31T23:59:59Z
APP-0006576,REQ-2024-00310,accepted,2024-03-08,2024-03-11,,,,,2024-04-08,78500,USD,2024-03-11T18:44:56Z,2026-05-31T23:59:59Z
APP-0006607,REQ-2024-00374,accepted,2024-03-03,2024-03-06,,,,,2024-04-01,61500,USD,2024-03-06T10:28:48Z,2026-05-31T23:59:59Z
APP-0006622,REQ-2024-00398,accepted,2024-03-14,2024-03-17,,,,,2024-04-22,96500,USD,2024-03-17T08:50:53Z,2026-05-31T23:59:59Z
APP-0006642,REQ-2024-00142,accepted,2024-03-11,2024-03-15,,,,,2024-04-15,115000,USD,2024-03-15T11:05:15Z,2026-05-31T23:59:59Z
APP-0006670,REQ-2024-00342,offer_withdrawn,2024-03-11,,,2024-03-13,,,2024-04-08,99500,USD,2024-03-13T15:13:08Z,2026-05-31T23:59:59Z
APP-0006674,REQ-2024-00352,offer_declined,2024-03-06,,2024-03-09,,,,2024-04-03,88500,USD,2024-03-09T13:57:49Z,2026-05-31T23:59:59Z
APP-0006697,REQ-2024-00394,accepted,2024-03-02,2024-03-06,,,,,2024-04-08,74500,USD,2024-03-06T11:59:37Z,2026-05-31T23:59:59Z
APP-0006713,REQ-2024-00132,candidate_renege,2024-03-16,2024-03-19,,,,2024-03-20,2024-04-15,100000,USD,2024-03-20T13:29:51Z,2026-05-31T23:59:59Z
APP-0006720,REQ-2024-00203,accepted,2024-03-08,2024-03-10,,,,,2024-04-15,108000,USD,2024-03-10T15:18:14Z,2026-05-31T23:59:59Z
APP-0006735,REQ-2024-00306,accepted,2024-03-08,2024-03-11,,,,,2024-04-01,79500,USD,2024-03-11T15:54:32Z,2026-05-31T23:59:59Z
APP-0006744,REQ-2024-00330,offer_withdrawn,2024-03-13,,,2024-03-18,,,2024-04-10,58000,USD,2024-03-18T16:47:37Z,2026-05-31T23:59:59Z
APP-0006775,REQ-2024-00385,offer_declined,2024-03-08,,2024-03-14,,,,2024-04-05,95000,USD,2024-03-14T15:49:16Z,2026-05-31T23:59:59Z
APP-0006781,REQ-2024-00392,accepted,2024-03-26,2024-03-27,,,,,2024-04-29,119500,USD,2024-03-27T19:05:14Z,2026-05-31T23:59:59Z
APP-0006789,REQ-2024-00405,accepted,2024-03-04,2024-03-06,,,,,2024-03-25,61600,USD,2024-03-15T11:39:04Z,2026-05-31T23:59:59Z
APP-0006805,REQ-2024-00114,offer_declined,2024-04-07,,2024-04-28,,,,2024-05-05,165000,USD,2024-04-28T19:27:02Z,2026-05-31T23:59:59Z
APP-0006859,REQ-2024-00383,offer_declined,2024-03-03,,2024-03-05,,,,2024-03-31,53500,USD,2024-03-05T16:10:16Z,2026-05-31T23:59:59Z
APP-0006879,REQ-2024-00405,accepted,2024-03-14,2024-03-15,,,,,2024-04-15,60500,USD,2024-03-15T10:52:26Z,2026-05-31T23:59:59Z
APP-0006888,REQ-2024-00044,accepted,2024-03-15,2024-03-17,,,,,2024-04-15,83000,USD,2024-03-17T12:07:15Z,2026-05-31T23:59:59Z
APP-0006915,REQ-2024-00323,accepted,2024-03-15,2024-03-18,,,,,2024-04-22,91000,USD,2024-03-20T18:51:28Z,2026-05-31T23:59:59Z
APP-0006918,REQ-2024-00332,accepted,2024-03-15,2024-03-16,,,,,2024-04-08,77000,USD,2024-03-23T19:07:57Z,2026-05-31T23:59:59Z
APP-0006926,REQ-2024-00366,accepted,2024-03-29,2024-04-08,,,,,2024-06-03,193000,USD,2024-04-08T09:55:21Z,2026-05-31T23:59:59Z
APP-0006936,REQ-2024-00386,accepted,2024-03-24,2024-03-29,,,,,2024-05-06,148000,USD,2024-03-29T10:52:56Z,2026-05-31T23:59:59Z
APP-0006940,REQ-2024-00395,accepted,2024-03-04,2024-03-08,,,,,2024-04-08,79000,USD,2024-03-08T18:36:42Z,2026-05-31T23:59:59Z
APP-0006953,REQ-2024-00091,offer_withdrawn,2024-03-21,,,2024-04-01,,,2024-04-18,151500,USD,2024-04-01T12:16:01Z,2026-05-31T23:59:59Z
APP-0006955,REQ-2024-00092,accepted,2024-03-11,2024-03-17,,,,,2024-04-15,73000,USD,2024-03-17T17:09:08Z,2026-05-31T23:59:59Z
APP-0006961,REQ-2024-00117,accepted,2024-03-25,2024-03-28,,,,,2024-04-29,91500,USD,2024-03-28T09:17:34Z,2026-05-31T23:59:59Z
APP-0006976,REQ-2024-00300,accepted,2024-03-31,2024-04-03,,,,,2024-05-13,131500,USD,2024-04-03T11:29:16Z,2026-05-31T23:59:59Z
APP-0006995,REQ-2024-00364,accepted,2024-03-27,2024-04-04,,,,,2024-05-06,115500,USD,2024-04-04T15:51:20Z,2026-05-31T23:59:59Z
APP-0007002,REQ-2024-00383,accepted,2024-03-16,2024-03-21,,,,,2024-04-15,62000,USD,2024-03-21T15:46:00Z,2026-05-31T23:59:59Z
APP-0007017,REQ-2024-00398,accepted,2024-03-10,2024-03-15,,,,,2024-04-29,82000,USD,2024-03-15T13:12:22Z,2026-05-31T23:59:59Z
APP-0007019,REQ-2024-00405,offer_declined,2024-03-06,,2024-03-07,,,,2024-04-03,63500,USD,2024-03-07T11:57:37Z,2026-05-31T23:59:59Z
APP-0007026,REQ-2024-00407,offer_declined,2024-03-21,,2024-03-25,,,,2024-04-12,104000,USD,2024-03-25T18:01:07Z,2026-05-31T23:59:59Z
APP-0007028,REQ-2024-00407,accepted,2024-03-25,2024-03-28,,,,,2024-04-29,90000,USD,2024-03-28T18:22:28Z,2026-05-31T23:59:59Z
APP-0007058,REQ-2024-00270,accepted,2024-03-09,2024-03-10,,,,,2024-04-15,97000,USD,2024-03-10T13:50:27Z,2026-05-31T23:59:59Z
APP-0007076,REQ-2024-00354,accepted,2024-03-11,2024-03-15,,,,,2024-04-08,59000,USD,2024-03-15T13:01:26Z,2026-05-31T23:59:59Z
APP-0007152,REQ-2024-00391,accepted,2024-03-14,2024-03-16,,,,,2024-04-08,85000,USD,2024-03-16T10:41:14Z,2026-05-31T23:59:59Z
APP-0007173,REQ-2024-00415,offer_declined,2024-03-12,,2024-03-15,,,,2024-04-09,67000,USD,2024-03-15T08:34:38Z,2026-05-31T23:59:59Z
APP-0007192,REQ-2024-00181,accepted,2024-03-13,2024-03-18,,,,,2024-04-29,104000,USD,2024-03-18T17:45:42Z,2026-05-31T23:59:59Z
APP-0007195,REQ-2024-00196,accepted,2024-03-09,2024-03-19,,,,,2024-04-22,91000,USD,2024-03-19T12:32:37Z,2026-05-31T23:59:59Z
APP-0007207,REQ-2024-00310,offer_withdrawn,2024-03-10,,,2024-03-13,,,2024-04-07,72000,USD,2024-03-13T13:52:25Z,2026-05-31T23:59:59Z
APP-0007210,REQ-2024-00341,accepted,2024-03-11,2024-03-14,,,,,2024-04-22,87000,USD,2024-03-14T15:16:11Z,2026-05-31T23:59:59Z
APP-0007217,REQ-2024-00380,offer_withdrawn,2024-03-18,,,2024-03-20,,,2024-04-15,76000,USD,2024-03-20T18:53:12Z,2026-05-31T23:59:59Z
APP-0007242,REQ-2024-00409,offer_declined,2024-03-27,,2024-04-01,,,,2024-04-24,126500,USD,2024-04-01T19:15:30Z,2026-05-31T23:59:59Z
APP-0007249,REQ-2024-00415,accepted,2024-03-02,2024-03-05,,,,,2024-04-08,64000,USD,2024-03-12T08:56:58Z,2026-05-31T23:59:59Z
APP-0007309,REQ-2024-00388,accepted,2024-03-31,2024-04-05,,,,,2024-05-06,97000,USD,2024-04-05T09:27:05Z,2026-05-31T23:59:59Z
APP-0007329,REQ-2024-00415,accepted,2024-03-13,2024-03-16,,,,,2024-04-08,70000,USD,2024-03-16T17:34:35Z,2026-05-31T23:59:59Z
APP-0007360,REQ-2024-00245,accepted,2024-03-14,2024-03-22,,,,,2024-05-06,78000,USD,2024-03-22T14:41:15Z,2026-05-31T23:59:59Z
APP-0007383,REQ-2024-00383,accepted,2024-03-11,2024-03-13,,,,,2024-04-08,61000,USD,2024-03-13T17:54:07Z,2026-05-31T23:59:59Z
APP-0007384,REQ-2024-00383,accepted,2024-03-05,2024-03-08,,,,,2024-03-25,57000,USD,2024-03-08T17:58:52Z,2026-05-31T23:59:59Z
APP-0007400,REQ-2024-00405,accepted,2024-03-11,2024-03-12,,,,,2024-04-08,61000,USD,2024-03-12T13:21:12Z,2026-05-31T23:59:59Z
APP-0007409,REQ-2024-00417,accepted,2024-03-22,2024-03-24,,,,,2024-04-22,104500,USD,2024-04-03T12:02:52Z,2026-05-31T23:59:59Z
APP-0007414,REQ-2024-00420,offer_declined,2024-03-17,,2024-03-21,,,,2024-04-14,72000,USD,2024-03-21T11:50:40Z,2026-05-31T23:59:59Z
APP-0007423,REQ-2024-00044,accepted,2024-03-19,2024-03-20,,,,,2024-04-15,88000,USD,2024-03-20T12:42:24Z,2026-05-31T23:59:59Z
APP-0007426,REQ-2024-00062,accepted,2024-03-12,2024-03-16,,,,,2024-04-22,103500,USD,2024-03-16T12:04:15Z,2026-05-31T23:59:59Z
APP-0007436,REQ-2024-00170,accepted,2024-03-28,2024-03-31,,,,,2024-04-22,72000,USD,2024-03-31T08:29:50Z,2026-05-31T23:59:59Z
APP-0007460,REQ-2024-00371,offer_declined,2024-03-17,,2024-03-18,,,,2024-04-12,120500,USD,2024-03-18T19:07:58Z,2026-05-31T23:59:59Z
APP-0007466,REQ-2024-00384,accepted,2024-04-12,2024-04-13,,,,,2024-05-13,75500,USD,2024-04-15T15:59:55Z,2026-05-31T23:59:59Z
APP-0007467,REQ-2024-00387,accepted,2024-03-27,2024-04-02,,,,,2024-05-06,87500,USD,2024-04-02T13:02:37Z,2026-05-31T23:59:59Z
APP-0007491,REQ-2024-00415,accepted,2024-03-14,2024-03-17,,,,,2024-04-15,58500,USD,2024-03-17T11:28:23Z,2026-05-31T23:59:59Z
APP-0007560,REQ-2024-00426,accepted,2024-03-24,2024-04-02,,,,,2024-05-06,111500,USD,2024-04-02T11:32:09Z,2026-05-31T23:59:59Z
APP-0007572,REQ-2024-00204,accepted,2024-03-18,2024-03-21,,,,,2024-04-22,67500,USD,2024-03-21T11:40:04Z,2026-05-31T23:59:59Z
APP-0007607,REQ-2024-00405,offer_withdrawn,2024-03-17,,,2024-03-22,,,2024-04-14,68000,USD,2024-03-22T08:48:05Z,2026-05-31T23:59:59Z
APP-0007612,REQ-2024-00405,accepted,2024-03-11,2024-03-14,,,,,2024-04-08,58000,USD,2024-03-22T08:16:11Z,2026-05-31T23:59:59Z
APP-0007613,REQ-2024-00405,accepted,2024-03-13,2024-03-14,,,,,2024-04-08,68000,USD,2024-03-14T18:36:13Z,2026-05-31T23:59:59Z
APP-0007623,REQ-2024-00415,accepted,2024-03-18,2024-03-20,,,,,2024-04-08,60600,USD,2024-03-29T10:07:26Z,2026-05-31T23:59:59Z
APP-0007643,REQ-2024-00133,accepted,2024-03-17,2024-03-19,,,,,2024-04-22,83500,USD,2024-03-28T13:46:00Z,2026-05-31T23:59:59Z
APP-0007656,REQ-2024-00280,offer_declined,2024-03-22,,2024-03-24,,,,2024-04-17,88000,USD,2024-03-24T09:57:42Z,2026-05-31T23:59:59Z
APP-0007675,REQ-2024-00386,offer_withdrawn,2024-03-27,,,2024-03-31,,,2024-04-24,146000,USD,2024-03-31T10:10:54Z,2026-05-31T23:59:59Z
APP-0007676,REQ-2024-00394,offer_withdrawn,2024-03-20,,,2024-03-21,,,2024-04-17,76500,USD,2024-03-21T14:54:12Z,2026-05-31T23:59:59Z
APP-0007681,REQ-2024-00405,accepted,2024-03-17,2024-03-20,,,,,2024-04-15,61500,USD,2024-03-29T14:01:28Z,2026-05-31T23:59:59Z
APP-0007692,REQ-2024-00415,accepted,2024-03-17,2024-03-18,,,,,2024-04-08,71000,USD,2024-03-18T09:18:59Z,2026-05-31T23:59:59Z
APP-0007693,REQ-2024-00416,accepted,2024-03-18,2024-03-25,,,,,2024-04-08,54500,USD,2024-03-25T16:00:21Z,2026-05-31T23:59:59Z
APP-0007704,REQ-2024-00086,accepted,2024-04-03,2024-04-08,,,,,2024-05-20,108500,USD,2024-04-08T11:48:24Z,2026-05-31T23:59:59Z
APP-0007714,REQ-2024-00211,accepted,2024-03-25,2024-03-26,,,,,2024-04-22,56000,USD,2024-03-26T12:27:53Z,2026-05-31T23:59:59Z
APP-0007720,REQ-2024-00320,accepted,2024-03-22,2024-03-24,,,,,2024-04-22,72000,USD,2024-03-24T16:25:55Z,2026-05-31T23:59:59Z
APP-0007759,REQ-2024-00418,offer_withdrawn,2024-04-05,,,2024-04-08,,,2024-05-03,132500,USD,2024-04-08T15:53:20Z,2026-05-31T23:59:59Z
APP-0007772,REQ-2024-00011,accepted,2024-04-08,2024-04-11,,,,,2024-05-20,133500,USD,2024-04-11T09:03:54Z,2026-05-31T23:59:59Z
APP-0007811,REQ-2024-00396,offer_declined,2024-03-26,,2024-03-29,,,,2024-04-23,56000,USD,2024-03-29T16:27:39Z,2026-05-31T23:59:59Z
APP-0007824,REQ-2024-00410,accepted,2024-03-22,2024-03-25,,,,,2024-04-29,97000,USD,2024-03-25T11:11:51Z,2026-05-31T23:59:59Z
APP-0007861,REQ-2024-00135,accepted,2024-04-05,2024-04-13,,,,,2024-05-20,133000,USD,2024-04-13T10:02:36Z,2026-05-31T23:59:59Z
APP-0007868,REQ-2024-00209,offer_declined,2024-04-09,,2024-04-10,,,,2024-05-06,188000,USD,2024-04-10T17:51:20Z,2026-05-31T23:59:59Z
APP-0007879,REQ-2024-00304,accepted,2024-03-26,2024-03-28,,,,,2024-05-20,170000,USD,2024-03-28T09:29:51Z,2026-05-31T23:59:59Z
APP-0007891,REQ-2024-00390,accepted,2024-04-17,2024-04-19,,,,,2024-05-27,128500,USD,2024-04-19T09:18:43Z,2026-05-31T23:59:59Z
APP-0007910,REQ-2024-00415,offer_declined,2024-03-19,,2024-03-21,,,,2024-04-16,61000,USD,2024-03-21T12:56:58Z,2026-05-31T23:59:59Z
APP-0007930,REQ-2024-00107,offer_rescinded,2024-03-30,2024-04-01,,,2024-04-09,,2024-05-13,111000,USD,2024-04-09T13:59:52Z,2026-05-31T23:59:59Z
APP-0007935,REQ-2024-00174,accepted,2024-04-02,2024-04-09,,,,,2024-05-13,123500,USD,2024-04-09T18:10:31Z,2026-05-31T23:59:59Z
APP-0007936,REQ-2024-00181,accepted,2024-03-20,2024-03-23,,,,,2024-04-29,98500,USD,2024-03-23T10:10:53Z,2026-05-31T23:59:59Z
APP-0007944,REQ-2024-00271,offer_withdrawn,2024-03-29,,,2024-03-30,,,2024-04-26,124000,USD,2024-03-30T09:33:58Z,2026-05-31T23:59:59Z
APP-0007946,REQ-2024-00305,accepted,2024-04-02,2024-04-04,,,,,2024-05-06,136500,USD,2024-04-04T10:17:14Z,2026-05-31T23:59:59Z
APP-0007951,REQ-2024-00357,accepted,2024-04-14,2024-04-23,,,,,2024-05-27,134500,USD,2024-04-23T17:44:40Z,2026-05-31T23:59:59Z
APP-0007976,REQ-2024-00426,offer_declined,2024-03-29,,2024-04-03,,,,2024-04-26,99500,USD,2024-04-03T18:08:41Z,2026-05-31T23:59:59Z
APP-0008036,REQ-2024-00415,accepted,2024-03-26,2024-03-28,,,,,2024-05-13,63500,USD,2024-03-30T18:56:52Z,2026-05-31T23:59:59Z
APP-0008042,REQ-2024-00426,accepted,2024-04-05,2024-04-07,,,,,2024-05-13,102000,USD,2024-04-07T12:14:34Z,2026-05-31T23:59:59Z
APP-0008050,REQ-2024-00437,candidate_renege,2024-03-19,2024-03-22,,,,2024-04-03,2024-04-08,53500,USD,2024-04-03T12:16:07Z,2026-05-31T23:59:59Z
APP-0008055,REQ-2024-00442,offer_withdrawn,2024-03-27,,,2024-03-28,,,2024-04-24,120000,USD,2024-03-28T13:24:24Z,2026-05-31T23:59:59Z
APP-0008072,REQ-2024-00259,accepted,2024-04-03,2024-04-07,,,,,2024-05-20,91500,USD,2024-04-07T12:02:49Z,2026-05-31T23:59:59Z
APP-0008074,REQ-2024-00280,offer_declined,2024-03-30,,2024-04-03,,,,2024-04-27,83000,USD,2024-04-03T10:10:36Z,2026-05-31T23:59:59Z
APP-0008106,REQ-2024-00418,accepted,2024-03-31,2024-04-05,,,,,2024-05-06,130500,USD,2024-04-05T14:44:16Z,2026-05-31T23:59:59Z
APP-0008155,REQ-2024-00352,accepted,2024-03-22,2024-03-26,,,,,2024-05-06,104000,USD,2024-03-26T16:23:27Z,2026-05-31T23:59:59Z
APP-0008167,REQ-2024-00407,offer_declined,2024-04-03,,2024-04-04,,,,2024-05-01,90000,USD,2024-04-04T11:51:44Z,2026-05-31T23:59:59Z
APP-0008174,REQ-2024-00415,accepted,2024-03-23,2024-03-26,,,,,2024-04-22,63500,USD,2024-03-26T19:12:43Z,2026-05-31T23:59:59Z
APP-0008185,REQ-2024-00426,accepted,2024-03-24,2024-03-26,,,,,2024-05-06,113500,USD,2024-03-26T13:38:58Z,2026-05-31T23:59:59Z
APP-0008197,REQ-2024-00447,accepted,2024-03-24,2024-03-26,,,,,2024-04-29,113500,USD,2024-04-10T10:22:23Z,2026-05-31T23:59:59Z
APP-0008201,REQ-2024-00091,offer_withdrawn,2024-03-28,,,2024-04-01,,,2024-04-25,147500,USD,2024-04-01T13:14:34Z,2026-05-31T23:59:59Z
APP-0008217,REQ-2024-00262,accepted,2024-05-02,2024-05-10,,,,,2024-06-24,158500,USD,2024-05-10T17:01:02Z,2026-05-31T23:59:59Z
APP-0008252,REQ-2024-00426,accepted,2024-03-30,2024-03-31,,,,,2024-05-13,120000,USD,2024-04-15T15:05:41Z,2026-05-31T23:59:59Z
APP-0008256,REQ-2024-00439,accepted,2024-04-09,2024-04-11,,,,,2024-05-20,141000,USD,2024-04-11T15:28:28Z,2026-05-31T23:59:59Z
APP-0008282,REQ-2024-00246,accepted,2024-04-01,2024-04-04,,,,,2024-05-06,92000,USD,2024-04-04T17:43:36Z,2026-05-31T23:59:59Z
APP-0008315,REQ-2024-00420,offer_declined,2024-04-04,,2024-04-05,,,,2024-05-02,66500,USD,2024-04-05T08:36:37Z,2026-05-31T23:59:59Z
APP-0008352,REQ-2024-00326,accepted,2024-04-01,2024-04-03,,,,,2024-04-22,57000,USD,2024-04-03T17:20:50Z,2026-05-31T23:59:59Z
APP-0008378,REQ-2024-00427,accepted,2024-05-03,2024-05-12,,,,,2024-07-22,246000,USD,2024-05-12T17:43:10Z,2026-05-31T23:59:59Z
APP-0008383,REQ-2024-00430,accepted,2024-04-03,2024-04-04,,,,,2024-04-29,77500,USD,2024-04-04T09:32:25Z,2026-05-31T23:59:59Z
APP-0008384,REQ-2024-00430,accepted,2024-04-05,2024-04-07,,,,,2024-05-06,71500,USD,2024-04-07T17:11:38Z,2026-05-31T23:59:59Z
APP-0008385,REQ-2024-00431,accepted,2024-04-21,2024-04-30,,,,,2024-06-03,138500,USD,2024-04-30T16:50:36Z,2026-05-31T23:59:59Z
APP-0008393,REQ-2024-00440,accepted,2024-04-04,2024-04-07,,,,,2024-06-10,138000,USD,2024-04-10T09:12:08Z,2026-05-31T23:59:59Z
APP-0008394,REQ-2024-00441,accepted,2024-04-15,2024-04-20,,,,,2024-05-20,101000,USD,2024-04-20T10:30:35Z,2026-05-31T23:59:59Z
APP-0008420,REQ-2024-00349,accepted,2024-04-08,2024-04-10,,,,,2024-05-06,68500,USD,2024-04-25T13:13:00Z,2026-05-31T23:59:59Z
APP-0008422,REQ-2024-00363,offer_declined,2024-03-31,,2024-04-02,,,,2024-04-27,79500,USD,2024-04-02T16:50:56Z,2026-05-31T23:59:59Z
APP-0008447,REQ-2024-00429,offer_withdrawn,2024-04-23,,,2024-05-01,,,2024-05-21,128000,USD,2024-05-01T18:38:49Z,2026-05-31T23:59:59Z
APP-0008452,REQ-2024-00443,accepted,2024-03-31,2024-04-05,,,,,2024-04-29,82000,USD,2024-04-05T14:12:07Z,2026-05-31T23:59:59Z
APP-0008455,REQ-2024-00451,accepted,2024-03-26,2024-03-28,,,,,2024-04-22,58000,USD,2024-03-28T17:02:12Z,2026-05-31T23:59:59Z
APP-0008512,REQ-2024-00437,accepted,2024-03-28,2024-04-01,,,,,2024-04-22,58000,USD,2024-04-01T10:55:00Z,2026-05-31T23:59:59Z
APP-0008518,REQ-2024-00443,offer_withdrawn,2024-04-05,,,2024-04-05,,,2024-05-03,76000,USD,2024-04-05T14:44:42Z,2026-05-31T23:59:59Z
APP-0008522,REQ-2024-00457,accepted,2024-04-16,2024-04-18,,,,,2024-05-20,80500,USD,2024-04-18T13:46:47Z,2026-05-31T23:59:59Z
APP-0008535,REQ-2024-00237,accepted,2024-03-28,2024-03-29,,,,,2024-05-13,81000,USD,2024-03-29T15:40:21Z,2026-05-31T23:59:59Z
APP-0008546,REQ-2024-00354,accepted,2024-03-24,2024-03-27,,,,,2024-04-22,54500,USD,2024-03-27T13:00:08Z,2026-05-31T23:59:59Z
APP-0008567,REQ-2024-00420,accepted,2024-04-10,2024-04-11,,,,,2024-05-06,72500,USD,2024-04-11T14:53:00Z,2026-05-31T23:59:59Z
APP-0008591,REQ-2024-00458,candidate_renege,2024-04-05,2024-04-07,,,,2024-04-15,2024-05-13,81500,USD,2024-04-15T10:56:54Z,2026-05-31T23:59:59Z
APP-0008596,REQ-2024-00049,offer_declined,2024-05-25,,2024-05-31,,,,2024-06-22,233500,USD,2024-05-31T10:01:57Z,2026-05-31T23:59:59Z
APP-0008610,REQ-2024-00327,accepted,2024-04-24,2024-04-27,,,,,2024-05-27,137700,USD,2024-04-29T17:00:33Z,2026-05-31T23:59:59Z
APP-0008620,REQ-2024-00397,offer_declined,2024-04-08,,2024-04-11,,,,2024-05-06,69000,USD,2024-04-11T11:02:10Z,2026-05-31T23:59:59Z
APP-0008627,REQ-2024-00409,accepted,2024-04-18,2024-04-19,,,,,2024-06-03,134500,USD,2024-04-19T17:13:53Z,2026-05-31T23:59:59Z
APP-0008653,REQ-2024-00456,accepted,2024-04-02,2024-04-04,,,,,2024-05-13,105500,USD,2024-04-04T09:34:07Z,2026-05-31T23:59:59Z
APP-0008690,REQ-2024-00414,accepted,2024-03-29,2024-04-03,,,,,2024-05-06,75500,USD,2024-04-03T17:33:45Z,2026-05-31T23:59:59Z
APP-0008701,REQ-2024-00437,accepted,2024-04-11,2024-04-12,,,,,2024-04-29,56500,USD,2024-04-12T13:14:57Z,2026-05-31T23:59:59Z
APP-0008732,REQ-2024-00116,offer_rescinded,2024-04-08,2024-04-13,,,2024-06-02,,2024-06-03,166000,USD,2024-06-02T16:49:44Z,2026-05-31T23:59:59Z
APP-0008754,REQ-2024-00412,accepted,2024-04-30,2024-05-05,,,,,2024-06-17,99500,USD,2024-05-17T16:14:19Z,2026-05-31T23:59:59Z
APP-0008768,REQ-2024-00445,accepted,2024-04-15,2024-04-20,,,,,2024-05-13,100000,USD,2024-05-04T09:47:31Z,2026-05-31T23:59:59Z
APP-0008775,REQ-2024-00455,accepted,2024-05-23,2024-05-30,,,,,2024-07-29,234000,USD,2024-06-09T10:02:55Z,2026-05-31T23:59:59Z
APP-0008780,REQ-2024-00457,accepted,2024-04-12,2024-04-14,,,,,2024-05-06,81500,USD,2024-04-14T15:45:19Z,2026-05-31T23:59:59Z
APP-0008814,REQ-2024-00329,candidate_renege,2024-04-09,2024-04-13,,,,2024-05-04,2024-05-20,114000,USD,2024-05-04T09:35:30Z,2026-05-31T23:59:59Z
APP-0008825,REQ-2024-00430,accepted,2024-04-07,2024-04-11,,,,,2024-05-13,73000,USD,2024-04-11T18:04:39Z,2026-05-31T23:59:59Z
APP-0008834,REQ-2024-00453,accepted,2024-04-01,2024-04-02,,,,,2024-04-29,58500,USD,2024-04-02T16:42:08Z,2026-05-31T23:59:59Z
APP-0008838,REQ-2024-00458,accepted,2024-04-01,2024-04-03,,,,,2024-05-06,78500,USD,2024-04-03T15:56:59Z,2026-05-31T23:59:59Z
APP-0008845,REQ-2024-00462,accepted,2024-04-11,2024-04-12,,,,,2024-05-06,71500,USD,2024-04-12T18:33:21Z,2026-05-31T23:59:59Z
APP-0008848,REQ-2024-00465,offer_declined,2024-04-02,,2024-04-04,,,,2024-04-30,66500,USD,2024-04-04T14:22:04Z,2026-05-31T23:59:59Z
APP-0008862,REQ-2024-00188,offer_declined,2024-04-06,,2024-04-11,,,,2024-05-04,90500,USD,2024-04-11T17:32:00Z,2026-05-31T23:59:59Z
APP-0008884,REQ-2024-00426,offer_withdrawn,2024-04-07,,,2024-04-08,,,2024-05-04,120000,USD,2024-04-08T16:43:23Z,2026-05-31T23:59:59Z
APP-0008895,REQ-2024-00449,accepted,2024-04-07,2024-04-11,,,,,2024-05-06,62500,USD,2024-04-11T14:44:12Z,2026-05-31T23:59:59Z
APP-0008935,REQ-2024-00217,accepted,2024-04-13,2024-04-17,,,,,2024-05-20,109500,USD,2024-04-17T12:05:21Z,2026-05-31T23:59:59Z
APP-0008953,REQ-2024-00428,offer_declined,2024-05-01,,2024-05-03,,,,2024-05-29,85500,USD,2024-05-03T09:48:34Z,2026-05-31T23:59:59Z
APP-0008954,REQ-2024-00428,accepted,2024-05-11,2024-05-14,,,,,2024-06-10,94000,USD,2024-05-14T11:51:45Z,2026-05-31T23:59:59Z
APP-0008989,REQ-2024-00093,offer_withdrawn,2024-04-19,,,2024-04-24,,,2024-05-17,104000,USD,2024-04-24T12:06:57Z,2026-05-31T23:59:59Z
APP-0008997,REQ-2024-00315,accepted,2024-04-23,2024-04-27,,,,,2024-06-17,181500,USD,2024-05-03T12:05:59Z,2026-05-31T23:59:59Z
APP-0009020,REQ-2024-00437,offer_declined,2024-04-04,,2024-04-05,,,,2024-05-01,60500,USD,2024-04-05T08:56:05Z,2026-05-31T23:59:59Z
APP-0009026,REQ-2024-00449,offer_withdrawn,2024-04-11,,,2024-04-12,,,2024-05-09,68000,USD,2024-04-12T19:43:12Z,2026-05-31T23:59:59Z
APP-0009028,REQ-2024-00450,accepted,2024-04-06,2024-04-09,,,,,2024-05-06,72000,USD,2024-04-09T15:59:19Z,2026-05-31T23:59:59Z
APP-0009031,REQ-2024-00452,accepted,2024-04-16,2024-04-18,,,,,2024-05-06,97500,USD,2024-05-01T14:29:06Z,2026-05-31T23:59:59Z
APP-0009046,REQ-2024-00470,offer_declined,2024-04-27,,2024-04-29,,,,2024-05-25,72500,USD,2024-04-29T16:34:30Z,2026-05-31T23:59:59Z
APP-0009051,REQ-2024-00477,candidate_renege,2024-04-21,2024-04-22,,,,2024-04-25,2024-06-03,168000,USD,2024-04-25T19:26:44Z,2026-05-31T23:59:59Z
APP-0009082,REQ-2024-00431,offer_withdrawn,2024-04-25,,,2024-05-01,,,2024-05-23,122500,USD,2024-05-01T17:20:03Z,2026-05-31T23:59:59Z
APP-0009098,REQ-2024-00456,accepted,2024-04-02,2024-04-05,,,,,2024-05-13,113500,USD,2024-04-05T17:14:04Z,2026-05-31T23:59:59Z
APP-0009108,REQ-2024-00465,accepted,2024-04-08,2024-04-09,,,,,2024-05-06,77000,USD,2024-04-09T15:50:58Z,2026-05-31T23:59:59Z
APP-0009113,REQ-2024-00476,accepted,2024-04-12,2024-04-19,,,,,2024-05-06,59500,USD,2024-04-19T17:42:03Z,2026-05-31T23:59:59Z
APP-0009120,REQ-2024-00093,accepted,2024-04-18,2024-04-22,,,,,2024-06-03,94500,USD,2024-04-22T17:03:14Z,2026-05-31T23:59:59Z
APP-0009125,REQ-2024-00161,accepted,2024-04-22,2024-04-24,,,,,2024-05-27,106000,USD,2024-04-24T15:58:21Z,2026-05-31T23:59:59Z
APP-0009147,REQ-2024-00437,accepted,2024-04-17,2024-04-19,,,,,2024-05-13,61000,USD,2024-05-04T14:09:59Z,2026-05-31T23:59:59Z
APP-0009164,REQ-2024-00459,accepted,2024-04-22,2024-04-23,,,,,2024-05-13,89000,USD,2024-04-23T16:34:23Z,2026-05-31T23:59:59Z
APP-0009174,REQ-2024-00472,accepted,2024-04-09,2024-04-12,,,,,2024-05-20,132000,USD,2024-04-12T11:42:06Z,2026-05-31T23:59:59Z
APP-0009177,REQ-2024-00473,accepted,2024-04-09,2024-04-14,,,,,2024-05-06,60500,USD,2024-04-14T11:03:16Z,2026-05-31T23:59:59Z
APP-0009186,REQ-2024-00483,offer_declined,2024-04-22,,2024-04-24,,,,2024-05-20,109000,USD,2024-04-24T11:43:41Z,2026-05-31T23:59:59Z
APP-0009214,REQ-2024-00396,accepted,2024-04-07,2024-04-12,,,,,2024-04-29,57000,USD,2024-04-12T09:48:01Z,2026-05-31T23:59:59Z
APP-0009243,REQ-2024-00459,accepted,2024-04-21,2024-04-24,,,,,2024-05-20,84500,USD,2024-04-24T19:06:31Z,2026-05-31T23:59:59Z
APP-0009247,REQ-2024-00461,accepted,2024-04-18,2024-04-19,,,,,2024-05-13,100000,USD,2024-04-19T17:48:30Z,2026-05-31T23:59:59Z
APP-0009250,REQ-2024-00463,accepted,2024-04-30,2024-05-02,,,,,2024-06-10,110000,USD,2024-05-02T16:25:48Z,2026-05-31T23:59:59Z
APP-0009264,REQ-2024-00476,offer_declined,2024-04-21,,2024-04-24,,,,2024-05-19,55500,USD,2024-04-24T18:13:42Z,2026-05-31T23:59:59Z
APP-0009270,REQ-2024-00480,offer_declined,2024-04-12,,2024-04-15,,,,2024-05-10,79000,USD,2024-04-15T15:52:46Z,2026-05-31T23:59:59Z
APP-0009272,REQ-2024-00480,accepted,2024-04-09,2024-04-10,,,,,2024-05-13,73000,USD,2024-04-10T14:39:30Z,2026-05-31T23:59:59Z
APP-0009295,REQ-2024-00224,accepted,2024-04-13,2024-04-16,,,,,2024-05-27,106100,USD,2024-04-26T18:54:07Z,2026-05-31T23:59:59Z
APP-0009318,REQ-2024-00452,offer_withdrawn,2024-04-17,,,2024-04-21,,,2024-05-15,99500,USD,2024-04-21T15:06:53Z,2026-05-31T23:59:59Z
APP-0009341,REQ-2024-00479,accepted,2024-04-17,2024-04-25,,,,,2024-05-27,75500,USD,2024-04-25T14:41:48Z,2026-05-31T23:59:59Z
APP-0009345,REQ-2024-00482,accepted,2024-04-18,2024-04-20,,,,,2024-06-03,96000,USD,2024-04-20T12:35:01Z,2026-05-31T23:59:59Z
APP-0009349,REQ-2024-00488,accepted,2024-04-11,2024-04-15,,,,,2024-05-20,76500,USD,2024-04-18T12:33:34Z,2026-05-31T23:59:59Z
APP-0009350,REQ-2024-00489,offer_declined,2024-04-18,,2024-04-21,,,,2024-05-16,76000,USD,2024-04-21T12:07:23Z,2026-05-31T23:59:59Z
APP-0009370,REQ-2024-00298,accepted,2024-04-21,2024-04-23,,,,,2024-05-27,108000,USD,2024-04-23T17:55:05Z,2026-05-31T23:59:59Z
APP-0009385,REQ-2024-00434,accepted,2024-04-08,2024-04-13,,,,,2024-05-27,83500,USD,2024-04-19T12:35:05Z,2026-05-31T23:59:59Z
APP-0009386,REQ-2024-00438,accepted,2024-04-14,2024-04-15,,,,,2024-04-29,52500,USD,2024-04-15T10:33:39Z,2026-05-31T23:59:59Z
APP-0009403,REQ-2024-00460,accepted,2024-04-13,2024-04-15,,,,,2024-05-06,77000,USD,2024-04-15T17:07:13Z,2026-05-31T23:59:59Z
APP-0009410,REQ-2024-00470,accepted,2024-05-04,2024-05-06,,,,,2024-06-03,83000,USD,2024-05-06T09:50:50Z,2026-05-31T23:59:59Z
APP-0009412,REQ-2024-00473,accepted,2024-04-15,2024-04-17,,,,,2024-05-06,58000,USD,2024-04-17T18:11:34Z,2026-05-31T23:59:59Z
APP-0009416,REQ-2024-00476,accepted,2024-04-12,2024-04-14,,,,,2024-05-13,55500,USD,2024-04-14T19:37:51Z,2026-05-31T23:59:59Z
APP-0009466,REQ-2024-00458,accepted,2024-04-23,2024-04-29,,,,,2024-05-20,74000,USD,2024-04-29T19:42:00Z,2026-05-31T23:59:59Z
APP-0009479,REQ-2024-00476,accepted,2024-04-14,2024-04-15,,,,,2024-05-06,63000,USD,2024-04-15T16:38:48Z,2026-05-31T23:59:59Z
APP-0009480,REQ-2024-00476,candidate_renege,2024-04-19,2024-04-24,,,,2024-04-28,2024-05-13,61000,USD,2024-04-28T13:29:23Z,2026-05-31T23:59:59Z
APP-0009489,REQ-2024-00488,accepted,2024-04-22,2024-04-26,,,,,2024-05-20,83500,USD,2024-04-26T15:12:23Z,2026-05-31T23:59:59Z
APP-0009508,REQ-2024-00393,accepted,2024-04-26,2024-04-27,,,,,2024-06-10,98000,USD,2024-05-06T11:32:14Z,2026-05-31T23:59:59Z
APP-0009573,REQ-2024-00374,offer_declined,2024-04-15,,2024-04-21,,,,2024-05-13,68000,USD,2024-04-21T08:37:05Z,2026-05-31T23:59:59Z
APP-0009598,REQ-2024-00470,accepted,2024-04-18,2024-04-27,,,,,2024-06-17,77000,USD,2024-05-12T16:51:03Z,2026-05-31T23:59:59Z
APP-0009607,REQ-2024-00479,accepted,2024-04-13,2024-04-18,,,,,2024-05-20,73000,USD,2024-04-18T08:16:54Z,2026-05-31T23:59:59Z
APP-0009620,REQ-2024-00483,accepted,2024-05-03,2024-05-09,,,,,2024-06-17,114500,USD,2024-05-09T09:31:03Z,2026-05-31T23:59:59Z
APP-0009621,REQ-2024-00483,accepted,2024-04-11,2024-04-14,,,,,2024-05-20,113500,USD,2024-04-14T17:45:37Z,2026-05-31T23:59:59Z
APP-0009640,REQ-2024-00185,accepted,2024-04-12,2024-04-14,,,,,2024-05-06,46500,USD,2024-04-14T10:44:33Z,2026-05-31T23:59:59Z
APP-0009659,REQ-2024-00458,accepted,2024-04-18,2024-04-22,,,,,2024-05-27,75500,USD,2024-04-22T19:47:00Z,2026-05-31T23:59:59Z
APP-0009661,REQ-2024-00460,offer_declined,2024-04-14,,2024-04-18,,,,2024-05-12,81500,USD,2024-04-18T18:45:25Z,2026-05-31T23:59:59Z
APP-0009686,REQ-2024-00488,accepted,2024-04-19,2024-04-24,,,,,2024-05-13,74500,USD,2024-04-24T17:07:52Z,2026-05-31T23:59:59Z
APP-0009725,REQ-2024-00471,offer_withdrawn,2024-04-14,,,2024-04-16,,,2024-05-12,63500,USD,2024-04-16T10:23:43Z,2026-05-31T23:59:59Z
APP-0009744,REQ-2024-00502,accepted,2024-04-25,2024-04-27,,,,,2024-05-20,78000,USD,2024-04-27T09:12:31Z,2026-05-31T23:59:59Z
APP-0009752,REQ-2024-00292,offer_declined,2024-05-05,,2024-05-07,,,,2024-06-02,121000,USD,2024-05-07T12:12:59Z,2026-05-31T23:59:59Z
APP-0009759,REQ-2024-00446,accepted,2024-04-24,2024-04-25,,,,,2024-05-27,73500,USD,2024-04-25T13:16:51Z,2026-05-31T23:59:59Z
APP-0009765,REQ-2024-00466,offer_declined,2024-04-28,,2024-05-05,,,,2024-05-26,92500,USD,2024-05-05T18:54:35Z,2026-05-31T23:59:59Z
APP-0009769,REQ-2024-00471,accepted,2024-04-12,2024-04-15,,,,,2024-05-13,58500,USD,2024-04-30T16:36:16Z,2026-05-31T23:59:59Z
APP-0009771,REQ-2024-00475,accepted,2024-05-08,2024-05-09,,,,,2024-06-10,125500,USD,2024-05-09T11:03:15Z,2026-05-31T23:59:59Z
APP-0009793,REQ-2024-00501,accepted,2024-04-19,2024-04-20,,,,,2024-05-20,67500,USD,2024-04-20T19:14:25Z,2026-05-31T23:59:59Z
APP-0009865,REQ-2024-00345,accepted,2024-05-12,2024-05-16,,,,,2024-06-24,110700,USD,2024-05-29T17:34:14Z,2026-05-31T23:59:59Z
APP-0009868,REQ-2024-00383,accepted,2024-05-01,2024-05-02,,,,,2024-05-20,60500,USD,2024-05-02T12:27:23Z,2026-05-31T23:59:59Z
APP-0009870,REQ-2024-00402,accepted,2024-04-29,2024-04-30,,,,,2024-06-24,165000,USD,2024-04-30T08:34:32Z,2026-05-31T23:59:59Z
APP-0009887,REQ-2024-00466,offer_withdrawn,2024-04-27,,,2024-04-29,,,2024-05-25,108000,USD,2024-04-29T17:18:44Z,2026-05-31T23:59:59Z
APP-0009896,REQ-2024-00485,offer_declined,2024-04-20,,2024-04-24,,,,2024-05-18,76000,USD,2024-04-24T08:38:59Z,2026-05-31T23:59:59Z
APP-0009937,REQ-2024-00408,accepted,2024-05-08,2024-05-11,,,,,2024-06-03,68000,USD,2024-05-11T11:45:12Z,2026-05-31T23:59:59Z
APP-0009943,REQ-2024-00454,accepted,2024-05-12,2024-05-15,,,,,2024-07-15,152500,USD,2024-05-27T15:34:46Z,2026-05-31T23:59:59Z
APP-0009974,REQ-2024-00501,offer_declined,2024-04-24,,2024-04-25,,,,2024-05-22,75000,USD,2024-04-25T18:45:10Z,2026-05-31T23:59:59Z
APP-0010006,REQ-2024-00460,accepted,2024-04-22,2024-04-27,,,,,2024-05-20,81500,USD,2024-04-27T17:54:48Z,2026-05-31T23:59:59Z
APP-0010012,REQ-2024-00476,offer_declined,2024-04-26,,2024-04-27,,,,2024-05-24,61000,USD,2024-04-27T17:56:00Z,2026-05-31T23:59:59Z
APP-0010030,REQ-2024-00508,accepted,2024-04-28,2024-05-03,,,,,2024-06-03,80000,USD,2024-05-03T19:26:22Z,2026-05-31T23:59:59Z
APP-0010031,REQ-2024-00508,accepted,2024-04-23,2024-04-24,,,,,2024-06-24,82000,USD,2024-05-08T14:20:56Z,2026-05-31T23:59:59Z
APP-0010032,REQ-2024-00020,accepted,2024-04-24,2024-04-27,,,,,2024-05-27,92500,USD,2024-04-27T14:38:42Z,2026-05-31T23:59:59Z
APP-0010043,REQ-2024-00333,offer_declined,2024-04-21,,2024-04-30,,,,2024-05-19,76500,USD,2024-04-30T13:20:35Z,2026-05-31T23:59:59Z
APP-0010049,REQ-2024-00383,offer_withdrawn,2024-05-02,,,2024-05-04,,,2024-05-30,61000,USD,2024-05-04T14:03:41Z,2026-05-31T23:59:59Z
APP-0010070,REQ-2024-00497,accepted,2024-04-27,2024-04-29,,,,,2024-06-03,131000,USD,2024-04-29T14:36:10Z,2026-05-31T23:59:59Z
APP-0010089,REQ-2024-00512,offer_declined,2024-05-04,,2024-05-13,,,,2024-06-01,100500,USD,2024-05-13T10:54:41Z,2026-05-31T23:59:59Z
APP-0010121,REQ-2024-00461,accepted,2024-05-06,2024-05-12,,,,,2024-06-10,107000,USD,2024-05-12T18:38:54Z,2026-05-31T23:59:59Z
APP-0010163,REQ-2024-00372,accepted,2024-04-29,2024-04-30,,,,,2024-05-27,95000,USD,2024-04-30T14:17:58Z,2026-05-31T23:59:59Z
APP-0010206,REQ-2024-00499,accepted,2024-04-28,2024-04-29,,,,,2024-05-27,61000,USD,2024-04-29T14:50:46Z,2026-05-31T23:59:59Z
APP-0010215,REQ-2024-00509,offer_declined,2024-04-24,,2024-04-27,,,,2024-05-22,81500,USD,2024-04-27T10:02:37Z,2026-05-31T23:59:59Z
APP-0010248,REQ-2024-00486,accepted,2024-05-30,2024-06-06,,,,,2024-07-15,138000,USD,2024-06-06T10:03:49Z,2026-05-31T23:59:59Z
APP-0010280,REQ-2024-00153,accepted,2024-04-30,2024-05-06,,,,,2024-06-10,107000,USD,2024-05-06T09:13:31Z,2026-05-31T23:59:59Z
APP-0010308,REQ-2024-00484,offer_withdrawn,2024-05-20,,,2024-05-24,,,2024-06-17,146500,USD,2024-05-24T08:10:30Z,2026-05-31T23:59:59Z
APP-0010310,REQ-2024-00485,offer_declined,2024-05-23,,2024-05-27,,,,2024-06-20,85000,USD,2024-05-27T17:43:33Z,2026-05-31T23:59:59Z
APP-0010326,REQ-2024-00510,accepted,2024-05-02,2024-05-04,,,,,2024-05-27,75000,USD,2024-05-04T18:13:07Z,2026-05-31T23:59:59Z
APP-0010335,REQ-2024-00097,accepted,2024-05-18,2024-05-25,,,,,2024-06-24,191500,USD,2024-05-25T08:00:08Z,2026-05-31T23:59:59Z
APP-0010362,REQ-2024-00463,accepted,2024-04-30,2024-05-02,,,,,2024-06-10,105000,USD,2024-05-02T13:15:26Z,2026-05-31T23:59:59Z
APP-0010364,REQ-2024-00476,offer_declined,2024-05-14,,2024-05-20,,,,2024-06-11,59500,USD,2024-05-20T14:29:47Z,2026-05-31T23:59:59Z
APP-0010387,REQ-2024-00511,offer_withdrawn,2024-05-06,,,2024-05-09,,,2024-06-03,111500,USD,2024-05-09T19:53:19Z,2026-05-31T23:59:59Z
APP-0010437,REQ-2024-00502,accepted,2024-05-04,2024-05-08,,,,,2024-06-03,76000,USD,2024-05-08T13:00:17Z,2026-05-31T23:59:59Z
APP-0010446,REQ-2024-00510,accepted,2024-04-29,2024-05-02,,,,,2024-05-27,68500,USD,2024-05-02T17:10:08Z,2026-05-31T23:59:59Z
APP-0010456,REQ-2024-00519,candidate_renege,2024-05-01,2024-05-03,,,,2024-05-12,2024-05-20,56000,USD,2024-05-12T08:59:29Z,2026-05-31T23:59:59Z
APP-0010457,REQ-2024-00519,accepted,2024-05-05,2024-05-07,,,,,2024-05-20,52000,USD,2024-05-12T15:15:51Z,2026-05-31T23:59:59Z
APP-0010458,REQ-2024-00524,offer_declined,2024-05-05,,2024-05-09,,,,2024-06-02,132000,USD,2024-05-09T17:18:46Z,2026-05-31T23:59:59Z
APP-0010480,REQ-2024-00461,accepted,2024-05-19,2024-05-22,,,,,2024-06-24,106000,USD,2024-05-22T18:06:01Z,2026-05-31T23:59:59Z
APP-0010493,REQ-2024-00482,accepted,2024-05-08,2024-05-09,,,,,2024-06-17,103000,USD,2024-05-09T09:59:14Z,2026-05-31T23:59:59Z
APP-0010516,REQ-2024-00530,accepted,2024-04-29,2024-05-01,,,,,2024-05-20,57500,USD,2024-05-01T15:12:02Z,2026-05-31T23:59:59Z
APP-0010539,REQ-2024-00407,accepted,2024-05-02,2024-05-07,,,,,2024-06-17,102500,USD,2024-05-07T13:53:21Z,2026-05-31T23:59:59Z
APP-0010541,REQ-2024-00420,accepted,2024-05-02,2024-05-04,,,,,2024-06-03,72500,USD,2024-05-04T09:01:24Z,2026-05-31T23:59:59Z
APP-0010559,REQ-2024-00482,accepted,2024-05-08,2024-05-10,,,,,2024-06-10,93500,USD,2024-05-10T15:14:31Z,2026-05-31T23:59:59Z
APP-0010594,REQ-2024-00519,accepted,2024-05-03,2024-05-04,,,,,2024-05-27,61000,USD,2024-05-04T10:50:14Z,2026-05-31T23:59:59Z
APP-0010601,REQ-2024-00526,accepted,2024-05-14,2024-05-15,,,,,2024-06-10,58000,USD,2024-05-15T09:33:45Z,2026-05-31T23:59:59Z
APP-0010633,REQ-2024-00483,accepted,2024-05-01,2024-05-04,,,,,2024-06-17,104500,USD,2024-05-04T19:16:38Z,2026-05-31T23:59:59Z
APP-0010649,REQ-2024-00519,accepted,2024-05-01,2024-05-07,,,,,2024-05-20,55000,USD,2024-05-07T13:41:35Z,2026-05-31T23:59:59Z
APP-0010657,REQ-2024-00527,accepted,2024-05-05,2024-05-06,,,,,2024-06-10,81500,USD,2024-05-06T17:24:25Z,2026-05-31T23:59:59Z
APP-0010660,REQ-2024-00530,accepted,2024-05-01,2024-05-03,,,,,2024-05-27,62500,USD,2024-05-03T15:08:25Z,2026-05-31T23:59:59Z
APP-0010666,REQ-2024-00013,accepted,2024-05-10,2024-05-14,,,,,2024-06-03,97000,USD,2024-05-22T09:43:56Z,2026-05-31T23:59:59Z
APP-0010685,REQ-2024-00463,accepted,2024-05-03,2024-05-08,,,,,2024-06-10,109500,USD,2024-05-08T12:00:40Z,2026-05-31T23:59:59Z
APP-0010690,REQ-2024-00476,accepted,2024-05-02,2024-05-05,,,,,2024-05-27,63500,USD,2024-05-05T19:05:10Z,2026-05-31T23:59:59Z
APP-0010726,REQ-2024-00541,offer_declined,2024-05-30,,2024-06-04,,,,2024-06-27,97000,USD,2024-06-04T17:32:31Z,2026-05-31T23:59:59Z
APP-0010736,REQ-2024-00161,accepted,2024-05-08,2024-05-10,,,,,2024-06-10,97500,USD,2024-05-10T15:39:26Z,2026-05-31T23:59:59Z
APP-0010739,REQ-2024-00303,accepted,2024-05-09,2024-05-12,,,,,2024-06-17,87500,USD,2024-05-12T12:44:47Z,2026-05-31T23:59:59Z
APP-0010743,REQ-2024-00335,accepted,2024-05-07,2024-05-10,,,,,2024-06-24,113000,USD,2024-05-24T10:23:34Z,2026-05-31T23:59:59Z
APP-0010749,REQ-2024-00412,offer_declined,2024-05-06,,2024-05-12,,,,2024-06-03,106000,USD,2024-05-12T10:10:00Z,2026-05-31T23:59:59Z
APP-0010771,REQ-2024-00506,offer_withdrawn,2024-05-01,,,2024-05-04,,,2024-05-29,65000,USD,2024-05-04T12:37:29Z,2026-05-31T23:59:59Z
APP-0010775,REQ-2024-00508,accepted,2024-04-30,2024-05-01,,,,,2024-06-03,89000,USD,2024-05-01T13:38:24Z,2026-05-31T23:59:59Z
APP-0010780,REQ-2024-00519,accepted,2024-05-03,2024-05-09,,,,,2024-06-03,50000,USD,2024-05-09T16:32:16Z,2026-05-31T23:59:59Z
APP-0010792,REQ-2024-00533,accepted,2024-04-30,2024-05-04,,,,,2024-06-17,103500,USD,2024-05-04T15:08:45Z,2026-05-31T23:59:59Z
APP-0010830,REQ-2024-00506,accepted,2024-05-01,2024-05-02,,,,,2024-05-27,64500,USD,2024-05-02T08:51:50Z,2026-05-31T23:59:59Z
APP-0010831,REQ-2024-00508,offer_declined,2024-05-03,,2024-05-08,,,,2024-05-31,77500,USD,2024-05-08T13:02:40Z,2026-05-31T23:59:59Z
APP-0010852,REQ-2024-00533,candidate_renege,2024-05-05,2024-05-15,,,,2024-06-05,2024-06-24,111000,USD,2024-06-05T09:03:08Z,2026-05-31T23:59:59Z
APP-0010855,REQ-2024-00539,accepted,2024-05-05,2024-05-09,,,,,2024-06-10,68000,USD,2024-05-09T11:51:11Z,2026-05-31T23:59:59Z
APP-0010858,REQ-2024-00540,offer_declined,2024-05-19,,2024-05-21,,,,2024-06-16,77500,USD,2024-05-21T18:28:34Z,2026-05-31T23:59:59Z
APP-0010859,REQ-2024-00540,accepted,2024-05-07,2024-05-12,,,,,2024-06-17,89000,USD,2024-05-12T12:06:28Z,2026-05-31T23:59:59Z
APP-0010873,REQ-2024-00251,accepted,2024-06-01,2024-06-06,,,,,2024-07-08,90000,USD,2024-06-06T12:21:44Z,2026-05-31T23:59:59Z
APP-0010888,REQ-2024-00482,offer_declined,2024-05-08,,2024-05-10,,,,2024-06-03,99500,USD,2024-05-10T19:35:59Z,2026-05-31T23:59:59Z
APP-0010891,REQ-2024-00492,accepted,2024-05-09,2024-05-16,,,,,2024-06-17,70000,USD,2024-05-31T09:48:42Z,2026-05-31T23:59:59Z
APP-0010907,REQ-2024-00519,accepted,2024-05-03,2024-05-05,,,,,2024-05-20,57000,USD,2024-05-05T17:03:45Z,2026-05-31T23:59:59Z
APP-0010919,REQ-2024-00530,offer_withdrawn,2024-05-02,,,2024-05-05,,,2024-05-30,62000,USD,2024-05-05T11:53:27Z,2026-05-31T23:59:59Z
APP-0010924,REQ-2024-00534,offer_declined,2024-05-19,,2024-05-21,,,,2024-06-16,102500,USD,2024-05-21T16:38:33Z,2026-05-31T23:59:59Z
APP-0010955,REQ-2024-00365,accepted,2024-05-27,2024-05-31,,,,,2024-07-22,159500,USD,2024-05-31T18:13:44Z,2026-05-31T23:59:59Z
APP-0010962,REQ-2024-00435,offer_declined,2024-05-23,,2024-05-26,,,,2024-06-20,79500,USD,2024-05-26T08:22:16Z,2026-05-31T23:59:59Z
APP-0010964,REQ-2024-00459,accepted,2024-05-09,2024-05-11,,,,,2024-06-10,79000,USD,2024-05-11T10:01:49Z,2026-05-31T23:59:59Z
APP-0010979,REQ-2024-00519,offer_declined,2024-05-02,,2024-05-05,,,,2024-05-30,48000,USD,2024-05-05T12:14:41Z,2026-05-31T23:59:59Z
APP-0011012,REQ-2024-00476,offer_declined,2024-05-11,,2024-05-12,,,,2024-06-08,54000,USD,2024-05-12T15:25:09Z,2026-05-31T23:59:59Z
APP-0011038,REQ-2024-00526,accepted,2024-05-04,2024-05-05,,,,,2024-06-24,54000,USD,2024-05-10T18:27:21Z,2026-05-31T23:59:59Z
APP-0011042,REQ-2024-00528,accepted,2024-05-08,2024-05-10,,,,,2024-06-03,64000,USD,2024-05-10T18:48:48Z,2026-05-31T23:59:59Z
APP-0011051,REQ-2024-00540,accepted,2024-05-20,2024-05-23,,,,,2024-07-01,87500,USD,2024-05-23T09:31:23Z,2026-05-31T23:59:59Z
APP-0011058,REQ-2024-00553,accepted,2024-05-14,2024-05-15,,,,,2024-06-10,80000,USD,2024-05-15T18:49:51Z,2026-05-31T23:59:59Z
APP-0011061,REQ-2024-00015,accepted,2024-06-23,2024-06-26,,,,,2024-07-29,121000,USD,2024-07-02T17:17:28Z,2026-05-31T23:59:59Z
APP-0011068,REQ-2024-00254,offer_declined,2024-05-19,,2024-05-21,,,,2024-06-16,65000,USD,2024-05-21T19:30:20Z,2026-05-31T23:59:59Z
APP-0011070,REQ-2024-00269,accepted,2024-05-06,2024-05-10,,,,,2024-06-03,74500,USD,2024-05-10T10:18:39Z,2026-05-31T23:59:59Z
APP-0011104,REQ-2024-00519,offer_declined,2024-05-08,,2024-05-10,,,,2024-06-05,55500,USD,2024-05-10T16:23:50Z,2026-05-31T23:59:59Z
APP-0011117,REQ-2024-00554,offer_declined,2024-05-09,,2024-05-14,,,,2024-06-06,104000,USD,2024-05-14T13:34:37Z,2026-05-31T23:59:59Z
APP-0011118,REQ-2024-00554,offer_declined,2024-05-11,,2024-05-15,,,,2024-06-08,105000,USD,2024-05-15T10:44:12Z,2026-05-31T23:59:59Z
APP-0011120,REQ-2024-00144,accepted,2024-05-24,2024-05-26,,,,,2024-06-24,85500,USD,2024-05-26T15:58:05Z,2026-05-31T23:59:59Z
APP-0011152,REQ-2024-00511,offer_declined,2024-06-08,,2024-06-09,,,,2024-07-04,123500,USD,2024-06-09T14:44:54Z,2026-05-31T23:59:59Z
APP-0011153,REQ-2024-00519,offer_withdrawn,2024-05-08,,,2024-05-09,,,2024-06-05,52000,USD,2024-05-09T19:05:20Z,2026-05-31T23:59:59Z
APP-0011154,REQ-2024-00519,offer_withdrawn,2024-05-09,,,2024-05-16,,,2024-06-06,48000,USD,2024-05-16T11:34:43Z,2026-05-31T23:59:59Z
APP-0011179,REQ-2024-00544,accepted,2024-05-21,2024-05-24,,,,,2024-06-24,85000,USD,2024-05-24T09:49:32Z,2026-05-31T23:59:59Z
APP-0011189,REQ-2024-00053,accepted,2024-05-13,2024-05-15,,,,,2024-06-03,54500,USD,2024-05-15T19:27:31Z,2026-05-31T23:59:59Z
APP-0011192,REQ-2024-00117,accepted,2024-06-18,2024-06-20,,,,,2024-07-08,90000,USD,2024-06-24T09:40:58Z,2026-05-31T23:59:59Z
APP-0011197,REQ-2024-00195,accepted,2024-06-01,2024-06-04,,,,,2024-07-15,141400,USD,2024-06-08T18:16:05Z,2026-05-31T23:59:59Z
APP-0011225,REQ-2024-00514,accepted,2024-05-23,2024-05-25,,,,,2024-07-01,102500,USD,2024-05-25T19:50:51Z,2026-05-31T23:59:59Z
APP-0011228,REQ-2024-00519,offer_withdrawn,2024-05-08,,,2024-05-10,,,2024-06-05,56500,USD,2024-05-10T11:25:26Z,2026-05-31T23:59:59Z
APP-0011262,REQ-2024-00554,accepted,2024-05-10,2024-05-13,,,,,2024-06-17,97500,USD,2024-05-13T14:03:40Z,2026-05-31T23:59:59Z
APP-0011278,REQ-2024-00382,accepted,2024-05-11,2024-05-13,,,,,2024-06-03,65500,USD,2024-05-13T12:09:07Z,2026-05-31T23:59:59Z
APP-0011281,REQ-2024-00404,accepted,2024-05-06,2024-05-09,,,,,2024-06-24,69500,USD,2024-05-24T19:34:32Z,2026-05-31T23:59:59Z
APP-0011284,REQ-2024-00485,accepted,2024-05-24,2024-05-29,,,,,2024-06-24,76500,USD,2024-05-29T16:48:07Z,2026-05-31T23:59:59Z
APP-0011296,REQ-2024-00517,accepted,2024-05-23,2024-05-28,,,,,2024-07-08,113000,USD,2024-05-28T11:44:42Z,2026-05-31T23:59:59Z
APP-0011306,REQ-2024-00522,accepted,2024-05-11,2024-05-14,,,,,2024-06-03,61000,USD,2024-05-14T16:32:20Z,2026-05-31T23:59:59Z
APP-0011323,REQ-2024-00555,accepted,2024-05-19,2024-05-23,,,,,2024-06-24,92000,USD,2024-05-23T12:45:13Z,2026-05-31T23:59:59Z
APP-0011328,REQ-2024-00559,candidate_renege,2024-05-15,2024-05-21,,,,2024-05-28,2024-07-08,176000,USD,2024-05-28T12:37:37Z,2026-05-31T23:59:59Z
APP-0011331,REQ-2024-00561,accepted,2024-05-11,2024-05-16,,,,,2024-06-10,66500,USD,2024-05-16T10:47:16Z,2026-05-31T23:59:59Z
APP-0011344,REQ-2024-00412,accepted,2024-05-25,2024-05-31,,,,,2024-06-24,92000,USD,2024-05-31T15:21:32Z,2026-05-31T23:59:59Z
APP-0011354,REQ-2024-00495,accepted,2024-05-19,2024-05-21,,,,,2024-07-01,85500,USD,2024-05-23T17:03:57Z,2026-05-31T23:59:59Z
APP-0011357,REQ-2024-00507,accepted,2024-06-09,2024-06-13,,,,,2024-07-29,128000,USD,2024-06-13T12:28:55Z,2026-05-31T23:59:59Z
APP-0011376,REQ-2024-00531,accepted,2024-06-09,2024-06-15,,,,,2024-07-22,136500,USD,2024-06-15T18:45:39Z,2026-05-31T23:59:59Z
APP-0011380,REQ-2024-00540,offer_withdrawn,2024-05-21,,,2024-05-24,,,2024-06-18,83000,USD,2024-05-24T18:47:05Z,2026-05-31T23:59:59Z
APP-0011389,REQ-2024-00548,accepted,2024-06-04,2024-06-08,,,,,2024-07-22,107500,USD,2024-06-08T16:37:33Z,2026-05-31T23:59:59Z
APP-0011392,REQ-2024-00554,offer_declined,2024-05-24,,2024-05-26,,,,2024-06-21,100000,USD,2024-05-26T09:06:12Z,2026-05-31T23:59:59Z
APP-0011433,REQ-2024-00526,offer_withdrawn,2024-05-12,,,2024-05-16,,,2024-06-09,52000,USD,2024-05-16T09:00:13Z,2026-05-31T23:59:59Z
APP-0011446,REQ-2024-00538,accepted,2024-06-14,2024-06-17,,,,,2024-07-15,176500,USD,2024-06-17T13:56:37Z,2026-05-31T23:59:59Z
APP-0011447,REQ-2024-00539,offer_withdrawn,2024-05-25,,,2024-05-27,,,2024-06-22,61000,USD,2024-05-27T19:35:31Z,2026-05-31T23:59:59Z
APP-0011452,REQ-2024-00542,offer_withdrawn,2024-05-18,,,2024-05-24,,,2024-06-15,104000,USD,2024-05-24T08:46:05Z,2026-05-31T23:59:59Z
APP-0011467,REQ-2024-00561,offer_declined,2024-05-16,,2024-05-18,,,,2024-06-13,71000,USD,2024-05-18T10:20:49Z,2026-05-31T23:59:59Z
APP-0011469,REQ-2024-00561,accepted,2024-05-14,2024-05-17,,,,,2024-06-17,67000,USD,2024-05-17T13:28:38Z,2026-05-31T23:59:59Z
APP-0011470,REQ-2024-00561,accepted,2024-05-18,2024-05-20,,,,,2024-06-10,73000,USD,2024-05-20T19:20:03Z,2026-05-31T23:59:59Z
APP-0011521,REQ-2024-00554,candidate_renege,2024-05-11,2024-05-14,,,,2024-05-22,2024-06-17,106500,USD,2024-05-22T09:57:27Z,2026-05-31T23:59:59Z
APP-0011522,REQ-2024-00554,accepted,2024-05-20,2024-05-23,,,,,2024-06-24,112000,USD,2024-05-23T09:07:09Z,2026-05-31T23:59:59Z
APP-0011527,REQ-2024-00555,accepted,2024-05-19,2024-05-23,,,,,2024-06-24,77500,USD,2024-05-23T14:51:30Z,2026-05-31T23:59:59Z
APP-0011528,REQ-2024-00556,accepted,2024-06-06,2024-06-09,,,,,2024-07-15,130000,USD,2024-06-09T19:54:11Z,2026-05-31T23:59:59Z
APP-0011532,REQ-2024-00557,accepted,2024-05-21,2024-05-22,,,,,2024-06-24,69500,USD,2024-05-22T17:11:24Z,2026-05-31T23:59:59Z
APP-0011535,REQ-2024-00561,offer_declined,2024-05-15,,2024-05-17,,,,2024-06-09,77000,USD,2024-05-17T13:55:43Z,2026-05-31T23:59:59Z
APP-0011571,REQ-2024-00489,offer_declined,2024-05-29,,2024-06-04,,,,2024-06-26,79000,USD,2024-06-04T18:47:30Z,2026-05-31T23:59:59Z
APP-0011595,REQ-2024-00537,accepted,2024-06-11,2024-06-18,,,,,2024-08-05,163500,USD,2024-06-18T14:00:53Z,2026-05-31T23:59:59Z
APP-0011607,REQ-2024-00554,accepted,2024-05-29,2024-06-01,,,,,2024-07-08,104500,USD,2024-06-01T19:55:21Z,2026-05-31T23:59:59Z
APP-0011620,REQ-2024-00571,accepted,2024-05-21,2024-05-31,,,,,2024-07-08,101500,USD,2024-05-31T12:14:00Z,2026-05-31T23:59:59Z
APP-0011665,REQ-2024-00553,candidate_renege,2024-05-16,2024-05-17,,,,2024-05-19,2024-06-17,80000,USD,2024-05-19T17:02:59Z,2026-05-31T23:59:59Z
APP-0011667,REQ-2024-00554,accepted,2024-05-19,2024-05-24,,,,,2024-07-01,113500,USD,2024-05-24T13:06:55Z,2026-05-31T23:59:59Z
APP-0011670,REQ-2024-00558,accepted,2024-06-16,2024-06-19,,,,,2024-08-12,153000,USD,2024-07-01T15:44:13Z,2026-05-31T23:59:59Z
APP-0011675,REQ-2024-00561,accepted,2024-05-20,2024-05-25,,,,,2024-06-24,72000,USD,2024-05-25T13:39:14Z,2026-05-31T23:59:59Z
APP-0011676,REQ-2024-00561,accepted,2024-05-18,2024-05-21,,,,,2024-06-24,74000,USD,2024-05-21T18:56:56Z,2026-05-31T23:59:59Z
APP-0011681,REQ-2024-00565,offer_rescinded,2024-05-19,2024-05-21,,,2024-05-27,,2024-06-10,66500,USD,2024-05-27T11:52:52Z,2026-05-31T23:59:59Z
APP-0011692,REQ-2024-00374,accepted,2024-05-27,2024-05-28,,,,,2024-07-01,70000,USD,2024-05-28T15:29:51Z,2026-05-31T23:59:59Z
APP-0011707,REQ-2024-00534,offer_declined,2024-06-04,,2024-06-05,,,,2024-06-30,113000,USD,2024-06-05T16:38:54Z,2026-05-31T23:59:59Z
APP-0011732,REQ-2024-00561,offer_withdrawn,2024-05-22,,,2024-05-25,,,2024-06-19,74000,USD,2024-05-25T16:53:38Z,2026-05-31T23:59:59Z
APP-0011733,REQ-2024-00561,offer_withdrawn,2024-05-19,,,2024-05-25,,,2024-06-16,68000,USD,2024-05-25T13:41:24Z,2026-05-31T23:59:59Z
APP-0011734,REQ-2024-00561,accepted,2024-05-16,2024-05-18,,,,,2024-06-17,79500,USD,2024-05-18T11:51:03Z,2026-05-31T23:59:59Z
APP-0011740,REQ-2024-00569,offer_declined,2024-05-23,,2024-05-25,,,,2024-06-19,89000,USD,2024-05-25T14:18:33Z,2026-05-31T23:59:59Z
APP-0011742,REQ-2024-00570,accepted,2024-05-20,2024-05-23,,,,,2024-07-08,63500,USD,2024-05-31T10:17:57Z,2026-05-31T23:59:59Z
APP-0011751,REQ-2024-00150,accepted,2024-05-31,2024-06-07,,,,,2024-07-15,92500,USD,2024-06-07T12:15:42Z,2026-05-31T23:59:59Z
APP-0011784,REQ-2024-00548,accepted,2024-05-18,2024-05-20,,,,,2024-06-17,109500,USD,2024-05-20T14:25:48Z,2026-05-31T23:59:59Z
APP-0011792,REQ-2024-00555,offer_withdrawn,2024-05-21,,,2024-05-23,,,2024-06-18,83500,USD,2024-05-23T15:33:44Z,2026-05-31T23:59:59Z
APP-0011803,REQ-2024-00563,accepted,2024-05-23,2024-05-25,,,,,2024-06-24,80500,USD,2024-05-25T11:07:38Z,2026-05-31T23:59:59Z
APP-0011814,REQ-2024-00573,offer_declined,2024-05-18,,2024-05-21,,,,2024-06-15,56000,USD,2024-05-21T16:10:00Z,2026-05-31T23:59:59Z
APP-0011815,REQ-2024-00575,accepted,2024-05-26,2024-05-27,,,,,2024-07-01,77500,USD,2024-05-27T17:01:02Z,2026-05-31T23:59:59Z
APP-0011835,REQ-2024-00474,offer_declined,2024-06-10,,2024-06-12,,,,2024-07-07,73000,USD,2024-06-12T08:59:56Z,2026-05-31T23:59:59Z
APP-0011849,REQ-2024-00542,accepted,2024-05-20,2024-05-23,,,,,2024-06-24,100000,USD,2024-05-23T17:23:44Z,2026-05-31T23:59:59Z
APP-0011854,REQ-2024-00549,accepted,2024-05-21,2024-05-28,,,,,2024-06-17,61500,USD,2024-05-28T08:15:24Z,2026-05-31T23:59:59Z
APP-0011863,REQ-2024-00559,offer_withdrawn,2024-05-20,,,2024-05-24,,,2024-06-16,171500,USD,2024-05-24T08:12:44Z,2026-05-31T23:59:59Z
APP-0011878,REQ-2024-00569,offer_declined,2024-05-29,,2024-06-02,,,,2024-06-26,76000,USD,2024-06-02T11:58:45Z,2026-05-31T23:59:59Z
APP-0011891,REQ-2024-00191,accepted,2024-05-24,2024-05-25,,,,,2024-06-17,83000,USD,2024-05-25T16:07:59Z,2026-05-31T23:59:59Z
APP-0011915,REQ-2024-00518,offer_declined,2024-05-30,,2024-06-02,,,,2024-06-27,72500,USD,2024-06-02T10:45:13Z,2026-05-31T23:59:59Z
APP-0011940,REQ-2024-00565,accepted,2024-05-21,2024-05-23,,,,,2024-06-24,71500,USD,2024-05-23T15:00:03Z,2026-05-31T23:59:59Z
APP-0011941,REQ-2024-00566,offer_withdrawn,2024-05-19,,,2024-05-20,,,2024-06-16,76500,USD,2024-05-20T09:35:33Z,2026-05-31T23:59:59Z
APP-0011942,REQ-2024-00568,accepted,2024-05-26,2024-05-29,,,,,2024-06-24,90100,USD,2024-06-05T19:55:11Z,2026-05-31T23:59:59Z
APP-0011949,REQ-2024-00577,accepted,2024-05-28,2024-05-29,,,,,2024-06-17,63000,USD,2024-05-29T13:11:51Z,2026-05-31T23:59:59Z
APP-0011951,REQ-2024-00578,accepted,2024-06-30,2024-07-03,,,,,2024-08-05,92000,USD,2024-07-03T08:42:12Z,2026-05-31T23:59:59Z
APP-0011964,REQ-2024-00257,offer_declined,2024-05-26,,2024-05-30,,,,2024-06-23,104500,USD,2024-05-30T10:55:36Z,2026-05-31T23:59:59Z
APP-0011973,REQ-2024-00468,offer_declined,2024-07-07,,2024-07-12,,,,2024-08-04,144000,USD,2024-07-12T13:06:18Z,2026-05-31T23:59:59Z
APP-0011994,REQ-2024-00551,accepted,2024-06-04,2024-06-07,,,,,2024-06-24,70500,USD,2024-06-07T15:38:15Z,2026-05-31T23:59:59Z
APP-0012017,REQ-2024-00576,offer_declined,2024-06-11,,2024-06-14,,,,2024-07-09,91000,USD,2024-06-14T11:54:28Z,2026-05-31T23:59:59Z
APP-0012023,REQ-2024-00587,offer_declined,2024-06-02,,2024-06-05,,,,2024-06-30,70000,USD,2024-06-05T15:37:18Z,2026-05-31T23:59:59Z
APP-0012043,REQ-2024-00407,accepted,2024-05-27,2024-05-30,,,,,2024-07-08,89500,USD,2024-05-30T17:00:24Z,2026-05-31T23:59:59Z
APP-0012050,REQ-2024-00476,accepted,2024-06-02,2024-06-04,,,,,2024-06-17,57000,USD,2024-06-04T12:18:27Z,2026-05-31T23:59:59Z
APP-0012061,REQ-2024-00534,accepted,2024-06-24,2024-06-25,,,,,2024-07-22,111000,USD,2024-06-25T15:18:30Z,2026-05-31T23:59:59Z
APP-0012062,REQ-2024-00535,offer_withdrawn,2024-06-02,,,2024-06-05,,,2024-06-30,64000,USD,2024-06-05T09:16:44Z,2026-05-31T23:59:59Z
APP-0012167,REQ-2024-00582,accepted,2024-05-20,2024-05-25,,,,,2024-07-08,90000,USD,2024-05-25T16:02:12Z,2026-05-31T23:59:59Z
APP-0012192,REQ-2024-00495,accepted,2024-06-03,2024-06-07,,,,,2024-07-08,79500,USD,2024-06-07T11:41:56Z,2026-05-31T23:59:59Z
APP-0012222,REQ-2024-00574,accepted,2024-05-31,2024-06-11,,,,,2024-07-15,81000,USD,2024-06-11T19:15:34Z,2026-05-31T23:59:59Z
APP-0012224,REQ-2024-00580,accepted,2024-05-29,2024-05-30,,,,,2024-07-08,87000,USD,2024-05-30T08:01:39Z,2026-05-31T23:59:59Z
APP-0012229,REQ-2024-00588,offer_declined,2024-06-08,,2024-06-09,,,,2024-07-06,109000,USD,2024-06-09T19:22:06Z,2026-05-31T23:59:59Z
APP-0012231,REQ-2024-00588,accepted,2024-06-06,2024-06-08,,,,,2024-07-08,113500,USD,2024-06-08T12:02:53Z,2026-05-31T23:59:59Z
APP-0012233,REQ-2024-00590,candidate_renege,2024-06-12,2024-06-16,,,,2024-08-02,2024-08-12,96000,USD,2024-08-02T10:49:37Z,2026-05-31T23:59:59Z
APP-0012238,REQ-2024-00591,accepted,2024-05-27,2024-05-30,,,,,2024-07-15,74000,USD,2024-06-05T09:40:25Z,2026-05-31T23:59:59Z
APP-0012239,REQ-2024-00592,accepted,2024-05-31,2024-06-09,,,,,2024-07-01,75000,USD,2024-06-09T14:11:43Z,2026-05-31T23:59:59Z
APP-0012241,REQ-2024-00593,accepted,2024-05-24,2024-05-30,,,,,2024-06-24,68500,USD,2024-06-07T09:16:26Z,2026-05-31T23:59:59Z
APP-0012246,REQ-2024-00029,accepted,2024-05-29,2024-06-04,,,,,2024-07-15,81000,USD,2024-06-14T15:16:25Z,2026-05-31T23:59:59Z
APP-0012251,REQ-2024-00157,accepted,2024-06-05,2024-06-08,,,,,2024-07-15,132000,USD,2024-06-08T10:58:51Z,2026-05-31T23:59:59Z
APP-0012257,REQ-2024-00375,accepted,2024-06-14,2024-06-15,,,,,2024-07-15,66000,USD,2024-06-15T10:38:22Z,2026-05-31T23:59:59Z
APP-0012277,REQ-2024-00527,accepted,2024-06-04,2024-06-11,,,,,2024-07-15,73000,USD,2024-06-23T09:08:44Z,2026-05-31T23:59:59Z
APP-0012282,REQ-2024-00539,accepted,2024-05-24,2024-05-25,,,,,2024-06-17,64500,USD,2024-05-25T10:14:52Z,2026-05-31T23:59:59Z
APP-0012289,REQ-2024-00554,accepted,2024-06-13,2024-06-15,,,,,2024-07-22,114000,USD,2024-06-15T19:10:12Z,2026-05-31T23:59:59Z
APP-0012304,REQ-2024-00563,accepted,2024-05-24,2024-05-30,,,,,2024-07-08,78000,USD,2024-05-30T18:08:22Z,2026-05-31T23:59:59Z
APP-0012307,REQ-2024-00567,accepted,2024-06-28,2024-07-05,,,,,2024-08-12,169000,USD,2024-07-05T14:51:24Z,2026-05-31T23:59:59Z
APP-0012308,REQ-2024-00569,accepted,2024-06-01,2024-06-04,,,,,2024-06-24,84500,USD,2024-06-04T09:26:21Z,2026-05-31T23:59:59Z
APP-0012315,REQ-2024-00579,accepted,2024-06-24,2024-06-25,,,,,2024-07-29,145000,USD,2024-06-25T17:32:49Z,2026-05-31T23:59:59Z
APP-0012329,REQ-2024-00589,accepted,2024-06-17,2024-06-18,,,,,2024-07-22,87500,USD,2024-06-18T12:52:57Z,2026-05-31T23:59:59Z
APP-0012337,REQ-2024-00590,accepted,2024-05-27,2024-05-29,,,,,2024-07-01,89000,USD,2024-05-29T10:49:19Z,2026-05-31T23:59:59Z
APP-0012344,REQ-2024-00171,accepted,2024-06-07,2024-06-15,,,,,2024-07-15,69000,USD,2024-06-15T16:28:02Z,2026-05-31T23:59:59Z
APP-0012383,REQ-2024-00563,accepted,2024-05-28,2024-05-31,,,,,2024-07-08,86000,USD,2024-05-31T19:22:37Z,2026-05-31T23:59:59Z
APP-0012416,REQ-2024-00591,offer_declined,2024-05-24,,2024-05-26,,,,2024-06-21,68000,USD,2024-05-26T18:44:14Z,2026-05-31T23:59:59Z
APP-0012476,REQ-2024-00591,accepted,2024-05-23,2024-05-25,,,,,2024-07-01,74500,USD,2024-05-28T15:59:52Z,2026-05-31T23:59:59Z
APP-0012489,REQ-2024-00290,accepted,2024-05-31,2024-06-02,,,,,2024-06-24,85000,USD,2024-06-02T19:21:10Z,2026-05-31T23:59:59Z
APP-0012523,REQ-2024-00569,accepted,2024-06-03,2024-06-05,,,,,2024-07-01,82000,USD,2024-06-05T12:02:13Z,2026-05-31T23:59:59Z
APP-0012532,REQ-2024-00581,accepted,2024-05-25,2024-05-30,,,,,2024-07-08,109500,USD,2024-05-30T17:22:26Z,2026-05-31T23:59:59Z
APP-0012536,REQ-2024-00588,accepted,2024-06-08,2024-06-10,,,,,2024-07-15,102000,USD,2024-06-10T17:24:27Z,2026-05-31T23:59:59Z
APP-0012557,REQ-2024-00338,offer_withdrawn,2024-07-03,,,2024-07-06,,,2024-07-31,209500,USD,2024-07-06T09:57:47Z,2026-05-31T23:59:59Z
APP-0012570,REQ-2024-00535,accepted,2024-06-02,2024-06-03,,,,,2024-07-01,71000,USD,2024-06-03T09:38:02Z,2026-05-31T23:59:59Z
APP-0012575,REQ-2024-00544,accepted,2024-06-14,2024-06-20,,,,,2024-07-22,85500,USD,2024-07-04T09:43:17Z,2026-05-31T23:59:59Z
APP-0012581,REQ-2024-00554,accepted,2024-05-29,2024-06-02,,,,,2024-07-15,113000,USD,2024-06-02T11:36:03Z,2026-05-31T23:59:59Z
APP-0012606,REQ-2024-00591,offer_declined,2024-05-28,,2024-05-31,,,,2024-06-25,76000,USD,2024-05-31T14:30:41Z,2026-05-31T23:59:59Z
APP-0012614,REQ-2024-00604,accepted,2024-06-14,2024-06-17,,,,,2024-07-22,102500,USD,2024-06-17T19:09:48Z,2026-05-31T23:59:59Z
APP-0012620,REQ-2024-00015,offer_withdrawn,2024-06-25,,,2024-06-28,,,2024-07-23,117000,USD,2024-06-28T11:44:38Z,2026-05-31T23:59:59Z
APP-0012636,REQ-2024-00368,offer_declined,2024-06-06,,2024-06-08,,,,2024-07-04,69500,USD,2024-06-08T17:21:22Z,2026-05-31T23:59:59Z
APP-0012672,REQ-2024-00586,accepted,2024-06-01,2024-06-03,,,,,2024-08-12,132000,USD,2024-06-13T18:54:07Z,2026-05-31T23:59:59Z
APP-0012678,REQ-2024-00591,offer_declined,2024-06-08,,2024-06-14,,,,2024-07-06,65000,USD,2024-06-14T08:32:17Z,2026-05-31T23:59:59Z
APP-0012686,REQ-2024-00599,accepted,2024-06-09,2024-06-16,,,,,2024-07-22,172000,USD,2024-06-16T12:12:09Z,2026-05-31T23:59:59Z
APP-0012693,REQ-2024-00610,accepted,2024-06-24,2024-06-30,,,,,2024-07-29,115500,USD,2024-06-30T18:33:59Z,2026-05-31T23:59:59Z
APP-0012694,REQ-2024-00611,accepted,2024-06-07,2024-06-10,,,,,2024-07-15,105000,USD,2024-06-20T14:13:08Z,2026-05-31T23:59:59Z
APP-0012708,REQ-2024-00477,accepted,2024-06-10,2024-06-11,,,,,2024-07-29,151500,USD,2024-06-11T19:10:25Z,2026-05-31T23:59:59Z
APP-0012736,REQ-2024-00590,accepted,2024-06-06,2024-06-10,,,,,2024-07-15,92500,USD,2024-06-10T15:12:37Z,2026-05-31T23:59:59Z
APP-0012776,REQ-2024-00387,offer_declined,2024-06-26,,2024-06-28,,,,2024-07-24,93500,USD,2024-06-28T18:12:49Z,2026-05-31T23:59:59Z
APP-0012780,REQ-2024-00466,accepted,2024-06-28,2024-07-02,,,,,2024-08-05,96000,USD,2024-07-02T10:32:59Z,2026-05-31T23:59:59Z
APP-0012830,REQ-2024-00606,accepted,2024-06-03,2024-06-04,,,,,2024-06-24,45500,USD,2024-06-04T10:41:49Z,2026-05-31T23:59:59Z
APP-0012838,REQ-2024-00617,offer_withdrawn,2024-06-07,,,2024-06-08,,,2024-07-03,105500,USD,2024-06-08T13:18:23Z,2026-05-31T23:59:59Z
APP-0012861,REQ-2024-00552,candidate_renege,2024-05-30,2024-06-01,,,,2024-06-06,2024-07-01,67000,USD,2024-06-06T10:52:46Z,2026-05-31T23:59:59Z
APP-0012887,REQ-2024-00591,accepted,2024-06-05,2024-06-06,,,,,2024-07-08,77500,USD,2024-06-06T08:15:01Z,2026-05-31T23:59:59Z
APP-0012897,REQ-2024-00608,offer_withdrawn,2024-05-30,,,2024-06-02,,,2024-06-27,58500,USD,2024-06-02T08:13:56Z,2026-05-31T23:59:59Z
APP-0012904,REQ-2024-00618,accepted,2024-06-09,2024-06-12,,,,,2024-07-15,77500,USD,2024-06-12T17:31:44Z,2026-05-31T23:59:59Z
APP-0012910,REQ-2024-00235,candidate_renege,2024-07-21,2024-07-28,,,,2024-08-03,2024-09-30,199000,USD,2024-08-03T08:14:16Z,2026-05-31T23:59:59Z
APP-0012923,REQ-2024-00528,accepted,2024-07-11,2024-07-15,,,,,2024-07-29,68000,USD,2024-07-15T10:22:25Z,2026-05-31T23:59:59Z
APP-0012946,REQ-2024-00584,accepted,2024-06-10,2024-06-13,,,,,2024-08-05,137000,USD,2024-06-28T11:54:16Z,2026-05-31T23:59:59Z
APP-0012956,REQ-2024-00602,offer_withdrawn,2024-06-18,,,2024-06-20,,,2024-07-16,147000,USD,2024-06-20T08:30:33Z,2026-05-31T23:59:59Z
APP-0012964,REQ-2024-00608,offer_withdrawn,2024-06-16,,,2024-06-19,,,2024-07-14,59000,USD,2024-06-19T19:02:30Z,2026-05-31T23:59:59Z
APP-0012965,REQ-2024-00608,accepted,2024-06-14,2024-06-17,,,,,2024-07-15,57500,USD,2024-06-17T14:31:44Z,2026-05-31T23:59:59Z
APP-0013018,REQ-2024-00605,offer_declined,2024-06-25,,2024-06-28,,,,2024-07-23,128000,USD,2024-06-28T18:21:52Z,2026-05-31T23:59:59Z
APP-0013021,REQ-2024-00606,offer_declined,2024-06-02,,2024-06-04,,,,2024-06-30,51000,USD,2024-06-04T09:19:35Z,2026-05-31T23:59:59Z
APP-0013033,REQ-2024-00617,accepted,2024-06-21,2024-06-23,,,,,2024-08-05,91500,USD,2024-06-23T15:52:42Z,2026-05-31T23:59:59Z
APP-0013042,REQ-2024-00114,offer_declined,2024-07-25,,2024-07-27,,,,2024-08-17,173500,USD,2024-07-27T18:36:11Z,2026-05-31T23:59:59Z
APP-0013053,REQ-2024-00321,accepted,2024-06-08,2024-06-15,,,,,2024-07-22,95100,USD,2024-06-20T16:43:56Z,2026-05-31T23:59:59Z
APP-0013085,REQ-2024-00607,offer_declined,2024-06-09,,2024-06-10,,,,2024-07-07,113500,USD,2024-06-10T13:39:00Z,2026-05-31T23:59:59Z
APP-0013099,REQ-2024-00618,accepted,2024-06-09,2024-06-11,,,,,2024-07-08,78500,USD,2024-06-11T09:19:26Z,2026-05-31T23:59:59Z
APP-0013114,REQ-2024-00299,accepted,2024-06-11,2024-06-14,,,,,2024-07-15,77500,USD,2024-06-14T15:54:04Z,2026-05-31T23:59:59Z
APP-0013130,REQ-2024-00543,offer_withdrawn,2024-06-11,,,2024-06-13,,,2024-07-07,143000,USD,2024-06-13T18:16:39Z,2026-05-31T23:59:59Z
APP-0013140,REQ-2024-00572,accepted,2024-06-07,2024-06-08,,,,,2024-07-22,91000,USD,2024-06-08T12:56:32Z,2026-05-31T23:59:59Z
APP-0013158,REQ-2024-00602,accepted,2024-06-14,2024-06-20,,,,,2024-07-29,137000,USD,2024-06-20T19:04:19Z,2026-05-31T23:59:59Z
APP-0013161,REQ-2024-00606,accepted,2024-06-02,2024-06-05,,,,,2024-06-17,46500,USD,2024-06-05T16:15:16Z,2026-05-31T23:59:59Z
APP-0013171,REQ-2024-00618,offer_withdrawn,2024-06-10,,,2024-06-12,,,2024-07-08,84000,USD,2024-06-12T10:19:01Z,2026-05-31T23:59:59Z
APP-0013179,REQ-2024-00626,accepted,2024-06-07,2024-06-08,,,,,2024-07-15,84500,USD,2024-06-08T15:28:39Z,2026-05-31T23:59:59Z
APP-0013187,REQ-2024-00117,accepted,2024-06-18,2024-06-20,,,,,2024-07-08,97000,USD,2024-06-20T17:05:51Z,2026-05-31T23:59:59Z
APP-0013226,REQ-2024-00589,accepted,2024-06-11,2024-06-13,,,,,2024-07-22,95000,USD,2024-06-13T11:30:50Z,2026-05-31T23:59:59Z
APP-0013252,REQ-2024-00624,accepted,2024-06-13,2024-06-15,,,,,2024-07-15,66500,USD,2024-06-15T13:18:44Z,2026-05-31T23:59:59Z
APP-0013261,REQ-2024-00006,accepted,2024-06-12,2024-06-13,,,,,2024-07-01,92000,USD,2024-06-13T18:30:37Z,2026-05-31T23:59:59Z
APP-0013287,REQ-2024-00588,accepted,2024-06-14,2024-06-19,,,,,2024-07-22,113500,USD,2024-06-19T10:13:10Z,2026-05-31T23:59:59Z
APP-0013301,REQ-2024-00597,accepted,2024-06-26,2024-06-27,,,,,2024-08-05,100000,USD,2024-06-27T09:15:40Z,2026-05-31T23:59:59Z
APP-0013308,REQ-2024-00608,accepted,2024-06-15,2024-06-18,,,,,2024-07-22,68500,USD,2024-06-18T11:28:24Z,2026-05-31T23:59:59Z
APP-0013329,REQ-2024-00629,accepted,2024-06-17,2024-06-19,,,,,2024-07-08,68500,USD,2024-06-19T12:04:28Z,2026-05-31T23:59:59Z
APP-0013333,REQ-2024-00631,offer_declined,2024-06-16,,2024-06-18,,,,2024-07-11,132000,USD,2024-06-18T13:05:23Z,2026-05-31T23:59:59Z
APP-0013334,REQ-2024-00633,offer_withdrawn,2024-06-24,,,2024-07-03,,,2024-07-22,78500,USD,2024-07-03T19:01:04Z,2026-05-31T23:59:59Z
APP-0013335,REQ-2024-00633,accepted,2024-06-13,2024-06-19,,,,,2024-07-22,81000,USD,2024-06-19T15:06:14Z,2026-05-31T23:59:59Z
APP-0013336,REQ-2024-00633,accepted,2024-06-14,2024-06-17,,,,,2024-07-15,80500,USD,2024-06-17T17:20:28Z,2026-05-31T23:59:59Z
APP-0013339,REQ-2024-00184,accepted,2024-06-08,2024-06-12,,,,,2024-07-15,179500,USD,2024-06-12T15:22:53Z,2026-05-31T23:59:59Z
APP-0013340,REQ-2024-00188,accepted,2024-06-23,2024-06-24,,,,,2024-07-22,105000,USD,2024-06-24T09:48:30Z,2026-05-31T23:59:59Z
APP-0013391,REQ-2024-00630,offer_withdrawn,2024-06-27,,,2024-06-29,,,2024-07-25,82500,USD,2024-06-29T09:12:21Z,2026-05-31T23:59:59Z
APP-0013395,REQ-2024-00630,accepted,2024-06-18,2024-06-21,,,,,2024-08-05,79000,USD,2024-06-21T15:51:08Z,2026-05-31T23:59:59Z
APP-0013396,REQ-2024-00630,accepted,2024-06-23,2024-06-24,,,,,2024-07-29,78500,USD,2024-06-24T14:30:46Z,2026-05-31T23:59:59Z
APP-0013421,REQ-2024-00591,accepted,2024-06-16,2024-06-17,,,,,2024-07-29,69000,USD,2024-06-25T10:23:55Z,2026-05-31T23:59:59Z
APP-0013429,REQ-2024-00606,offer_withdrawn,2024-06-04,,,2024-06-05,,,2024-07-01,45500,USD,2024-06-05T18:00:41Z,2026-05-31T23:59:59Z
APP-0013439,REQ-2024-00621,accepted,2024-07-02,2024-07-03,,,,,2024-08-19,147000,USD,2024-07-07T19:23:52Z,2026-05-31T23:59:59Z
APP-0013450,REQ-2024-00630,accepted,2024-06-23,2024-06-27,,,,,2024-08-05,86500,USD,2024-06-27T19:31:54Z,2026-05-31T23:59:59Z
APP-0013490,REQ-2024-00591,offer_withdrawn,2024-06-18,,,2024-06-25,,,2024-07-16,67000,USD,2024-06-25T16:49:42Z,2026-05-31T23:59:59Z
APP-0013492,REQ-2024-00591,accepted,2024-06-19,2024-06-21,,,,,2024-07-15,69500,USD,2024-06-21T16:42:50Z,2026-05-31T23:59:59Z
APP-0013531,REQ-2024-00633,offer_declined,2024-06-22,,2024-06-25,,,,2024-07-20,70000,USD,2024-06-25T19:25:01Z,2026-05-31T23:59:59Z
APP-0013545,REQ-2024-00329,accepted,2024-07-02,2024-07-04,,,,,2024-08-12,132000,USD,2024-07-04T10:43:31Z,2026-05-31T23:59:59Z
APP-0013564,REQ-2024-00574,offer_withdrawn,2024-06-09,,,2024-06-15,,,2024-07-07,73500,USD,2024-06-15T13:40:23Z,2026-05-31T23:59:59Z
APP-0013602,REQ-2024-00636,accepted,2024-06-10,2024-06-12,,,,,2024-07-15,65000,USD,2024-06-12T17:09:01Z,2026-05-31T23:59:59Z
APP-0013604,REQ-2024-00638,offer_withdrawn,2024-06-11,,,2024-06-16,,,2024-07-09,110500,USD,2024-06-16T16:54:48Z,2026-05-31T23:59:59Z
APP-0013626,REQ-2024-00328,accepted,2024-06-08,2024-06-11,,,,,2024-06-24,60000,USD,2024-06-11T19:51:18Z,2026-05-31T23:59:59Z
APP-0013684,REQ-2024-00638,accepted,2024-06-11,2024-06-15,,,,,2024-07-15,105500,USD,2024-06-15T13:51:12Z,2026-05-31T23:59:59Z
APP-0013685,REQ-2024-00640,offer_declined,2024-06-19,,2024-06-21,,,,2024-07-17,81000,USD,2024-06-21T11:40:54Z,2026-05-31T23:59:59Z
APP-0013691,REQ-2024-00087,accepted,2024-07-01,2024-07-03,,,,,2024-07-29,82000,USD,2024-07-03T16:26:06Z,2026-05-31T23:59:59Z
APP-0013700,REQ-2024-00389,offer_declined,2024-09-11,,2024-09-15,,,,2024-10-09,171000,USD,2024-09-15T17:19:50Z,2026-05-31T23:59:59Z
APP-0013713,REQ-2024-00589,accepted,2024-06-21,2024-06-24,,,,,2024-07-29,81500,USD,2024-06-24T15:28:13Z,2026-05-31T23:59:59Z
APP-0013724,REQ-2024-00616,accepted,2024-07-26,2024-07-27,,,,,2024-09-09,164500,USD,2024-07-27T12:53:01Z,2026-05-31T23:59:59Z
APP-0013729,REQ-2024-00617,accepted,2024-06-21,2024-06-26,,,,,2024-08-05,96000,USD,2024-06-26T16:23:44Z,2026-05-31T23:59:59Z
APP-0013733,REQ-2024-00624,offer_withdrawn,2024-06-13,,,2024-06-16,,,2024-07-11,64000,USD,2024-06-16T10:02:55Z,2026-05-31T23:59:59Z
APP-0013743,REQ-2024-00636,accepted,2024-06-23,2024-06-26,,,,,2024-07-22,69000,USD,2024-06-26T11:21:44Z,2026-05-31T23:59:59Z
APP-0013754,REQ-2024-00169,accepted,2024-07-05,2024-07-09,,,,,2024-07-29,104500,USD,2024-07-09T08:56:10Z,2026-05-31T23:59:59Z
APP-0013768,REQ-2024-00588,offer_withdrawn,2024-06-17,,,2024-06-24,,,2024-07-15,101000,USD,2024-06-24T18:00:34Z,2026-05-31T23:59:59Z
APP-0013792,REQ-2024-00630,accepted,2024-06-16,2024-06-23,,,,,2024-08-05,91000,USD,2024-06-27T15:57:07Z,2026-05-31T23:59:59Z
APP-0013802,REQ-2024-00646,accepted,2024-06-17,2024-06-19,,,,,2024-07-15,85000,USD,2024-06-19T16:12:23Z,2026-05-31T23:59:59Z
APP-0013810,REQ-2024-00257,accepted,2024-06-18,2024-06-21,,,,,2024-08-05,108000,USD,2024-06-26T15:31:22Z,2026-05-31T23:59:59Z
APP-0013825,REQ-2024-00546,accepted,2024-06-23,2024-06-27,,,,,2024-07-29,127000,USD,2024-06-27T16:08:38Z,2026-05-31T23:59:59Z
APP-0013847,REQ-2024-00640,accepted,2024-06-15,2024-06-18,,,,,2024-07-15,85500,USD,2024-06-18T09:11:08Z,2026-05-31T23:59:59Z
APP-0013859,REQ-2024-00280,accepted,2024-06-25,2024-06-28,,,,,2024-07-22,85000,USD,2024-06-28T08:49:46Z,2026-05-31T23:59:59Z
APP-0013865,REQ-2024-00448,accepted,2024-06-24,2024-06-29,,,,,2024-07-22,64500,USD,2024-06-29T09:07:14Z,2026-05-31T23:59:59Z
APP-0013882,REQ-2024-00607,accepted,2024-06-24,2024-06-28,,,,,2024-08-05,106200,USD,2024-07-03T10:08:47Z,2026-05-31T23:59:59Z
APP-0013884,REQ-2024-00608,offer_withdrawn,2024-06-17,,,2024-06-21,,,2024-07-15,68000,USD,2024-06-21T15:55:06Z,2026-05-31T23:59:59Z
APP-0013900,REQ-2024-00630,accepted,2024-06-22,2024-06-28,,,,,2024-07-29,87500,USD,2024-06-28T17:37:00Z,2026-05-31T23:59:59Z
APP-0013902,REQ-2024-00636,offer_withdrawn,2024-06-26,,,2024-06-29,,,2024-07-24,69500,USD,2024-06-29T15:05:52Z,2026-05-31T23:59:59Z
APP-0013906,REQ-2024-00639,accepted,2024-07-09,2024-07-12,,,,,2024-08-12,106500,USD,2024-07-26T09:58:33Z,2026-05-31T23:59:59Z
APP-0013922,REQ-2024-00149,accepted,2024-07-13,2024-07-16,,,,,2024-08-05,69000,USD,2024-07-16T13:21:22Z,2026-05-31T23:59:59Z
APP-0013957,REQ-2024-00633,accepted,2024-06-27,2024-07-02,,,,,2024-07-29,79000,USD,2024-07-02T19:06:02Z,2026-05-31T23:59:59Z
APP-0013963,REQ-2024-00643,offer_declined,2024-06-28,,2024-07-02,,,,2024-07-26,143500,USD,2024-07-02T14:54:56Z,2026-05-31T23:59:59Z
APP-0014025,REQ-2024-00632,accepted,2024-07-13,2024-07-14,,,,,2024-08-12,69000,USD,2024-07-14T10:33:43Z,2026-05-31T23:59:59Z
APP-0014029,REQ-2024-00637,accepted,2024-08-05,2024-08-09,,,,,2024-09-16,91000,USD,2024-08-13T18:46:04Z,2026-05-31T23:59:59Z
APP-0014041,REQ-2024-00651,accepted,2024-06-24,2024-06-27,,,,,2024-07-29,98000,USD,2024-06-27T13:31:04Z,2026-05-31T23:59:59Z
APP-0014042,REQ-2024-00651,accepted,2024-07-09,2024-07-11,,,,,2024-08-26,99500,USD,2024-07-11T08:36:50Z,2026-05-31T23:59:59Z
APP-0014049,REQ-2024-00119,offer_declined,2024-06-22,,2024-06-25,,,,2024-07-20,79500,USD,2024-06-25T15:30:50Z,2026-05-31T23:59:59Z
APP-0014051,REQ-2024-00122,accepted,2024-06-26,2024-07-03,,,,,2024-07-22,81000,USD,2024-07-03T11:24:09Z,2026-05-31T23:59:59Z
APP-0014068,REQ-2024-00562,accepted,2024-07-03,2024-07-07,,,,,2024-09-02,173000,USD,2024-07-07T19:56:46Z,2026-05-31T23:59:59Z
APP-0014075,REQ-2024-00610,offer_declined,2024-07-05,,2024-07-11,,,,2024-08-02,104500,USD,2024-07-11T16:27:46Z,2026-05-31T23:59:59Z
APP-0014109,REQ-2024-00655,accepted,2024-07-07,2024-07-10,,,,,2024-07-29,49000,USD,2024-07-10T16:36:41Z,2026-05-31T23:59:59Z
APP-0014113,REQ-2024-00021,candidate_renege,2024-06-16,2024-06-18,,,,2024-06-30,2024-07-15,43000,USD,2024-06-30T18:17:42Z,2026-05-31T23:59:59Z
APP-0014123,REQ-2024-00329,offer_withdrawn,2024-07-03,,,2024-07-06,,,2024-07-31,121000,USD,2024-07-06T16:31:01Z,2026-05-31T23:59:59Z
APP-0014138,REQ-2024-00622,accepted,2024-06-22,2024-06-24,,,,,2024-07-29,101500,USD,2024-07-04T11:29:16Z,2026-05-31T23:59:59Z
APP-0014157,REQ-2024-00652,accepted,2024-06-28,2024-06-30,,,,,2024-08-26,140500,USD,2024-07-02T13:01:15Z,2026-05-31T23:59:59Z
APP-0014160,REQ-2024-00219,accepted,2024-06-16,2024-06-18,,,,,2024-07-15,59000,USD,2024-06-28T14:07:55Z,2026-05-31T23:59:59Z
APP-0014195,REQ-2024-00640,candidate_renege,2024-06-25,2024-06-27,,,,2024-07-18,2024-07-22,82500,USD,2024-07-18T17:59:23Z,2026-05-31T23:59:59Z
APP-0014211,REQ-2024-00662,offer_declined,2024-07-02,,2024-07-06,,,,2024-07-30,89500,USD,2024-07-06T18:20:35Z,2026-05-31T23:59:59Z
APP-0014229,REQ-2024-00512,accepted,2024-06-25,2024-06-28,,,,,2024-07-29,105000,USD,2024-06-28T19:38:42Z,2026-05-31T23:59:59Z
APP-0014248,REQ-2024-00645,offer_withdrawn,2024-07-18,,,2024-07-22,,,2024-08-09,107000,USD,2024-07-22T16:42:58Z,2026-05-31T23:59:59Z
APP-0014266,REQ-2024-00104,accepted,2024-07-06,2024-07-09,,,,,2024-08-12,111500,USD,2024-07-09T14:10:31Z,2026-05-31T23:59:59Z
APP-0014273,REQ-2024-00368,accepted,2024-07-01,2024-07-02,,,,,2024-07-22,72000,USD,2024-07-02T13:58:49Z,2026-05-31T23:59:59Z
APP-0014286,REQ-2024-00595,offer_declined,2024-07-02,,2024-07-05,,,,2024-07-30,140000,USD,2024-07-05T17:16:09Z,2026-05-31T23:59:59Z
APP-0014312,REQ-2024-00655,offer_declined,2024-06-27,,2024-06-30,,,,2024-07-25,47000,USD,2024-06-30T14:30:22Z,2026-05-31T23:59:59Z
APP-0014317,REQ-2024-00664,accepted,2024-06-29,2024-07-06,,,,,2024-08-12,92000,USD,2024-07-14T14:51:29Z,2026-05-31T23:59:59Z
APP-0014318,REQ-2024-00668,offer_declined,2024-07-17,,2024-07-19,,,,2024-08-14,115000,USD,2024-07-19T11:28:32Z,2026-05-31T23:59:59Z
APP-0014323,REQ-2024-00206,accepted,2024-07-22,2024-07-26,,,,,2024-09-02,142500,USD,2024-08-09T13:18:35Z,2026-05-31T23:59:59Z
APP-0014336,REQ-2024-00557,accepted,2024-06-27,2024-06-28,,,,,2024-08-05,64000,USD,2024-07-04T10:18:13Z,2026-05-31T23:59:59Z
APP-0014352,REQ-2024-00620,accepted,2024-07-18,2024-07-20,,,,,2024-09-02,129500,USD,2024-07-20T17:48:42Z,2026-05-31T23:59:59Z
APP-0014368,REQ-2024-00645,accepted,2024-07-14,2024-07-18,,,,,2024-08-19,103000,USD,2024-07-18T11:58:31Z,2026-05-31T23:59:59Z
APP-0014377,REQ-2024-00656,accepted,2024-07-10,2024-07-16,,,,,2024-09-09,187000,USD,2024-07-16T17:31:35Z,2026-05-31T23:59:59Z
APP-0014396,REQ-2024-00358,accepted,2024-07-23,2024-07-28,,,,,2024-09-09,121000,USD,2024-07-28T13:45:19Z,2026-05-31T23:59:59Z
APP-0014398,REQ-2024-00513,accepted,2024-07-10,2024-07-12,,,,,2024-08-19,139500,USD,2024-07-12T15:36:08Z,2026-05-31T23:59:59Z
APP-0014423,REQ-2024-00630,offer_withdrawn,2024-06-26,,,2024-06-28,,,2024-07-24,78500,USD,2024-06-28T15:41:34Z,2026-05-31T23:59:59Z
APP-0014429,REQ-2024-00643,accepted,2024-07-20,2024-07-21,,,,,2024-10-07,146500,USD,2024-08-05T19:45:52Z,2026-05-31T23:59:59Z
APP-0014455,REQ-2024-00672,offer_declined,2024-07-03,,2024-07-07,,,,2024-07-31,64500,USD,2024-07-07T18:02:04Z,2026-05-31T23:59:59Z
APP-0014457,REQ-2024-00672,accepted,2024-06-22,2024-06-23,,,,,2024-07-15,65500,USD,2024-06-23T18:06:40Z,2026-05-31T23:59:59Z
APP-0014458,REQ-2024-00673,accepted,2024-06-26,2024-06-28,,,,,2024-07-15,44500,USD,2024-06-28T12:05:53Z,2026-05-31T23:59:59Z
APP-0014488,REQ-2024-00645,accepted,2024-07-14,2024-07-19,,,,,2024-08-19,107000,USD,2024-08-01T11:42:36Z,2026-05-31T23:59:59Z
APP-0014505,REQ-2024-00673,offer_withdrawn,2024-06-26,,,2024-06-28,,,2024-07-24,46500,USD,2024-06-28T19:58:38Z,2026-05-31T23:59:59Z
APP-0014542,REQ-2024-00613,accepted,2024-07-20,2024-07-25,,,,,2024-09-09,130500,USD,2024-07-25T14:10:17Z,2026-05-31T23:59:59Z
APP-0014556,REQ-2024-00653,accepted,2024-07-05,2024-07-07,,,,,2024-08-19,88500,USD,2024-07-12T16:36:33Z,2026-05-31T23:59:59Z
APP-0014563,REQ-2024-00662,accepted,2024-07-05,2024-07-07,,,,,2024-08-12,88000,USD,2024-07-07T13:14:05Z,2026-05-31T23:59:59Z
APP-0014571,REQ-2024-00669,accepted,2024-06-25,2024-06-27,,,,,2024-07-22,46000,USD,2024-06-27T12:36:00Z,2026-05-31T23:59:59Z
APP-0014585,REQ-2024-00205,offer_withdrawn,2024-09-14,,,2024-09-15,,,2024-10-10,131500,USD,2024-09-15T15:44:38Z,2026-05-31T23:59:59Z
APP-0014610,REQ-2024-00605,candidate_renege,2024-07-29,2024-08-02,,,,2024-08-25,2024-09-02,118000,USD,2024-08-25T13:38:01Z,2026-05-31T23:59:59Z
APP-0014615,REQ-2024-00617,accepted,2024-07-12,2024-07-17,,,,,2024-08-19,100000,USD,2024-07-17T16:15:50Z,2026-05-31T23:59:59Z
APP-0014632,REQ-2024-00653,offer_withdrawn,2024-07-06,,,2024-07-09,,,2024-08-03,89000,USD,2024-07-09T12:02:31Z,2026-05-31T23:59:59Z
APP-0014641,REQ-2024-00672,accepted,2024-06-29,2024-06-30,,,,,2024-07-22,72500,USD,2024-06-30T18:32:10Z,2026-05-31T23:59:59Z
APP-0014656,REQ-2024-00468,accepted,2024-07-11,2024-07-13,,,,,2024-09-02,131000,USD,2024-07-23T12:19:20Z,2026-05-31T23:59:59Z
APP-0014658,REQ-2024-00524,accepted,2024-08-06,2024-08-08,,,,,2024-09-16,134000,USD,2024-08-08T08:45:03Z,2026-05-31T23:59:59Z
APP-0014687,REQ-2024-00666,accepted,2024-07-07,2024-07-11,,,,,2024-08-19,82500,USD,2024-07-25T19:58:11Z,2026-05-31T23:59:59Z
APP-0014740,REQ-2024-00646,accepted,2024-07-02,2024-07-06,,,,,2024-07-29,76500,USD,2024-07-06T17:23:23Z,2026-05-31T23:59:59Z
APP-0014742,REQ-2024-00651,offer_declined,2024-07-03,,2024-07-05,,,,2024-07-31,98500,USD,2024-07-05T16:21:59Z,2026-05-31T23:59:59Z
APP-0014749,REQ-2024-00660,offer_declined,2024-06-30,,2024-07-01,,,,2024-07-28,80000,USD,2024-07-01T11:58:39Z,2026-05-31T23:59:59Z
APP-0014756,REQ-2024-00662,offer_withdrawn,2024-06-30,,,2024-07-08,,,2024-07-28,93500,USD,2024-07-08T10:05:51Z,2026-05-31T23:59:59Z
APP-0014769,REQ-2024-00681,accepted,2024-07-13,2024-07-18,,,,,2024-08-26,106500,USD,2024-07-18T14:51:25Z,2026-05-31T23:59:59Z
APP-0014770,REQ-2024-00681,accepted,2024-07-08,2024-07-12,,,,,2024-08-12,95500,USD,2024-07-12T12:35:20Z,2026-05-31T23:59:59Z
APP-0014798,REQ-2024-00634,accepted,2024-07-07,2024-07-13,,,,,2024-08-26,126000,USD,2024-07-13T10:21:40Z,2026-05-31T23:59:59Z
APP-0014806,REQ-2024-00650,candidate_renege,2024-07-04,2024-07-05,,,,2024-07-22,2024-07-29,58500,USD,2024-07-22T08:00:07Z,2026-05-31T23:59:59Z
APP-0014843,REQ-2024-00154,accepted,2024-07-11,2024-07-12,,,,,2024-08-19,138000,USD,2024-07-12T15:30:20Z,2026-05-31T23:59:59Z
APP-0014854,REQ-2024-00525,offer_declined,2024-07-15,,2024-07-16,,,,2024-08-08,97000,USD,2024-07-16T10:06:38Z,2026-05-31T23:59:59Z
APP-0014863,REQ-2024-00615,candidate_renege,2024-07-28,2024-07-29,,,,2024-08-31,2024-08-23,72000,USD,2024-08-31T17:51:10Z,2026-05-31T23:59:59Z
APP-0014877,REQ-2024-00650,offer_declined,2024-07-09,,2024-07-10,,,,2024-08-05,63000,USD,2024-07-10T14:29:42Z,2026-05-31T23:59:59Z
APP-0014917,REQ-2024-00347,accepted,2024-07-19,2024-07-21,,,,,2024-08-19,80000,USD,2024-07-21T17:17:27Z,2026-05-31T23:59:59Z
APP-0014942,REQ-2024-00660,accepted,2024-07-06,2024-07-07,,,,,2024-08-05,91000,USD,2024-07-07T08:55:09Z,2026-05-31T23:59:59Z
APP-0014951,REQ-2024-00672,accepted,2024-07-07,2024-07-13,,,,,2024-08-12,66500,USD,2024-07-13T13:45:58Z,2026-05-31T23:59:59Z
APP-0014958,REQ-2024-00679,accepted,2024-07-04,2024-07-05,,,,,2024-08-05,68000,USD,2024-07-11T16:41:22Z,2026-05-31T23:59:59Z
APP-0014963,REQ-2024-00684,accepted,2024-07-06,2024-07-12,,,,,2024-07-29,62000,USD,2024-07-12T16:22:17Z,2026-05-31T23:59:59Z
APP-0014965,REQ-2024-00692,accepted,2024-07-13,2024-07-14,,,,,2024-08-05,84500,USD,2024-07-14T17:11:40Z,2026-05-31T23:59:59Z
APP-0014996,REQ-2024-00643,offer_declined,2024-07-15,,2024-07-19,,,,2024-08-12,152000,USD,2024-07-19T12:28:41Z,2026-05-31T23:59:59Z
APP-0015025,REQ-2024-00684,accepted,2024-07-04,2024-07-06,,,,,2024-07-22,54500,USD,2024-07-06T14:44:50Z,2026-05-31T23:59:59Z
APP-0015026,REQ-2024-00685,accepted,2024-07-19,2024-07-20,,,,,2024-09-16,167000,USD,2024-07-20T12:04:40Z,2026-05-31T23:59:59Z
APP-0015027,REQ-2024-00688,accepted,2024-06-29,2024-07-01,,,,,2024-08-05,77500,USD,2024-07-05T08:33:18Z,2026-05-31T23:59:59Z
APP-0015032,REQ-2024-00693,accepted,2024-07-19,2024-07-22,,,,,2024-08-19,49000,USD,2024-07-22T13:39:12Z,2026-05-31T23:59:59Z
APP-0015041,REQ-2024-00268,accepted,2024-07-17,2024-07-21,,,,,2024-08-12,84500,USD,2024-07-21T18:42:05Z,2026-05-31T23:59:59Z
APP-0015071,REQ-2024-00650,accepted,2024-07-17,2024-07-18,,,,,2024-08-12,58000,USD,2024-07-18T12:18:06Z,2026-05-31T23:59:59Z
APP-0015085,REQ-2024-00680,accepted,2024-07-08,2024-07-09,,,,,2024-07-29,77000,USD,2024-07-21T19:12:40Z,2026-05-31T23:59:59Z
APP-0015086,REQ-2024-00682,accepted,2024-07-21,2024-07-27,,,,,2024-09-23,138000,USD,2024-07-27T15:19:46Z,2026-05-31T23:59:59Z
APP-0015097,REQ-2024-00694,accepted,2024-07-04,2024-07-05,,,,,2024-07-22,58300,USD,2024-07-19T17:21:09Z,2026-05-31T23:59:59Z
APP-0015137,REQ-2024-00660,accepted,2024-07-22,2024-07-24,,,,,2024-09-09,76000,USD,2024-08-08T08:03:04Z,2026-05-31T23:59:59Z
APP-0015138,REQ-2024-00660,accepted,2024-07-10,2024-07-11,,,,,2024-08-12,81000,USD,2024-07-16T09:28:09Z,2026-05-31T23:59:59Z
APP-0015141,REQ-2024-00661,accepted,2024-07-06,2024-07-10,,,,,2024-08-19,103500,USD,2024-07-10T16:09:46Z,2026-05-31T23:59:59Z
APP-0015151,REQ-2024-00677,accepted,2024-07-08,2024-07-10,,,,,2024-08-12,85500,USD,2024-07-10T13:30:51Z,2026-05-31T23:59:59Z
APP-0015195,REQ-2024-00646,offer_withdrawn,2024-07-06,,,2024-07-07,,,2024-08-02,82500,USD,2024-07-07T12:44:14Z,2026-05-31T23:59:59Z
APP-0015237,REQ-2024-00573,accepted,2024-07-16,2024-07-17,,,,,2024-07-29,57500,USD,2024-07-17T11:26:25Z,2026-05-31T23:59:59Z
APP-0015248,REQ-2024-00655,offer_withdrawn,2024-07-09,,,2024-07-11,,,2024-08-06,49500,USD,2024-07-11T14:22:47Z,2026-05-31T23:59:59Z
APP-0015260,REQ-2024-00687,accepted,2024-07-21,2024-07-23,,,,,2024-08-26,89000,USD,2024-07-23T16:47:03Z,2026-05-31T23:59:59Z
APP-0015275,REQ-2024-00699,accepted,2024-07-24,2024-07-25,,,,,2024-08-19,53000,USD,2024-07-25T16:31:05Z,2026-05-31T23:59:59Z
APP-0015282,REQ-2024-00704,accepted,2024-07-26,2024-07-28,,,,,2024-08-26,120500,USD,2024-07-28T09:43:01Z,2026-05-31T23:59:59Z
APP-0015286,REQ-2024-00707,accepted,2024-07-31,2024-08-02,,,,,2024-09-02,103500,USD,2024-08-02T08:47:56Z,2026-05-31T23:59:59Z
APP-0015331,REQ-2024-00676,accepted,2024-07-21,2024-07-22,,,,,2024-08-19,67000,USD,2024-08-01T19:31:47Z,2026-05-31T23:59:59Z
APP-0015350,REQ-2024-00694,accepted,2024-07-08,2024-07-12,,,,,2024-08-05,55000,USD,2024-07-12T11:04:19Z,2026-05-31T23:59:59Z
APP-0015355,REQ-2024-00699,accepted,2024-07-17,2024-07-19,,,,,2024-08-12,49000,USD,2024-07-19T16:40:28Z,2026-05-31T23:59:59Z
APP-0015391,REQ-2024-00660,accepted,2024-07-21,2024-07-22,,,,,2024-08-12,90500,USD,2024-07-22T09:19:37Z,2026-05-31T23:59:59Z
APP-0015412,REQ-2024-00694,accepted,2024-07-16,2024-07-17,,,,,2024-07-29,49000,USD,2024-07-17T09:32:14Z,2026-05-31T23:59:59Z
APP-0015414,REQ-2024-00697,accepted,2024-08-05,2024-08-06,,,,,2024-09-16,84000,USD,2024-08-06T19:10:35Z,2026-05-31T23:59:59Z
APP-0015423,REQ-2024-00707,accepted,2024-07-21,2024-07-24,,,,,2024-08-19,92500,USD,2024-07-24T16:56:43Z,2026-05-31T23:59:59Z
APP-0015434,REQ-2024-00518,offer_declined,2024-07-17,,2024-07-27,,,,2024-08-14,64000,USD,2024-07-27T14:23:37Z,2026-05-31T23:59:59Z
APP-0015495,REQ-2024-00705,accepted,2024-07-13,2024-07-17,,,,,2024-08-19,96000,USD,2024-07-17T08:23:17Z,2026-05-31T23:59:59Z
APP-0015502,REQ-2024-00712,accepted,2024-07-17,2024-07-18,,,,,2024-08-12,56500,USD,2024-07-26T12:34:48Z,2026-05-31T23:59:59Z
APP-0015513,REQ-2024-00206,accepted,2024-07-27,2024-07-29,,,,,2024-09-02,143500,USD,2024-07-29T08:15:59Z,2026-05-31T23:59:59Z
APP-0015519,REQ-2024-00385,accepted,2024-07-15,2024-07-18,,,,,2024-08-26,96000,USD,2024-07-18T18:27:45Z,2026-05-31T23:59:59Z
APP-0015520,REQ-2024-00385,accepted,2024-07-12,2024-07-15,,,,,2024-08-19,99500,USD,2024-07-15T08:42:46Z,2026-05-31T23:59:59Z
APP-0015528,REQ-2024-00547,accepted,2024-07-17,2024-07-18,,,,,2024-08-05,73500,USD,2024-07-18T10:45:08Z,2026-05-31T23:59:59Z
APP-0015531,REQ-2024-00565,accepted,2024-07-31,2024-08-01,,,,,2024-09-02,76500,USD,2024-08-01T10:58:25Z,2026-05-31T23:59:59Z
APP-0015536,REQ-2024-00632,offer_declined,2024-07-12,,2024-07-13,,,,2024-08-09,57500,USD,2024-07-13T13:24:02Z,2026-05-31T23:59:59Z
APP-0015576,REQ-2024-00702,accepted,2024-07-22,2024-07-28,,,,,2024-08-26,108500,USD,2024-07-28T09:09:10Z,2026-05-31T23:59:59Z
APP-0015585,REQ-2024-00709,accepted,2024-07-14,2024-07-15,,,,,2024-08-12,103000,USD,2024-07-27T12:57:39Z,2026-05-31T23:59:59Z
APP-0015627,REQ-2024-00674,accepted,2024-07-25,2024-08-01,,,,,2024-09-02,103400,USD,2024-08-07T13:25:16Z,2026-05-31T23:59:59Z
APP-0015630,REQ-2024-00682,offer_declined,2024-07-20,,2024-07-25,,,,2024-08-17,128500,USD,2024-07-25T12:32:30Z,2026-05-31T23:59:59Z
APP-0015633,REQ-2024-00684,offer_declined,2024-07-16,,2024-07-19,,,,2024-08-13,63500,USD,2024-07-19T10:33:08Z,2026-05-31T23:59:59Z
APP-0015648,REQ-2024-00697,accepted,2024-07-25,2024-07-29,,,,,2024-09-02,80500,USD,2024-07-29T14:58:51Z,2026-05-31T23:59:59Z
APP-0015656,REQ-2024-00704,accepted,2024-07-27,2024-07-30,,,,,2024-09-09,102000,USD,2024-07-30T13:51:41Z,2026-05-31T23:59:59Z
APP-0015660,REQ-2024-00709,offer_declined,2024-07-18,,2024-07-19,,,,2024-08-15,94000,USD,2024-07-19T19:32:43Z,2026-05-31T23:59:59Z
APP-0015678,REQ-2024-00603,accepted,2024-07-29,2024-07-31,,,,,2024-09-02,105000,USD,2024-08-08T19:37:12Z,2026-05-31T23:59:59Z
APP-0015688,REQ-2024-00672,offer_withdrawn,2024-07-11,,,2024-07-14,,,2024-08-08,61000,USD,2024-07-14T12:39:03Z,2026-05-31T23:59:59Z
APP-0015701,REQ-2024-00687,offer_withdrawn,2024-07-18,,,2024-07-24,,,2024-08-15,83500,USD,2024-07-24T14:23:56Z,2026-05-31T23:59:59Z
APP-0015706,REQ-2024-00694,accepted,2024-07-15,2024-07-16,,,,,2024-07-29,49500,USD,2024-07-16T12:52:47Z,2026-05-31T23:59:59Z
APP-0015710,REQ-2024-00697,offer_declined,2024-08-02,,2024-08-04,,,,2024-08-30,92000,USD,2024-08-04T19:24:27Z,2026-05-31T23:59:59Z
APP-0015727,REQ-2024-00705,accepted,2024-07-16,2024-07-21,,,,,2024-09-02,101500,USD,2024-07-21T12:56:43Z,2026-05-31T23:59:59Z
APP-0015730,REQ-2024-00709,offer_declined,2024-07-14,,2024-07-17,,,,2024-08-11,97000,USD,2024-07-17T19:11:37Z,2026-05-31T23:59:59Z
APP-0015738,REQ-2024-00718,accepted,2024-07-25,2024-07-27,,,,,2024-09-09,104500,USD,2024-08-09T12:33:31Z,2026-05-31T23:59:59Z
APP-0015762,REQ-2024-00660,offer_declined,2024-07-15,,2024-07-16,,,,2024-08-11,90000,USD,2024-07-16T08:06:24Z,2026-05-31T23:59:59Z
APP-0015791,REQ-2024-00705,accepted,2024-07-29,2024-08-01,,,,,2024-09-09,102000,USD,2024-08-01T12:30:45Z,2026-05-31T23:59:59Z
APP-0015798,REQ-2024-00709,accepted,2024-07-15,2024-07-16,,,,,2024-08-19,99500,USD,2024-07-16T11:46:25Z,2026-05-31T23:59:59Z
APP-0015814,REQ-2024-00619,accepted,2024-08-26,2024-08-30,,,,,2024-11-11,256500,USD,2024-08-30T16:45:03Z,2026-05-31T23:59:59Z
APP-0015837,REQ-2024-00694,accepted,2024-07-13,2024-07-16,,,,,2024-08-12,51500,USD,2024-07-16T18:59:03Z,2026-05-31T23:59:59Z
APP-0015861,REQ-2024-00718,accepted,2024-07-16,2024-07-19,,,,,2024-08-19,97500,USD,2024-07-19T15:56:55Z,2026-05-31T23:59:59Z
APP-0015862,REQ-2024-00721,accepted,2024-07-30,2024-08-04,,,,,2024-09-09,96000,USD,2024-08-04T08:04:13Z,2026-05-31T23:59:59Z
APP-0015864,REQ-2024-00723,accepted,2024-07-20,2024-07-26,,,,,2024-08-26,124500,USD,2024-07-26T17:08:24Z,2026-05-31T23:59:59Z
APP-0015866,REQ-2024-00220,offer_declined,2024-08-06,,2024-08-09,,,,2024-09-03,71500,USD,2024-08-09T11:14:44Z,2026-05-31T23:59:59Z
APP-0015884,REQ-2024-00651,accepted,2024-07-26,2024-08-01,,,,,2024-09-02,111500,USD,2024-08-01T17:10:30Z,2026-05-31T23:59:59Z
APP-0015892,REQ-2024-00677,offer_rescinded,2024-07-22,2024-07-27,,,2024-08-31,,2024-09-02,81000,USD,2024-08-31T13:35:46Z,2026-05-31T23:59:59Z
APP-0015913,REQ-2024-00704,accepted,2024-07-21,2024-07-25,,,,,2024-08-26,110000,USD,2024-07-25T19:22:03Z,2026-05-31T23:59:59Z
APP-0015937,REQ-2024-00292,accepted,2024-07-23,2024-07-25,,,,,2024-08-26,139000,USD,2024-07-25T18:22:56Z,2026-05-31T23:59:59Z
APP-0015987,REQ-2024-00707,accepted,2024-08-08,2024-08-14,,,,,2024-09-09,90000,USD,2024-08-14T19:36:43Z,2026-05-31T23:59:59Z
APP-0015993,REQ-2024-00714,offer_declined,2024-08-18,,2024-08-21,,,,2024-09-15,56000,USD,2024-08-21T10:05:07Z,2026-05-31T23:59:59Z
APP-0016003,REQ-2024-00736,accepted,2024-07-27,2024-07-29,,,,,2024-09-02,107000,USD,2024-07-29T10:52:43Z,2026-05-31T23:59:59Z
APP-0016008,REQ-2024-00423,accepted,2024-08-06,2024-08-09,,,,,2024-10-14,207500,USD,2024-08-09T08:22:11Z,2026-05-31T23:59:59Z
APP-0016022,REQ-2024-00669,accepted,2024-07-23,2024-07-25,,,,,2024-08-12,47000,USD,2024-07-25T14:02:23Z,2026-05-31T23:59:59Z
APP-0016055,REQ-2024-00708,accepted,2024-08-17,2024-08-21,,,,,2024-11-04,193000,USD,2024-08-30T17:25:31Z,2026-05-31T23:59:59Z
APP-0016070,REQ-2024-00731,accepted,2024-09-25,2024-10-05,,,,,2024-11-18,72000,USD,2024-10-19T19:50:30Z,2026-05-31T23:59:59Z
APP-0016100,REQ-2024-00696,accepted,2024-07-29,2024-08-01,,,,,2024-08-26,59500,USD,2024-08-09T09:37:58Z,2026-05-31T23:59:59Z
APP-0016106,REQ-2024-00703,accepted,2024-07-26,2024-07-30,,,,,2024-08-26,60500,USD,2024-07-30T08:22:27Z,2026-05-31T23:59:59Z
APP-0016109,REQ-2024-00709,accepted,2024-07-23,2024-07-29,,,,,2024-09-02,94500,USD,2024-07-29T16:44:02Z,2026-05-31T23:59:59Z
APP-0016123,REQ-2024-00740,offer_declined,2024-07-28,,2024-07-29,,,,2024-08-25,77500,USD,2024-07-29T11:12:14Z,2026-05-31T23:59:59Z
APP-0016126,REQ-2024-00741,offer_declined,2024-07-22,,2024-07-24,,,,2024-08-19,46000,USD,2024-07-24T17:44:33Z,2026-05-31T23:59:59Z
APP-0016138,REQ-2024-00358,offer_declined,2024-07-30,,2024-08-02,,,,2024-08-26,132000,USD,2024-08-02T15:11:03Z,2026-05-31T23:59:59Z
APP-0016163,REQ-2024-00699,offer_declined,2024-07-25,,2024-07-27,,,,2024-08-22,48500,USD,2024-07-27T14:47:38Z,2026-05-31T23:59:59Z
APP-0016166,REQ-2024-00702,offer_declined,2024-07-20,,2024-07-30,,,,2024-08-17,103500,USD,2024-07-30T13:40:21Z,2026-05-31T23:59:59Z
APP-0016174,REQ-2024-00717,offer_declined,2024-07-29,,2024-08-03,,,,2024-08-26,79000,USD,2024-08-03T09:15:20Z,2026-05-31T23:59:59Z
APP-0016229,REQ-2024-00697,offer_declined,2024-08-01,,2024-08-05,,,,2024-08-29,87000,USD,2024-08-05T19:33:29Z,2026-05-31T23:59:59Z
APP-0016237,REQ-2024-00716,offer_declined,2024-07-23,,2024-07-26,,,,2024-08-20,48500,USD,2024-07-26T17:38:23Z,2026-05-31T23:59:59Z
APP-0016247,REQ-2024-00734,accepted,2024-07-28,2024-08-02,,,,,2024-08-26,85000,USD,2024-08-02T18:35:52Z,2026-05-31T23:59:59Z
APP-0016255,REQ-2024-00740,accepted,2024-07-31,2024-08-02,,,,,2024-09-16,81000,USD,2024-08-02T10:02:13Z,2026-05-31T23:59:59Z
APP-0016260,REQ-2024-00744,accepted,2024-07-21,2024-07-26,,,,,2024-08-26,62000,USD,2024-07-26T18:23:37Z,2026-05-31T23:59:59Z
APP-0016291,REQ-2024-00692,offer_withdrawn,2024-07-29,,,2024-07-31,,,2024-08-26,76500,USD,2024-07-31T15:43:44Z,2026-05-31T23:59:59Z
APP-0016292,REQ-2024-00692,accepted,2024-07-27,2024-07-30,,,,,2024-08-19,73500,USD,2024-07-30T10:38:02Z,2026-05-31T23:59:59Z
APP-0016335,REQ-2024-00741,accepted,2024-07-23,2024-07-25,,,,,2024-08-19,50000,USD,2024-07-25T10:06:12Z,2026-05-31T23:59:59Z
APP-0016344,REQ-2024-00744,accepted,2024-07-28,2024-07-30,,,,,2024-08-26,61000,USD,2024-07-30T19:57:57Z,2026-05-31T23:59:59Z
APP-0016345,REQ-2024-00744,accepted,2024-07-23,2024-07-30,,,,,2024-08-26,59000,USD,2024-07-30T17:28:51Z,2026-05-31T23:59:59Z
APP-0016374,REQ-2024-00699,offer_declined,2024-07-24,,2024-07-27,,,,2024-08-21,52500,USD,2024-07-27T08:27:50Z,2026-05-31T23:59:59Z
APP-0016385,REQ-2024-00709,offer_declined,2024-07-27,,2024-07-28,,,,2024-08-24,96000,USD,2024-07-28T13:41:51Z,2026-05-31T23:59:59Z
APP-0016386,REQ-2024-00709,accepted,2024-07-22,2024-07-24,,,,,2024-08-26,91500,USD,2024-07-24T12:24:05Z,2026-05-31T23:59:59Z
APP-0016412,REQ-2024-00744,offer_withdrawn,2024-07-27,,,2024-07-30,,,2024-08-24,64500,USD,2024-07-30T09:57:04Z,2026-05-31T23:59:59Z
APP-0016417,REQ-2024-00744,accepted,2024-07-23,2024-07-28,,,,,2024-08-26,68500,USD,2024-07-28T14:51:43Z,2026-05-31T23:59:59Z
APP-0016423,REQ-2024-00746,accepted,2024-07-27,2024-07-30,,,,,2024-09-02,117000,USD,2024-07-30T16:39:01Z,2026-05-31T23:59:59Z
APP-0016428,REQ-2024-00750,accepted,2024-08-02,2024-08-06,,,,,2024-08-26,79500,USD,2024-08-06T18:52:29Z,2026-05-31T23:59:59Z
APP-0016444,REQ-2024-00610,accepted,2024-08-01,2024-08-06,,,,,2024-09-02,108500,USD,2024-08-06T09:32:48Z,2026-05-31T23:59:59Z
APP-0016445,REQ-2024-00617,accepted,2024-08-06,2024-08-09,,,,,2024-09-23,92000,USD,2024-08-09T09:36:22Z,2026-05-31T23:59:59Z
APP-0016449,REQ-2024-00631,accepted,2024-08-23,2024-08-27,,,,,2024-09-30,136000,USD,2024-08-27T19:23:41Z,2026-05-31T23:59:59Z
APP-0016453,REQ-2024-00660,accepted,2024-08-01,2024-08-04,,,,,2024-09-09,80000,USD,2024-08-04T17:02:26Z,2026-05-31T23:59:59Z
APP-0016479,REQ-2024-00716,accepted,2024-07-27,2024-07-28,,,,,2024-09-02,55500,USD,2024-07-30T08:39:26Z,2026-05-31T23:59:59Z
APP-0016486,REQ-2024-00725,accepted,2024-07-29,2024-08-01,,,,,2024-08-19,57000,USD,2024-08-01T19:20:00Z,2026-05-31T23:59:59Z
APP-0016487,REQ-2024-00727,accepted,2024-08-07,2024-08-11,,,,,2024-09-02,68500,USD,2024-08-11T17:01:42Z,2026-05-31T23:59:59Z
APP-0016489,REQ-2024-00731,accepted,2024-08-06,2024-08-10,,,,,2024-09-16,73500,USD,2024-08-15T16:00:49Z,2026-05-31T23:59:59Z
APP-0016504,REQ-2024-00742,accepted,2024-08-02,2024-08-07,,,,,2024-09-16,114500,USD,2024-08-07T13:24:03Z,2026-05-31T23:59:59Z
APP-0016507,REQ-2024-00744,offer_withdrawn,2024-07-30,,,2024-07-31,,,2024-08-26,67500,USD,2024-07-31T09:12:41Z,2026-05-31T23:59:59Z
APP-0016509,REQ-2024-00744,offer_withdrawn,2024-07-29,,,2024-07-31,,,2024-08-26,60000,USD,2024-07-31T18:56:14Z,2026-05-31T23:59:59Z
APP-0016511,REQ-2024-00745,offer_withdrawn,2024-08-04,,,2024-08-11,,,2024-09-01,104500,USD,2024-08-11T15:16:13Z,2026-05-31T23:59:59Z
APP-0016513,REQ-2024-00747,accepted,2024-08-02,2024-08-12,,,,,2024-09-09,82000,USD,2024-08-12T12:42:57Z,2026-05-31T23:59:59Z
APP-0016520,REQ-2024-00750,accepted,2024-07-25,2024-07-27,,,,,2024-08-19,76000,USD,2024-07-27T17:06:48Z,2026-05-31T23:59:59Z
APP-0016535,REQ-2024-00610,accepted,2024-08-14,2024-08-15,,,,,2024-09-16,124500,USD,2024-08-15T10:43:50Z,2026-05-31T23:59:59Z
APP-0016551,REQ-2024-00692,accepted,2024-07-29,2024-07-30,,,,,2024-09-02,85000,USD,2024-08-10T14:06:49Z,2026-05-31T23:59:59Z
APP-0016554,REQ-2024-00700,accepted,2024-08-14,2024-08-26,,,,,2024-10-14,123500,USD,2024-08-26T14:38:46Z,2026-05-31T23:59:59Z
APP-0016581,REQ-2024-00733,accepted,2024-08-08,2024-08-16,,,,,2024-09-02,62000,USD,2024-08-16T13:27:16Z,2026-05-31T23:59:59Z
APP-0016595,REQ-2024-00743,accepted,2024-07-27,2024-07-28,,,,,2024-09-02,82000,USD,2024-07-28T18:39:40Z,2026-05-31T23:59:59Z
APP-0016602,REQ-2024-00754,accepted,2024-08-21,2024-08-27,,,,,2024-09-23,83500,USD,2024-08-27T14:13:51Z,2026-05-31T23:59:59Z
APP-0016613,REQ-2024-00467,accepted,2024-08-31,2024-09-06,,,,,2024-10-21,162000,USD,2024-09-06T15:08:56Z,2026-05-31T23:59:59Z
APP-0016618,REQ-2024-00623,accepted,2024-07-29,2024-07-31,,,,,2024-08-26,61000,USD,2024-07-31T15:42:56Z,2026-05-31T23:59:59Z
APP-0016637,REQ-2024-00725,offer_withdrawn,2024-07-31,,,2024-08-01,,,2024-08-28,51000,USD,2024-08-01T18:39:15Z,2026-05-31T23:59:59Z
APP-0016644,REQ-2024-00738,accepted,2024-07-30,2024-08-03,,,,,2024-09-16,91500,USD,2024-08-03T13:19:42Z,2026-05-31T23:59:59Z
APP-0016654,REQ-2024-00741,accepted,2024-07-22,2024-07-24,,,,,2024-08-19,50000,USD,2024-07-24T12:42:23Z,2026-05-31T23:59:59Z
APP-0016668,REQ-2024-00370,accepted,2024-08-05,2024-08-08,,,,,2024-09-16,122000,USD,2024-08-08T18:11:19Z,2026-05-31T23:59:59Z
APP-0016672,REQ-2024-00478,accepted,2024-08-02,2024-08-08,,,,,2024-09-02,104500,USD,2024-08-08T18:56:24Z,2026-05-31T23:59:59Z
APP-0016683,REQ-2024-00680,accepted,2024-08-07,2024-08-13,,,,,2024-09-16,73000,USD,2024-08-13T14:03:45Z,2026-05-31T23:59:59Z
APP-0016686,REQ-2024-00692,offer_withdrawn,2024-07-31,,,2024-08-01,,,2024-08-26,75500,USD,2024-08-01T09:30:54Z,2026-05-31T23:59:59Z
APP-0016690,REQ-2024-00697,offer_declined,2024-08-04,,2024-08-08,,,,2024-09-01,91000,USD,2024-08-08T09:24:10Z,2026-05-31T23:59:59Z
APP-0016706,REQ-2024-00725,offer_withdrawn,2024-07-27,,,2024-08-01,,,2024-08-24,48500,USD,2024-08-01T13:24:01Z,2026-05-31T23:59:59Z
APP-0016715,REQ-2024-00740,accepted,2024-08-16,2024-08-19,,,,,2024-09-30,89000,USD,2024-08-19T08:34:18Z,2026-05-31T23:59:59Z
APP-0016723,REQ-2024-00741,accepted,2024-08-04,2024-08-05,,,,,2024-08-26,43000,USD,2024-08-05T08:42:36Z,2026-05-31T23:59:59Z
APP-0016760,REQ-2024-00665,accepted,2024-08-16,2024-08-26,,,,,2024-09-30,109000,USD,2024-09-04T15:04:34Z,2026-05-31T23:59:59Z
APP-0016764,REQ-2024-00689,accepted,2024-08-03,2024-08-05,,,,,2024-09-09,95500,USD,2024-08-05T18:18:03Z,2026-05-31T23:59:59Z
APP-0016766,REQ-2024-00692,offer_withdrawn,2024-07-30,,,2024-08-02,,,2024-08-27,74000,USD,2024-08-02T13:43:19Z,2026-05-31T23:59:59Z
APP-0016779,REQ-2024-00711,accepted,2024-08-01,2024-08-03,,,,,2024-09-16,70000,USD,2024-08-09T11:51:03Z,2026-05-31T23:59:59Z
APP-0016796,REQ-2024-00734,accepted,2024-08-11,2024-08-14,,,,,2024-09-23,82500,USD,2024-08-29T11:32:08Z,2026-05-31T23:59:59Z
APP-0016803,REQ-2024-00744,offer_withdrawn,2024-07-28,,,2024-07-31,,,2024-08-25,65000,USD,2024-07-31T12:18:11Z,2026-05-31T23:59:59Z
APP-0016813,REQ-2024-00750,accepted,2024-07-31,2024-08-04,,,,,2024-09-02,77000,USD,2024-08-04T15:54:42Z,2026-05-31T23:59:59Z
APP-0016835,REQ-2024-00659,accepted,2024-08-15,2024-08-18,,,,,2024-09-23,108000,USD,2024-08-18T12:54:13Z,2026-05-31T23:59:59Z
APP-0016845,REQ-2024-00698,offer_declined,2024-08-07,,2024-08-12,,,,2024-09-04,124500,USD,2024-08-12T13:03:46Z,2026-05-31T23:59:59Z
APP-0016854,REQ-2024-00709,offer_withdrawn,2024-07-29,,,2024-07-29,,,2024-08-26,94500,USD,2024-07-29T14:15:01Z,2026-05-31T23:59:59Z
APP-0016863,REQ-2024-00720,accepted,2024-08-30,2024-09-06,,,,,2024-10-07,88000,USD,2024-09-06T16:41:41Z,2026-05-31T23:59:59Z
APP-0016865,REQ-2024-00722,accepted,2024-08-10,2024-08-12,,,,,2024-09-09,80500,USD,2024-08-12T19:28:48Z,2026-05-31T23:59:59Z
APP-0016913,REQ-2024-00667,offer_withdrawn,2024-08-24,,,2024-08-28,,,2024-09-20,109500,USD,2024-08-28T18:27:01Z,2026-05-31T23:59:59Z
APP-0016916,REQ-2024-00684,candidate_renege,2024-07-30,2024-08-01,,,,2024-08-22,2024-08-26,62000,USD,2024-08-22T08:22:18Z,2026-05-31T23:59:59Z
APP-0016923,REQ-2024-00704,accepted,2024-08-01,2024-08-02,,,,,2024-09-16,102000,USD,2024-08-02T13:55:02Z,2026-05-31T23:59:59Z
APP-0016945,REQ-2024-00741,offer_withdrawn,2024-08-04,,,2024-08-05,,,2024-09-01,44000,USD,2024-08-05T18:28:21Z,2026-05-31T23:59:59Z
APP-0016951,REQ-2024-00745,accepted,2024-08-05,2024-08-10,,,,,2024-09-02,100000,USD,2024-08-10T17:39:41Z,2026-05-31T23:59:59Z
APP-0016972,REQ-2024-00498,accepted,2024-08-17,2024-08-18,,,,,2024-09-09,92000,USD,2024-09-01T08:42:13Z,2026-05-31T23:59:59Z
APP-0016976,REQ-2024-00541,accepted,2024-08-24,2024-08-25,,,,,2024-09-23,101000,USD,2024-08-25T19:57:48Z,2026-05-31T23:59:59Z
APP-0016982,REQ-2024-00678,accepted,2024-08-16,2024-08-24,,,,,2024-09-16,71500,USD,2024-08-24T09:22:50Z,2026-05-31T23:59:59Z
APP-0017014,REQ-2024-00741,offer_withdrawn,2024-08-02,,,2024-08-05,,,2024-08-30,49500,USD,2024-08-05T16:31:56Z,2026-05-31T23:59:59Z
APP-0017026,REQ-2024-00751,accepted,2024-08-09,2024-08-11,,,,,2024-09-23,92000,USD,2024-08-11T18:15:47Z,2026-05-31T23:59:59Z
APP-0017044,REQ-2024-00765,accepted,2024-08-11,2024-08-12,,,,,2024-09-02,79500,USD,2024-08-18T19:03:21Z,2026-05-31T23:59:59Z
APP-0017074,REQ-2024-00732,accepted,2024-08-13,2024-08-14,,,,,2024-09-16,105000,USD,2024-08-14T12:56:26Z,2026-05-31T23:59:59Z
APP-0017089,REQ-2024-00750,offer_withdrawn,2024-08-05,,,2024-08-06,,,2024-09-01,88000,USD,2024-08-06T18:06:00Z,2026-05-31T23:59:59Z
APP-0017095,REQ-2024-00763,offer_rescinded,2024-08-01,2024-08-02,,,2024-08-21,,2024-09-07,61500,USD,2024-08-21T13:53:38Z,2026-05-31T23:59:59Z
APP-0017102,REQ-2024-00765,accepted,2024-08-02,2024-08-05,,,,,2024-09-02,66500,USD,2024-08-05T13:56:15Z,2026-05-31T23:59:59Z
APP-0017106,REQ-2024-00770,accepted,2024-08-03,2024-08-10,,,,,2024-09-02,66500,USD,2024-08-10T10:45:58Z,2026-05-31T23:59:59Z
APP-0017114,REQ-2024-00205,offer_declined,2024-09-01,,2024-09-06,,,,2024-09-29,119500,USD,2024-09-06T15:33:31Z,2026-05-31T23:59:59Z
APP-0017147,REQ-2024-00741,accepted,2024-08-03,2024-08-04,,,,,2024-08-26,47500,USD,2024-08-04T12:21:08Z,2026-05-31T23:59:59Z
APP-0017168,REQ-2024-00765,accepted,2024-08-15,2024-08-17,,,,,2024-09-09,69000,USD,2024-08-17T13:33:27Z,2026-05-31T23:59:59Z
APP-0017209,REQ-2024-00714,accepted,2024-08-27,2024-09-02,,,,,2024-09-30,62500,USD,2024-09-02T10:34:22Z,2026-05-31T23:59:59Z
APP-0017233,REQ-2024-00758,offer_declined,2024-08-26,,2024-08-30,,,,2024-09-23,94500,USD,2024-08-30T16:06:11Z,2026-05-31T23:59:59Z
APP-0017235,REQ-2024-00761,accepted,2024-08-21,2024-08-23,,,,,2024-09-16,90000,USD,2024-08-26T09:17:58Z,2026-05-31T23:59:59Z
APP-0017281,REQ-2024-00706,offer_declined,2024-08-06,,2024-08-08,,,,2024-09-03,45000,USD,2024-08-08T13:39:32Z,2026-05-31T23:59:59Z
APP-0017315,REQ-2024-00756,accepted,2024-08-27,2024-08-29,,,,,2024-10-21,125500,USD,2024-09-12T11:07:31Z,2026-05-31T23:59:59Z
APP-0017330,REQ-2024-00770,accepted,2024-08-08,2024-08-12,,,,,2024-09-16,76000,USD,2024-08-21T08:13:50Z,2026-05-31T23:59:59Z
APP-0017336,REQ-2024-00220,accepted,2024-09-05,2024-09-14,,,,,2024-09-30,73000,USD,2024-09-28T14:41:15Z,2026-05-31T23:59:59Z
APP-0017373,REQ-2024-00735,accepted,2024-08-04,2024-08-11,,,,,2024-09-16,85500,USD,2024-08-17T12:33:04Z,2026-05-31T23:59:59Z
APP-0017388,REQ-2024-00756,accepted,2024-08-27,2024-08-30,,,,,2024-10-14,128500,USD,2024-08-30T16:12:55Z,2026-05-31T23:59:59Z
APP-0017413,REQ-2024-00094,accepted,2024-08-21,2024-09-06,,,,,2024-10-21,138000,USD,2024-09-09T16:02:11Z,2026-05-31T23:59:59Z
APP-0017423,REQ-2024-00585,accepted,2024-08-28,2024-09-01,,,,,2024-10-21,164500,USD,2024-09-01T17:13:36Z,2026-05-31T23:59:59Z
APP-0017427,REQ-2024-00649,accepted,2024-08-22,2024-09-04,,,,,2024-10-07,115000,USD,2024-09-04T11:28:25Z,2026-05-31T23:59:59Z
APP-0017452,REQ-2024-00732,accepted,2024-08-14,2024-08-17,,,,,2024-09-23,88500,USD,2024-08-17T15:03:45Z,2026-05-31T23:59:59Z
APP-0017467,REQ-2024-00756,offer_withdrawn,2024-09-04,,,2024-09-09,,,2024-10-02,128500,USD,2024-09-09T19:25:17Z,2026-05-31T23:59:59Z
APP-0017468,REQ-2024-00756,accepted,2024-08-28,2024-09-07,,,,,2024-10-14,129000,USD,2024-09-07T08:14:04Z,2026-05-31T23:59:59Z
APP-0017479,REQ-2024-00775,accepted,2024-09-02,2024-09-05,,,,,2024-09-30,88500,USD,2024-09-05T15:34:51Z,2026-05-31T23:59:59Z
APP-0017513,REQ-2024-00726,accepted,2024-08-10,2024-08-12,,,,,2024-09-16,145500,USD,2024-08-12T17:20:52Z,2026-05-31T23:59:59Z
APP-0017537,REQ-2024-00762,offer_declined,2024-08-21,,2024-08-30,,,,2024-09-18,100500,USD,2024-08-30T10:41:51Z,2026-05-31T23:59:59Z
APP-0017553,REQ-2024-00784,offer_declined,2024-08-19,,2024-08-24,,,,2024-09-16,74500,USD,2024-08-24T10:00:16Z,2026-05-31T23:59:59Z
APP-0017609,REQ-2024-00783,accepted,2024-08-16,2024-08-18,,,,,2024-09-23,126000,USD,2024-08-18T08:48:50Z,2026-05-31T23:59:59Z
APP-0017615,REQ-2024-00794,accepted,2024-08-25,2024-08-26,,,,,2024-09-23,91500,USD,2024-08-26T14:54:16Z,2026-05-31T23:59:59Z
APP-0017640,REQ-2024-00732,offer_withdrawn,2024-08-13,,,2024-08-17,,,2024-09-10,93000,USD,2024-08-17T16:03:30Z,2026-05-31T23:59:59Z
APP-0017641,REQ-2024-00732,offer_declined,2024-08-09,,2024-08-11,,,,2024-09-06,95500,USD,2024-08-11T16:39:32Z,2026-05-31T23:59:59Z
APP-0017652,REQ-2024-00753,accepted,2024-08-26,2024-09-01,,,,,2024-11-04,228000,USD,2024-09-08T08:30:55Z,2026-05-31T23:59:59Z
APP-0017665,REQ-2024-00772,offer_declined,2024-08-26,,2024-09-04,,,,2024-09-23,62500,USD,2024-09-04T15:10:23Z,2026-05-31T23:59:59Z
APP-0017670,REQ-2024-00785,accepted,2024-09-08,2024-09-16,,,,,2024-10-21,86500,USD,2024-09-16T09:54:25Z,2026-05-31T23:59:59Z
APP-0017676,REQ-2024-00798,accepted,2024-08-08,2024-08-10,,,,,2024-08-26,56500,USD,2024-08-10T08:40:04Z,2026-05-31T23:59:59Z
APP-0017696,REQ-2024-00713,candidate_renege,2024-10-02,2024-10-06,,,,2024-10-22,2024-11-04,119500,USD,2024-10-22T10:01:14Z,2026-05-31T23:59:59Z
APP-0017738,REQ-2024-00800,accepted,2024-08-28,2024-08-31,,,,,2024-09-30,108300,USD,2024-09-12T15:28:16Z,2026-05-31T23:59:59Z
APP-0017820,REQ-2024-00509,accepted,2024-08-31,2024-09-06,,,,,2024-10-07,90000,USD,2024-09-06T17:54:38Z,2026-05-31T23:59:59Z
APP-0017842,REQ-2024-00740,accepted,2024-08-17,2024-08-22,,,,,2024-09-23,79500,USD,2024-08-22T16:27:32Z,2026-05-31T23:59:59Z
APP-0017875,REQ-2024-00802,accepted,2024-08-14,2024-08-18,,,,,2024-09-30,85500,USD,2024-08-18T19:45:24Z,2026-05-31T23:59:59Z
APP-0017876,REQ-2024-00802,accepted,2024-08-18,2024-08-21,,,,,2024-09-30,77500,USD,2024-08-21T12:38:06Z,2026-05-31T23:59:59Z
APP-0017878,REQ-2024-00811,accepted,2024-08-12,2024-08-17,,,,,2024-09-30,135000,USD,2024-08-17T16:58:17Z,2026-05-31T23:59:59Z
APP-0017881,REQ-2024-00280,accepted,2024-08-25,2024-08-28,,,,,2024-09-23,85500,USD,2024-08-28T10:56:02Z,2026-05-31T23:59:59Z
APP-0017896,REQ-2024-00683,offer_withdrawn,2024-09-23,,,2024-09-26,,,2024-10-21,178000,USD,2024-09-26T10:57:36Z,2026-05-31T23:59:59Z
APP-0017920,REQ-2024-00770,offer_declined,2024-08-22,,2024-08-23,,,,2024-09-19,65500,USD,2024-08-23T11:07:21Z,2026-05-31T23:59:59Z
APP-0017935,REQ-2024-00793,accepted,2024-08-18,2024-08-22,,,,,2024-09-23,95500,USD,2024-08-22T18:06:31Z,2026-05-31T23:59:59Z
APP-0017965,REQ-2024-00684,accepted,2024-08-14,2024-08-16,,,,,2024-09-09,59500,USD,2024-08-16T17:48:18Z,2026-05-31T23:59:59Z
APP-0017986,REQ-2024-00768,accepted,2024-08-29,2024-09-01,,,,,2024-10-14,125000,USD,2024-09-01T13:37:26Z,2026-05-31T23:59:59Z
APP-0018010,REQ-2024-00810,accepted,2024-08-16,2024-08-20,,,,,2024-09-02,52000,USD,2024-08-20T11:05:23Z,2026-05-31T23:59:59Z
APP-0018047,REQ-2024-00770,accepted,2024-08-18,2024-08-19,,,,,2024-09-16,75500,USD,2024-08-19T08:21:41Z,2026-05-31T23:59:59Z
APP-0018058,REQ-2024-00787,accepted,2024-08-19,2024-08-24,,,,,2024-09-23,98500,USD,2024-08-24T09:55:17Z,2026-05-31T23:59:59Z
APP-0018066,REQ-2024-00810,offer_declined,2024-08-22,,2024-08-23,,,,2024-09-19,57000,USD,2024-08-23T15:55:45Z,2026-05-31T23:59:59Z
APP-0018110,REQ-2024-00765,offer_withdrawn,2024-08-17,,,2024-08-18,,,2024-09-14,68500,USD,2024-08-18T10:30:28Z,2026-05-31T23:59:59Z
APP-0018116,REQ-2024-00770,accepted,2024-08-18,2024-08-21,,,,,2024-09-09,73400,USD,2024-09-02T10:55:45Z,2026-05-31T23:59:59Z
APP-0018123,REQ-2024-00793,accepted,2024-09-28,2024-10-02,,,,,2024-11-04,93500,USD,2024-10-02T13:41:17Z,2026-05-31T23:59:59Z
APP-0018128,REQ-2024-00798,offer_declined,2024-08-19,,2024-08-23,,,,2024-09-16,54500,USD,2024-08-23T14:34:29Z,2026-05-31T23:59:59Z
APP-0018151,REQ-2024-00149,accepted,2024-09-14,2024-09-17,,,,,2024-10-07,72000,USD,2024-09-21T13:38:30Z,2026-05-31T23:59:59Z
APP-0018162,REQ-2024-00695,accepted,2024-09-02,2024-09-07,,,,,2024-10-21,114000,USD,2024-09-07T17:11:11Z,2026-05-31T23:59:59Z
APP-0018221,REQ-2024-00236,accepted,2024-08-20,2024-08-21,,,,,2024-09-09,45000,USD,2024-08-21T15:27:04Z,2026-05-31T23:59:59Z
APP-0018234,REQ-2024-00663,accepted,2024-09-10,2024-09-11,,,,,2024-10-07,94500,USD,2024-09-11T17:41:26Z,2026-05-31T23:59:59Z
APP-0018277,REQ-2024-00820,accepted,2024-08-25,2024-08-29,,,,,2024-09-30,127000,USD,2024-08-29T15:30:00Z,2026-05-31T23:59:59Z
APP-0018281,REQ-2024-00823,offer_declined,2024-09-03,,2024-09-10,,,,2024-10-01,86500,USD,2024-09-10T19:47:14Z,2026-05-31T23:59:59Z
APP-0018297,REQ-2024-00657,accepted,2024-08-31,2024-09-06,,,,,2024-10-07,97000,USD,2024-09-06T08:59:34Z,2026-05-31T23:59:59Z
APP-0018303,REQ-2024-00714,accepted,2024-08-24,2024-08-28,,,,,2024-09-23,61000,USD,2024-08-28T15:12:17Z,2026-05-31T23:59:59Z
APP-0018322,REQ-2024-00779,accepted,2024-09-01,2024-09-03,,,,,2024-10-14,110000,USD,2024-09-03T13:39:17Z,2026-05-31T23:59:59Z
APP-0018338,REQ-2024-00817,accepted,2024-08-20,2024-08-29,,,,,2024-10-07,130500,USD,2024-08-29T18:14:50Z,2026-05-31T23:59:59Z
APP-0018344,REQ-2024-00821,offer_withdrawn,2024-09-07,,,2024-09-09,,,2024-10-05,146500,USD,2024-09-09T17:02:46Z,2026-05-31T23:59:59Z
APP-0018357,REQ-2024-00263,accepted,2024-08-31,2024-09-01,,,,,2024-09-16,82000,USD,2024-09-01T17:08:29Z,2026-05-31T23:59:59Z
APP-0018367,REQ-2024-00658,accepted,2024-09-25,2024-10-01,,,,,2024-11-04,97500,USD,2024-10-01T19:27:10Z,2026-05-31T23:59:59Z
APP-0018392,REQ-2024-00796,accepted,2024-09-27,2024-10-02,,,,,2024-10-28,82500,USD,2024-10-02T11:43:10Z,2026-05-31T23:59:59Z
APP-0018400,REQ-2024-00806,offer_rescinded,2024-08-24,2024-08-27,,,2024-09-17,,2024-09-30,83800,USD,2024-09-17T15:17:02Z,2026-05-31T23:59:59Z
APP-0018411,REQ-2024-00821,accepted,2024-09-06,2024-09-09,,,,,2024-10-14,128500,USD,2024-09-09T10:22:49Z,2026-05-31T23:59:59Z
APP-0018417,REQ-2024-00830,offer_declined,2024-08-25,,2024-08-29,,,,2024-09-22,43500,USD,2024-08-29T14:05:00Z,2026-05-31T23:59:59Z
APP-0018418,REQ-2024-00831,offer_declined,2024-08-26,,2024-08-29,,,,2024-09-22,91500,USD,2024-08-29T10:05:17Z,2026-05-31T23:59:59Z
APP-0018457,REQ-2024-00804,accepted,2024-08-23,2024-08-26,,,,,2024-09-30,103000,USD,2024-08-26T12:42:48Z,2026-05-31T23:59:59Z
APP-0018477,REQ-2024-00060,accepted,2024-09-04,2024-09-09,,,,,2024-10-21,122500,USD,2024-09-09T09:34:02Z,2026-05-31T23:59:59Z
APP-0018485,REQ-2024-00428,accepted,2024-10-10,2024-10-13,,,,,2024-11-18,87500,USD,2024-10-13T11:05:13Z,2026-05-31T23:59:59Z
APP-0018503,REQ-2024-00773,accepted,2024-10-21,2024-10-22,,,,,2024-11-25,124500,USD,2024-10-22T08:30:27Z,2026-05-31T23:59:59Z
APP-0018508,REQ-2024-00797,accepted,2024-12-10,2024-12-19,,,,,2025-02-24,228000,USD,2024-12-19T15:34:03Z,2026-05-31T23:59:59Z
APP-0018512,REQ-2024-00802,offer_withdrawn,2024-08-30,,,2024-09-03,,,2024-09-27,78500,USD,2024-09-03T16:29:40Z,2026-05-31T23:59:59Z
APP-0018518,REQ-2024-00802,accepted,2024-08-24,2024-08-26,,,,,2024-10-07,80000,USD,2024-08-26T14:24:42Z,2026-05-31T23:59:59Z
APP-0018519,REQ-2024-00802,candidate_renege,2024-08-21,2024-08-24,,,,2024-09-19,2024-10-07,91000,USD,2024-09-19T11:26:52Z,2026-05-31T23:59:59Z
APP-0018541,REQ-2024-00830,accepted,2024-08-26,2024-08-27,,,,,2024-09-23,54500,USD,2024-09-10T14:25:15Z,2026-05-31T23:59:59Z
APP-0018557,REQ-2024-00533,accepted,2024-08-28,2024-09-02,,,,,2024-10-07,111500,USD,2024-09-02T15:59:59Z,2026-05-31T23:59:59Z
APP-0018559,REQ-2024-00600,accepted,2024-08-31,2024-09-06,,,,,2024-09-30,53000,USD,2024-09-06T08:14:48Z,2026-05-31T23:59:59Z
APP-0018568,REQ-2024-00701,accepted,2024-11-02,2024-11-13,,,,,2025-02-03,258500,USD,2024-11-20T19:42:37Z,2026-05-31T23:59:59Z
APP-0018575,REQ-2024-00767,accepted,2024-09-13,2024-09-19,,,,,2024-10-21,111000,USD,2024-09-19T17:04:17Z,2026-05-31T23:59:59Z
APP-0018618,REQ-2024-00831,offer_withdrawn,2024-09-03,,,2024-09-06,,,2024-10-01,81000,USD,2024-09-06T08:23:15Z,2026-05-31T23:59:59Z
APP-0018627,REQ-2024-00369,candidate_renege,2024-09-05,2024-09-11,,,,2024-10-12,2024-10-14,136400,USD,2024-10-12T16:15:29Z,2026-05-31T23:59:59Z
APP-0018632,REQ-2024-00568,accepted,2024-09-01,2024-09-08,,,,,2024-10-14,104000,USD,2024-09-08T08:18:55Z,2026-05-31T23:59:59Z
APP-0018671,REQ-2024-00830,accepted,2024-08-27,2024-08-29,,,,,2024-09-16,45000,USD,2024-09-04T11:17:37Z,2026-05-31T23:59:59Z
APP-0018675,REQ-2024-00833,accepted,2024-09-14,2024-09-17,,,,,2024-10-07,92500,USD,2024-09-17T09:43:36Z,2026-05-31T23:59:59Z
APP-0018700,REQ-2024-00706,accepted,2024-08-22,2024-08-23,,,,,2024-09-16,45500,USD,2024-08-23T11:15:03Z,2026-05-31T23:59:59Z
APP-0018727,REQ-2024-00823,accepted,2024-09-05,2024-09-07,,,,,2024-10-14,87500,USD,2024-09-07T08:32:22Z,2026-05-31T23:59:59Z
APP-0018746,REQ-2024-00333,accepted,2024-09-19,2024-09-24,,,,,2024-10-21,78000,USD,2024-09-24T16:58:46Z,2026-05-31T23:59:59Z
APP-0018752,REQ-2024-00590,accepted,2024-09-15,2024-09-20,,,,,2024-11-04,97000,USD,2024-09-20T18:21:18Z,2026-05-31T23:59:59Z
APP-0018763,REQ-2024-00764,accepted,2024-09-02,2024-09-10,,,,,2024-10-28,138000,USD,2024-09-10T10:38:03Z,2026-05-31T23:59:59Z
APP-0018784,REQ-2024-00823,accepted,2024-09-07,2024-09-09,,,,,2024-10-21,78000,USD,2024-09-09T09:00:22Z,2026-05-31T23:59:59Z
APP-0018788,REQ-2024-00827,accepted,2024-08-25,2024-08-26,,,,,2024-09-16,77500,USD,2024-08-26T18:40:13Z,2026-05-31T23:59:59Z
APP-0018810,REQ-2024-00487,offer_declined,2024-09-19,,2024-09-21,,,,2024-10-17,65000,USD,2024-09-21T10:51:55Z,2026-05-31T23:59:59Z
APP-0018815,REQ-2024-00625,accepted,2024-09-23,2024-09-29,,,,,2024-10-28,95000,USD,2024-09-29T19:17:24Z,2026-05-31T23:59:59Z
APP-0018816,REQ-2024-00647,offer_declined,2024-09-02,,2024-09-06,,,,2024-09-30,62500,USD,2024-09-06T15:17:18Z,2026-05-31T23:59:59Z
APP-0018842,REQ-2024-00802,accepted,2024-08-29,2024-08-31,,,,,2024-10-14,90500,USD,2024-08-31T16:54:58Z,2026-05-31T23:59:59Z
APP-0018869,REQ-2024-00840,accepted,2024-08-26,2024-08-29,,,,,2024-09-30,97500,USD,2024-08-29T11:35:04Z,2026-05-31T23:59:59Z
APP-0018898,REQ-2024-00772,accepted,2024-09-09,2024-09-10,,,,,2024-10-14,62500,USD,2024-09-24T11:51:13Z,2026-05-31T23:59:59Z
APP-0018900,REQ-2024-00776,accepted,2024-09-09,2024-09-15,,,,,2024-10-14,83000,USD,2024-09-15T17:18:53Z,2026-05-31T23:59:59Z
APP-0018911,REQ-2024-00813,accepted,2024-09-10,2024-09-16,,,,,2024-11-04,140000,USD,2024-09-16T18:42:50Z,2026-05-31T23:59:59Z
APP-0018927,REQ-2024-00840,accepted,2024-08-29,2024-08-31,,,,,2024-10-07,92000,USD,2024-08-31T11:40:12Z,2026-05-31T23:59:59Z
APP-0018939,REQ-2024-00856,accepted,2024-09-10,2024-09-16,,,,,2024-10-21,112000,USD,2024-09-16T11:46:34Z,2026-05-31T23:59:59Z
APP-0018967,REQ-2024-00793,accepted,2024-09-06,2024-09-08,,,,,2024-10-14,101500,USD,2024-09-08T09:16:08Z,2026-05-31T23:59:59Z
APP-0018973,REQ-2024-00813,offer_withdrawn,2024-09-12,,,2024-09-16,,,2024-10-10,129000,USD,2024-09-16T17:14:40Z,2026-05-31T23:59:59Z
APP-0018982,REQ-2024-00823,accepted,2024-09-04,2024-09-06,,,,,2024-10-07,80500,USD,2024-09-06T17:07:37Z,2026-05-31T23:59:59Z
APP-0018990,REQ-2024-00834,accepted,2024-09-05,2024-09-09,,,,,2024-11-04,172500,USD,2024-09-09T09:33:40Z,2026-05-31T23:59:59Z
APP-0018991,REQ-2024-00835,accepted,2024-09-28,2024-09-29,,,,,2024-11-04,128500,USD,2024-09-29T18:51:14Z,2026-05-31T23:59:59Z
APP-0018994,REQ-2024-00838,accepted,2024-09-19,2024-09-21,,,,,2024-10-14,75500,USD,2024-09-21T18:38:37Z,2026-05-31T23:59:59Z
APP-0019083,REQ-2024-00784,offer_declined,2024-09-04,,2024-09-05,,,,2024-10-01,79000,USD,2024-09-05T12:36:53Z,2026-05-31T23:59:59Z
APP-0019118,REQ-2024-00853,offer_declined,2024-09-13,,2024-09-14,,,,2024-10-11,62000,USD,2024-09-14T12:08:51Z,2026-05-31T23:59:59Z
APP-0019120,REQ-2024-00853,accepted,2024-09-05,2024-09-08,,,,,2024-09-23,58500,USD,2024-09-08T10:20:18Z,2026-05-31T23:59:59Z
APP-0019123,REQ-2024-00860,candidate_renege,2024-09-07,2024-09-10,,,,2024-09-27,2024-10-07,80500,USD,2024-09-27T17:25:44Z,2026-05-31T23:59:59Z
APP-0019124,REQ-2024-00861,offer_rescinded,2024-09-12,2024-09-14,,,2024-09-22,,2024-10-14,69000,USD,2024-09-22T19:21:31Z,2026-05-31T23:59:59Z
APP-0019125,REQ-2024-00046,offer_declined,2024-09-07,,2024-09-08,,,,2024-10-03,78000,USD,2024-09-08T16:18:53Z,2026-05-31T23:59:59Z
APP-0019138,REQ-2024-00641,accepted,2024-09-17,2024-09-22,,,,,2024-11-04,139500,USD,2024-09-22T14:32:49Z,2026-05-31T23:59:59Z
APP-0019141,REQ-2024-00739,offer_declined,2024-09-22,,2024-09-25,,,,2024-10-20,128500,USD,2024-09-25T09:43:14Z,2026-05-31T23:59:59Z
APP-0019151,REQ-2024-00812,accepted,2024-09-11,2024-09-19,,,,,2024-10-14,73500,USD,2024-09-19T14:08:51Z,2026-05-31T23:59:59Z
APP-0019166,REQ-2024-00831,accepted,2024-09-04,2024-09-05,,,,,2024-10-14,87000,USD,2024-09-10T09:59:47Z,2026-05-31T23:59:59Z
APP-0019175,REQ-2024-00845,accepted,2024-09-06,2024-09-09,,,,,2024-10-14,83000,USD,2024-09-09T14:35:20Z,2026-05-31T23:59:59Z
APP-0019179,REQ-2024-00852,accepted,2024-09-14,2024-09-17,,,,,2024-10-21,109000,USD,2024-09-17T09:39:15Z,2026-05-31T23:59:59Z
APP-0019182,REQ-2024-00853,offer_declined,2024-09-10,,2024-09-11,,,,2024-10-05,64500,USD,2024-09-11T08:20:20Z,2026-05-31T23:59:59Z
APP-0019188,REQ-2024-00858,accepted,2024-09-04,2024-09-08,,,,,2024-09-23,55500,USD,2024-09-08T18:48:58Z,2026-05-31T23:59:59Z
APP-0019248,REQ-2024-00853,accepted,2024-09-08,2024-09-09,,,,,2024-09-30,62000,USD,2024-09-09T11:15:27Z,2026-05-31T23:59:59Z
APP-0019253,REQ-2024-00072,accepted,2024-09-02,2024-09-05,,,,,2024-09-30,79000,USD,2024-09-05T12:49:10Z,2026-05-31T23:59:59Z
APP-0019255,REQ-2024-00114,accepted,2024-09-28,2024-10-01,,,,,2024-11-04,183500,USD,2024-10-01T19:30:59Z,2026-05-31T23:59:59Z
APP-0019301,REQ-2024-00838,offer_declined,2024-09-26,,2024-10-01,,,,2024-10-24,70500,USD,2024-10-01T18:11:36Z,2026-05-31T23:59:59Z
APP-0019304,REQ-2024-00841,accepted,2024-09-14,2024-09-19,,,,,2024-11-18,158000,USD,2024-09-19T13:28:55Z,2026-05-31T23:59:59Z
APP-0019337,REQ-2024-00719,offer_declined,2024-10-09,,2024-10-10,,,,2024-11-05,71000,USD,2024-10-10T09:57:02Z,2026-05-31T23:59:59Z
APP-0019384,REQ-2024-00072,offer_withdrawn,2024-09-05,,,2024-09-07,,,2024-10-03,74000,USD,2024-09-07T14:04:15Z,2026-05-31T23:59:59Z
APP-0019403,REQ-2024-00734,accepted,2024-09-14,2024-09-17,,,,,2024-10-21,77500,USD,2024-09-17T18:10:57Z,2026-05-31T23:59:59Z
APP-0019445,REQ-2024-00856,accepted,2024-09-13,2024-09-15,,,,,2024-10-21,109900,USD,2024-09-29T14:00:32Z,2026-05-31T23:59:59Z
APP-0019464,REQ-2024-00873,accepted,2024-09-11,2024-09-14,,,,,2024-10-21,109500,USD,2024-09-14T14:33:56Z,2026-05-31T23:59:59Z
APP-0019479,REQ-2024-00559,accepted,2024-09-24,2024-09-27,,,,,2024-11-18,185500,USD,2024-10-02T12:02:48Z,2026-05-31T23:59:59Z
APP-0019502,REQ-2024-00823,offer_declined,2024-09-06,,2024-09-12,,,,2024-10-04,81000,USD,2024-09-12T16:20:32Z,2026-05-31T23:59:59Z
APP-0019519,REQ-2024-00849,accepted,2024-09-05,2024-09-07,,,,,2024-10-07,119000,USD,2024-09-07T12:30:17Z,2026-05-31T23:59:59Z
APP-0019547,REQ-2024-00873,offer_declined,2024-09-12,,2024-09-17,,,,2024-10-10,113500,USD,2024-09-17T15:40:11Z,2026-05-31T23:59:59Z
APP-0019566,REQ-2024-00793,offer_declined,2024-09-23,,2024-09-26,,,,2024-10-20,101000,USD,2024-09-26T14:43:27Z,2026-05-31T23:59:59Z
APP-0019593,REQ-2024-00859,accepted,2024-10-07,2024-10-16,,,,,2024-11-25,184000,USD,2024-10-19T11:47:27Z,2026-05-31T23:59:59Z
APP-0019602,REQ-2024-00868,accepted,2024-09-10,2024-09-13,,,,,2024-10-14,48500,USD,2024-09-24T14:07:05Z,2026-05-31T23:59:59Z
APP-0019618,REQ-2024-00421,accepted,2024-09-12,2024-09-15,,,,,2024-10-07,71000,USD,2024-09-15T16:30:14Z,2026-05-31T23:59:59Z
APP-0019638,REQ-2024-00818,accepted,2024-09-11,2024-09-14,,,,,2024-10-14,87500,USD,2024-09-14T16:39:48Z,2026-05-31T23:59:59Z
APP-0019663,REQ-2024-00865,accepted,2024-09-17,2024-09-20,,,,,2024-10-28,76500,USD,2024-09-25T19:10:17Z,2026-05-31T23:59:59Z
APP-0019674,REQ-2024-00880,accepted,2024-09-12,2024-09-15,,,,,2024-10-14,58500,USD,2024-09-15T12:37:15Z,2026-05-31T23:59:59Z
APP-0019675,REQ-2024-00880,accepted,2024-09-21,2024-09-26,,,,,2024-10-21,59500,USD,2024-09-30T14:32:13Z,2026-05-31T23:59:59Z
APP-0019680,REQ-2024-00887,offer_declined,2024-09-14,,2024-09-15,,,,2024-10-12,82500,USD,2024-09-15T16:49:49Z,2026-05-31T23:59:59Z
APP-0019714,REQ-2024-00842,accepted,2024-09-12,2024-09-15,,,,,2024-10-21,102500,USD,2024-09-15T15:14:18Z,2026-05-31T23:59:59Z
APP-0019720,REQ-2024-00857,offer_declined,2024-09-15,,2024-09-19,,,,2024-10-13,53500,USD,2024-09-19T13:35:12Z,2026-05-31T23:59:59Z
APP-0019733,REQ-2024-00872,accepted,2024-09-23,2024-09-25,,,,,2024-12-02,202500,USD,2024-09-25T10:57:47Z,2026-05-31T23:59:59Z
APP-0019742,REQ-2024-00877,accepted,2024-09-17,2024-09-19,,,,,2024-10-07,51000,USD,2024-09-19T16:41:30Z,2026-05-31T23:59:59Z
APP-0019747,REQ-2024-00880,accepted,2024-09-11,2024-09-12,,,,,2024-10-07,62500,USD,2024-09-12T11:49:09Z,2026-05-31T23:59:59Z
APP-0019818,REQ-2024-00880,accepted,2024-09-16,2024-09-21,,,,,2024-10-21,59500,USD,2024-09-21T11:26:20Z,2026-05-31T23:59:59Z
APP-0019825,REQ-2024-00887,candidate_renege,2024-09-12,2024-09-14,,,,2024-09-23,2024-10-07,76000,USD,2024-09-23T16:17:38Z,2026-05-31T23:59:59Z
APP-0019891,REQ-2024-00884,accepted,2024-09-21,2024-10-02,,,,,2024-11-04,97500,USD,2024-10-02T13:41:04Z,2026-05-31T23:59:59Z
APP-0019897,REQ-2024-00887,accepted,2024-09-21,2024-09-23,,,,,2024-10-28,76500,USD,2024-09-23T18:13:25Z,2026-05-31T23:59:59Z
APP-0019898,REQ-2024-00887,accepted,2024-09-17,2024-09-21,,,,,2024-10-21,78500,USD,2024-09-21T18:53:08Z,2026-05-31T23:59:59Z
APP-0019918,REQ-2024-00702,accepted,2024-09-27,2024-10-02,,,,,2024-11-04,113500,USD,2024-10-02T16:44:27Z,2026-05-31T23:59:59Z
APP-0019941,REQ-2024-00860,accepted,2024-09-15,2024-09-16,,,,,2024-10-21,86000,USD,2024-09-16T12:12:58Z,2026-05-31T23:59:59Z
APP-0019948,REQ-2024-00865,offer_declined,2024-09-14,,2024-09-17,,,,2024-10-12,78000,USD,2024-09-17T15:38:22Z,2026-05-31T23:59:59Z
APP-0019970,REQ-2024-00882,offer_withdrawn,2024-10-07,,,2024-10-10,,,2024-11-04,101500,USD,2024-10-10T19:33:51Z,2026-05-31T23:59:59Z
APP-0019985,REQ-2024-00046,accepted,2024-09-17,2024-09-21,,,,,2024-10-21,71500,USD,2024-09-21T10:15:59Z,2026-05-31T23:59:59Z
APP-0019999,REQ-2024-00684,accepted,2024-09-19,2024-09-21,,,,,2024-10-14,53500,USD,2024-09-21T11:32:05Z,2026-05-31T23:59:59Z
APP-0020005,REQ-2024-00771,offer_declined,2024-09-25,,2024-09-27,,,,2024-10-23,142000,USD,2024-09-27T10:43:14Z,2026-05-31T23:59:59Z
APP-0020008,REQ-2024-00784,accepted,2024-09-14,2024-09-16,,,,,2024-10-14,71000,USD,2024-09-16T09:27:27Z,2026-05-31T23:59:59Z
APP-0020039,REQ-2024-00865,accepted,2024-09-13,2024-09-20,,,,,2024-10-14,77000,USD,2024-09-20T12:45:30Z,2026-05-31T23:59:59Z
APP-0020045,REQ-2024-00873,accepted,2024-09-15,2024-09-17,,,,,2024-10-21,109000,USD,2024-09-17T19:25:58Z,2026-05-31T23:59:59Z
APP-0020046,REQ-2024-00873,accepted,2024-09-22,2024-09-23,,,,,2024-11-04,105000,USD,2024-09-23T16:55:24Z,2026-05-31T23:59:59Z
APP-0020055,REQ-2024-00882,accepted,2024-09-20,2024-09-22,,,,,2024-10-21,100500,USD,2024-09-22T10:30:31Z,2026-05-31T23:59:59Z
APP-0020056,REQ-2024-00884,offer_declined,2024-09-15,,2024-09-19,,,,2024-10-13,88000,USD,2024-09-19T15:36:29Z,2026-05-31T23:59:59Z
APP-0020114,REQ-2024-00873,accepted,2024-09-23,2024-09-26,,,,,2024-10-28,112500,USD,2024-09-26T14:36:18Z,2026-05-31T23:59:59Z
APP-0020126,REQ-2024-00883,accepted,2024-10-02,2024-10-03,,,,,2024-11-04,103000,USD,2024-10-03T12:48:13Z,2026-05-31T23:59:59Z
APP-0020147,REQ-2024-00583,accepted,2024-09-18,2024-09-23,,,,,2024-11-11,74000,USD,2024-09-26T08:57:01Z,2026-05-31T23:59:59Z
APP-0020157,REQ-2024-00793,accepted,2024-09-19,2024-09-22,,,,,2024-10-28,110500,USD,2024-09-22T14:41:32Z,2026-05-31T23:59:59Z
APP-0020177,REQ-2024-00864,accepted,2024-09-21,2024-09-23,,,,,2024-10-21,65000,USD,2024-09-23T18:50:06Z,2026-05-31T23:59:59Z
APP-0020204,REQ-2024-00889,accepted,2024-10-09,2024-10-24,,,,,2024-12-09,138500,USD,2024-10-24T10:28:10Z,2026-05-31T23:59:59Z
APP-0020207,REQ-2024-00897,accepted,2024-09-28,2024-10-01,,,,,2024-11-11,139000,USD,2024-10-01T11:48:16Z,2026-05-31T23:59:59Z
APP-0020221,REQ-2024-00716,accepted,2024-09-14,2024-09-15,,,,,2024-10-07,52500,USD,2024-09-30T16:17:59Z,2026-05-31T23:59:59Z
APP-0020239,REQ-2024-00873,accepted,2024-09-23,2024-09-26,,,,,2024-11-04,101000,USD,2024-09-26T18:50:44Z,2026-05-31T23:59:59Z
APP-0020247,REQ-2024-00883,offer_declined,2024-10-04,,2024-10-08,,,,2024-11-01,97500,USD,2024-10-08T08:42:44Z,2026-05-31T23:59:59Z
APP-0020252,REQ-2024-00887,accepted,2024-09-23,2024-09-24,,,,,2024-10-28,84500,USD,2024-09-24T13:07:22Z,2026-05-31T23:59:59Z
APP-0020258,REQ-2024-00901,accepted,2024-09-21,2024-09-22,,,,,2024-10-07,76200,USD,2024-09-28T09:37:24Z,2026-05-31T23:59:59Z
APP-0020271,REQ-2024-00774,accepted,2024-10-15,2024-10-16,,,,,2024-12-09,171500,USD,2024-10-16T12:53:06Z,2026-05-31T23:59:59Z
APP-0020330,REQ-2024-00747,offer_declined,2024-09-21,,2024-09-22,,,,2024-10-18,90000,USD,2024-09-22T16:05:43Z,2026-05-31T23:59:59Z
APP-0020342,REQ-2024-00857,accepted,2024-09-21,2024-09-23,,,,,2024-10-14,61500,USD,2024-09-23T18:53:48Z,2026-05-31T23:59:59Z
APP-0020349,REQ-2024-00873,offer_declined,2024-10-14,,2024-10-18,,,,2024-11-11,96500,USD,2024-10-18T18:33:24Z,2026-05-31T23:59:59Z
APP-0020361,REQ-2024-00885,offer_declined,2024-09-29,,2024-10-03,,,,2024-10-27,51500,USD,2024-10-03T14:12:20Z,2026-05-31T23:59:59Z
APP-0020384,REQ-2024-00635,accepted,2024-09-28,2024-10-03,,,,,2024-11-11,103500,USD,2024-10-03T16:24:37Z,2026-05-31T23:59:59Z
APP-0020395,REQ-2024-00837,accepted,2024-09-22,2024-09-23,,,,,2024-10-28,97000,USD,2024-09-23T10:39:14Z,2026-05-31T23:59:59Z
APP-0020421,REQ-2024-00884,accepted,2024-10-06,2024-10-09,,,,,2024-11-11,87000,USD,2024-10-09T09:04:05Z,2026-05-31T23:59:59Z
APP-0020427,REQ-2024-00898,accepted,2024-09-14,2024-09-18,,,,,2024-10-14,49500,USD,2024-09-18T12:13:36Z,2026-05-31T23:59:59Z
APP-0020444,REQ-2024-00739,accepted,2024-10-30,2024-10-31,,,,,2024-12-09,144500,USD,2024-11-14T12:18:20Z,2026-05-31T23:59:59Z
APP-0020486,REQ-2024-00896,offer_declined,2024-10-18,,2024-10-22,,,,2024-11-15,102500,USD,2024-10-22T08:13:32Z,2026-05-31T23:59:59Z
APP-0020525,REQ-2024-00880,accepted,2024-09-19,2024-09-20,,,,,2024-10-21,61500,USD,2024-09-20T18:25:47Z,2026-05-31T23:59:59Z
APP-0020526,REQ-2024-00883,offer_declined,2024-10-15,,2024-10-19,,,,2024-11-12,97500,USD,2024-10-19T13:52:17Z,2026-05-31T23:59:59Z
APP-0020527,REQ-2024-00883,accepted,2024-10-18,2024-10-20,,,,,2024-11-25,97000,USD,2024-10-20T17:13:43Z,2026-05-31T23:59:59Z
APP-0020541,REQ-2024-00903,accepted,2024-09-23,2024-09-24,,,,,2024-10-14,71000,USD,2024-09-24T11:15:00Z,2026-05-31T23:59:59Z
APP-0020544,REQ-2024-00907,accepted,2024-10-17,2024-10-18,,,,,2024-11-25,182000,USD,2024-10-18T10:30:19Z,2026-05-31T23:59:59Z
APP-0020545,REQ-2024-00909,accepted,2024-09-29,2024-10-04,,,,,2024-11-18,124000,USD,2024-10-04T08:37:01Z,2026-05-31T23:59:59Z
APP-0020546,REQ-2024-00911,offer_withdrawn,2024-10-14,,,2024-10-17,,,2024-11-04,81500,USD,2024-10-17T18:11:35Z,2026-05-31T23:59:59Z
APP-0020562,REQ-2024-00758,accepted,2024-10-07,2024-10-11,,,,,2024-11-11,100000,USD,2024-10-11T08:35:24Z,2026-05-31T23:59:59Z
APP-0020563,REQ-2024-00771,accepted,2024-10-10,2024-10-13,,,,,2024-11-25,123000,USD,2024-10-13T10:39:22Z,2026-05-31T23:59:59Z
APP-0020568,REQ-2024-00832,accepted,2024-09-27,2024-09-29,,,,,2024-11-11,77500,USD,2024-09-29T10:15:46Z,2026-05-31T23:59:59Z
APP-0020658,REQ-2024-00908,accepted,2024-09-30,2024-10-01,,,,,2024-10-28,77000,USD,2024-10-01T13:43:36Z,2026-05-31T23:59:59Z
APP-0020660,REQ-2024-00911,offer_withdrawn,2024-10-08,,,2024-10-12,,,2024-11-05,77500,USD,2024-10-12T15:11:53Z,2026-05-31T23:59:59Z
APP-0020663,REQ-2024-00911,accepted,2024-09-30,2024-10-04,,,,,2024-10-28,75000,USD,2024-10-04T16:02:11Z,2026-05-31T23:59:59Z
APP-0020666,REQ-2024-00915,offer_declined,2024-10-02,,2024-10-03,,,,2024-10-30,50000,USD,2024-10-03T15:30:20Z,2026-05-31T23:59:59Z
APP-0020688,REQ-2024-00798,offer_declined,2024-09-21,,2024-09-22,,,,2024-10-19,55000,USD,2024-09-22T19:44:05Z,2026-05-31T23:59:59Z
APP-0020711,REQ-2024-00887,accepted,2024-10-07,2024-10-10,,,,,2024-11-04,75000,USD,2024-10-10T10:17:03Z,2026-05-31T23:59:59Z
APP-0020716,REQ-2024-00900,accepted,2024-10-04,2024-10-07,,,,,2024-11-18,105500,USD,2024-10-15T19:21:32Z,2026-05-31T23:59:59Z
APP-0020746,REQ-2024-00671,accepted,2024-10-13,2024-10-16,,,,,2024-12-09,130500,USD,2024-10-20T16:26:33Z,2026-05-31T23:59:59Z
APP-0020802,REQ-2024-00914,accepted,2024-10-03,2024-10-07,,,,,2024-11-04,81500,USD,2024-10-07T13:12:57Z,2026-05-31T23:59:59Z
APP-0020833,REQ-2024-00857,accepted,2024-09-29,2024-10-03,,,,,2024-11-11,55000,USD,2024-10-06T11:48:28Z,2026-05-31T23:59:59Z
APP-0020865,REQ-2024-00911,accepted,2024-10-04,2024-10-07,,,,,2024-11-11,73000,USD,2024-10-07T10:05:48Z,2026-05-31T23:59:59Z
APP-0020896,REQ-2024-00857,offer_declined,2024-09-28,,2024-09-29,,,,2024-10-26,57500,USD,2024-09-29T14:02:49Z,2026-05-31T23:59:59Z
APP-0020911,REQ-2024-00884,offer_withdrawn,2024-10-09,,,2024-10-09,,,2024-11-06,89000,USD,2024-10-09T17:09:41Z,2026-05-31T23:59:59Z
APP-0020932,REQ-2024-00913,offer_declined,2024-10-16,,2024-10-27,,,,2024-11-13,94000,USD,2024-10-27T09:20:45Z,2026-05-31T23:59:59Z
APP-0020936,REQ-2024-00916,accepted,2024-09-29,2024-10-06,,,,,2024-11-04,85000,USD,2024-10-06T18:17:24Z,2026-05-31T23:59:59Z
APP-0020941,REQ-2024-00213,offer_declined,2024-10-19,,2024-10-30,,,,2024-11-16,88500,USD,2024-10-30T09:45:52Z,2026-05-31T23:59:59Z
APP-0020946,REQ-2024-00516,offer_declined,2024-10-26,,2024-10-31,,,,2024-11-23,86000,USD,2024-10-31T17:54:59Z,2026-05-31T23:59:59Z
APP-0020962,REQ-2024-00838,accepted,2024-10-02,2024-10-04,,,,,2024-11-04,76000,USD,2024-10-04T14:04:24Z,2026-05-31T23:59:59Z
APP-0020964,REQ-2024-00857,offer_withdrawn,2024-10-03,,,2024-10-08,,,2024-10-31,60500,USD,2024-10-08T12:11:09Z,2026-05-31T23:59:59Z
APP-0020983,REQ-2024-00893,accepted,2024-10-13,2024-10-14,,,,,2024-12-23,236000,USD,2024-10-14T15:41:36Z,2026-05-31T23:59:59Z
APP-0020990,REQ-2024-00911,offer_declined,2024-09-25,,2024-09-28,,,,2024-10-23,80000,USD,2024-09-28T13:59:39Z,2026-05-31T23:59:59Z
APP-0020993,REQ-2024-00911,accepted,2024-10-06,2024-10-08,,,,,2024-11-11,75000,USD,2024-10-08T13:20:49Z,2026-05-31T23:59:59Z
APP-0020994,REQ-2024-00911,accepted,2024-10-04,2024-10-09,,,,,2024-11-04,79000,USD,2024-10-09T15:10:10Z,2026-05-31T23:59:59Z
APP-0021000,REQ-2024-00914,accepted,2024-10-12,2024-10-14,,,,,2024-11-04,69500,USD,2024-10-14T18:40:40Z,2026-05-31T23:59:59Z
APP-0021031,REQ-2024-00778,accepted,2024-10-20,2024-10-24,,,,,2024-11-25,94000,USD,2024-10-24T12:44:45Z,2026-05-31T23:59:59Z
APP-0021034,REQ-2024-00822,accepted,2024-10-05,2024-10-07,,,,,2024-11-11,148000,USD,2024-10-07T18:07:46Z,2026-05-31T23:59:59Z
APP-0021047,REQ-2024-00887,offer_declined,2024-09-27,,2024-09-29,,,,2024-10-25,77500,USD,2024-09-29T14:02:55Z,2026-05-31T23:59:59Z
APP-0021055,REQ-2024-00913,offer_declined,2024-10-18,,2024-10-28,,,,2024-11-15,97000,USD,2024-10-28T14:19:14Z,2026-05-31T23:59:59Z
APP-0021059,REQ-2024-00914,accepted,2024-10-05,2024-10-07,,,,,2024-11-11,86000,USD,2024-10-17T16:40:41Z,2026-05-31T23:59:59Z
APP-0021071,REQ-2024-00931,offer_rescinded,2024-10-15,2024-10-21,,,2024-11-15,,2024-11-25,134000,USD,2024-11-15T11:36:25Z,2026-05-31T23:59:59Z
APP-0021074,REQ-2024-00120,accepted,2024-10-29,2024-10-30,,,,,2024-12-02,106000,USD,2024-11-10T16:11:34Z,2026-05-31T23:59:59Z
APP-0021088,REQ-2024-00803,accepted,2024-10-18,2024-10-21,,,,,2024-11-25,84000,USD,2024-10-21T08:56:50Z,2026-05-31T23:59:59Z
APP-0021094,REQ-2024-00885,accepted,2024-09-28,2024-09-30,,,,,2024-10-14,59000,USD,2024-09-30T11:07:36Z,2026-05-31T23:59:59Z
APP-0021098,REQ-2024-00887,candidate_renege,2024-10-05,2024-10-07,,,,2024-10-16,2024-11-04,83500,USD,2024-10-16T10:23:15Z,2026-05-31T23:59:59Z
APP-0021137,REQ-2024-00782,accepted,2024-10-20,2024-10-26,,,,,2024-12-02,168000,USD,2024-10-26T15:23:43Z,2026-05-31T23:59:59Z
APP-0021138,REQ-2024-00791,offer_withdrawn,2024-11-08,,,2024-11-14,,,2024-12-06,98000,USD,2024-11-14T14:00:14Z,2026-05-31T23:59:59Z
APP-0021150,REQ-2024-00873,offer_declined,2024-10-11,,2024-10-13,,,,2024-11-08,106500,USD,2024-10-13T11:25:14Z,2026-05-31T23:59:59Z
APP-0021173,REQ-2024-00911,offer_declined,2024-10-15,,2024-10-15,,,,2024-11-12,73000,USD,2024-10-15T17:04:34Z,2026-05-31T23:59:59Z
APP-0021178,REQ-2024-00911,offer_rescinded,2024-09-29,2024-10-01,,,2024-10-17,,2024-11-17,76500,USD,2024-10-17T13:11:06Z,2026-05-31T23:59:59Z
APP-0021183,REQ-2024-00926,accepted,2024-10-02,2024-10-07,,,,,2024-10-28,60000,USD,2024-10-07T13:20:45Z,2026-05-31T23:59:59Z
APP-0021190,REQ-2024-00928,candidate_renege,2024-10-08,2024-10-12,,,,2024-10-19,2024-11-04,57000,USD,2024-10-19T11:23:02Z,2026-05-31T23:59:59Z
APP-0021199,REQ-2024-00939,accepted,2024-10-14,2024-10-16,,,,,2024-11-25,101500,USD,2024-10-16T12:52:02Z,2026-05-31T23:59:59Z
APP-0021203,REQ-2024-00444,accepted,2024-10-19,2024-10-20,,,,,2024-12-02,141500,USD,2024-10-20T18:59:08Z,2026-05-31T23:59:59Z
APP-0021220,REQ-2024-00867,accepted,2024-10-20,2024-10-22,,,,,2024-11-25,66000,USD,2024-10-22T15:54:44Z,2026-05-31T23:59:59Z
APP-0021243,REQ-2024-00911,accepted,2024-10-02,2024-10-04,,,,,2024-11-04,81500,USD,2024-10-04T19:27:52Z,2026-05-31T23:59:59Z
APP-0021250,REQ-2024-00925,accepted,2024-09-30,2024-10-10,,,,,2024-11-18,112000,USD,2024-10-17T09:20:03Z,2026-05-31T23:59:59Z
APP-0021263,REQ-2024-00650,accepted,2024-10-13,2024-10-17,,,,,2024-11-11,66500,USD,2024-10-17T19:02:18Z,2026-05-31T23:59:59Z
APP-0021270,REQ-2024-00798,accepted,2024-10-09,2024-10-11,,,,,2024-10-28,56000,USD,2024-10-11T10:42:09Z,2026-05-31T23:59:59Z
APP-0021281,REQ-2024-00887,accepted,2024-10-24,2024-10-28,,,,,2024-11-25,81500,USD,2024-10-28T17:05:28Z,2026-05-31T23:59:59Z
APP-0021290,REQ-2024-00911,accepted,2024-10-08,2024-10-10,,,,,2024-11-04,81000,USD,2024-10-10T09:05:19Z,2026-05-31T23:59:59Z
APP-0021297,REQ-2024-00917,accepted,2024-11-09,2024-11-10,,,,,2024-12-16,142000,USD,2024-11-10T14:05:32Z,2026-05-31T23:59:59Z
APP-0021316,REQ-2024-00938,offer_declined,2024-10-12,,2024-10-15,,,,2024-11-09,68500,USD,2024-10-15T14:39:01Z,2026-05-31T23:59:59Z
APP-0021317,REQ-2024-00938,accepted,2024-10-14,2024-10-17,,,,,2024-11-25,70500,USD,2024-11-01T12:25:55Z,2026-05-31T23:59:59Z
APP-0021325,REQ-2024-00232,accepted,2024-11-18,2024-11-19,,,,,2024-12-16,134500,USD,2024-11-19T19:48:12Z,2026-05-31T23:59:59Z
APP-0021331,REQ-2024-00668,accepted,2024-10-09,2024-10-10,,,,,2024-11-25,122500,USD,2024-10-14T19:37:08Z,2026-05-31T23:59:59Z
APP-0021373,REQ-2024-00935,offer_withdrawn,2024-10-23,,,2024-10-30,,,2024-11-20,57000,USD,2024-10-30T10:34:52Z,2026-05-31T23:59:59Z
APP-0021380,REQ-2024-00938,offer_declined,2024-10-16,,2024-10-20,,,,2024-11-13,68000,USD,2024-10-20T14:27:05Z,2026-05-31T23:59:59Z
APP-0021390,REQ-2024-00419,accepted,2024-10-16,2024-10-22,,,,,2024-11-25,107500,USD,2024-10-22T10:29:12Z,2026-05-31T23:59:59Z
APP-0021421,REQ-2024-00920,accepted,2024-10-02,2024-10-06,,,,,2024-11-11,104500,USD,2024-10-06T14:05:20Z,2026-05-31T23:59:59Z
APP-0021424,REQ-2024-00926,accepted,2024-10-12,2024-10-13,,,,,2024-11-04,62000,USD,2024-10-13T08:15:43Z,2026-05-31T23:59:59Z
APP-0021460,REQ-2024-00869,offer_declined,2024-10-28,,2024-11-04,,,,2024-11-25,127500,USD,2024-11-04T14:53:38Z,2026-05-31T23:59:59Z
APP-0021508,REQ-2024-00748,accepted,2024-10-12,2024-10-16,,,,,2024-11-18,61000,USD,2024-10-16T16:32:49Z,2026-05-31T23:59:59Z
APP-0021538,REQ-2024-00928,offer_declined,2024-10-09,,2024-10-10,,,,2024-11-06,60000,USD,2024-10-10T10:25:54Z,2026-05-31T23:59:59Z
APP-0021546,REQ-2024-00935,accepted,2024-10-09,2024-10-10,,,,,2024-11-04,60000,USD,2024-10-10T16:01:54Z,2026-05-31T23:59:59Z
APP-0021547,REQ-2024-00935,accepted,2024-10-08,2024-10-09,,,,,2024-10-28,66000,USD,2024-10-09T16:24:04Z,2026-05-31T23:59:59Z
APP-0021556,REQ-2024-00938,accepted,2024-10-10,2024-10-13,,,,,2024-12-02,62000,USD,2024-10-24T08:30:43Z,2026-05-31T23:59:59Z
APP-0021567,REQ-2024-00644,accepted,2024-10-25,2024-10-26,,,,,2024-11-25,82500,USD,2024-10-26T13:36:38Z,2026-05-31T23:59:59Z
APP-0021578,REQ-2024-00873,accepted,2024-10-24,2024-10-26,,,,,2024-12-02,97000,USD,2024-10-30T19:58:46Z,2026-05-31T23:59:59Z
APP-0021614,REQ-2024-00938,accepted,2024-10-07,2024-10-09,,,,,2024-11-11,62000,USD,2024-10-09T12:04:18Z,2026-05-31T23:59:59Z
APP-0021623,REQ-2024-00218,accepted,2024-11-07,2024-11-10,,,,,2024-12-16,160000,USD,2024-11-10T09:51:30Z,2026-05-31T23:59:59Z
APP-0021630,REQ-2024-00677,accepted,2024-10-20,2024-10-24,,,,,2024-11-25,81500,USD,2024-10-24T17:58:49Z,2026-05-31T23:59:59Z
APP-0021632,REQ-2024-00814,accepted,2024-10-16,2024-10-18,,,,,2024-11-18,88000,USD,2024-10-18T15:45:57Z,2026-05-31T23:59:59Z
APP-0021664,REQ-2024-00938,accepted,2024-10-07,2024-10-08,,,,,2024-11-11,59500,USD,2024-10-12T17:21:09Z,2026-05-31T23:59:59Z
APP-0021674,REQ-2024-00493,accepted,2024-10-15,2024-10-18,,,,,2024-11-25,102500,USD,2024-10-18T09:08:20Z,2026-05-31T23:59:59Z
APP-0021687,REQ-2024-00829,accepted,2024-10-12,2024-10-17,,,,,2024-11-25,92000,USD,2024-10-17T16:02:57Z,2026-05-31T23:59:59Z
APP-0021726,REQ-2024-00926,offer_declined,2024-10-04,,2024-10-09,,,,2024-11-01,63000,USD,2024-10-09T09:18:18Z,2026-05-31T23:59:59Z
APP-0021728,REQ-2024-00928,offer_declined,2024-10-14,,2024-10-16,,,,2024-11-11,61500,USD,2024-10-16T19:29:33Z,2026-05-31T23:59:59Z
APP-0021735,REQ-2024-00936,offer_declined,2024-10-07,,2024-10-13,,,,2024-11-04,77000,USD,2024-10-13T17:30:09Z,2026-05-31T23:59:59Z
APP-0021744,REQ-2024-00938,accepted,2024-10-21,2024-10-23,,,,,2024-11-18,59000,USD,2024-10-23T18:37:36Z,2026-05-31T23:59:59Z
APP-0021747,REQ-2024-00941,accepted,2024-10-25,2024-10-28,,,,,2024-11-18,105500,USD,2024-10-28T10:43:22Z,2026-05-31T23:59:59Z
APP-0021769,REQ-2024-00873,offer_declined,2024-10-11,,2024-10-12,,,,2024-11-08,115500,USD,2024-10-12T15:28:15Z,2026-05-31T23:59:59Z
APP-0021771,REQ-2024-00886,accepted,2024-10-19,2024-10-24,,,,,2024-11-18,72500,USD,2024-10-24T19:08:44Z,2026-05-31T23:59:59Z
APP-0021799,REQ-2024-00957,accepted,2024-10-13,2024-10-15,,,,,2024-10-28,48000,USD,2024-10-15T11:17:20Z,2026-05-31T23:59:59Z
APP-0021831,REQ-2024-00914,offer_withdrawn,2024-10-12,,,2024-10-16,,,2024-11-09,73500,USD,2024-10-16T11:33:25Z,2026-05-31T23:59:59Z
APP-0021855,REQ-2024-00938,accepted,2024-10-12,2024-10-13,,,,,2024-11-18,71000,USD,2024-10-13T09:09:46Z,2026-05-31T23:59:59Z
APP-0021873,REQ-2024-00481,accepted,2024-11-08,2024-11-13,,,,,2024-12-16,160000,USD,2024-11-13T08:41:17Z,2026-05-31T23:59:59Z
APP-0021878,REQ-2024-00612,offer_withdrawn,2024-10-24,,,2024-10-26,,,2024-11-20,118000,USD,2024-10-26T10:50:13Z,2026-05-31T23:59:59Z
APP-0021883,REQ-2024-00747,offer_declined,2024-11-04,,2024-11-08,,,,2024-12-02,83000,USD,2024-11-08T08:41:06Z,2026-05-31T23:59:59Z
APP-0021893,REQ-2024-00887,accepted,2024-10-23,2024-10-25,,,,,2024-11-18,85500,USD,2024-10-25T16:36:51Z,2026-05-31T23:59:59Z
APP-0021900,REQ-2024-00922,accepted,2024-11-05,2024-11-08,,,,,2024-12-16,137000,USD,2024-11-08T13:56:55Z,2026-05-31T23:59:59Z
APP-0021901,REQ-2024-00926,accepted,2024-10-12,2024-10-17,,,,,2024-11-04,53500,USD,2024-10-17T14:04:33Z,2026-05-31T23:59:59Z
APP-0021919,REQ-2024-00952,accepted,2024-11-06,2024-11-08,,,,,2024-12-16,75500,USD,2024-11-18T19:10:58Z,2026-05-31T23:59:59Z
APP-0021920,REQ-2024-00954,offer_declined,2024-11-10,,2024-11-21,,,,2024-12-08,205000,USD,2024-11-21T17:12:05Z,2026-05-31T23:59:59Z
APP-0021927,REQ-2024-00216,accepted,2024-11-02,2024-11-05,,,,,2024-12-02,74500,USD,2024-11-05T16:32:06Z,2026-05-31T23:59:59Z
APP-0021928,REQ-2024-00254,offer_declined,2024-10-19,,2024-10-23,,,,2024-11-16,64500,USD,2024-10-23T17:00:07Z,2026-05-31T23:59:59Z
APP-0021932,REQ-2024-00650,offer_declined,2024-10-19,,2024-10-22,,,,2024-11-16,65000,USD,2024-10-22T19:14:16Z,2026-05-31T23:59:59Z
APP-0021947,REQ-2024-00888,accepted,2024-10-30,2024-11-05,,,,,2024-12-02,69000,USD,2024-11-05T19:28:00Z,2026-05-31T23:59:59Z
APP-0021962,REQ-2024-00928,accepted,2024-10-27,2024-10-31,,,,,2024-11-18,63500,USD,2024-10-31T09:59:41Z,2026-05-31T23:59:59Z
APP-0022052,REQ-2024-00690,accepted,2024-11-11,2024-11-15,,,,,2024-12-23,181500,USD,2024-11-15T08:55:11Z,2026-05-31T23:59:59Z
APP-0022066,REQ-2024-00853,accepted,2024-10-23,2024-10-29,,,,,2024-12-02,62000,USD,2024-11-01T13:01:41Z,2026-05-31T23:59:59Z
APP-0022095,REQ-2024-00941,accepted,2024-10-28,2024-10-30,,,,,2024-11-18,92500,USD,2024-11-02T19:21:36Z,2026-05-31T23:59:59Z
APP-0022104,REQ-2024-00957,accepted,2024-10-22,2024-10-24,,,,,2024-11-11,43000,USD,2024-10-24T17:14:16Z,2026-05-31T23:59:59Z
APP-0022112,REQ-2024-00965,accepted,2024-10-15,2024-10-18,,,,,2024-11-18,89000,USD,2024-10-23T17:29:00Z,2026-05-31T23:59:59Z
APP-0022123,REQ-2024-00213,accepted,2024-10-28,2024-10-31,,,,,2024-11-25,89000,USD,2024-10-31T08:46:01Z,2026-05-31T23:59:59Z
APP-0022131,REQ-2024-00654,accepted,2024-10-24,2024-10-27,,,,,2024-11-25,99500,USD,2024-10-27T18:57:40Z,2026-05-31T23:59:59Z
APP-0022176,REQ-2024-00957,offer_withdrawn,2024-10-25,,,2024-10-28,,,2024-11-22,47500,USD,2024-10-28T10:14:27Z,2026-05-31T23:59:59Z
APP-0022198,REQ-2024-00971,offer_rescinded,2024-10-31,2024-11-03,,,2024-12-08,,2024-12-16,210500,USD,2024-12-08T13:29:46Z,2026-05-31T23:59:59Z
APP-0022253,REQ-2024-00961,offer_withdrawn,2024-11-08,,,2024-11-09,,,2024-12-06,74500,USD,2024-11-09T09:22:31Z,2026-05-31T23:59:59Z
APP-0022271,REQ-2024-00507,accepted,2024-11-06,2024-11-09,,,,,2024-12-23,131000,USD,2024-11-11T16:36:09Z,2026-05-31T23:59:59Z
APP-0022276,REQ-2024-00612,accepted,2024-10-23,2024-10-25,,,,,2024-11-25,111500,USD,2024-10-25T15:59:22Z,2026-05-31T23:59:59Z
APP-0022308,REQ-2024-00964,accepted,2024-12-04,2024-12-10,,,,,2025-01-20,141500,USD,2024-12-10T12:12:29Z,2026-05-31T23:59:59Z
APP-0022314,REQ-2024-00968,accepted,2024-10-21,2024-10-24,,,,,2024-11-25,84000,USD,2024-10-24T14:31:35Z,2026-05-31T23:59:59Z
APP-0022321,REQ-2024-00300,accepted,2024-11-04,2024-11-14,,,,,2024-12-23,127500,USD,2024-11-14T16:56:43Z,2026-05-31T23:59:59Z
APP-0022352,REQ-2024-00935,accepted,2024-10-23,2024-10-29,,,,,2024-11-18,57500,USD,2024-10-29T19:53:26Z,2026-05-31T23:59:59Z
APP-0022371,REQ-2024-00960,offer_withdrawn,2024-11-26,,,2024-11-28,,,2024-12-24,139000,USD,2024-11-28T09:49:02Z,2026-05-31T23:59:59Z
APP-0022380,REQ-2024-00965,accepted,2024-10-19,2024-10-22,,,,,2024-11-25,95500,USD,2024-10-22T18:31:51Z,2026-05-31T23:59:59Z
APP-0022381,REQ-2024-00966,accepted,2024-11-03,2024-11-09,,,,,2024-12-09,83000,USD,2024-11-09T17:21:05Z,2026-05-31T23:59:59Z
APP-0022390,REQ-2024-00615,accepted,2024-11-08,2024-11-10,,,,,2024-11-25,73500,USD,2024-11-10T10:46:46Z,2026-05-31T23:59:59Z
APP-0022410,REQ-2024-00928,accepted,2024-10-26,2024-11-01,,,,,2024-12-09,55000,USD,2024-11-09T16:35:39Z,2026-05-31T23:59:59Z
APP-0022414,REQ-2024-00938,offer_withdrawn,2024-10-21,,,2024-10-29,,,2024-11-18,64000,USD,2024-10-29T17:49:54Z,2026-05-31T23:59:59Z
APP-0022416,REQ-2024-00938,offer_withdrawn,2024-10-24,,,2024-10-29,,,2024-11-21,66500,USD,2024-10-29T16:38:06Z,2026-05-31T23:59:59Z
APP-0022419,REQ-2024-00943,offer_rescinded,2024-10-30,2024-11-01,,,2024-11-07,,2024-12-02,77500,USD,2024-11-07T09:25:19Z,2026-05-31T23:59:59Z
APP-0022426,REQ-2024-00957,offer_declined,2024-10-21,,2024-10-23,,,,2024-11-18,47500,USD,2024-10-23T12:57:17Z,2026-05-31T23:59:59Z
APP-0022431,REQ-2024-00964,accepted,2024-11-04,2024-11-05,,,,,2024-12-09,137000,USD,2024-11-05T19:58:07Z,2026-05-31T23:59:59Z
APP-0022437,REQ-2024-00981,offer_rescinded,2024-10-30,2024-11-02,,,2024-11-03,,2024-11-25,74000,USD,2024-11-03T11:57:46Z,2026-05-31T23:59:59Z
APP-0022447,REQ-2024-00507,accepted,2024-11-15,2024-11-20,,,,,2024-12-23,121000,USD,2024-11-20T09:22:05Z,2026-05-31T23:59:59Z
APP-0022451,REQ-2024-00595,candidate_renege,2024-11-21,2024-11-24,,,,2024-12-16,2024-12-30,138000,USD,2024-12-16T18:11:21Z,2026-05-31T23:59:59Z
APP-0022463,REQ-2024-00832,offer_rescinded,2024-10-31,2024-11-04,,,2024-11-13,,2024-12-09,80000,USD,2024-11-13T16:17:42Z,2026-05-31T23:59:59Z
APP-0022490,REQ-2024-00943,offer_withdrawn,2024-10-29,,,2024-11-03,,,2024-11-26,81000,USD,2024-11-03T11:16:35Z,2026-05-31T23:59:59Z
APP-0022501,REQ-2024-00961,accepted,2024-11-03,2024-11-08,,,,,2024-12-23,78000,USD,2024-11-10T19:33:15Z,2026-05-31T23:59:59Z
APP-0022510,REQ-2024-00968,accepted,2024-10-24,2024-10-27,,,,,2024-12-02,92000,USD,2024-10-27T12:11:24Z,2026-05-31T23:59:59Z
APP-0022517,REQ-2024-00001,offer_declined,2024-11-12,,2024-11-16,,,,2024-12-10,127000,USD,2024-11-16T16:17:19Z,2026-05-31T23:59:59Z
APP-0022532,REQ-2024-00686,accepted,2024-11-16,2024-11-20,,,,,2024-12-23,124500,USD,2024-11-28T10:25:06Z,2026-05-31T23:59:59Z
APP-0022538,REQ-2024-00806,accepted,2024-10-26,2024-10-31,,,,,2024-12-09,86500,USD,2024-11-06T17:57:48Z,2026-05-31T23:59:59Z
APP-0022539,REQ-2024-00832,accepted,2024-11-05,2024-11-10,,,,,2024-12-16,80000,USD,2024-11-10T10:02:50Z,2026-05-31T23:59:59Z
APP-0022568,REQ-2024-00957,offer_withdrawn,2024-10-26,,,2024-10-29,,,2024-11-23,45000,USD,2024-10-29T17:23:37Z,2026-05-31T23:59:59Z
APP-0022569,REQ-2024-00957,accepted,2024-10-21,2024-10-22,,,,,2024-11-18,46000,USD,2024-11-05T19:52:47Z,2026-05-31T23:59:59Z
APP-0022579,REQ-2024-00968,offer_withdrawn,2024-10-28,,,2024-11-02,,,2024-11-25,86500,USD,2024-11-02T18:08:14Z,2026-05-31T23:59:59Z
APP-0022609,REQ-2024-00873,accepted,2024-11-04,2024-11-07,,,,,2024-12-16,100000,USD,2024-11-07T12:53:36Z,2026-05-31T23:59:59Z
APP-0022625,REQ-2024-00938,accepted,2024-10-26,2024-10-28,,,,,2024-11-18,63000,USD,2024-10-28T16:53:13Z,2026-05-31T23:59:59Z
APP-0022626,REQ-2024-00938,candidate_renege,2024-10-24,2024-10-28,,,,2024-11-15,2024-11-25,68000,USD,2024-11-15T19:24:51Z,2026-05-31T23:59:59Z
APP-0022639,REQ-2024-00959,accepted,2024-10-29,2024-10-31,,,,,2024-11-25,82500,USD,2024-10-31T13:00:03Z,2026-05-31T23:59:59Z
APP-0022648,REQ-2024-00969,accepted,2024-11-17,2024-11-20,,,,,2025-01-06,122000,USD,2024-11-20T12:38:26Z,2026-05-31T23:59:59Z
APP-0022700,REQ-2024-00959,accepted,2024-11-09,2024-11-14,,,,,2024-12-16,90000,USD,2024-11-14T18:26:11Z,2026-05-31T23:59:59Z
APP-0022704,REQ-2024-00968,offer_declined,2024-10-28,,2024-11-01,,,,2024-11-25,89000,USD,2024-11-01T19:52:58Z,2026-05-31T23:59:59Z
APP-0022705,REQ-2024-00968,accepted,2024-10-27,2024-11-01,,,,,2024-12-02,83000,USD,2024-11-01T16:36:28Z,2026-05-31T23:59:59Z
APP-0022724,REQ-2024-00990,accepted,2024-10-28,2024-10-31,,,,,2024-12-02,76000,USD,2024-10-31T11:56:08Z,2026-05-31T23:59:59Z
APP-0022743,REQ-2024-00860,accepted,2024-11-03,2024-11-05,,,,,2024-12-02,83500,USD,2024-11-05T09:27:25Z,2026-05-31T23:59:59Z
APP-0022783,REQ-2024-00987,accepted,2024-10-30,2024-10-31,,,,,2024-12-02,67500,USD,2024-10-31T14:44:01Z,2026-05-31T23:59:59Z
APP-0022784,REQ-2024-00987,accepted,2024-10-24,2024-10-26,,,,,2024-11-18,66000,USD,2024-10-26T16:00:18Z,2026-05-31T23:59:59Z
APP-0022793,REQ-2024-00691,accepted,2025-01-12,2025-01-19,,,,,2025-03-10,188000,USD,2025-01-19T12:01:52Z,2026-05-31T23:59:59Z
APP-0022802,REQ-2024-00920,offer_rescinded,2024-10-30,2024-11-02,,,2024-11-26,,2024-12-09,113000,USD,2024-11-26T14:48:50Z,2026-05-31T23:59:59Z
APP-0022840,REQ-2024-00560,accepted,2024-11-01,2024-11-03,,,,,2024-12-09,102000,USD,2024-11-03T18:33:30Z,2026-05-31T23:59:59Z
APP-0022852,REQ-2024-00873,accepted,2024-10-28,2024-10-29,,,,,2024-12-09,110000,USD,2024-10-29T10:52:07Z,2026-05-31T23:59:59Z
APP-0022857,REQ-2024-00887,accepted,2024-11-06,2024-11-09,,,,,2024-12-09,79000,USD,2024-11-15T13:46:00Z,2026-05-31T23:59:59Z
APP-0022866,REQ-2024-00944,offer_declined,2024-11-20,,2024-11-27,,,,2024-12-18,207000,USD,2024-11-27T13:55:25Z,2026-05-31T23:59:59Z
APP-0022872,REQ-2024-00957,accepted,2024-10-24,2024-10-26,,,,,2024-11-11,48500,USD,2024-11-10T13:44:53Z,2026-05-31T23:59:59Z
APP-0022895,REQ-2024-00995,offer_rescinded,2024-10-31,2024-11-01,,,2024-11-28,,2024-12-02,89000,USD,2024-11-28T15:26:48Z,2026-05-31T23:59:59Z
APP-0022896,REQ-2024-00995,accepted,2024-10-28,2024-10-31,,,,,2024-12-09,85500,USD,2024-11-07T19:08:50Z,2026-05-31T23:59:59Z
APP-0022908,REQ-2024-00788,accepted,2024-12-05,2024-12-10,,,,,2025-01-06,85000,USD,2024-12-10T17:27:23Z,2026-05-31T23:59:59Z
APP-0022909,REQ-2024-00805,accepted,2025-01-19,2025-01-24,,,,,2025-04-07,265000,USD,2025-01-24T11:39:25Z,2026-05-31T23:59:59Z
APP-0022959,REQ-2024-00987,accepted,2024-10-30,2024-11-02,,,,,2024-12-02,58000,USD,2024-11-10T13:07:52Z,2026-05-31T23:59:59Z
APP-0022960,REQ-2024-00987,accepted,2024-10-23,2024-10-27,,,,,2024-11-25,62000,USD,2024-10-27T08:22:39Z,2026-05-31T23:59:59Z
APP-0022965,REQ-2024-00996,accepted,2024-10-31,2024-11-07,,,,,2024-12-16,77000,USD,2024-11-09T12:03:12Z,2026-05-31T23:59:59Z
APP-0022995,REQ-2024-00928,accepted,2024-11-08,2024-11-13,,,,,2024-12-02,62500,USD,2024-11-13T15:04:47Z,2026-05-31T23:59:59Z
APP-0022999,REQ-2024-00945,accepted,2024-11-21,2024-11-22,,,,,2024-12-23,81000,USD,2024-11-22T15:37:08Z,2026-05-31T23:59:59Z
APP-0023037,REQ-2024-00763,accepted,2024-11-05,2024-11-07,,,,,2024-12-02,54000,USD,2024-11-07T13:14:43Z,2026-05-31T23:59:59Z
APP-0023040,REQ-2024-00828,accepted,2024-11-21,2024-11-30,,,,,2024-12-30,133900,USD,2024-12-12T18:31:03Z,2026-05-31T23:59:59Z
APP-0023058,REQ-2024-00964,accepted,2024-11-11,2024-11-14,,,,,2024-12-23,124000,USD,2024-11-14T16:32:20Z,2026-05-31T23:59:59Z
APP-0023090,REQ-2024-01014,accepted,2024-11-01,2024-11-03,,,,,2024-11-25,50500,USD,2024-11-03T18:15:06Z,2026-05-31T23:59:59Z
APP-0023112,REQ-2024-00832,offer_withdrawn,2024-11-08,,,2024-11-09,,,2024-12-06,80500,USD,2024-11-09T08:12:41Z,2026-05-31T23:59:59Z
APP-0023142,REQ-2024-00995,accepted,2024-11-08,2024-11-11,,,,,2024-12-16,93300,USD,2024-11-19T15:09:48Z,2026-05-31T23:59:59Z
APP-0023201,REQ-2024-00982,accepted,2024-11-06,2024-11-08,,,,,2024-12-02,66500,USD,2024-11-08T17:08:43Z,2026-05-31T23:59:59Z
APP-0023207,REQ-2024-00994,offer_rescinded,2024-11-12,2024-11-14,,,2024-12-15,,2024-12-16,116500,USD,2024-12-15T17:59:10Z,2026-05-31T23:59:59Z
APP-0023217,REQ-2024-01004,candidate_renege,2024-10-31,2024-11-01,,,,2024-11-03,2024-12-09,107000,USD,2024-11-03T13:39:59Z,2026-05-31T23:59:59Z
APP-0023240,REQ-2024-00683,offer_declined,2024-12-10,,2024-12-19,,,,2025-01-07,161500,USD,2024-12-19T18:24:09Z,2026-05-31T23:59:59Z
APP-0023242,REQ-2024-00747,offer_rescinded,2024-11-10,2024-11-13,,,2024-11-21,,2024-12-16,87500,USD,2024-11-21T16:03:49Z,2026-05-31T23:59:59Z
APP-0023244,REQ-2024-00749,offer_rescinded,2024-11-13,2024-11-15,,,2024-12-03,,2024-12-23,145000,USD,2024-12-03T08:44:00Z,2026-05-31T23:59:59Z
APP-0023257,REQ-2024-00895,offer_rescinded,2024-11-17,2024-11-22,,,2024-12-29,,2024-12-30,132000,USD,2024-12-29T13:31:23Z,2026-05-31T23:59:59Z
APP-0023278,REQ-2024-00972,accepted,2024-11-11,2024-11-12,,,,,2024-12-09,83500,USD,2024-11-12T11:07:36Z,2026-05-31T23:59:59Z
APP-0023291,REQ-2024-01004,offer_declined,2024-11-22,,2024-11-25,,,,2024-12-20,97500,USD,2024-11-25T10:15:46Z,2026-05-31T23:59:59Z
APP-0023331,REQ-2024-00791,accepted,2024-11-10,2024-11-16,,,,,2024-12-23,96500,USD,2024-11-16T10:34:23Z,2026-05-31T23:59:59Z
APP-0023353,REQ-2024-00985,accepted,2024-11-08,2024-11-11,,,,,2024-12-02,59000,USD,2024-11-11T13:17:57Z,2026-05-31T23:59:59Z
APP-0023371,REQ-2024-01005,accepted,2024-11-20,2024-11-26,,,,,2024-12-16,60000,USD,2024-11-26T13:54:51Z,2026-05-31T23:59:59Z
APP-0023376,REQ-2024-01014,accepted,2024-11-08,2024-11-11,,,,,2024-12-02,47000,USD,2024-11-11T18:51:52Z,2026-05-31T23:59:59Z
APP-0023431,REQ-2024-01004,accepted,2024-11-05,2024-11-14,,,,,2024-12-16,101000,USD,2024-11-14T18:19:22Z,2026-05-31T23:59:59Z
APP-0023437,REQ-2024-01011,candidate_renege,2024-11-11,2024-11-13,,,,2024-11-16,2024-12-02,93000,USD,2024-11-16T11:48:47Z,2026-05-31T23:59:59Z
APP-0023441,REQ-2024-01014,offer_rescinded,2024-11-06,2024-11-09,,,2024-11-12,,2024-11-25,48000,USD,2024-11-12T12:38:05Z,2026-05-31T23:59:59Z
APP-0023471,REQ-2024-00918,accepted,2024-11-02,2024-11-03,,,,,2024-11-25,65500,USD,2024-11-03T10:59:58Z,2026-05-31T23:59:59Z
APP-0023505,REQ-2024-01010,accepted,2024-11-20,2024-11-25,,,,,2024-12-30,62500,USD,2024-11-25T16:47:03Z,2026-05-31T23:59:59Z
APP-0023524,REQ-2024-01025,offer_declined,2024-11-21,,2024-11-24,,,,2024-12-19,85500,USD,2024-11-24T13:37:23Z,2026-05-31T23:59:59Z
APP-0023538,REQ-2024-00716,offer_declined,2024-11-11,,2024-11-14,,,,2024-12-09,55500,USD,2024-11-14T09:30:33Z,2026-05-31T23:59:59Z
APP-0023591,REQ-2024-01018,offer_declined,2024-11-19,,2024-11-22,,,,2024-12-15,83000,USD,2024-11-22T16:16:23Z,2026-05-31T23:59:59Z
APP-0023635,REQ-2024-00946,accepted,2024-12-01,2024-12-07,,,,,2025-01-13,134000,USD,2024-12-07T10:31:57Z,2026-05-31T23:59:59Z
APP-0023670,REQ-2024-00140,offer_withdrawn,2024-12-10,,,2024-12-11,,,2025-01-07,98000,USD,2024-12-11T11:42:14Z,2026-05-31T23:59:59Z
APP-0023698,REQ-2024-00972,accepted,2024-11-19,2024-11-24,,,,,2024-12-16,68500,USD,2024-11-24T19:16:58Z,2026-05-31T23:59:59Z
APP-0023700,REQ-2024-00980,accepted,2024-11-19,2024-11-20,,,,,2024-12-23,78500,USD,2024-11-20T15:03:02Z,2026-05-31T23:59:59Z
APP-0023749,REQ-2024-00757,offer_declined,2024-11-27,,2024-11-29,,,,2024-12-25,74500,USD,2024-11-29T13:51:02Z,2026-05-31T23:59:59Z
APP-0023762,REQ-2024-00936,accepted,2024-11-10,2024-11-12,,,,,2024-12-23,68000,USD,2024-11-19T17:13:48Z,2026-05-31T23:59:59Z
APP-0023777,REQ-2024-01001,accepted,2024-12-01,2024-12-03,,,,,2025-01-20,153500,USD,2024-12-03T08:37:22Z,2026-05-31T23:59:59Z
APP-0023794,REQ-2024-01016,offer_rescinded,2024-11-17,2024-11-22,,,2024-12-15,,2024-12-23,82000,USD,2024-12-15T17:29:26Z,2026-05-31T23:59:59Z
APP-0023838,REQ-2024-00980,offer_withdrawn,2024-11-18,,,2024-11-20,,,2024-12-16,81500,USD,2024-11-20T12:39:06Z,2026-05-31T23:59:59Z
APP-0023853,REQ-2024-01004,accepted,2024-11-21,2024-11-27,,,,,2025-01-20,99500,USD,2024-12-06T09:18:28Z,2026-05-31T23:59:59Z
APP-0023865,REQ-2024-01016,accepted,2024-11-18,2024-11-20,,,,,2024-12-30,83000,USD,2024-12-05T15:25:06Z,2026-05-31T23:59:59Z
APP-0023883,REQ-2024-00400,accepted,2024-11-28,2024-11-29,,,,,2024-12-30,146000,USD,2024-11-29T11:40:25Z,2026-05-31T23:59:59Z
APP-0023892,REQ-2024-00890,accepted,2024-11-22,2024-11-26,,,,,2025-01-13,153500,USD,2024-11-26T16:21:18Z,2026-05-31T23:59:59Z
APP-0023922,REQ-2024-01010,accepted,2024-11-23,2024-11-24,,,,,2024-12-30,60000,USD,2024-12-09T19:36:34Z,2026-05-31T23:59:59Z
APP-0023929,REQ-2024-01016,accepted,2024-11-17,2024-11-20,,,,,2025-01-13,78000,USD,2024-11-27T08:04:26Z,2026-05-31T23:59:59Z
APP-0023946,REQ-2024-01033,accepted,2024-11-19,2024-11-24,,,,,2025-01-06,100500,USD,2024-11-24T16:50:37Z,2026-05-31T23:59:59Z
APP-0023956,REQ-2024-00425,accepted,2024-11-29,2024-12-03,,,,,2025-02-03,218500,USD,2024-12-03T16:52:44Z,2026-05-31T23:59:59Z
APP-0023959,REQ-2024-00511,accepted,2024-11-27,2024-12-01,,,,,2024-12-30,125500,USD,2024-12-11T12:04:29Z,2026-05-31T23:59:59Z
APP-0023961,REQ-2024-00545,accepted,2024-12-07,2024-12-11,,,,,2025-01-06,81000,USD,2024-12-19T12:50:04Z,2026-05-31T23:59:59Z
APP-0024002,REQ-2024-01007,accepted,2024-11-30,2024-12-05,,,,,2025-01-13,178500,USD,2024-12-12T10:20:38Z,2026-05-31T23:59:59Z
APP-0024012,REQ-2024-01016,accepted,2024-11-22,2024-11-24,,,,,2024-12-30,89000,USD,2024-11-24T12:38:15Z,2026-05-31T23:59:59Z
APP-0024022,REQ-2024-01044,accepted,2024-12-10,2024-12-11,,,,,2025-01-13,92500,USD,2024-12-11T10:17:24Z,2026-05-31T23:59:59Z
APP-0024030,REQ-2024-00747,accepted,2024-12-01,2024-12-04,,,,,2025-01-06,82500,USD,2024-12-04T14:03:05Z,2026-05-31T23:59:59Z
APP-0024047,REQ-2024-00980,offer_withdrawn,2024-11-17,,,2024-11-22,,,2024-12-15,70000,USD,2024-11-22T11:59:57Z,2026-05-31T23:59:59Z
APP-0024063,REQ-2024-01014,accepted,2024-11-13,2024-11-17,,,,,2024-12-16,50500,USD,2024-11-28T19:20:06Z,2026-05-31T23:59:59Z
APP-0024078,REQ-2024-01038,accepted,2024-11-21,2024-11-22,,,,,2024-12-16,76500,USD,2024-11-22T08:57:19Z,2026-05-31T23:59:59Z
APP-0024086,REQ-2024-00519,accepted,2024-11-17,2024-11-18,,,,,2024-12-09,49000,USD,2024-11-18T08:47:35Z,2026-05-31T23:59:59Z
APP-0024113,REQ-2024-01005,accepted,2024-11-20,2024-11-25,,,,,2024-12-23,55500,USD,2024-11-25T08:11:02Z,2026-05-31T23:59:59Z
APP-0024118,REQ-2024-01010,offer_rescinded,2024-11-16,2024-11-17,,,2024-11-21,,2024-12-09,66500,USD,2024-11-21T14:43:42Z,2026-05-31T23:59:59Z
APP-0024125,REQ-2024-01014,offer_declined,2024-11-19,,2024-11-20,,,,2024-12-17,43500,USD,2024-11-20T10:29:52Z,2026-05-31T23:59:59Z
APP-0024132,REQ-2024-01025,accepted,2024-11-29,2024-12-01,,,,,2025-01-06,82500,USD,2024-12-01T19:09:54Z,2026-05-31T23:59:59Z
APP-0024184,REQ-2024-01014,offer_withdrawn,2024-11-17,,,2024-11-20,,,2024-12-15,45500,USD,2024-11-20T12:50:04Z,2026-05-31T23:59:59Z
APP-0024185,REQ-2024-01014,accepted,2024-11-12,2024-11-14,,,,,2024-12-09,50000,USD,2024-11-14T09:12:10Z,2026-05-31T23:59:59Z
APP-0024186,REQ-2024-01014,accepted,2024-11-16,2024-11-19,,,,,2024-12-23,44000,USD,2024-11-22T16:48:16Z,2026-05-31T23:59:59Z
APP-0024214,REQ-2024-00244,offer_declined,2024-12-12,,2024-12-15,,,,2025-01-09,113500,USD,2024-12-15T14:10:52Z,2026-05-31T23:59:59Z
APP-0024217,REQ-2024-00628,accepted,2024-12-06,2024-12-09,,,,,2025-01-06,100500,USD,2024-12-09T18:03:02Z,2026-05-31T23:59:59Z
APP-0024278,REQ-2024-00576,accepted,2024-12-06,2024-12-06,,,,,2025-01-27,99000,USD,2024-12-15T12:10:41Z,2026-05-31T23:59:59Z
APP-0024283,REQ-2024-00802,accepted,2024-12-03,2024-12-12,,,,,2025-02-17,78500,USD,2024-12-24T19:18:30Z,2026-05-31T23:59:59Z
APP-0024285,REQ-2024-00824,accepted,2024-12-04,2024-12-14,,,,,2025-01-13,110500,USD,2024-12-14T16:23:15Z,2026-05-31T23:59:59Z
APP-0024309,REQ-2024-01016,offer_withdrawn,2024-11-23,,,2024-11-25,,,2024-12-21,89000,USD,2024-11-25T18:50:15Z,2026-05-31T23:59:59Z
APP-0024311,REQ-2024-01017,accepted,2024-12-06,2024-12-07,,,,,2025-01-20,100500,USD,2024-12-11T13:51:16Z,2026-05-31T23:59:59Z
APP-0024314,REQ-2024-01019,candidate_renege,2024-11-22,2024-12-03,,,,2024-12-04,2024-12-30,104500,USD,2024-12-04T08:52:43Z,2026-05-31T23:59:59Z
APP-0024315,REQ-2024-01025,offer_withdrawn,2024-11-29,,,2024-12-01,,,2024-12-27,87000,USD,2024-12-01T14:01:49Z,2026-05-31T23:59:59Z
APP-0024322,REQ-2024-01042,accepted,2024-11-19,2024-11-20,,,,,2024-12-16,78000,USD,2024-11-20T10:46:05Z,2026-05-31T23:59:59Z
APP-0024325,REQ-2024-01044,offer_withdrawn,2024-12-11,,,2024-12-11,,,2025-01-08,103000,USD,2024-12-11T15:23:58Z,2026-05-31T23:59:59Z
APP-0024326,REQ-2024-01044,accepted,2024-12-01,2024-12-07,,,,,2025-01-13,96500,USD,2024-12-07T17:02:44Z,2026-05-31T23:59:59Z
APP-0024331,REQ-2024-01050,accepted,2024-11-15,2024-11-18,,,,,2024-12-30,85500,USD,2024-11-18T12:38:46Z,2026-05-31T23:59:59Z
APP-0024333,REQ-2024-01051,offer_rescinded,2024-11-27,2024-11-29,,,2024-12-07,,2024-12-16,59500,USD,2024-12-07T15:57:46Z,2026-05-31T23:59:59Z
APP-0024339,REQ-2024-01061,candidate_renege,2024-12-15,2024-12-17,,,,2024-12-24,2025-02-03,151500,USD,2024-12-24T16:37:56Z,2026-05-31T23:59:59Z
APP-0024343,REQ-2024-01064,accepted,2024-12-03,2024-12-08,,,,,2025-02-10,173500,USD,2024-12-08T16:42:37Z,2026-05-31T23:59:59Z
APP-0024351,REQ-2024-01076,accepted,2024-11-24,2024-11-25,,,,,2024-12-30,99500,USD,2024-11-25T10:43:28Z,2026-05-31T23:59:59Z
APP-0024359,REQ-2024-00587,offer_declined,2024-11-28,,2024-12-01,,,,2024-12-26,65500,USD,2024-12-01T12:08:02Z,2026-05-31T23:59:59Z
APP-0024374,REQ-2024-00891,accepted,2024-12-17,2024-12-20,,,,,2025-01-27,140000,USD,2024-12-20T10:35:09Z,2026-05-31T23:59:59Z
APP-0024402,REQ-2024-01038,accepted,2024-11-22,2024-11-25,,,,,2024-12-23,68500,USD,2024-11-29T12:13:30Z,2026-05-31T23:59:59Z
APP-0024409,REQ-2024-01045,accepted,2024-11-30,2024-12-02,,,,,2025-01-13,107500,USD,2024-12-02T14:27:46Z,2026-05-31T23:59:59Z
APP-0024412,REQ-2024-01050,offer_withdrawn,2024-12-08,,,2024-12-11,,,2025-01-05,92000,USD,2024-12-11T14:06:35Z,2026-05-31T23:59:59Z
APP-0024478,REQ-2024-01050,offer_declined,2024-12-04,,2024-12-08,,,,2025-01-01,89000,USD,2024-12-08T09:35:47Z,2026-05-31T23:59:59Z
APP-0024482,REQ-2024-01057,offer_declined,2024-11-28,,2024-11-30,,,,2024-12-26,76500,USD,2024-11-30T18:40:34Z,2026-05-31T23:59:59Z
APP-0024485,REQ-2024-01064,offer_withdrawn,2024-12-07,,,2024-12-10,,,2025-01-04,165000,USD,2024-12-10T10:00:33Z,2026-05-31T23:59:59Z
APP-0024492,REQ-2024-01071,accepted,2024-11-24,2024-11-27,,,,,2025-01-06,116500,USD,2024-11-27T08:49:39Z,2026-05-31T23:59:59Z
APP-0024545,REQ-2024-01039,accepted,2024-11-28,2024-12-01,,,,,2025-01-13,131500,USD,2024-12-01T10:45:14Z,2026-05-31T23:59:59Z
APP-0024622,REQ-2024-01030,accepted,2024-12-05,2024-12-12,,,,,2025-02-03,152000,USD,2024-12-12T08:51:18Z,2026-05-31T23:59:59Z
APP-0024632,REQ-2024-01049,accepted,2024-12-02,2024-12-08,,,,,2025-01-20,164500,USD,2024-12-08T13:06:15Z,2026-05-31T23:59:59Z
APP-0024657,REQ-2024-01076,accepted,2024-12-07,2024-12-10,,,,,2025-01-13,96000,USD,2024-12-10T10:00:46Z,2026-05-31T23:59:59Z
APP-0024708,REQ-2024-01027,accepted,2024-12-05,2024-12-07,,,,,2025-01-20,149500,USD,2024-12-07T10:36:29Z,2026-05-31T23:59:59Z
APP-0024726,REQ-2024-01072,accepted,2024-11-24,2024-11-25,,,,,2024-12-09,64000,USD,2024-11-25T16:48:40Z,2026-05-31T23:59:59Z
APP-0024730,REQ-2024-01074,accepted,2024-11-24,2024-12-01,,,,,2024-12-30,81500,USD,2024-12-01T19:33:48Z,2026-05-31T23:59:59Z
APP-0024738,REQ-2024-01078,offer_rescinded,2024-11-25,2024-11-29,,,2024-12-02,,2025-01-13,92000,USD,2024-12-02T09:20:46Z,2026-05-31T23:59:59Z
APP-0024745,REQ-2024-00116,offer_rescinded,2024-12-15,2024-12-20,,,2024-12-27,,2025-02-17,141500,USD,2024-12-27T12:55:48Z,2026-05-31T23:59:59Z
APP-0024749,REQ-2024-00716,offer_declined,2024-11-25,,2024-11-28,,,,2024-12-23,53000,USD,2024-11-28T17:43:27Z,2026-05-31T23:59:59Z
APP-0024751,REQ-2024-00777,accepted,2024-11-27,2024-12-01,,,,,2025-01-13,78000,USD,2024-12-16T18:43:24Z,2026-05-31T23:59:59Z
APP-0024762,REQ-2024-00983,accepted,2024-12-31,2025-01-04,,,,,2025-01-27,86000,USD,2025-01-04T11:23:33Z,2026-05-31T23:59:59Z
APP-0024813,REQ-2024-01081,accepted,2024-12-04,2024-12-11,,,,,2025-01-06,84000,USD,2024-12-11T13:24:41Z,2026-05-31T23:59:59Z
APP-0024816,REQ-2024-01083,accepted,2024-11-23,2024-11-25,,,,,2025-01-06,84500,USD,2024-12-01T14:23:18Z,2026-05-31T23:59:59Z
APP-0024842,REQ-2024-00828,offer_declined,2025-01-11,,2025-01-13,,,,2025-02-04,125500,USD,2025-01-13T11:17:30Z,2026-05-31T23:59:59Z
APP-0024850,REQ-2024-01004,accepted,2024-12-12,2024-12-14,,,,,2025-01-27,120000,USD,2024-12-14T14:08:39Z,2026-05-31T23:59:59Z
APP-0024888,REQ-2024-01071,accepted,2024-12-09,2024-12-11,,,,,2025-01-20,97000,USD,2024-12-11T11:55:04Z,2026-05-31T23:59:59Z
APP-0024889,REQ-2024-01072,offer_declined,2024-11-27,,2024-11-29,,,,2024-12-25,63500,USD,2024-11-29T17:24:30Z,2026-05-31T23:59:59Z
APP-0024908,REQ-2024-01092,accepted,2024-12-07,2024-12-11,,,,,2025-01-13,71500,USD,2024-12-11T19:03:03Z,2026-05-31T23:59:59Z
APP-0024937,REQ-2024-01010,offer_withdrawn,2024-11-25,,,2024-11-27,,,2024-12-23,60500,USD,2024-11-27T09:33:41Z,2026-05-31T23:59:59Z
APP-0024941,REQ-2024-01023,candidate_renege,2024-12-02,2024-12-07,,,,2024-12-12,2024-12-23,71500,USD,2024-12-12T10:24:07Z,2026-05-31T23:59:59Z
APP-0024944,REQ-2024-01035,offer_declined,2024-12-10,,2024-12-13,,,,2025-01-07,72000,USD,2024-12-13T16:31:04Z,2026-05-31T23:59:59Z
APP-0024955,REQ-2024-01050,accepted,2024-12-03,2024-12-05,,,,,2025-01-13,79000,USD,2024-12-05T18:27:43Z,2026-05-31T23:59:59Z
APP-0025032,REQ-2024-01044,offer_withdrawn,2024-12-09,,,2024-12-11,,,2025-01-06,95500,USD,2024-12-11T16:02:24Z,2026-05-31T23:59:59Z
APP-0025035,REQ-2024-01050,accepted,2024-12-07,2024-12-09,,,,,2025-01-13,79800,USD,2024-12-12T15:48:03Z,2026-05-31T23:59:59Z
APP-0025050,REQ-2024-01074,offer_declined,2024-12-11,,2024-12-15,,,,2025-01-08,70500,USD,2024-12-15T11:59:54Z,2026-05-31T23:59:59Z
APP-0025053,REQ-2024-01078,accepted,2024-12-16,2024-12-22,,,,,2025-02-03,84500,USD,2024-12-22T08:27:44Z,2026-05-31T23:59:59Z
APP-0025056,REQ-2024-01079,accepted,2024-11-29,2024-12-02,,,,,2024-12-30,63500,USD,2024-12-02T11:51:43Z,2026-05-31T23:59:59Z
APP-0025058,REQ-2024-01083,offer_declined,2024-12-02,,2024-12-04,,,,2024-12-30,77500,USD,2024-12-04T15:06:48Z,2026-05-31T23:59:59Z
APP-0025072,REQ-2024-01103,accepted,2024-11-26,2024-11-29,,,,,2024-12-30,80000,USD,2024-11-29T10:32:52Z,2026-05-31T23:59:59Z
APP-0025074,REQ-2024-00339,accepted,2024-12-17,2024-12-20,,,,,2025-01-20,76000,USD,2024-12-20T11:57:21Z,2026-05-31T23:59:59Z
APP-0025093,REQ-2024-00928,offer_declined,2024-12-04,,2024-12-07,,,,2025-01-01,63500,USD,2024-12-07T17:36:12Z,2026-05-31T23:59:59Z
APP-0025103,REQ-2024-01038,offer_declined,2024-11-25,,2024-11-27,,,,2024-12-23,65500,USD,2024-11-27T11:51:14Z,2026-05-31T23:59:59Z
APP-0025123,REQ-2024-01063,accepted,2024-11-24,2024-11-27,,,,,2025-01-06,98000,USD,2024-11-27T17:15:28Z,2026-05-31T23:59:59Z
APP-0025137,REQ-2024-01076,accepted,2024-12-13,2024-12-19,,,,,2025-01-27,87500,USD,2024-12-19T15:36:08Z,2026-05-31T23:59:59Z
APP-0025142,REQ-2024-01085,offer_declined,2024-12-05,,2024-12-13,,,,2025-01-02,102500,USD,2024-12-13T16:35:44Z,2026-05-31T23:59:59Z
APP-0025149,REQ-2024-01099,accepted,2024-12-09,2024-12-11,,,,,2024-12-30,62000,USD,2024-12-11T17:40:56Z,2026-05-31T23:59:59Z
APP-0025154,REQ-2024-00235,accepted,2024-12-30,2025-01-02,,,,,2025-03-10,204000,USD,2025-01-02T17:44:52Z,2026-05-31T23:59:59Z
APP-0025183,REQ-2024-01050,offer_declined,2024-12-03,,2024-12-06,,,,2024-12-30,90500,USD,2024-12-06T11:59:54Z,2026-05-31T23:59:59Z
APP-0025186,REQ-2024-01050,accepted,2024-11-27,2024-12-04,,,,,2025-01-06,80100,USD,2024-12-11T17:43:17Z,2026-05-31T23:59:59Z
APP-0025202,REQ-2024-01072,accepted,2024-11-29,2024-11-30,,,,,2024-12-16,57500,USD,2024-11-30T14:58:05Z,2026-05-31T23:59:59Z
APP-0025206,REQ-2024-01076,offer_declined,2024-12-08,,2024-12-14,,,,2025-01-05,94500,USD,2024-12-14T14:49:08Z,2026-05-31T23:59:59Z
APP-0025222,REQ-2024-01091,offer_rescinded,2024-12-08,2024-12-13,,,2025-01-04,,2025-01-20,138700,USD,2025-01-04T15:32:15Z,2026-05-31T23:59:59Z
APP-0025234,REQ-2024-01107,accepted,2024-12-13,2024-12-15,,,,,2025-01-20,100000,USD,2024-12-15T14:40:11Z,2026-05-31T23:59:59Z
APP-0025240,REQ-2024-01111,offer_withdrawn,2024-12-10,,,2024-12-17,,,2025-01-07,103000,USD,2024-12-17T14:14:45Z,2026-05-31T23:59:59Z
APP-0025257,REQ-2024-00943,accepted,2024-12-03,2024-12-07,,,,,2025-01-06,85000,USD,2024-12-07T13:52:55Z,2026-05-31T23:59:59Z
APP-0025270,REQ-2024-01047,accepted,2024-12-26,2024-12-27,,,,,2025-01-20,107000,USD,2024-12-27T15:57:10Z,2026-05-31T23:59:59Z
APP-0025281,REQ-2024-01054,accepted,2024-12-10,2024-12-14,,,,,2024-12-30,76500,USD,2024-12-14T16:08:47Z,2026-05-31T23:59:59Z
APP-0025289,REQ-2024-01067,accepted,2024-12-05,2024-12-16,,,,,2025-01-27,92000,USD,2024-12-16T15:13:01Z,2026-05-31T23:59:59Z
APP-0025301,REQ-2024-01078,accepted,2024-12-20,2024-12-26,,,,,2025-02-03,86000,USD,2024-12-26T19:43:44Z,2026-05-31T23:59:59Z
APP-0025303,REQ-2024-01083,accepted,2024-12-12,2024-12-16,,,,,2025-01-20,77500,USD,2024-12-16T17:21:32Z,2026-05-31T23:59:59Z
APP-0025305,REQ-2024-01089,accepted,2025-01-12,2025-01-17,,,,,2025-03-10,200000,USD,2025-01-17T14:33:13Z,2026-05-31T23:59:59Z
APP-0025313,REQ-2024-01100,accepted,2024-12-07,2024-12-11,,,,,2025-01-20,101500,USD,2024-12-11T11:17:49Z,2026-05-31T23:59:59Z
APP-0025323,REQ-2024-01111,accepted,2024-12-14,2024-12-16,,,,,2025-01-13,115500,USD,2024-12-16T16:09:02Z,2026-05-31T23:59:59Z
APP-0025327,REQ-2024-00534,accepted,2024-12-06,2024-12-12,,,,,2024-12-30,92400,USD,2024-12-16T11:51:35Z,2026-05-31T23:59:59Z
APP-0025329,REQ-2024-00713,candidate_renege,2024-12-13,2024-12-16,,,,2024-12-17,2025-01-27,112000,USD,2024-12-17T10:14:24Z,2026-05-31T23:59:59Z
APP-0025343,REQ-2024-01004,accepted,2024-12-09,2024-12-13,,,,,2025-01-13,108000,USD,2024-12-13T09:14:00Z,2026-05-31T23:59:59Z
APP-0025359,REQ-2024-01051,accepted,2024-12-05,2024-12-07,,,,,2024-12-23,63000,USD,2024-12-07T10:34:47Z,2026-05-31T23:59:59Z
APP-0025365,REQ-2024-01060,offer_withdrawn,2024-12-08,,,2024-12-12,,,2025-01-05,75000,USD,2024-12-12T19:42:39Z,2026-05-31T23:59:59Z
APP-0025366,REQ-2024-01060,accepted,2024-12-06,2024-12-09,,,,,2025-01-06,76500,USD,2024-12-09T10:39:17Z,2026-05-31T23:59:59Z
APP-0025372,REQ-2024-01073,accepted,2024-12-26,2025-01-01,,,,,2025-02-03,176500,USD,2025-01-01T11:16:29Z,2026-05-31T23:59:59Z
APP-0025403,REQ-2024-01111,accepted,2024-12-07,2024-12-08,,,,,2025-01-20,111500,USD,2024-12-20T14:46:49Z,2026-05-31T23:59:59Z
APP-0025435,REQ-2024-01050,offer_declined,2024-12-06,,2024-12-08,,,,2025-01-03,88000,USD,2024-12-08T18:27:59Z,2026-05-31T23:59:59Z
APP-0025436,REQ-2024-01050,accepted,2024-12-06,2024-12-07,,,,,2025-01-20,91500,USD,2024-12-07T19:43:17Z,2026-05-31T23:59:59Z
APP-0025444,REQ-2024-01069,accepted,2024-12-20,2024-12-28,,,,,2025-01-20,91000,USD,2024-12-28T14:04:46Z,2026-05-31T23:59:59Z
APP-0025452,REQ-2024-01076,offer_declined,2024-12-09,,2024-12-18,,,,2025-01-06,89500,USD,2024-12-18T10:52:58Z,2026-05-31T23:59:59Z
APP-0025453,REQ-2024-01076,offer_withdrawn,2024-12-16,,,2024-12-20,,,2025-01-13,100000,USD,2024-12-20T17:15:08Z,2026-05-31T23:59:59Z
APP-0025457,REQ-2024-01078,accepted,2024-12-07,2024-12-12,,,,,2025-01-13,81000,USD,2024-12-12T12:10:45Z,2026-05-31T23:59:59Z
APP-0025459,REQ-2024-01083,offer_withdrawn,2024-12-19,,,2024-12-20,,,2025-01-13,89000,USD,2024-12-20T15:56:50Z,2026-05-31T23:59:59Z
APP-0025468,REQ-2024-01087,accepted,2024-12-11,2024-12-15,,,,,2025-01-13,130000,USD,2024-12-15T13:08:39Z,2026-05-31T23:59:59Z
APP-0025480,REQ-2024-01103,accepted,2024-12-07,2024-12-12,,,,,2025-01-13,81000,USD,2024-12-26T14:19:23Z,2026-05-31T23:59:59Z
APP-0025489,REQ-2024-01112,accepted,2024-12-27,2024-12-30,,,,,2025-02-10,103000,USD,2024-12-30T11:15:27Z,2026-05-31T23:59:59Z
APP-0025497,REQ-2024-00505,accepted,2024-12-16,2024-12-25,,,,,2025-01-27,91000,USD,2024-12-25T16:09:45Z,2026-05-31T23:59:59Z
APP-0025510,REQ-2024-00928,offer_declined,2024-12-04,,2024-12-06,,,,2025-01-01,58500,USD,2024-12-06T12:07:49Z,2026-05-31T23:59:59Z
APP-0025514,REQ-2024-00981,accepted,2024-12-11,2024-12-16,,,,,2025-01-13,79500,USD,2024-12-16T09:43:40Z,2026-05-31T23:59:59Z
APP-0025576,REQ-2024-01115,accepted,2024-12-11,2024-12-12,,,,,2025-01-13,72500,USD,2024-12-12T11:05:10Z,2026-05-31T23:59:59Z
APP-0025582,REQ-2024-00413,accepted,2025-01-04,2025-01-06,,,,,2025-02-10,185000,USD,2025-01-18T12:27:28Z,2026-05-31T23:59:59Z
APP-0025610,REQ-2024-01050,accepted,2024-12-04,2024-12-09,,,,,2025-01-13,85000,USD,2024-12-09T18:09:16Z,2026-05-31T23:59:59Z
APP-0025674,REQ-2024-01004,offer_withdrawn,2024-12-19,,,2024-12-19,,,2025-01-16,98500,USD,2024-12-19T12:46:11Z,2026-05-31T23:59:59Z
APP-0025677,REQ-2024-01022,accepted,2024-12-10,2024-12-13,,,,,2025-01-13,106500,USD,2024-12-13T16:17:45Z,2026-05-31T23:59:59Z
APP-0025684,REQ-2024-01051,accepted,2024-12-16,2024-12-19,,,,,2025-01-13,61500,USD,2024-12-19T09:52:28Z,2026-05-31T23:59:59Z
APP-0025688,REQ-2024-01057,accepted,2024-12-02,2024-12-06,,,,,2025-01-06,87000,USD,2024-12-06T11:35:19Z,2026-05-31T23:59:59Z
APP-0025700,REQ-2024-01076,offer_withdrawn,2024-12-18,,,2024-12-20,,,2025-01-15,92500,USD,2024-12-20T11:43:54Z,2026-05-31T23:59:59Z
APP-0025703,REQ-2024-01076,accepted,2024-12-14,2024-12-16,,,,,2025-01-20,103000,USD,2024-12-16T10:04:48Z,2026-05-31T23:59:59Z
APP-0025729,REQ-2024-01108,candidate_renege,2024-12-23,2024-12-29,,,,2025-01-02,2025-02-03,99500,USD,2025-01-02T15:19:56Z,2026-05-31T23:59:59Z
APP-0025789,REQ-2024-01077,accepted,2024-12-05,2024-12-07,,,,,2024-12-30,63500,USD,2024-12-07T15:21:58Z,2026-05-31T23:59:59Z
APP-0025817,REQ-2024-01115,accepted,2024-12-16,2024-12-20,,,,,2025-01-20,78500,USD,2024-12-20T18:49:09Z,2026-05-31T23:59:59Z
APP-0025821,REQ-2024-01121,accepted,2024-12-20,2024-12-27,,,,,2025-02-03,134000,USD,2024-12-27T19:09:07Z,2026-05-31T23:59:59Z
APP-0025842,REQ-2024-00993,accepted,2024-12-29,2024-12-30,,,,,2025-02-03,131500,USD,2024-12-30T18:04:31Z,2026-05-31T23:59:59Z
APP-0025873,REQ-2024-01099,accepted,2024-12-08,2024-12-11,,,,,2025-01-06,60500,USD,2024-12-11T17:31:38Z,2026-05-31T23:59:59Z
APP-0025877,REQ-2024-01110,accepted,2024-12-18,2024-12-21,,,,,2025-01-13,50000,USD,2024-12-21T10:59:47Z,2026-05-31T23:59:59Z
APP-0025891,REQ-2024-01122,accepted,2024-12-16,2024-12-20,,,,,2025-01-06,56500,USD,2024-12-20T19:36:56Z,2026-05-31T23:59:59Z
APP-0025907,REQ-2024-00942,accepted,2024-12-17,2024-12-20,,,,,2025-01-06,70500,USD,2024-12-20T19:44:19Z,2026-05-31T23:59:59Z
APP-0025908,REQ-2024-00951,accepted,2024-12-25,2025-01-05,,,,,2025-02-10,103000,USD,2025-01-05T19:20:34Z,2026-05-31T23:59:59Z
APP-0025910,REQ-2024-00991,accepted,2024-12-21,2024-12-24,,,,,2025-02-03,109500,USD,2024-12-24T11:14:57Z,2026-05-31T23:59:59Z
APP-0025927,REQ-2024-01071,accepted,2024-12-11,2024-12-12,,,,,2025-01-13,110500,USD,2024-12-12T08:02:25Z,2026-05-31T23:59:59Z
APP-0025942,REQ-2024-01088,accepted,2024-12-09,2024-12-10,,,,,2025-01-06,104500,USD,2024-12-10T15:06:00Z,2026-05-31T23:59:59Z
APP-0025963,REQ-2024-01115,accepted,2024-12-18,2024-12-20,,,,,2025-01-20,82000,USD,2024-12-20T09:35:08Z,2026-05-31T23:59:59Z
APP-0025986,REQ-2024-01004,offer_withdrawn,2024-12-16,,,2024-12-19,,,2025-01-13,109500,USD,2024-12-19T17:45:49Z,2026-05-31T23:59:59Z
APP-0025997,REQ-2024-01051,offer_declined,2024-12-18,,2024-12-19,,,,2025-01-11,56000,USD,2024-12-19T14:52:10Z,2026-05-31T23:59:59Z
APP-0025998,REQ-2024-01053,accepted,2024-12-27,2024-12-30,,,,,2025-02-10,116500,USD,2024-12-30T19:02:35Z,2026-05-31T23:59:59Z
APP-0026008,REQ-2024-01074,accepted,2024-12-13,2024-12-20,,,,,2025-01-13,65500,USD,2024-12-20T08:33:39Z,2026-05-31T23:59:59Z
APP-0026022,REQ-2024-01111,accepted,2024-12-11,2024-12-16,,,,,2025-01-27,112500,USD,2024-12-16T18:11:11Z,2026-05-31T23:59:59Z
APP-0026039,REQ-2024-01133,accepted,2024-12-16,2024-12-21,,,,,2025-02-10,109000,USD,2024-12-30T17:15:34Z,2026-05-31T23:59:59Z
APP-0026053,REQ-2024-00899,accepted,2024-12-27,2024-12-29,,,,,2025-01-27,88500,USD,2024-12-29T08:33:50Z,2026-05-31T23:59:59Z
APP-0026077,REQ-2024-01071,accepted,2024-12-14,2024-12-19,,,,,2025-01-20,97000,USD,2024-12-19T15:49:09Z,2026-05-31T23:59:59Z
APP-0026080,REQ-2024-01075,accepted,2024-12-31,2025-01-04,,,,,2025-01-27,91500,USD,2025-01-04T09:42:49Z,2026-05-31T23:59:59Z
APP-0026094,REQ-2024-01105,accepted,2025-01-03,2025-01-08,,,,,2025-03-03,179500,USD,2025-01-08T19:39:45Z,2026-05-31T23:59:59Z
APP-0026116,REQ-2024-01127,accepted,2025-01-13,2025-01-22,,,,,2025-02-24,164500,USD,2025-01-22T13:03:14Z,2026-05-31T23:59:59Z
APP-0026156,REQ-2024-01085,accepted,2024-12-25,2024-12-29,,,,,2025-02-03,106500,USD,2024-12-29T11:07:02Z,2026-05-31T23:59:59Z
APP-0026167,REQ-2024-01110,accepted,2024-12-19,2024-12-23,,,,,2025-01-06,56000,USD,2024-12-23T19:56:51Z,2026-05-31T23:59:59Z
APP-0026172,REQ-2024-01113,candidate_renege,2024-12-17,2024-12-18,,,,2025-01-31,2025-02-03,156000,USD,2025-01-31T16:34:21Z,2026-05-31T23:59:59Z
APP-0026174,REQ-2024-01115,accepted,2024-12-11,2024-12-13,,,,,2025-01-06,73500,USD,2024-12-13T09:39:04Z,2026-05-31T23:59:59Z
APP-0026176,REQ-2024-01118,accepted,2024-12-11,2024-12-15,,,,,2025-01-06,60500,USD,2024-12-17T11:00:36Z,2026-05-31T23:59:59Z
APP-0026180,REQ-2024-01122,accepted,2024-12-24,2025-01-01,,,,,2025-01-27,59500,USD,2025-01-01T09:38:54Z,2026-05-31T23:59:59Z
APP-0026187,REQ-2024-01129,offer_declined,2024-12-25,,2024-12-27,,,,2025-01-22,74000,USD,2024-12-27T11:34:37Z,2026-05-31T23:59:59Z
APP-0026190,REQ-2024-01130,offer_declined,2024-12-17,,2024-12-20,,,,2025-01-14,62000,USD,2024-12-20T10:37:35Z,2026-05-31T23:59:59Z
APP-0026192,REQ-2024-01130,accepted,2024-12-12,2024-12-13,,,,,2025-01-06,56000,USD,2024-12-13T09:44:35Z,2026-05-31T23:59:59Z
APP-0026222,REQ-2024-01011,accepted,2025-01-14,2025-01-18,,,,,2025-02-17,78500,USD,2025-01-18T16:34:25Z,2026-05-31T23:59:59Z
APP-0026255,REQ-2024-01122,offer_rescinded,2024-12-31,2025-01-02,,,2025-01-09,,2025-01-20,63000,USD,2025-01-09T16:28:37Z,2026-05-31T23:59:59Z
APP-0026256,REQ-2024-01122,accepted,2024-12-15,2024-12-17,,,,,2024-12-30,63000,USD,2024-12-17T12:37:35Z,2026-05-31T23:59:59Z
APP-0026260,REQ-2024-01129,accepted,2024-12-18,2024-12-20,,,,,2025-01-20,81500,USD,2024-12-20T10:19:37Z,2026-05-31T23:59:59Z
APP-0026264,REQ-2024-01130,accepted,2024-12-12,2024-12-18,,,,,2025-01-06,60500,USD,2024-12-30T11:05:04Z,2026-05-31T23:59:59Z
APP-0026272,REQ-2024-00642,accepted,2024-12-23,2024-12-28,,,,,2025-01-27,83000,USD,2024-12-28T18:58:28Z,2026-05-31T23:59:59Z
APP-0026320,REQ-2024-01126,offer_declined,2024-12-15,,2024-12-16,,,,2025-01-11,77500,USD,2024-12-16T08:18:18Z,2026-05-31T23:59:59Z
APP-0026341,REQ-2024-00587,accepted,2024-12-30,2025-01-02,,,,,2025-01-27,76000,USD,2025-01-02T10:38:18Z,2026-05-31T23:59:59Z
APP-0026354,REQ-2024-01004,accepted,2024-12-17,2024-12-19,,,,,2025-01-20,112000,USD,2024-12-19T08:16:20Z,2026-05-31T23:59:59Z
APP-0026376,REQ-2024-01078,offer_withdrawn,2024-12-23,,,2024-12-27,,,2025-01-20,86000,USD,2024-12-27T08:37:14Z,2026-05-31T23:59:59Z
APP-0026391,REQ-2024-01122,accepted,2024-12-12,2024-12-13,,,,,2025-01-06,56000,USD,2024-12-13T11:07:03Z,2026-05-31T23:59:59Z
APP-0026422,REQ-2024-00828,offer_declined,2025-01-11,,2025-01-20,,,,2025-02-08,127000,USD,2025-01-20T08:57:07Z,2026-05-31T23:59:59Z
APP-0026441,REQ-2024-01086,accepted,2025-01-17,2025-01-18,,,,,2025-03-10,190000,USD,2025-02-01T09:21:35Z,2026-05-31T23:59:59Z
APP-0026453,REQ-2024-01103,accepted,2024-12-15,2024-12-18,,,,,2025-01-13,80500,USD,2024-12-18T13:01:38Z,2026-05-31T23:59:59Z
APP-0026457,REQ-2024-01115,accepted,2024-12-24,2024-12-26,,,,,2025-01-20,85000,USD,2024-12-26T17:34:35Z,2026-05-31T23:59:59Z
APP-0026464,REQ-2024-01129,accepted,2025-01-09,2025-01-10,,,,,2025-02-03,77000,USD,2025-01-10T10:27:30Z,2026-05-31T23:59:59Z
APP-0026481,REQ-2024-00287,accepted,2025-01-09,2025-01-14,,,,,2025-02-10,120500,USD,2025-01-14T12:20:35Z,2026-05-31T23:59:59Z
APP-0026489,REQ-2024-00913,accepted,2024-12-26,2024-12-30,,,,,2025-01-27,100000,USD,2024-12-30T13:49:21Z,2026-05-31T23:59:59Z
APP-0026495,REQ-2024-00988,accepted,2025-01-19,2025-01-21,,,,,2025-03-03,133500,USD,2025-01-21T16:35:23Z,2026-05-31T23:59:59Z
APP-0026506,REQ-2024-01070,accepted,2024-12-28,2025-01-07,,,,,2025-02-10,143000,USD,2025-01-07T13:03:11Z,2026-05-31T23:59:59Z
APP-0026512,REQ-2024-01098,accepted,2025-01-18,2025-01-22,,,,,2025-02-17,96000,USD,2025-01-22T12:02:31Z,2026-05-31T23:59:59Z
APP-0026514,REQ-2024-01103,accepted,2024-12-29,2025-01-04,,,,,2025-02-03,81500,USD,2025-01-04T15:20:02Z,2026-05-31T23:59:59Z
APP-0026548,REQ-2024-01153,offer_withdrawn,2024-12-22,,,2024-12-28,,,2025-01-19,63000,USD,2024-12-28T09:41:32Z,2026-05-31T23:59:59Z
APP-0026564,REQ-2024-00937,offer_withdrawn,2025-01-13,,,2025-01-22,,,2025-02-10,133000,USD,2025-01-22T13:11:01Z,2026-05-31T23:59:59Z
APP-0026565,REQ-2024-00938,accepted,2024-12-18,2024-12-19,,,,,2025-01-13,73500,USD,2024-12-19T10:57:55Z,2026-05-31T23:59:59Z
APP-0026574,REQ-2024-01056,accepted,2024-12-12,2024-12-17,,,,,2025-01-20,58000,USD,2024-12-17T11:04:04Z,2026-05-31T23:59:59Z
APP-0026583,REQ-2024-01083,accepted,2024-12-18,2024-12-19,,,,,2025-01-20,79000,USD,2024-12-19T17:39:20Z,2026-05-31T23:59:59Z
APP-0026612,REQ-2024-01147,offer_declined,2024-12-24,,2024-12-30,,,,2025-01-21,100500,USD,2024-12-30T11:07:58Z,2026-05-31T23:59:59Z
APP-0026620,REQ-2024-01153,accepted,2024-12-19,2024-12-24,,,,,2025-01-20,68500,USD,2024-12-24T12:36:49Z,2026-05-31T23:59:59Z
APP-0026639,REQ-2024-00920,accepted,2024-12-20,2024-12-25,,,,,2025-01-27,112000,USD,2024-12-25T17:38:12Z,2026-05-31T23:59:59Z
APP-0026657,REQ-2024-01090,accepted,2025-01-13,2025-01-16,,,,,2025-02-10,78000,USD,2025-01-16T19:16:21Z,2026-05-31T23:59:59Z
APP-0026670,REQ-2024-01120,candidate_renege,2025-01-16,2025-01-21,,,,2025-02-17,2025-03-31,205500,USD,2025-02-17T16:12:20Z,2026-05-31T23:59:59Z
APP-0026696,REQ-2024-01153,accepted,2024-12-19,2024-12-25,,,,,2025-01-20,67500,USD,2024-12-25T14:42:39Z,2026-05-31T23:59:59Z
APP-0026750,REQ-2024-01126,accepted,2024-12-23,2024-12-24,,,,,2025-01-13,69500,USD,2024-12-24T09:46:57Z,2026-05-31T23:59:59Z
APP-0026789,REQ-2024-00826,offer_declined,2025-01-14,,2025-01-16,,,,2025-02-11,93500,USD,2025-01-16T10:26:00Z,2026-05-31T23:59:59Z
APP-0026805,REQ-2024-01011,offer_declined,2024-12-24,,2024-12-28,,,,2025-01-20,84500,USD,2024-12-28T18:51:18Z,2026-05-31T23:59:59Z
APP-0026822,REQ-2024-01122,offer_declined,2024-12-22,,2024-12-24,,,,2025-01-19,59500,USD,2024-12-24T09:16:55Z,2026-05-31T23:59:59Z
APP-0026827,REQ-2024-01131,offer_withdrawn,2024-12-30,,,2025-01-03,,,2025-01-27,61500,USD,2025-01-03T09:08:24Z,2026-05-31T23:59:59Z
APP-0026842,REQ-2024-01165,accepted,2024-12-31,2025-01-04,,,,,2025-02-03,91000,USD,2025-01-04T16:57:37Z,2026-05-31T23:59:59Z
APP-0026856,REQ-2024-00931,accepted,2024-12-24,2024-12-29,,,,,2025-02-03,144000,USD,2024-12-29T09:27:53Z,2026-05-31T23:59:59Z
APP-0026892,REQ-2024-01130,accepted,2024-12-27,2024-12-28,,,,,2025-01-13,59900,USD,2024-12-30T18:12:28Z,2026-05-31T23:59:59Z
APP-0026897,REQ-2024-01158,accepted,2025-01-13,2025-01-19,,,,,2025-02-10,89000,USD,2025-01-19T19:06:43Z,2026-05-31T23:59:59Z
APP-0026908,REQ-2024-01170,accepted,2024-12-22,2024-12-24,,,,,2025-01-27,111500,USD,2024-12-24T12:37:00Z,2026-05-31T23:59:59Z
APP-0026911,REQ-2024-01172,accepted,2024-12-30,2024-12-31,,,,,2025-01-27,63000,USD,2024-12-31T13:45:45Z,2026-05-31T23:59:59Z
APP-0026930,REQ-2024-01046,accepted,2024-12-22,2024-12-25,,,,,2025-01-13,58000,USD,2024-12-25T15:35:57Z,2026-05-31T23:59:59Z
APP-0026937,REQ-2024-01070,offer_withdrawn,2024-12-31,,,2025-01-09,,,2025-01-28,135500,USD,2025-01-09T18:02:38Z,2026-05-31T23:59:59Z
APP-0026956,REQ-2024-01119,accepted,2025-01-16,2025-01-19,,,,,2025-02-17,73500,USD,2025-01-19T13:39:58Z,2026-05-31T23:59:59Z
APP-0026976,REQ-2024-01161,accepted,2025-01-03,2025-01-07,,,,,2025-02-03,96000,USD,2025-01-07T10:21:32Z,2026-05-31T23:59:59Z
APP-0026977,REQ-2024-01161,accepted,2025-01-04,2025-01-05,,,,,2025-02-17,94000,USD,2025-01-05T18:06:50Z,2026-05-31T23:59:59Z
APP-0026982,REQ-2024-01163,accepted,2024-12-22,2024-12-24,,,,,2025-01-20,104000,USD,2025-01-02T14:48:26Z,2026-05-31T23:59:59Z
APP-0026999,REQ-2024-01175,accepted,2024-12-30,2025-01-01,,,,,2025-01-27,46000,USD,2025-01-01T18:08:51Z,2026-05-31T23:59:59Z
APP-0027000,REQ-2024-01176,offer_withdrawn,2024-12-26,,,2025-01-02,,,2025-01-23,82000,USD,2025-01-02T17:25:08Z,2026-05-31T23:59:59Z
APP-0027018,REQ-2024-00996,accepted,2025-01-21,2025-01-22,,,,,2025-02-17,73500,USD,2025-01-22T09:04:07Z,2026-05-31T23:59:59Z
APP-0027040,REQ-2024-01122,offer_declined,2024-12-22,,2024-12-23,,,,2025-01-19,56500,USD,2024-12-23T10:44:00Z,2026-05-31T23:59:59Z
APP-0027041,REQ-2024-01123,offer_declined,2024-12-28,,2024-12-30,,,,2025-01-25,70500,USD,2024-12-30T13:28:06Z,2026-05-31T23:59:59Z
APP-0027053,REQ-2024-01152,accepted,2025-01-30,2025-02-05,,,,,2025-03-03,93500,USD,2025-02-05T10:47:39Z,2026-05-31T23:59:59Z
APP-0027059,REQ-2024-01159,accepted,2024-12-24,2024-12-25,,,,,2025-01-27,89500,USD,2024-12-25T15:03:49Z,2026-05-31T23:59:59Z
APP-0027064,REQ-2024-01163,offer_withdrawn,2025-01-10,,,2025-01-13,,,2025-02-06,110500,USD,2025-01-13T19:53:15Z,2026-05-31T23:59:59Z
APP-0027085,REQ-2024-01175,accepted,2024-12-25,2024-12-26,,,,,2025-01-13,48500,USD,2024-12-26T09:41:07Z,2026-05-31T23:59:59Z
APP-0027089,REQ-2024-00358,offer_declined,2025-01-28,,2025-02-01,,,,2025-02-25,135000,USD,2025-02-01T14:44:40Z,2026-05-31T23:59:59Z
APP-0027128,REQ-2024-01122,offer_declined,2024-12-29,,2024-12-30,,,,2025-01-25,60500,USD,2024-12-30T16:02:59Z,2026-05-31T23:59:59Z
APP-0027131,REQ-2024-01124,accepted,2024-12-28,2024-12-31,,,,,2025-01-27,86000,USD,2024-12-31T12:29:10Z,2026-05-31T23:59:59Z
APP-0027138,REQ-2024-01131,candidate_renege,2024-12-29,2025-01-01,,,,2025-01-13,2025-01-27,59500,USD,2025-01-13T16:14:42Z,2026-05-31T23:59:59Z
APP-0027141,REQ-2024-01143,offer_declined,2024-12-27,,2024-12-30,,,,2025-01-24,66000,USD,2024-12-30T14:45:37Z,2026-05-31T23:59:59Z
APP-0027144,REQ-2024-01153,accepted,2024-12-24,2024-12-26,,,,,2025-01-13,62000,USD,2024-12-26T12:28:14Z,2026-05-31T23:59:59Z
APP-0027159,REQ-2024-01173,accepted,2024-12-21,2024-12-26,,,,,2025-01-20,82500,USD,2024-12-26T16:08:02Z,2026-05-31T23:59:59Z
APP-0027179,REQ-2024-00928,accepted,2024-12-31,2025-01-02,,,,,2025-02-10,55500,USD,2025-01-13T19:54:08Z,2026-05-31T23:59:59Z
APP-0027192,REQ-2024-01098,accepted,2025-01-03,2025-01-06,,,,,2025-02-03,93500,USD,2025-01-06T13:12:06Z,2026-05-31T23:59:59Z
APP-0027212,REQ-2024-01135,accepted,2025-01-06,2025-01-11,,,,,2025-02-10,98000,USD,2025-01-11T10:56:55Z,2026-05-31T23:59:59Z
APP-0027215,REQ-2024-01146,candidate_renege,2025-01-08,2025-01-11,,,,2025-02-03,2025-03-16,139000,USD,2025-02-03T19:00:36Z,2026-05-31T23:59:59Z
APP-0027217,REQ-2024-01151,offer_declined,2025-01-01,,2025-01-04,,,,2025-01-29,103500,USD,2025-01-04T10:21:44Z,2026-05-31T23:59:59Z
APP-0027218,REQ-2024-01153,offer_withdrawn,2024-12-21,,,2024-12-27,,,2025-01-18,58500,USD,2024-12-27T14:58:49Z,2026-05-31T23:59:59Z
APP-0027222,REQ-2024-01157,offer_withdrawn,2025-01-13,,,2025-01-16,,,2025-02-10,57500,USD,2025-01-16T17:24:04Z,2026-05-31T23:59:59Z
APP-0027258,REQ-2024-00881,offer_declined,2025-01-10,,2025-01-13,,,,2025-02-07,85500,USD,2025-01-13T12:40:13Z,2026-05-31T23:59:59Z
APP-0027290,REQ-2024-01124,offer_declined,2025-01-05,,2025-01-07,,,,2025-02-02,79000,USD,2025-01-07T18:21:07Z,2026-05-31T23:59:59Z
APP-0027299,REQ-2024-01146,accepted,2025-01-17,2025-01-28,,,,,2025-03-03,137500,USD,2025-01-28T09:18:47Z,2026-05-31T23:59:59Z
APP-0027308,REQ-2024-01163,accepted,2024-12-22,2024-12-25,,,,,2025-02-03,98500,USD,2024-12-25T16:19:43Z,2026-05-31T23:59:59Z
APP-0027312,REQ-2024-01165,accepted,2025-01-02,2025-01-05,,,,,2025-02-10,88500,USD,2025-01-05T08:46:56Z,2026-05-31T23:59:59Z
APP-0027314,REQ-2024-01168,accepted,2025-01-16,2025-01-19,,,,,2025-02-17,92000,USD,2025-01-19T13:56:05Z,2026-05-31T23:59:59Z
APP-0027324,REQ-2024-01175,accepted,2024-12-28,2024-12-30,,,,,2025-02-03,47000,USD,2025-01-13T14:40:54Z,2026-05-31T23:59:59Z
APP-0027356,REQ-2024-01143,accepted,2024-12-26,2024-12-27,,,,,2025-01-27,68000,USD,2024-12-27T17:04:29Z,2026-05-31T23:59:59Z
APP-0027363,REQ-2024-01161,offer_withdrawn,2024-12-31,,,2025-01-07,,,2025-01-28,91000,USD,2025-01-07T19:18:41Z,2026-05-31T23:59:59Z
APP-0027442,REQ-2024-01141,accepted,2025-01-18,2025-01-29,,,,,2025-03-17,197500,USD,2025-01-29T08:02:08Z,2026-05-31T23:59:59Z
APP-0027476,REQ-2024-01176,offer_declined,2024-12-29,,2025-01-01,,,,2025-01-26,72000,USD,2025-01-01T14:07:22Z,2026-05-31T23:59:59Z
APP-0027505,REQ-2024-00928,offer_declined,2024-12-29,,2025-01-01,,,,2025-01-26,61500,USD,2025-01-01T10:25:20Z,2026-05-31T23:59:59Z
APP-0027530,REQ-2024-01122,offer_withdrawn,2024-12-25,,,2025-01-02,,,2025-01-22,61500,USD,2025-01-02T17:37:32Z,2026-05-31T23:59:59Z
APP-0027561,REQ-2024-01175,accepted,2024-12-31,2025-01-07,,,,,2025-01-27,47000,USD,2025-01-07T19:14:23Z,2026-05-31T23:59:59Z
APP-0027576,REQ-2024-01196,accepted,2025-01-07,2025-01-09,,,,,2025-02-03,76500,USD,2025-01-09T10:59:57Z,2026-05-31T23:59:59Z
APP-0027586,REQ-2024-00234,accepted,2025-01-22,2025-01-26,,,,,2025-02-17,93000,USD,2025-01-26T10:34:10Z,2026-05-31T23:59:59Z
APP-0027590,REQ-2024-00792,accepted,2025-01-12,2025-01-19,,,,,2025-02-24,114500,USD,2025-01-19T12:27:02Z,2026-05-31T23:59:59Z
APP-0027597,REQ-2024-01005,offer_declined,2024-12-29,,2024-12-30,,,,2025-01-26,59500,USD,2024-12-30T17:02:45Z,2026-05-31T23:59:59Z
APP-0027600,REQ-2024-01067,accepted,2025-01-04,2025-01-09,,,,,2025-02-17,82500,USD,2025-01-11T18:08:06Z,2026-05-31T23:59:59Z
APP-0027618,REQ-2024-01143,accepted,2025-01-03,2025-01-04,,,,,2025-01-27,72500,USD,2025-01-04T18:51:33Z,2026-05-31T23:59:59Z
APP-0027629,REQ-2024-01165,accepted,2025-01-10,2025-01-11,,,,,2025-02-17,83000,USD,2025-01-11T08:36:48Z,2026-05-31T23:59:59Z
APP-0027630,REQ-2024-01165,accepted,2025-01-06,2025-01-07,,,,,2025-02-10,86500,USD,2025-01-07T13:15:49Z,2026-05-31T23:59:59Z
APP-0027645,REQ-2024-01182,accepted,2024-12-30,2025-01-01,,,,,2025-01-27,50500,USD,2025-01-04T17:42:37Z,2026-05-31T23:59:59Z
APP-0027657,REQ-2024-01206,offer_declined,2025-01-17,,2025-01-19,,,,2025-02-13,188500,USD,2025-01-19T08:38:56Z,2026-05-31T23:59:59Z
APP-0027662,REQ-2024-00552,offer_declined,2025-01-13,,2025-01-13,,,,2025-02-10,61000,USD,2025-01-13T09:28:12Z,2026-05-31T23:59:59Z
APP-0027674,REQ-2024-01067,offer_withdrawn,2025-01-08,,,2025-01-10,,,2025-02-05,79000,USD,2025-01-10T18:41:28Z,2026-05-31T23:59:59Z
APP-0027686,REQ-2024-01160,accepted,2025-01-04,2025-01-09,,,,,2025-02-24,81800,USD,2025-01-12T19:15:07Z,2026-05-31T23:59:59Z
APP-0027692,REQ-2024-01165,accepted,2024-12-31,2025-01-03,,,,,2025-02-03,92500,USD,2025-01-16T16:56:03Z,2026-05-31T23:59:59Z
APP-0027705,REQ-2024-01175,accepted,2024-12-31,2025-01-01,,,,,2025-01-20,43000,USD,2025-01-01T19:22:38Z,2026-05-31T23:59:59Z
APP-0027717,REQ-2024-01197,accepted,2025-01-11,2025-01-19,,,,,2025-02-17,132500,USD,2025-01-19T11:42:11Z,2026-05-31T23:59:59Z
APP-0027750,REQ-2024-01077,candidate_renege,2025-01-05,2025-01-07,,,,2025-01-17,2025-01-27,57500,USD,2025-01-17T19:53:24Z,2026-05-31T23:59:59Z
APP-0027765,REQ-2024-01162,accepted,2025-02-16,2025-02-19,,,,,2025-03-24,128000,USD,2025-02-19T18:22:48Z,2026-05-31T23:59:59Z
APP-0027789,REQ-2024-01176,accepted,2025-01-02,2025-01-05,,,,,2025-02-03,79000,USD,2025-01-11T11:58:21Z,2026-05-31T23:59:59Z
APP-0027796,REQ-2024-01185,offer_declined,2025-01-26,,2025-01-28,,,,2025-02-23,100500,USD,2025-01-28T17:18:05Z,2026-05-31T23:59:59Z
APP-0027798,REQ-2024-01189,offer_withdrawn,2025-01-07,,,2025-01-09,,,2025-02-04,102500,USD,2025-01-09T16:10:50Z,2026-05-31T23:59:59Z
APP-0027799,REQ-2024-01189,accepted,2025-01-04,2025-01-07,,,,,2025-02-17,104500,USD,2025-01-07T11:12:28Z,2026-05-31T23:59:59Z
APP-0027817,REQ-2024-00678,accepted,2025-02-10,2025-02-12,,,,,2025-02-24,68500,USD,2025-02-12T14:06:38Z,2026-05-31T23:59:59Z
APP-0027861,REQ-2024-01165,offer_declined,2025-01-11,,2025-01-13,,,,2025-02-08,90500,USD,2025-01-13T09:31:08Z,2026-05-31T23:59:59Z
APP-0027872,REQ-2024-01173,accepted,2025-01-04,2025-01-08,,,,,2025-02-10,83500,USD,2025-01-08T08:50:47Z,2026-05-31T23:59:59Z
APP-0027876,REQ-2024-01175,candidate_renege,2025-01-06,2025-01-09,,,,2025-01-19,2025-01-27,50500,USD,2025-01-19T08:37:18Z,2026-05-31T23:59:59Z
APP-0027880,REQ-2024-01181,accepted,2025-01-07,2025-01-12,,,,,2025-02-24,146000,USD,2025-01-12T15:56:52Z,2026-05-31T23:59:59Z
APP-0027894,REQ-2024-01200,accepted,2025-01-11,2025-01-15,,,,,2025-02-10,84000,USD,2025-01-15T17:01:16Z,2026-05-31T23:59:59Z
APP-0027922,REQ-2024-00882,accepted,2025-01-24,2025-01-29,,,,,2025-03-03,111000,USD,2025-01-29T08:06:45Z,2026-05-31T23:59:59Z
APP-0027948,REQ-2024-01160,offer_declined,2024-12-31,,2025-01-02,,,,2025-01-28,86500,USD,2025-01-02T09:58:37Z,2026-05-31T23:59:59Z
APP-0027953,REQ-2024-01164,accepted,2025-01-05,2025-01-08,,,,,2025-02-10,91000,USD,2025-01-16T14:34:44Z,2026-05-31T23:59:59Z
APP-0027957,REQ-2024-01166,offer_declined,2025-01-24,,2025-01-31,,,,2025-02-21,69500,USD,2025-01-31T13:43:57Z,2026-05-31T23:59:59Z
APP-0028018,REQ-2024-01124,offer_declined,2025-01-14,,2025-01-19,,,,2025-02-08,81000,USD,2025-01-19T17:42:41Z,2026-05-31T23:59:59Z
APP-0028028,REQ-2024-01163,accepted,2025-01-08,2025-01-10,,,,,2025-02-24,108000,USD,2025-01-10T12:06:42Z,2026-05-31T23:59:59Z
APP-0028029,REQ-2024-01164,offer_declined,2025-01-18,,2025-01-19,,,,2025-02-15,98500,USD,2025-01-19T16:22:28Z,2026-05-31T23:59:59Z
APP-0028032,REQ-2024-01169,accepted,2025-01-22,2025-01-26,,,,,2025-03-03,121000,USD,2025-01-26T18:32:45Z,2026-05-31T23:59:59Z
APP-0028055,REQ-2024-01200,accepted,2025-01-20,2025-01-25,,,,,2025-02-24,85500,USD,2025-01-25T08:32:40Z,2026-05-31T23:59:59Z
APP-0028067,REQ-2024-01215,accepted,2025-01-12,2025-01-15,,,,,2025-02-10,76000,USD,2025-01-25T08:29:59Z,2026-05-31T23:59:59Z
APP-0028077,REQ-2024-01224,offer_rescinded,2025-01-07,2025-01-12,,,2025-02-03,,2025-02-10,64000,USD,2025-02-03T13:33:58Z,2026-05-31T23:59:59Z
APP-0028079,REQ-2024-00074,accepted,2025-01-21,2025-01-25,,,,,2025-02-24,102500,USD,2025-01-25T17:18:57Z,2026-05-31T23:59:59Z
APP-0028087,REQ-2024-00724,accepted,2025-01-12,2025-01-17,,,,,2025-03-17,93500,USD,2025-01-29T15:23:53Z,2026-05-31T23:59:59Z
APP-0028092,REQ-2024-00863,accepted,2025-01-20,2025-01-24,,,,,2025-02-17,77500,USD,2025-01-24T09:40:23Z,2026-05-31T23:59:59Z
APP-0028133,REQ-2024-01194,offer_withdrawn,2025-02-02,,,2025-02-05,,,2025-03-02,78000,USD,2025-02-05T17:30:20Z,2026-05-31T23:59:59Z
APP-0028139,REQ-2024-01202,offer_withdrawn,2025-01-20,,,2025-01-31,,,2025-02-17,177000,USD,2025-01-31T08:06:10Z,2026-05-31T23:59:59Z
APP-0028150,REQ-2024-01221,accepted,2025-01-28,2025-01-30,,,,,2025-03-03,126500,USD,2025-01-30T09:32:00Z,2026-05-31T23:59:59Z
APP-0028160,REQ-2024-00861,accepted,2025-01-10,2025-01-16,,,,,2025-02-17,66000,USD,2025-01-16T17:44:51Z,2026-05-31T23:59:59Z
APP-0028169,REQ-2024-01005,accepted,2025-01-02,2025-01-04,,,,,2025-01-20,59500,USD,2025-01-04T15:23:35Z,2026-05-31T23:59:59Z
APP-0028171,REQ-2024-01018,accepted,2025-01-19,2025-01-22,,,,,2025-03-03,87600,USD,2025-01-29T13:09:24Z,2026-05-31T23:59:59Z
APP-0028188,REQ-2024-01157,accepted,2025-01-10,2025-01-14,,,,,2025-02-10,58500,USD,2025-01-14T12:48:47Z,2026-05-31T23:59:59Z
APP-0028207,REQ-2024-01187,accepted,2025-01-14,2025-01-15,,,,,2025-02-17,115000,USD,2025-01-15T17:59:11Z,2026-05-31T23:59:59Z
APP-0028213,REQ-2024-01195,offer_declined,2025-01-24,,2025-01-25,,,,2025-02-21,101500,USD,2025-01-25T09:40:07Z,2026-05-31T23:59:59Z
APP-0028214,REQ-2024-01195,accepted,2025-01-23,2025-01-25,,,,,2025-03-24,108500,USD,2025-01-31T10:49:56Z,2026-05-31T23:59:59Z
APP-0028222,REQ-2024-01202,accepted,2025-01-23,2025-01-26,,,,,2025-03-03,163000,USD,2025-01-26T14:28:50Z,2026-05-31T23:59:59Z
APP-0028225,REQ-2024-01207,accepted,2025-01-12,2025-01-13,,,,,2025-02-17,102500,USD,2025-01-13T08:45:53Z,2026-05-31T23:59:59Z
APP-0028228,REQ-2024-01215,accepted,2025-01-10,2025-01-13,,,,,2025-02-17,76000,USD,2025-01-24T13:53:00Z,2026-05-31T23:59:59Z
APP-0028233,REQ-2024-01221,offer_withdrawn,2025-01-24,,,2025-02-01,,,2025-02-21,129500,USD,2025-02-01T08:58:29Z,2026-05-31T23:59:59Z
APP-0028250,REQ-2024-01016,accepted,2025-01-24,2025-01-27,,,,,2025-02-24,77500,USD,2025-01-27T08:52:25Z,2026-05-31T23:59:59Z
APP-0028264,REQ-2024-01163,accepted,2025-01-06,2025-01-07,,,,,2025-02-17,108500,USD,2025-01-07T09:59:47Z,2026-05-31T23:59:59Z
APP-0028277,REQ-2024-01193,accepted,2025-02-10,2025-02-12,,,,,2025-04-28,214500,USD,2025-02-18T17:15:20Z,2026-05-31T23:59:59Z
APP-0028280,REQ-2024-01196,accepted,2025-01-07,2025-01-09,,,,,2025-02-03,80000,USD,2025-01-09T09:46:44Z,2026-05-31T23:59:59Z
APP-0028285,REQ-2024-01205,accepted,2025-01-15,2025-01-17,,,,,2025-02-03,52500,USD,2025-01-17T17:34:03Z,2026-05-31T23:59:59Z
APP-0028337,REQ-2024-01169,offer_withdrawn,2025-01-17,,,2025-01-27,,,2025-02-14,115000,USD,2025-01-27T14:57:31Z,2026-05-31T23:59:59Z
APP-0028355,REQ-2024-01201,accepted,2025-01-17,2025-01-21,,,,,2025-03-03,101000,USD,2025-02-03T09:59:13Z,2026-05-31T23:59:59Z
APP-0028375,REQ-2024-00716,candidate_renege,2025-01-19,2025-01-20,,,,2025-01-23,2025-02-17,51000,USD,2025-01-23T19:22:27Z,2026-05-31T23:59:59Z
APP-0028392,REQ-2024-01142,candidate_renege,2025-01-26,2025-01-29,,,,2025-02-16,2025-04-14,200500,USD,2025-02-16T15:58:22Z,2026-05-31T23:59:59Z
APP-0028425,REQ-2024-01207,offer_declined,2025-01-27,,2025-01-30,,,,2025-02-24,101000,USD,2025-01-30T10:47:15Z,2026-05-31T23:59:59Z
APP-0028433,REQ-2024-01218,accepted,2025-01-14,2025-01-18,,,,,2025-02-24,147000,USD,2025-01-18T17:05:11Z,2026-05-31T23:59:59Z
APP-0028447,REQ-2024-00358,offer_declined,2025-02-04,,2025-02-13,,,,2025-03-04,125500,USD,2025-02-13T13:47:05Z,2026-05-31T23:59:59Z
APP-0028451,REQ-2024-00675,accepted,2025-01-23,2025-01-27,,,,,2025-02-24,108000,USD,2025-01-27T15:12:45Z,2026-05-31T23:59:59Z
APP-0028500,REQ-2024-01207,accepted,2025-01-11,2025-01-14,,,,,2025-03-03,99500,USD,2025-01-25T19:42:01Z,2026-05-31T23:59:59Z
APP-0028565,REQ-2024-01209,offer_rescinded,2025-01-22,2025-01-31,,,2025-02-12,,2025-02-17,79500,USD,2025-02-12T08:39:28Z,2026-05-31T23:59:59Z
APP-0028574,REQ-2024-01220,accepted,2025-03-03,2025-03-07,,,,,2025-04-07,91000,USD,2025-03-07T16:36:39Z,2026-05-31T23:59:59Z
APP-0028585,REQ-2024-01236,offer_declined,2025-01-23,,2025-01-27,,,,2025-02-20,73000,USD,2025-01-27T13:02:06Z,2026-05-31T23:59:59Z
APP-0028590,REQ-2024-00149,accepted,2025-02-27,2025-03-02,,,,,2025-03-31,75500,USD,2025-03-14T19:38:40Z,2026-05-31T23:59:59Z
APP-0028596,REQ-2024-00923,accepted,2025-02-08,2025-02-15,,,,,2025-03-03,71500,USD,2025-02-15T12:56:21Z,2026-05-31T23:59:59Z
APP-0028607,REQ-2024-01123,offer_declined,2025-01-16,,2025-01-20,,,,2025-02-13,69000,USD,2025-01-20T19:09:39Z,2026-05-31T23:59:59Z
APP-0028613,REQ-2024-01168,offer_declined,2025-02-11,,2025-02-14,,,,2025-03-11,89000,USD,2025-02-14T13:36:43Z,2026-05-31T23:59:59Z
APP-0028615,REQ-2024-01175,offer_withdrawn,2025-01-08,,,2025-01-10,,,2025-02-05,43500,USD,2025-01-10T09:01:18Z,2026-05-31T23:59:59Z
APP-0028627,REQ-2024-01200,accepted,2025-01-14,2025-01-17,,,,,2025-02-10,85500,USD,2025-01-17T19:39:29Z,2026-05-31T23:59:59Z
APP-0028630,REQ-2024-01208,accepted,2025-02-02,2025-02-04,,,,,2025-03-03,55000,USD,2025-02-04T09:03:15Z,2026-05-31T23:59:59Z
APP-0028638,REQ-2024-01216,accepted,2025-01-18,2025-01-19,,,,,2025-02-10,69000,USD,2025-01-19T13:55:45Z,2026-05-31T23:59:59Z
APP-0028649,REQ-2024-01237,accepted,2025-02-08,2025-02-09,,,,,2025-03-24,137000,USD,2025-02-09T18:02:24Z,2026-05-31T23:59:59Z
APP-0028652,REQ-2024-01244,candidate_renege,2025-01-25,2025-01-29,,,,2025-03-09,2025-03-10,103600,USD,2025-03-09T10:31:21Z,2026-05-31T23:59:59Z
APP-0028656,REQ-2024-00801,offer_declined,2025-02-27,,2025-03-07,,,,2025-03-24,75500,USD,2025-03-07T17:38:40Z,2026-05-31T23:59:59Z
APP-0028700,REQ-2024-01211,candidate_renege,2025-01-16,2025-01-18,,,,2025-01-28,2025-02-24,96000,USD,2025-01-28T13:13:11Z,2026-05-31T23:59:59Z
APP-0028723,REQ-2024-01246,accepted,2025-01-07,2025-01-10,,,,,2025-01-27,49000,USD,2025-01-10T12:43:11Z,2026-05-31T23:59:59Z
APP-0028728,REQ-2024-00747,accepted,2025-01-20,2025-01-26,,,,,2025-02-24,88500,USD,2025-01-26T15:37:59Z,2026-05-31T23:59:59Z
APP-0028733,REQ-2024-00874,accepted,2025-02-10,2025-02-20,,,,,2025-03-10,67500,USD,2025-02-20T18:06:22Z,2026-05-31T23:59:59Z
APP-0028736,REQ-2024-00951,offer_declined,2025-01-30,,2025-01-31,,,,2025-02-25,123000,USD,2025-01-31T13:18:09Z,2026-05-31T23:59:59Z
APP-0028747,REQ-2024-01149,accepted,2025-01-20,2025-01-23,,,,,2025-02-17,65500,USD,2025-01-23T15:45:04Z,2026-05-31T23:59:59Z
APP-0028784,REQ-2024-01212,accepted,2025-02-22,2025-02-26,,,,,2025-04-21,198500,USD,2025-02-26T09:16:38Z,2026-05-31T23:59:59Z
APP-0028798,REQ-2024-01232,accepted,2025-01-23,2025-01-24,,,,,2025-02-17,89500,USD,2025-01-24T13:38:36Z,2026-05-31T23:59:59Z
APP-0028805,REQ-2024-01246,accepted,2025-01-19,2025-01-20,,,,,2025-02-10,55500,USD,2025-01-20T15:37:57Z,2026-05-31T23:59:59Z
APP-0028838,REQ-2024-01171,accepted,2025-01-30,2025-02-03,,,,,2025-03-17,94000,USD,2025-02-03T13:07:55Z,2026-05-31T23:59:59Z
APP-0028848,REQ-2024-01183,accepted,2025-01-13,2025-01-18,,,,,2025-02-10,61000,USD,2025-01-18T10:42:52Z,2026-05-31T23:59:59Z
APP-0028858,REQ-2024-01200,accepted,2025-01-26,2025-01-29,,,,,2025-02-24,79500,USD,2025-01-29T10:49:17Z,2026-05-31T23:59:59Z
APP-0028860,REQ-2024-01207,accepted,2025-01-29,2025-01-30,,,,,2025-03-03,100500,USD,2025-01-30T19:02:52Z,2026-05-31T23:59:59Z
APP-0028863,REQ-2024-01213,accepted,2025-01-19,2025-01-24,,,,,2025-02-24,120500,USD,2025-01-24T16:58:14Z,2026-05-31T23:59:59Z
APP-0028878,REQ-2024-01249,accepted,2025-01-24,2025-01-30,,,,,2025-03-03,78500,USD,2025-01-30T09:26:07Z,2026-05-31T23:59:59Z
APP-0028882,REQ-2024-01252,accepted,2025-01-16,2025-01-18,,,,,2025-03-17,84000,USD,2025-01-24T14:47:26Z,2026-05-31T23:59:59Z
APP-0028887,REQ-2024-01254,accepted,2025-01-26,2025-02-03,,,,,2025-03-31,89500,USD,2025-02-07T16:21:05Z,2026-05-31T23:59:59Z
APP-0028940,REQ-2024-01233,candidate_renege,2025-01-23,2025-01-25,,,,2025-02-03,2025-02-24,124500,USD,2025-02-03T18:20:25Z,2026-05-31T23:59:59Z
APP-0028946,REQ-2024-01251,accepted,2025-01-24,2025-01-26,,,,,2025-02-17,81500,USD,2025-01-26T09:35:24Z,2026-05-31T23:59:59Z
APP-0028955,REQ-2025-00004,accepted,2025-01-14,2025-01-19,,,,,2025-02-17,64500,USD,2025-01-19T08:41:11Z,2026-05-31T23:59:59Z
APP-0028987,REQ-2024-01194,accepted,2025-01-25,2025-02-04,,,,,2025-03-03,79000,USD,2025-02-04T15:46:14Z,2026-05-31T23:59:59Z
APP-0028994,REQ-2024-01223,accepted,2025-01-24,2025-01-28,,,,,2025-03-03,132000,USD,2025-01-28T16:39:25Z,2026-05-31T23:59:59Z
APP-0029000,REQ-2024-01226,accepted,2025-02-02,2025-02-08,,,,,2025-03-17,106000,USD,2025-02-08T17:53:11Z,2026-05-31T23:59:59Z
APP-0029009,REQ-2024-01242,accepted,2025-02-18,2025-02-26,,,,,2025-03-31,128800,USD,2025-03-01T15:31:47Z,2026-05-31T23:59:59Z
APP-0029016,REQ-2024-01251,accepted,2025-01-19,2025-01-20,,,,,2025-02-24,83000,USD,2025-01-20T11:26:43Z,2026-05-31T23:59:59Z
APP-0029017,REQ-2024-01252,accepted,2025-01-16,2025-01-17,,,,,2025-02-17,94200,USD,2025-01-26T15:52:05Z,2026-05-31T23:59:59Z
APP-0029022,REQ-2024-01254,accepted,2025-01-28,2025-01-30,,,,,2025-03-03,98500,USD,2025-02-02T09:13:13Z,2026-05-31T23:59:59Z
APP-0029024,REQ-2025-00004,accepted,2025-01-17,2025-01-20,,,,,2025-02-10,57500,USD,2025-01-20T16:02:36Z,2026-05-31T23:59:59Z
APP-0029036,REQ-2024-01018,offer_withdrawn,2025-01-22,,,2025-01-24,,,2025-02-19,78500,USD,2025-01-24T13:40:01Z,2026-05-31T23:59:59Z
APP-0029061,REQ-2024-01208,offer_declined,2025-01-25,,2025-01-31,,,,2025-02-22,56500,USD,2025-01-31T18:00:55Z,2026-05-31T23:59:59Z
APP-0029078,REQ-2024-01236,accepted,2025-01-26,2025-01-28,,,,,2025-02-24,74500,USD,2025-01-28T15:53:22Z,2026-05-31T23:59:59Z
APP-0029084,REQ-2024-01250,accepted,2025-02-06,2025-02-08,,,,,2025-03-24,79500,USD,2025-02-21T14:01:58Z,2026-05-31T23:59:59Z
APP-0029089,REQ-2024-01252,offer_withdrawn,2025-01-15,,,2025-01-18,,,2025-02-12,87000,USD,2025-01-18T10:21:31Z,2026-05-31T23:59:59Z
APP-0029098,REQ-2025-00004,accepted,2025-01-26,2025-01-28,,,,,2025-02-24,66500,USD,2025-01-28T17:19:56Z,2026-05-31T23:59:59Z
APP-0029103,REQ-2024-00553,accepted,2025-01-22,2025-01-25,,,,,2025-02-24,81500,USD,2025-01-25T09:14:50Z,2026-05-31T23:59:59Z
APP-0029104,REQ-2024-00670,offer_declined,2025-02-28,,2025-03-04,,,,2025-03-28,190000,USD,2025-03-04T08:35:53Z,2026-05-31T23:59:59Z
APP-0029136,REQ-2024-01207,offer_declined,2025-01-17,,2025-01-21,,,,2025-02-14,114000,USD,2025-01-21T11:30:14Z,2026-05-31T23:59:59Z
APP-0029144,REQ-2024-01214,accepted,2025-02-01,2025-02-03,,,,,2025-03-10,79500,USD,2025-02-03T16:21:01Z,2026-05-31T23:59:59Z
APP-0029241,REQ-2024-01238,accepted,2025-01-23,2025-01-27,,,,,2025-02-17,78000,USD,2025-01-27T11:01:15Z,2026-05-31T23:59:59Z
APP-0029245,REQ-2024-01246,accepted,2025-01-23,2025-01-26,,,,,2025-02-10,48500,USD,2025-01-26T12:13:22Z,2026-05-31T23:59:59Z
APP-0029272,REQ-2024-00941,accepted,2025-02-01,2025-02-04,,,,,2025-02-24,101000,USD,2025-02-17T18:10:10Z,2026-05-31T23:59:59Z
APP-0029296,REQ-2024-01201,accepted,2025-02-11,2025-02-15,,,,,2025-03-17,100500,USD,2025-02-15T18:49:57Z,2026-05-31T23:59:59Z
APP-0029306,REQ-2024-01240,accepted,2025-01-31,2025-02-01,,,,,2025-03-03,59500,USD,2025-02-09T11:59:39Z,2026-05-31T23:59:59Z
APP-0029310,REQ-2024-01244,accepted,2025-01-31,2025-02-06,,,,,2025-03-17,112400,USD,2025-02-11T18:01:03Z,2026-05-31T23:59:59Z
APP-0029321,REQ-2024-01251,accepted,2025-01-29,2025-02-01,,,,,2025-02-24,78500,USD,2025-02-01T14:01:46Z,2026-05-31T23:59:59Z
APP-0029325,REQ-2024-01253,accepted,2025-01-31,2025-02-03,,,,,2025-03-17,133000,USD,2025-02-03T12:40:51Z,2026-05-31T23:59:59Z
APP-0029329,REQ-2025-00003,accepted,2025-01-24,2025-01-25,,,,,2025-02-17,63000,USD,2025-01-25T13:14:32Z,2026-05-31T23:59:59Z
APP-0029344,REQ-2024-00992,candidate_renege,2025-02-11,2025-02-18,,,,2025-04-09,2025-04-14,219000,USD,2025-04-09T10:36:51Z,2026-05-31T23:59:59Z
APP-0029345,REQ-2024-01023,accepted,2025-02-24,2025-02-27,,,,,2025-03-24,67500,USD,2025-02-27T18:36:05Z,2026-05-31T23:59:59Z
APP-0029349,REQ-2024-01101,accepted,2025-02-09,2025-02-23,,,,,2025-04-07,132500,USD,2025-02-23T11:14:06Z,2026-05-31T23:59:59Z
APP-0029385,REQ-2024-01255,accepted,2025-02-09,2025-02-12,,,,,2025-03-10,53000,USD,2025-02-12T09:46:01Z,2026-05-31T23:59:59Z
APP-0029391,REQ-2025-00003,accepted,2025-02-01,2025-02-04,,,,,2025-03-03,57500,USD,2025-02-07T10:12:17Z,2026-05-31T23:59:59Z
APP-0029399,REQ-2025-00006,accepted,2025-01-25,2025-01-26,,,,,2025-03-03,65500,USD,2025-01-26T19:40:35Z,2026-05-31T23:59:59Z
APP-0029416,REQ-2024-01112,accepted,2025-02-04,2025-02-06,,,,,2025-03-17,89500,USD,2025-02-06T18:38:39Z,2026-05-31T23:59:59Z
APP-0029420,REQ-2024-01167,offer_declined,2025-02-05,,2025-02-06,,,,2025-03-03,79000,USD,2025-02-06T16:51:37Z,2026-05-31T23:59:59Z
APP-0029433,REQ-2024-01220,accepted,2025-02-10,2025-02-15,,,,,2025-03-17,92000,USD,2025-02-15T12:04:50Z,2026-05-31T23:59:59Z
APP-0029441,REQ-2024-01244,accepted,2025-01-30,2025-01-31,,,,,2025-03-03,102500,USD,2025-01-31T12:59:53Z,2026-05-31T23:59:59Z
APP-0029449,REQ-2024-01254,accepted,2025-02-01,2025-02-02,,,,,2025-03-10,89500,USD,2025-02-02T17:42:19Z,2026-05-31T23:59:59Z
APP-0029479,REQ-2024-01048,accepted,2025-02-24,2025-03-06,,,,,2025-05-19,201500,USD,2025-03-06T08:44:40Z,2026-05-31T23:59:59Z
APP-0029481,REQ-2024-01063,accepted,2025-01-29,2025-02-04,,,,,2025-03-10,90500,USD,2025-02-04T11:53:41Z,2026-05-31T23:59:59Z
APP-0029491,REQ-2024-01167,accepted,2025-01-29,2025-02-03,,,,,2025-03-03,69500,USD,2025-02-03T14:39:00Z,2026-05-31T23:59:59Z
APP-0029504,REQ-2024-01222,accepted,2025-01-25,2025-01-26,,,,,2025-02-10,77500,USD,2025-01-26T19:28:53Z,2026-05-31T23:59:59Z
APP-0029530,REQ-2025-00003,accepted,2025-02-01,2025-02-06,,,,,2025-02-24,54500,USD,2025-02-06T17:20:47Z,2026-05-31T23:59:59Z
APP-0029542,REQ-2025-00017,accepted,2025-02-06,2025-02-09,,,,,2025-03-24,141500,USD,2025-02-21T17:25:24Z,2026-05-31T23:59:59Z
APP-0029554,REQ-2024-00866,candidate_renege,2025-01-31,2025-02-04,,,,2025-02-15,2025-03-03,74500,USD,2025-02-15T19:02:08Z,2026-05-31T23:59:59Z
APP-0029557,REQ-2024-00947,accepted,2025-02-11,2025-02-14,,,,,2025-03-17,125000,USD,2025-02-27T17:11:38Z,2026-05-31T23:59:59Z
APP-0029582,REQ-2024-01200,offer_withdrawn,2025-01-29,,,2025-02-01,,,2025-02-26,84000,USD,2025-02-01T08:44:56Z,2026-05-31T23:59:59Z
APP-0029594,REQ-2024-01234,offer_declined,2025-02-04,,2025-02-07,,,,2025-03-03,142000,USD,2025-02-07T13:42:20Z,2026-05-31T23:59:59Z
APP-0029606,REQ-2024-01251,offer_declined,2025-01-29,,2025-01-30,,,,2025-02-26,80500,USD,2025-01-30T17:41:20Z,2026-05-31T23:59:59Z
APP-0029640,REQ-2024-00911,offer_declined,2025-01-27,,2025-02-01,,,,2025-02-24,76000,USD,2025-02-01T14:23:45Z,2026-05-31T23:59:59Z
APP-0029644,REQ-2024-01013,accepted,2025-01-30,2025-01-31,,,,,2025-03-24,88500,USD,2025-02-04T08:10:16Z,2026-05-31T23:59:59Z
APP-0029679,REQ-2024-01251,offer_declined,2025-02-04,,2025-02-05,,,,2025-03-04,77000,USD,2025-02-05T19:52:54Z,2026-05-31T23:59:59Z
APP-0029682,REQ-2024-01251,accepted,2025-02-01,2025-02-04,,,,,2025-03-03,81000,USD,2025-02-04T09:56:33Z,2026-05-31T23:59:59Z
APP-0029700,REQ-2025-00013,accepted,2025-02-05,2025-02-07,,,,,2025-03-03,104500,USD,2025-02-07T18:01:38Z,2026-05-31T23:59:59Z
APP-0029702,REQ-2025-00015,accepted,2025-02-06,2025-02-07,,,,,2025-03-17,92000,USD,2025-02-07T14:04:30Z,2026-05-31T23:59:59Z
APP-0029708,REQ-2025-00018,accepted,2025-02-03,2025-02-08,,,,,2025-03-03,49500,USD,2025-02-08T13:16:32Z,2026-05-31T23:59:59Z
APP-0029712,REQ-2025-00024,accepted,2025-03-02,2025-03-03,,,,,2025-04-07,100500,USD,2025-03-03T13:19:43Z,2026-05-31T23:59:59Z
APP-0029715,REQ-2025-00025,accepted,2025-02-04,2025-02-05,,,,,2025-03-24,61000,USD,2025-02-11T12:42:52Z,2026-05-31T23:59:59Z
APP-0029733,REQ-2024-01091,accepted,2025-02-07,2025-02-12,,,,,2025-03-24,139500,USD,2025-02-12T19:48:11Z,2026-05-31T23:59:59Z
APP-0029779,REQ-2025-00005,candidate_renege,2025-01-30,2025-02-01,,,,2025-02-02,2025-02-24,67500,USD,2025-02-02T19:17:53Z,2026-05-31T23:59:59Z
APP-0029812,REQ-2024-00755,accepted,2025-02-18,2025-02-22,,,,,2025-03-31,128500,USD,2025-02-22T12:19:30Z,2026-05-31T23:59:59Z
APP-0029849,REQ-2024-01255,offer_withdrawn,2025-02-10,,,2025-02-14,,,2025-03-10,57000,USD,2025-02-14T08:14:23Z,2026-05-31T23:59:59Z
APP-0029872,REQ-2025-00033,accepted,2025-01-30,2025-02-01,,,,,2025-02-24,83500,USD,2025-02-01T19:43:16Z,2026-05-31T23:59:59Z
APP-0029914,REQ-2024-01230,accepted,2025-03-15,2025-03-19,,,,,2025-04-21,92500,USD,2025-03-19T13:38:24Z,2026-05-31T23:59:59Z
APP-0029935,REQ-2025-00003,offer_withdrawn,2025-02-16,,,2025-02-19,,,2025-03-16,58000,USD,2025-02-19T12:58:44Z,2026-05-31T23:59:59Z
APP-0029953,REQ-2025-00019,accepted,2025-02-24,2025-02-28,,,,,2025-03-31,97500,USD,2025-02-28T15:13:59Z,2026-05-31T23:59:59Z
APP-0029968,REQ-2024-00752,accepted,2025-02-19,2025-02-20,,,,,2025-04-07,195000,USD,2025-03-06T14:41:00Z,2026-05-31T23:59:59Z
APP-0029973,REQ-2024-01035,offer_declined,2025-02-14,,2025-02-15,,,,2025-03-14,71500,USD,2025-02-15T08:55:17Z,2026-05-31T23:59:59Z
APP-0030000,REQ-2024-01251,offer_declined,2025-02-01,,2025-02-03,,,,2025-03-01,77000,USD,2025-02-03T17:58:21Z,2026-05-31T23:59:59Z
APP-0030005,REQ-2025-00002,accepted,2025-02-07,2025-02-11,,,,,2025-03-10,71500,USD,2025-02-11T14:51:30Z,2026-05-31T23:59:59Z
APP-0030010,REQ-2025-00003,offer_declined,2025-02-02,,2025-02-05,,,,2025-03-02,61000,USD,2025-02-05T12:02:04Z,2026-05-31T23:59:59Z
APP-0030013,REQ-2025-00003,accepted,2025-01-29,2025-02-02,,,,,2025-02-17,57000,USD,2025-02-02T13:17:58Z,2026-05-31T23:59:59Z
APP-0030044,REQ-2025-00039,accepted,2025-02-01,2025-02-03,,,,,2025-03-10,112500,USD,2025-02-03T14:18:08Z,2026-05-31T23:59:59Z
APP-0030045,REQ-2025-00039,accepted,2025-02-04,2025-02-11,,,,,2025-04-07,109000,USD,2025-02-15T10:56:54Z,2026-05-31T23:59:59Z
APP-0030097,REQ-2025-00012,accepted,2025-02-23,2025-03-03,,,,,2025-04-07,140500,USD,2025-03-03T12:19:35Z,2026-05-31T23:59:59Z
APP-0030104,REQ-2025-00019,offer_declined,2025-02-28,,2025-03-04,,,,2025-03-28,95500,USD,2025-03-04T18:00:51Z,2026-05-31T23:59:59Z
APP-0030129,REQ-2024-00116,offer_withdrawn,2025-02-22,,,2025-03-03,,,2025-03-19,158500,USD,2025-03-03T16:11:24Z,2026-05-31T23:59:59Z
APP-0030163,REQ-2024-01249,offer_declined,2025-02-03,,2025-02-05,,,,2025-03-03,78000,USD,2025-02-05T17:19:50Z,2026-05-31T23:59:59Z
APP-0030173,REQ-2025-00008,candidate_renege,2025-03-04,2025-03-09,,,,2025-04-22,2025-05-12,204500,USD,2025-04-22T11:12:55Z,2026-05-31T23:59:59Z
APP-0030192,REQ-2025-00030,offer_declined,2025-03-03,,2025-03-04,,,,2025-03-31,161000,USD,2025-03-04T10:40:47Z,2026-05-31T23:59:59Z
APP-0030194,REQ-2025-00032,accepted,2025-02-06,2025-02-11,,,,,2025-02-24,57500,USD,2025-02-11T09:24:42Z,2026-05-31T23:59:59Z
APP-0030207,REQ-2025-00050,accepted,2025-02-21,2025-02-24,,,,,2025-04-07,104000,USD,2025-02-24T15:02:08Z,2026-05-31T23:59:59Z
APP-0030228,REQ-2024-01061,accepted,2025-02-22,2025-02-28,,,,,2025-04-14,147500,USD,2025-02-28T11:17:55Z,2026-05-31T23:59:59Z
APP-0030247,REQ-2024-01250,accepted,2025-02-11,2025-02-12,,,,,2025-03-17,90000,USD,2025-02-19T10:23:48Z,2026-05-31T23:59:59Z
APP-0030275,REQ-2025-00026,accepted,2025-02-05,2025-02-08,,,,,2025-03-10,75000,USD,2025-02-08T08:36:43Z,2026-05-31T23:59:59Z
APP-0030284,REQ-2025-00039,accepted,2025-02-21,2025-02-24,,,,,2025-03-24,106500,USD,2025-02-24T11:55:46Z,2026-05-31T23:59:59Z
APP-0030300,REQ-2025-00052,accepted,2025-02-03,2025-02-08,,,,,2025-03-10,62500,USD,2025-02-18T09:34:28Z,2026-05-31T23:59:59Z
APP-0030319,REQ-2024-01117,offer_declined,2025-02-18,,2025-02-20,,,,2025-03-17,233000,USD,2025-02-20T08:32:01Z,2026-05-31T23:59:59Z
APP-0030321,REQ-2024-01129,offer_declined,2025-02-05,,2025-02-07,,,,2025-03-02,80000,USD,2025-02-07T10:24:48Z,2026-05-31T23:59:59Z
APP-0030354,REQ-2025-00034,offer_declined,2025-02-06,,2025-02-07,,,,2025-03-05,134000,USD,2025-02-07T16:31:52Z,2026-05-31T23:59:59Z
APP-0030355,REQ-2025-00034,offer_declined,2025-02-16,,2025-02-17,,,,2025-03-15,159500,USD,2025-02-17T09:15:26Z,2026-05-31T23:59:59Z
APP-0030359,REQ-2025-00037,accepted,2025-03-02,2025-03-22,,,,,2025-05-19,201000,USD,2025-03-22T11:44:05Z,2026-05-31T23:59:59Z
APP-0030373,REQ-2025-00060,accepted,2025-02-13,2025-02-16,,,,,2025-03-17,128500,USD,2025-02-16T14:58:33Z,2026-05-31T23:59:59Z
APP-0030376,REQ-2025-00066,accepted,2025-02-10,2025-02-13,,,,,2025-03-17,64000,USD,2025-02-13T10:42:30Z,2026-05-31T23:59:59Z
APP-0030394,REQ-2024-01124,offer_declined,2025-02-21,,2025-02-22,,,,2025-03-19,82500,USD,2025-02-22T11:57:40Z,2026-05-31T23:59:59Z
APP-0030415,REQ-2025-00013,offer_declined,2025-02-23,,2025-02-26,,,,2025-03-22,102500,USD,2025-02-26T14:33:19Z,2026-05-31T23:59:59Z
APP-0030422,REQ-2025-00024,accepted,2025-02-20,2025-02-25,,,,,2025-03-24,97000,USD,2025-02-25T09:34:07Z,2026-05-31T23:59:59Z
APP-0030425,REQ-2025-00026,accepted,2025-02-13,2025-02-16,,,,,2025-03-10,69500,USD,2025-02-21T17:33:32Z,2026-05-31T23:59:59Z
APP-0030427,REQ-2025-00027,accepted,2025-02-17,2025-02-19,,,,,2025-03-24,103500,USD,2025-02-19T09:52:00Z,2026-05-31T23:59:59Z
APP-0030428,REQ-2025-00034,accepted,2025-02-15,2025-02-25,,,,,2025-03-31,138000,USD,2025-02-25T10:21:05Z,2026-05-31T23:59:59Z
APP-0030430,REQ-2025-00035,accepted,2025-02-15,2025-02-17,,,,,2025-04-07,112500,USD,2025-02-22T13:09:54Z,2026-05-31T23:59:59Z
APP-0030439,REQ-2025-00043,accepted,2025-02-10,2025-02-13,,,,,2025-03-10,54000,USD,2025-02-13T19:39:50Z,2026-05-31T23:59:59Z
APP-0030457,REQ-2025-00064,accepted,2025-02-19,2025-02-21,,,,,2025-03-31,113500,USD,2025-03-06T19:47:19Z,2026-05-31T23:59:59Z
APP-0030460,REQ-2025-00065,accepted,2025-02-17,2025-02-19,,,,,2025-03-17,76000,USD,2025-02-19T17:05:43Z,2026-05-31T23:59:59Z
APP-0030463,REQ-2024-00116,accepted,2025-02-27,2025-02-28,,,,,2025-04-21,166000,USD,2025-02-28T16:46:21Z,2026-05-31T23:59:59Z
APP-0030473,REQ-2024-00749,accepted,2025-02-07,2025-02-10,,,,,2025-03-17,145500,USD,2025-02-10T19:45:32Z,2026-05-31T23:59:59Z
APP-0030476,REQ-2024-00989,accepted,2025-03-08,2025-03-13,,,,,2025-04-21,112000,USD,2025-03-13T14:08:19Z,2026-05-31T23:59:59Z
APP-0030531,REQ-2025-00050,offer_withdrawn,2025-03-01,,,2025-03-02,,,2025-03-28,106500,USD,2025-03-02T15:21:39Z,2026-05-31T23:59:59Z
APP-0030532,REQ-2025-00050,accepted,2025-02-16,2025-02-19,,,,,2025-03-31,96500,USD,2025-02-19T14:23:53Z,2026-05-31T23:59:59Z
APP-0030551,REQ-2024-00598,offer_withdrawn,2025-02-16,,,2025-02-21,,,2025-03-16,100500,USD,2025-02-21T09:14:45Z,2026-05-31T23:59:59Z
APP-0030556,REQ-2024-00994,accepted,2025-02-18,2025-02-26,,,,,2025-04-07,124000,USD,2025-02-26T18:24:38Z,2026-05-31T23:59:59Z
APP-0030567,REQ-2024-01137,accepted,2025-02-22,2025-02-25,,,,,2025-03-24,79000,USD,2025-02-25T15:48:03Z,2026-05-31T23:59:59Z
APP-0030588,REQ-2025-00020,accepted,2025-02-12,2025-02-17,,,,,2025-03-17,66000,USD,2025-03-03T10:27:56Z,2026-05-31T23:59:59Z
APP-0030602,REQ-2025-00040,accepted,2025-02-27,2025-03-04,,,,,2025-04-07,146500,USD,2025-03-04T17:09:55Z,2026-05-31T23:59:59Z
APP-0030611,REQ-2025-00051,offer_withdrawn,2025-02-18,,,2025-02-26,,,2025-03-18,140000,USD,2025-02-26T19:51:52Z,2026-05-31T23:59:59Z
APP-0030625,REQ-2025-00071,offer_declined,2025-02-08,,2025-02-13,,,,2025-03-08,48000,USD,2025-02-13T14:44:18Z,2026-05-31T23:59:59Z
APP-0030649,REQ-2024-01178,accepted,2025-02-25,2025-03-01,,,,,2025-03-24,65500,USD,2025-03-01T10:06:39Z,2026-05-31T23:59:59Z
APP-0030660,REQ-2024-01248,accepted,2025-03-06,2025-03-09,,,,,2025-05-05,121000,USD,2025-03-22T13:38:17Z,2026-05-31T23:59:59Z
APP-0030666,REQ-2025-00013,accepted,2025-03-09,2025-03-11,,,,,2025-04-21,104500,USD,2025-03-13T10:29:16Z,2026-05-31T23:59:59Z
APP-0030672,REQ-2025-00025,accepted,2025-02-05,2025-02-07,,,,,2025-03-10,62500,USD,2025-02-07T11:00:52Z,2026-05-31T23:59:59Z
APP-0030693,REQ-2025-00068,accepted,2025-02-19,2025-02-23,,,,,2025-04-21,169500,USD,2025-02-23T14:46:20Z,2026-05-31T23:59:59Z
APP-0030697,REQ-2025-00071,accepted,2025-02-16,2025-02-17,,,,,2025-03-17,46000,USD,2025-02-17T18:00:05Z,2026-05-31T23:59:59Z
APP-0030708,REQ-2024-01052,accepted,2025-03-11,2025-03-14,,,,,2025-04-21,131500,USD,2025-03-14T13:03:06Z,2026-05-31T23:59:59Z
APP-0030709,REQ-2024-01096,accepted,2025-02-25,2025-03-01,,,,,2025-03-24,94000,USD,2025-03-07T11:37:00Z,2026-05-31T23:59:59Z
APP-0030715,REQ-2024-01156,accepted,2025-02-21,2025-02-24,,,,,2025-04-07,101000,USD,2025-02-24T15:36:22Z,2026-05-31T23:59:59Z
APP-0030737,REQ-2025-00013,accepted,2025-02-18,2025-02-22,,,,,2025-03-24,104500,USD,2025-02-22T17:12:56Z,2026-05-31T23:59:59Z
APP-0030766,REQ-2025-00050,accepted,2025-02-14,2025-02-18,,,,,2025-03-24,107500,USD,2025-02-18T14:47:39Z,2026-05-31T23:59:59Z
APP-0030772,REQ-2025-00061,accepted,2025-02-17,2025-02-19,,,,,2025-03-17,54000,USD,2025-02-19T18:31:47Z,2026-05-31T23:59:59Z
APP-0030780,REQ-2025-00065,accepted,2025-02-16,2025-02-20,,,,,2025-03-17,72500,USD,2025-02-20T12:55:12Z,2026-05-31T23:59:59Z
APP-0030815,REQ-2025-00003,offer_declined,2025-02-16,,2025-02-19,,,,2025-03-16,60500,USD,2025-02-19T09:24:27Z,2026-05-31T23:59:59Z
APP-0030848,REQ-2025-00050,accepted,2025-02-11,2025-02-12,,,,,2025-03-24,108500,USD,2025-02-12T12:32:51Z,2026-05-31T23:59:59Z
APP-0030862,REQ-2025-00063,accepted,2025-02-16,2025-02-19,,,,,2025-03-31,98500,USD,2025-02-19T16:10:23Z,2026-05-31T23:59:59Z
APP-0030869,REQ-2025-00069,accepted,2025-02-20,2025-02-22,,,,,2025-03-17,70800,USD,2025-02-27T12:48:39Z,2026-05-31T23:59:59Z
APP-0030870,REQ-2025-00071,accepted,2025-02-16,2025-02-18,,,,,2025-03-03,44500,USD,2025-02-18T16:42:42Z,2026-05-31T23:59:59Z
APP-0030879,REQ-2024-00930,accepted,2025-02-17,2025-02-26,,,,,2025-03-31,80000,USD,2025-02-26T17:08:54Z,2026-05-31T23:59:59Z
APP-0030907,REQ-2025-00031,accepted,2025-02-15,2025-02-16,,,,,2025-03-24,108000,USD,2025-02-18T08:32:17Z,2026-05-31T23:59:59Z
APP-0030911,REQ-2025-00038,accepted,2025-02-16,2025-02-20,,,,,2025-03-10,62000,USD,2025-02-20T12:47:33Z,2026-05-31T23:59:59Z
APP-0030912,REQ-2025-00043,offer_declined,2025-02-12,,2025-02-13,,,,2025-03-12,52500,USD,2025-02-13T16:48:31Z,2026-05-31T23:59:59Z
APP-0030916,REQ-2025-00046,accepted,2025-02-27,2025-03-05,,,,,2025-04-07,76000,USD,2025-03-05T14:51:50Z,2026-05-31T23:59:59Z
APP-0030925,REQ-2025-00063,offer_declined,2025-02-11,,2025-02-12,,,,2025-03-10,117000,USD,2025-02-12T14:12:15Z,2026-05-31T23:59:59Z
APP-0030926,REQ-2025-00064,offer_withdrawn,2025-02-21,,,2025-02-22,,,2025-03-20,112500,USD,2025-02-22T18:27:17Z,2026-05-31T23:59:59Z
APP-0030939,REQ-2025-00075,offer_withdrawn,2025-03-02,,,2025-03-07,,,2025-03-30,105000,USD,2025-03-07T18:19:01Z,2026-05-31T23:59:59Z
APP-0030953,REQ-2024-01006,offer_withdrawn,2025-04-08,,,2025-04-13,,,2025-05-06,114000,USD,2025-04-13T08:25:49Z,2026-05-31T23:59:59Z
APP-0031006,REQ-2025-00050,candidate_renege,2025-02-24,2025-02-28,,,,2025-03-21,2025-04-07,105000,USD,2025-03-21T17:57:01Z,2026-05-31T23:59:59Z
APP-0031009,REQ-2025-00056,offer_declined,2025-02-12,,2025-02-17,,,,2025-03-12,77500,USD,2025-02-17T08:53:16Z,2026-05-31T23:59:59Z
APP-0031022,REQ-2025-00068,offer_withdrawn,2025-02-22,,,2025-02-23,,,2025-03-22,150000,USD,2025-02-23T11:05:26Z,2026-05-31T23:59:59Z
APP-0031034,REQ-2025-00078,accepted,2025-02-18,2025-02-20,,,,,2025-04-21,122000,USD,2025-02-28T10:33:38Z,2026-05-31T23:59:59Z
APP-0031036,REQ-2025-00079,accepted,2025-02-12,2025-02-14,,,,,2025-03-17,85000,USD,2025-02-14T12:13:34Z,2026-05-31T23:59:59Z
APP-0031046,REQ-2024-00595,accepted,2025-03-19,2025-03-22,,,,,2025-04-21,124000,USD,2025-03-22T09:07:53Z,2026-05-31T23:59:59Z
APP-0031051,REQ-2024-00882,accepted,2025-02-27,2025-03-01,,,,,2025-03-24,107000,USD,2025-03-05T08:20:27Z,2026-05-31T23:59:59Z
APP-0031078,REQ-2025-00003,accepted,2025-02-17,2025-02-18,,,,,2025-03-10,55500,USD,2025-02-18T09:38:53Z,2026-05-31T23:59:59Z
APP-0031105,REQ-2025-00059,offer_declined,2025-03-08,,2025-03-14,,,,2025-04-05,156000,USD,2025-03-14T08:27:12Z,2026-05-31T23:59:59Z
APP-0031113,REQ-2025-00063,accepted,2025-03-02,2025-03-05,,,,,2025-04-07,102000,USD,2025-03-05T15:14:28Z,2026-05-31T23:59:59Z
APP-0031117,REQ-2025-00067,offer_withdrawn,2025-02-17,,,2025-02-19,,,2025-03-15,121500,USD,2025-02-19T15:00:29Z,2026-05-31T23:59:59Z
APP-0031128,REQ-2025-00077,candidate_renege,2025-02-24,2025-02-25,,,,2025-02-26,2025-03-24,62000,USD,2025-02-26T09:47:11Z,2026-05-31T23:59:59Z
APP-0031137,REQ-2024-00429,accepted,2025-03-05,2025-03-09,,,,,2025-04-07,131000,USD,2025-03-09T13:29:51Z,2026-05-31T23:59:59Z
APP-0031144,REQ-2024-00846,accepted,2025-03-05,2025-03-08,,,,,2025-03-24,62000,USD,2025-03-08T19:14:58Z,2026-05-31T23:59:59Z
APP-0031158,REQ-2024-01201,offer_declined,2025-02-18,,2025-02-22,,,,2025-03-18,101000,USD,2025-02-22T19:09:12Z,2026-05-31T23:59:59Z
APP-0031189,REQ-2025-00046,accepted,2025-02-22,2025-02-26,,,,,2025-03-24,75500,USD,2025-02-26T10:52:51Z,2026-05-31T23:59:59Z
APP-0031194,REQ-2025-00057,accepted,2025-02-25,2025-03-04,,,,,2025-04-28,166500,USD,2025-03-04T19:33:19Z,2026-05-31T23:59:59Z
APP-0031200,REQ-2025-00065,offer_withdrawn,2025-02-18,,,2025-02-22,,,2025-03-18,82000,USD,2025-02-22T08:24:22Z,2026-05-31T23:59:59Z
APP-0031205,REQ-2025-00069,accepted,2025-02-15,2025-02-24,,,,,2025-03-24,67000,USD,2025-02-24T12:34:01Z,2026-05-31T23:59:59Z
APP-0031207,REQ-2025-00070,accepted,2025-02-14,2025-02-18,,,,,2025-03-24,127000,USD,2025-02-18T18:39:17Z,2026-05-31T23:59:59Z
APP-0031210,REQ-2025-00071,accepted,2025-02-16,2025-02-18,,,,,2025-03-10,48000,USD,2025-02-18T13:09:11Z,2026-05-31T23:59:59Z
APP-0031211,REQ-2025-00071,candidate_renege,2025-02-15,2025-02-17,,,,2025-03-05,2025-03-21,46500,USD,2025-03-05T10:30:57Z,2026-05-31T23:59:59Z
APP-0031216,REQ-2025-00077,offer_withdrawn,2025-02-20,,,2025-02-25,,,2025-03-20,61000,USD,2025-02-25T12:41:38Z,2026-05-31T23:59:59Z
APP-0031218,REQ-2025-00077,accepted,2025-02-22,2025-02-24,,,,,2025-03-24,55500,USD,2025-03-05T18:37:57Z,2026-05-31T23:59:59Z
APP-0031242,REQ-2024-01108,accepted,2025-02-21,2025-02-27,,,,,2025-04-07,101000,USD,2025-03-05T15:55:10Z,2026-05-31T23:59:59Z
APP-0031271,REQ-2025-00046,accepted,2025-03-05,2025-03-09,,,,,2025-03-31,79500,USD,2025-03-13T14:22:31Z,2026-05-31T23:59:59Z
APP-0031276,REQ-2025-00051,accepted,2025-02-20,2025-02-24,,,,,2025-04-21,151500,USD,2025-02-24T17:46:44Z,2026-05-31T23:59:59Z
APP-0031289,REQ-2025-00074,accepted,2025-03-05,2025-03-08,,,,,2025-04-07,85500,USD,2025-03-16T09:21:30Z,2026-05-31T23:59:59Z
APP-0031305,REQ-2025-00089,accepted,2025-02-16,2025-02-18,,,,,2025-03-24,108000,USD,2025-02-18T14:10:22Z,2026-05-31T23:59:59Z
APP-0031306,REQ-2025-00089,accepted,2025-02-28,2025-03-05,,,,,2025-04-07,96500,USD,2025-03-05T12:27:32Z,2026-05-31T23:59:59Z
APP-0031348,REQ-2025-00058,accepted,2025-02-27,2025-03-05,,,,,2025-04-21,145000,USD,2025-03-05T17:45:27Z,2026-05-31T23:59:59Z
APP-0031350,REQ-2025-00062,accepted,2025-03-12,2025-03-13,,,,,2025-04-14,122500,USD,2025-03-13T12:43:48Z,2026-05-31T23:59:59Z
APP-0031354,REQ-2025-00067,accepted,2025-02-16,2025-02-17,,,,,2025-03-17,113500,USD,2025-02-17T17:45:01Z,2026-05-31T23:59:59Z
APP-0031367,REQ-2025-00077,accepted,2025-02-22,2025-02-24,,,,,2025-03-17,57500,USD,2025-03-06T15:35:00Z,2026-05-31T23:59:59Z
APP-0031400,REQ-2024-01131,accepted,2025-02-14,2025-02-26,,,,,2025-03-17,59000,USD,2025-02-26T15:57:56Z,2026-05-31T23:59:59Z
APP-0031429,REQ-2025-00039,accepted,2025-02-21,2025-02-24,,,,,2025-04-07,105500,USD,2025-02-24T09:45:06Z,2026-05-31T23:59:59Z
APP-0031449,REQ-2025-00066,accepted,2025-02-14,2025-02-17,,,,,2025-03-10,59000,USD,2025-02-17T17:29:08Z,2026-05-31T23:59:59Z
APP-0031458,REQ-2025-00075,accepted,2025-03-02,2025-03-03,,,,,2025-04-07,112000,USD,2025-03-03T12:14:43Z,2026-05-31T23:59:59Z
APP-0031467,REQ-2025-00085,accepted,2025-04-02,2025-04-05,,,,,2025-04-28,95500,USD,2025-04-11T16:47:29Z,2026-05-31T23:59:59Z
APP-0031468,REQ-2025-00086,offer_declined,2025-02-18,,2025-02-21,,,,2025-03-18,65000,USD,2025-02-21T18:44:00Z,2026-05-31T23:59:59Z
APP-0031469,REQ-2025-00086,accepted,2025-02-18,2025-02-20,,,,,2025-03-24,64000,USD,2025-02-20T19:10:30Z,2026-05-31T23:59:59Z
APP-0031472,REQ-2025-00091,accepted,2025-03-04,2025-03-08,,,,,2025-04-07,104500,USD,2025-03-08T18:38:39Z,2026-05-31T23:59:59Z
APP-0031475,REQ-2025-00093,accepted,2025-02-19,2025-03-12,,,,,2025-04-14,83000,USD,2025-03-12T15:29:16Z,2026-05-31T23:59:59Z
APP-0031492,REQ-2024-01077,accepted,2025-02-23,2025-02-27,,,,,2025-03-17,64000,USD,2025-02-27T12:03:45Z,2026-05-31T23:59:59Z
APP-0031498,REQ-2024-01243,offer_declined,2025-02-23,,2025-03-04,,,,2025-03-23,70000,USD,2025-03-04T14:01:35Z,2026-05-31T23:59:59Z
APP-0031514,REQ-2025-00046,offer_declined,2025-03-04,,2025-03-06,,,,2025-03-29,75500,USD,2025-03-06T17:06:51Z,2026-05-31T23:59:59Z
APP-0031526,REQ-2025-00066,accepted,2025-02-26,2025-02-28,,,,,2025-03-31,66000,USD,2025-02-28T17:55:16Z,2026-05-31T23:59:59Z
APP-0031528,REQ-2025-00069,accepted,2025-02-20,2025-02-24,,,,,2025-03-31,70500,USD,2025-02-24T10:04:51Z,2026-05-31T23:59:59Z
APP-0031541,REQ-2025-00077,accepted,2025-02-19,2025-02-22,,,,,2025-03-17,57500,USD,2025-02-22T18:54:25Z,2026-05-31T23:59:59Z
APP-0031547,REQ-2025-00082,accepted,2025-02-16,2025-02-19,,,,,2025-03-31,115000,USD,2025-02-19T15:51:48Z,2026-05-31T23:59:59Z
APP-0031575,REQ-2024-01108,offer_declined,2025-02-23,,2025-02-25,,,,2025-03-23,107500,USD,2025-02-25T14:42:03Z,2026-05-31T23:59:59Z
APP-0031589,REQ-2025-00001,accepted,2025-02-27,2025-02-28,,,,,2025-04-07,85000,USD,2025-02-28T10:13:51Z,2026-05-31T23:59:59Z
APP-0031611,REQ-2025-00054,accepted,2025-02-24,2025-03-07,,,,,2025-03-31,70000,USD,2025-03-07T10:25:01Z,2026-05-31T23:59:59Z
APP-0031642,REQ-2025-00089,accepted,2025-03-02,2025-03-04,,,,,2025-03-31,110500,USD,2025-03-11T12:26:42Z,2026-05-31T23:59:59Z
APP-0031646,REQ-2025-00098,accepted,2025-02-25,2025-02-27,,,,,2025-03-31,76500,USD,2025-02-27T11:04:59Z,2026-05-31T23:59:59Z
APP-0031650,REQ-2024-00429,offer_withdrawn,2025-03-08,,,2025-03-09,,,2025-04-05,136000,USD,2025-03-09T14:40:47Z,2026-05-31T23:59:59Z
APP-0031658,REQ-2024-00832,offer_declined,2025-02-26,,2025-03-01,,,,2025-03-26,92000,USD,2025-03-01T13:22:37Z,2026-05-31T23:59:59Z
APP-0031712,REQ-2025-00080,accepted,2025-02-27,2025-03-04,,,,,2025-04-07,124500,USD,2025-03-04T16:29:36Z,2026-05-31T23:59:59Z
APP-0031714,REQ-2025-00083,offer_withdrawn,2025-02-27,,,2025-03-03,,,2025-03-26,93500,USD,2025-03-03T14:56:05Z,2026-05-31T23:59:59Z
APP-0031716,REQ-2025-00083,accepted,2025-02-25,2025-02-27,,,,,2025-04-07,91000,USD,2025-03-01T18:05:29Z,2026-05-31T23:59:59Z
APP-0031717,REQ-2025-00086,offer_declined,2025-02-22,,2025-02-26,,,,2025-03-22,64500,USD,2025-02-26T14:30:23Z,2026-05-31T23:59:59Z
APP-0031738,REQ-2024-00892,accepted,2025-03-13,2025-03-21,,,,,2025-04-28,146000,USD,2025-03-21T10:50:20Z,2026-05-31T23:59:59Z
APP-0031742,REQ-2024-00999,accepted,2025-03-21,2025-03-22,,,,,2025-04-14,76000,USD,2025-03-22T13:32:37Z,2026-05-31T23:59:59Z
APP-0031749,REQ-2024-01184,offer_declined,2025-03-22,,2025-03-23,,,,2025-04-12,71500,USD,2025-03-23T13:33:49Z,2026-05-31T23:59:59Z
APP-0031775,REQ-2025-00063,offer_declined,2025-02-25,,2025-03-03,,,,2025-03-25,113000,USD,2025-03-03T18:42:29Z,2026-05-31T23:59:59Z
APP-0031790,REQ-2025-00077,accepted,2025-02-20,2025-02-23,,,,,2025-03-24,63500,USD,2025-02-23T19:47:32Z,2026-05-31T23:59:59Z
APP-0031792,REQ-2025-00081,accepted,2025-03-31,2025-04-03,,,,,2025-04-28,84500,USD,2025-04-03T16:19:04Z,2026-05-31T23:59:59Z
APP-0031794,REQ-2025-00083,accepted,2025-02-18,2025-02-20,,,,,2025-03-24,87500,USD,2025-02-20T18:39:09Z,2026-05-31T23:59:59Z
APP-0031842,REQ-2025-00049,accepted,2025-04-05,2025-04-06,,,,,2025-05-05,122000,USD,2025-04-06T19:11:04Z,2026-05-31T23:59:59Z
APP-0031872,REQ-2025-00077,accepted,2025-02-22,2025-02-24,,,,,2025-03-17,63500,USD,2025-02-24T13:47:55Z,2026-05-31T23:59:59Z
APP-0031889,REQ-2025-00098,offer_withdrawn,2025-02-25,,,2025-02-27,,,2025-03-25,81000,USD,2025-02-27T15:33:32Z,2026-05-31T23:59:59Z
APP-0031901,REQ-2024-00647,accepted,2025-02-27,2025-03-01,,,,,2025-03-24,61500,USD,2025-03-12T13:32:49Z,2026-05-31T23:59:59Z
APP-0031905,REQ-2024-00847,accepted,2025-03-31,2025-04-01,,,,,2025-05-05,132000,USD,2025-04-01T11:38:00Z,2026-05-31T23:59:59Z
APP-0031908,REQ-2024-00933,accepted,2025-03-07,2025-03-12,,,,,2025-04-21,69500,USD,2025-03-22T12:19:49Z,2026-05-31T23:59:59Z
APP-0031918,REQ-2024-01103,accepted,2025-03-06,2025-03-07,,,,,2025-03-31,80000,USD,2025-03-07T16:43:16Z,2026-05-31T23:59:59Z
APP-0031930,REQ-2025-00009,offer_declined,2025-02-28,,2025-03-07,,,,2025-03-28,84000,USD,2025-03-07T09:49:08Z,2026-05-31T23:59:59Z
APP-0031934,REQ-2025-00027,accepted,2025-03-11,2025-03-12,,,,,2025-04-28,109500,USD,2025-03-27T08:29:01Z,2026-05-31T23:59:59Z
APP-0031999,REQ-2024-01228,accepted,2025-02-21,2025-02-24,,,,,2025-03-24,61500,USD,2025-02-24T19:42:50Z,2026-05-31T23:59:59Z
APP-0032042,REQ-2025-00089,offer_withdrawn,2025-03-08,,,2025-03-12,,,2025-04-02,107000,USD,2025-03-12T14:06:22Z,2026-05-31T23:59:59Z
APP-0032082,REQ-2025-00054,offer_withdrawn,2025-03-07,,,2025-03-10,,,2025-04-04,67500,USD,2025-03-10T18:42:26Z,2026-05-31T23:59:59Z
APP-0032085,REQ-2025-00055,accepted,2025-02-27,2025-03-01,,,,,2025-04-21,115000,USD,2025-03-12T16:48:49Z,2026-05-31T23:59:59Z
APP-0032088,REQ-2025-00062,offer_withdrawn,2025-03-12,,,2025-03-14,,,2025-04-09,140000,USD,2025-03-14T18:49:48Z,2026-05-31T23:59:59Z
APP-0032104,REQ-2025-00082,offer_declined,2025-03-02,,2025-03-06,,,,2025-03-30,109500,USD,2025-03-06T10:06:16Z,2026-05-31T23:59:59Z
APP-0032130,REQ-2025-00112,accepted,2025-02-26,2025-02-27,,,,,2025-03-24,60000,USD,2025-02-27T15:57:54Z,2026-05-31T23:59:59Z
APP-0032131,REQ-2025-00114,offer_declined,2025-03-11,,2025-03-15,,,,2025-04-08,82000,USD,2025-03-15T11:09:08Z,2026-05-31T23:59:59Z
APP-0032144,REQ-2024-00948,accepted,2025-05-30,2025-06-02,,,,,2025-07-21,177000,USD,2025-06-02T08:19:40Z,2026-05-31T23:59:59Z
APP-0032151,REQ-2024-01019,accepted,2025-03-25,2025-03-29,,,,,2025-05-19,111000,USD,2025-04-08T13:46:58Z,2026-05-31T23:59:59Z
APP-0032158,REQ-2024-01113,accepted,2025-03-10,2025-03-15,,,,,2025-05-05,136500,USD,2025-03-15T11:58:46Z,2026-05-31T23:59:59Z
APP-0032160,REQ-2024-01129,accepted,2025-03-02,2025-03-06,,,,,2025-04-14,77000,USD,2025-03-11T12:59:51Z,2026-05-31T23:59:59Z
APP-0032169,REQ-2025-00027,accepted,2025-03-01,2025-03-05,,,,,2025-04-07,104000,USD,2025-03-05T16:04:51Z,2026-05-31T23:59:59Z
APP-0032171,REQ-2025-00056,accepted,2025-03-05,2025-03-08,,,,,2025-04-07,73000,USD,2025-03-08T11:05:52Z,2026-05-31T23:59:59Z
APP-0032194,REQ-2025-00090,accepted,2025-03-02,2025-03-04,,,,,2025-04-21,140500,USD,2025-03-04T12:37:37Z,2026-05-31T23:59:59Z
APP-0032200,REQ-2025-00103,accepted,2025-03-01,2025-03-06,,,,,2025-03-31,80000,USD,2025-03-06T19:22:00Z,2026-05-31T23:59:59Z
APP-0032219,REQ-2025-00119,accepted,2025-02-24,2025-02-26,,,,,2025-03-10,54000,USD,2025-02-26T11:15:09Z,2026-05-31T23:59:59Z
APP-0032220,REQ-2025-00119,accepted,2025-03-02,2025-03-06,,,,,2025-03-24,59500,USD,2025-03-06T11:30:34Z,2026-05-31T23:59:59Z
APP-0032224,REQ-2025-00125,accepted,2025-03-02,2025-03-12,,,,,2025-04-14,84900,USD,2025-03-27T08:50:11Z,2026-05-31T23:59:59Z
APP-0032242,REQ-2024-01124,accepted,2025-03-24,2025-03-29,,,,,2025-04-21,81500,USD,2025-03-29T10:16:16Z,2026-05-31T23:59:59Z
APP-0032244,REQ-2024-01164,accepted,2025-03-25,2025-04-01,,,,,2025-05-12,88000,USD,2025-04-01T09:03:01Z,2026-05-31T23:59:59Z
APP-0032279,REQ-2025-00106,candidate_renege,2025-03-01,2025-03-02,,,,2025-03-05,2025-04-07,74500,USD,2025-03-05T10:28:11Z,2026-05-31T23:59:59Z
APP-0032280,REQ-2025-00106,accepted,2025-02-27,2025-03-01,,,,,2025-03-24,69500,USD,2025-03-01T17:20:16Z,2026-05-31T23:59:59Z
APP-0032281,REQ-2025-00109,accepted,2025-03-04,2025-03-06,,,,,2025-03-31,77000,USD,2025-03-06T08:55:34Z,2026-05-31T23:59:59Z
APP-0032285,REQ-2025-00113,accepted,2025-02-28,2025-03-07,,,,,2025-04-14,104500,USD,2025-03-07T19:33:51Z,2026-05-31T23:59:59Z
APP-0032289,REQ-2025-00117,offer_declined,2025-02-26,,2025-03-03,,,,2025-03-26,92000,USD,2025-03-03T08:06:12Z,2026-05-31T23:59:59Z
APP-0032306,REQ-2024-00832,accepted,2025-03-12,2025-03-15,,,,,2025-04-21,85500,USD,2025-03-15T14:20:10Z,2026-05-31T23:59:59Z
APP-0032312,REQ-2024-01122,accepted,2025-02-26,2025-03-05,,,,,2025-03-31,58200,USD,2025-03-17T18:28:18Z,2026-05-31T23:59:59Z
APP-0032324,REQ-2025-00027,offer_declined,2025-03-09,,2025-03-11,,,,2025-04-06,105500,USD,2025-03-11T17:35:48Z,2026-05-31T23:59:59Z
APP-0032355,REQ-2025-00097,accepted,2025-03-25,2025-04-03,,,,,2025-06-09,199500,USD,2025-04-03T16:00:37Z,2026-05-31T23:59:59Z
APP-0032373,REQ-2025-00116,offer_declined,2025-03-07,,2025-03-08,,,,2025-04-02,67500,USD,2025-03-08T16:28:02Z,2026-05-31T23:59:59Z
APP-0032394,REQ-2025-00132,accepted,2025-02-25,2025-02-26,,,,,2025-03-24,51500,USD,2025-02-26T18:55:59Z,2026-05-31T23:59:59Z
APP-0032403,REQ-2024-00428,accepted,2025-04-06,2025-04-09,,,,,2025-04-28,88000,USD,2025-04-09T11:10:08Z,2026-05-31T23:59:59Z
APP-0032405,REQ-2024-00543,accepted,2025-03-22,2025-03-25,,,,,2025-05-05,139000,USD,2025-03-25T12:33:41Z,2026-05-31T23:59:59Z
APP-0032410,REQ-2024-00716,accepted,2025-02-28,2025-03-04,,,,,2025-03-24,54500,USD,2025-03-04T11:06:19Z,2026-05-31T23:59:59Z
APP-0032420,REQ-2024-01177,accepted,2025-03-12,2025-03-30,,,,,2025-06-02,162500,USD,2025-04-10T19:45:44Z,2026-05-31T23:59:59Z
APP-0032432,REQ-2025-00047,accepted,2025-03-12,2025-03-20,,,,,2025-04-21,92000,USD,2025-03-20T13:49:57Z,2026-05-31T23:59:59Z
APP-0032472,REQ-2025-00112,accepted,2025-02-26,2025-02-28,,,,,2025-03-24,61500,USD,2025-02-28T08:35:13Z,2026-05-31T23:59:59Z
APP-0032477,REQ-2025-00117,accepted,2025-03-08,2025-03-12,,,,,2025-04-21,95000,USD,2025-03-12T09:58:38Z,2026-05-31T23:59:59Z
APP-0032483,REQ-2025-00119,accepted,2025-03-11,2025-03-13,,,,,2025-03-31,56500,USD,2025-03-13T15:16:40Z,2026-05-31T23:59:59Z
APP-0032553,REQ-2025-00103,offer_withdrawn,2025-03-15,,,2025-03-19,,,2025-04-12,80500,USD,2025-03-19T13:02:26Z,2026-05-31T23:59:59Z
APP-0032558,REQ-2025-00106,offer_withdrawn,2025-03-11,,,2025-03-14,,,2025-04-08,74500,USD,2025-03-14T16:14:34Z,2026-05-31T23:59:59Z
APP-0032571,REQ-2025-00117,accepted,2025-03-07,2025-03-11,,,,,2025-04-14,89500,USD,2025-03-11T13:25:32Z,2026-05-31T23:59:59Z
APP-0032573,REQ-2025-00119,offer_declined,2025-03-06,,2025-03-08,,,,2025-04-03,62500,USD,2025-03-08T15:27:28Z,2026-05-31T23:59:59Z
APP-0032574,REQ-2025-00119,accepted,2025-03-06,2025-03-10,,,,,2025-03-31,58700,USD,2025-03-19T16:26:43Z,2026-05-31T23:59:59Z
APP-0032580,REQ-2025-00122,accepted,2025-03-19,2025-03-20,,,,,2025-04-07,101200,USD,2025-04-01T12:47:17Z,2026-05-31T23:59:59Z
APP-0032583,REQ-2025-00130,accepted,2025-03-04,2025-03-08,,,,,2025-04-21,106000,USD,2025-03-08T11:12:47Z,2026-05-31T23:59:59Z
APP-0032589,REQ-2025-00133,accepted,2025-03-08,2025-03-12,,,,,2025-04-21,105500,USD,2025-03-12T10:24:49Z,2026-05-31T23:59:59Z
APP-0032592,REQ-2025-00136,accepted,2025-03-04,2025-03-05,,,,,2025-03-31,83000,USD,2025-03-13T09:20:56Z,2026-05-31T23:59:59Z
APP-0032614,REQ-2024-01234,accepted,2025-03-17,2025-03-20,,,,,2025-04-28,130500,USD,2025-03-20T08:11:08Z,2026-05-31T23:59:59Z
APP-0032640,REQ-2025-00093,accepted,2025-03-16,2025-03-18,,,,,2025-04-07,77000,USD,2025-03-18T17:55:12Z,2026-05-31T23:59:59Z
APP-0032661,REQ-2025-00113,accepted,2025-03-01,2025-03-04,,,,,2025-04-07,112500,USD,2025-03-10T19:47:32Z,2026-05-31T23:59:59Z
APP-0032670,REQ-2025-00120,accepted,2025-03-08,2025-03-10,,,,,2025-04-14,83000,USD,2025-03-10T09:34:59Z,2026-05-31T23:59:59Z
APP-0032718,REQ-2024-01224,accepted,2025-03-05,2025-03-06,,,,,2025-03-31,62500,USD,2025-03-06T14:00:32Z,2026-05-31T23:59:59Z
APP-0032728,REQ-2025-00081,offer_declined,2025-03-13,,2025-03-17,,,,2025-04-10,97500,USD,2025-03-17T11:53:39Z,2026-05-31T23:59:59Z
APP-0032737,REQ-2025-00093,offer_declined,2025-03-08,,2025-03-09,,,,2025-04-04,88000,USD,2025-03-09T16:44:03Z,2026-05-31T23:59:59Z
APP-0032747,REQ-2025-00106,offer_declined,2025-03-18,,2025-03-21,,,,2025-04-15,71500,USD,2025-03-21T13:08:36Z,2026-05-31T23:59:59Z
APP-0032757,REQ-2025-00118,accepted,2025-03-10,2025-03-14,,,,,2025-04-21,114500,USD,2025-03-14T14:53:09Z,2026-05-31T23:59:59Z
APP-0032762,REQ-2025-00119,accepted,2025-03-03,2025-03-08,,,,,2025-04-21,61500,USD,2025-03-21T16:08:57Z,2026-05-31T23:59:59Z
APP-0032764,REQ-2025-00120,accepted,2025-03-10,2025-03-11,,,,,2025-04-14,73500,USD,2025-03-11T15:14:52Z,2026-05-31T23:59:59Z
APP-0032767,REQ-2025-00122,accepted,2025-03-12,2025-03-28,,,,,2025-04-21,95500,USD,2025-03-28T11:00:38Z,2026-05-31T23:59:59Z
APP-0032771,REQ-2025-00127,accepted,2025-03-12,2025-03-14,,,,,2025-04-07,52000,USD,2025-03-14T18:55:30Z,2026-05-31T23:59:59Z
APP-0032782,REQ-2025-00138,accepted,2025-03-15,2025-03-17,,,,,2025-04-14,59000,USD,2025-03-17T18:49:59Z,2026-05-31T23:59:59Z
APP-0032784,REQ-2025-00143,candidate_renege,2025-03-13,2025-03-16,,,,2025-03-26,2025-03-31,60000,USD,2025-03-26T19:33:54Z,2026-05-31T23:59:59Z
APP-0032798,REQ-2024-00934,accepted,2025-03-08,2025-03-11,,,,,2025-04-07,73200,USD,2025-03-15T13:25:28Z,2026-05-31T23:59:59Z
APP-0032809,REQ-2024-01217,offer_declined,2025-03-12,,2025-03-17,,,,2025-04-09,71000,USD,2025-03-17T16:45:30Z,2026-05-31T23:59:59Z
APP-0032811,REQ-2024-01245,accepted,2025-04-05,2025-04-06,,,,,2025-05-26,235000,USD,2025-04-06T19:57:13Z,2026-05-31T23:59:59Z
APP-0032815,REQ-2025-00005,offer_declined,2025-03-11,,2025-03-13,,,,2025-04-08,75500,USD,2025-03-13T16:50:08Z,2026-05-31T23:59:59Z
APP-0032825,REQ-2025-00061,accepted,2025-03-06,2025-03-08,,,,,2025-04-07,57500,USD,2025-03-08T19:03:31Z,2026-05-31T23:59:59Z
APP-0032845,REQ-2025-00103,accepted,2025-03-09,2025-03-17,,,,,2025-04-21,73000,USD,2025-03-17T09:42:29Z,2026-05-31T23:59:59Z
APP-0032862,REQ-2025-00116,accepted,2025-03-06,2025-03-11,,,,,2025-04-07,62000,USD,2025-03-11T18:28:52Z,2026-05-31T23:59:59Z
APP-0032867,REQ-2025-00120,offer_declined,2025-03-04,,2025-03-05,,,,2025-04-01,85500,USD,2025-03-05T11:22:19Z,2026-05-31T23:59:59Z
APP-0032873,REQ-2025-00129,offer_declined,2025-04-06,,2025-04-11,,,,2025-05-04,83000,USD,2025-04-11T18:49:23Z,2026-05-31T23:59:59Z
APP-0032887,REQ-2025-00144,accepted,2025-03-16,2025-03-19,,,,,2025-04-28,155000,USD,2025-03-19T08:00:37Z,2026-05-31T23:59:59Z
APP-0032908,REQ-2024-01175,accepted,2025-03-09,2025-03-10,,,,,2025-03-31,52000,USD,2025-03-10T08:26:51Z,2026-05-31T23:59:59Z
APP-0032935,REQ-2025-00101,offer_declined,2025-03-14,,2025-03-16,,,,2025-04-11,131000,USD,2025-03-16T17:24:05Z,2026-05-31T23:59:59Z
APP-0032939,REQ-2025-00106,accepted,2025-03-06,2025-03-07,,,,,2025-03-31,71000,USD,2025-03-07T12:20:46Z,2026-05-31T23:59:59Z
APP-0032962,REQ-2025-00126,accepted,2025-03-13,2025-03-14,,,,,2025-04-21,143500,USD,2025-03-14T17:54:27Z,2026-05-31T23:59:59Z
APP-0032969,REQ-2025-00130,accepted,2025-03-15,2025-03-17,,,,,2025-04-21,116500,USD,2025-03-17T08:55:55Z,2026-05-31T23:59:59Z
APP-0032986,REQ-2025-00146,accepted,2025-03-17,2025-03-19,,,,,2025-04-14,75500,USD,2025-03-19T19:39:48Z,2026-05-31T23:59:59Z
APP-0032993,REQ-2024-00119,accepted,2025-03-10,2025-03-13,,,,,2025-04-07,79700,USD,2025-03-26T18:23:06Z,2026-05-31T23:59:59Z
APP-0033005,REQ-2024-01191,candidate_renege,2025-04-08,2025-04-12,,,,2025-06-07,2025-06-26,206000,USD,2025-06-07T14:59:40Z,2026-05-31T23:59:59Z
APP-0033006,REQ-2024-01192,accepted,2025-03-22,2025-03-27,,,,,2025-05-05,142500,USD,2025-03-27T18:26:46Z,2026-05-31T23:59:59Z
APP-0033036,REQ-2025-00113,offer_withdrawn,2025-03-07,,,2025-03-08,,,2025-04-02,114000,USD,2025-03-08T10:19:17Z,2026-05-31T23:59:59Z
APP-0033038,REQ-2025-00114,candidate_renege,2025-03-15,2025-03-16,,,,2025-03-21,2025-04-14,75500,USD,2025-03-21T10:05:22Z,2026-05-31T23:59:59Z
APP-0033053,REQ-2025-00127,offer_withdrawn,2025-03-14,,,2025-03-16,,,2025-04-11,53500,USD,2025-03-16T18:39:40Z,2026-05-31T23:59:59Z
APP-0033075,REQ-2024-00214,offer_withdrawn,2025-04-02,,,2025-04-03,,,2025-04-29,143500,USD,2025-04-03T15:07:07Z,2026-05-31T23:59:59Z
APP-0033081,REQ-2024-00951,accepted,2025-03-28,2025-04-10,,,,,2025-05-12,106000,USD,2025-04-18T16:32:13Z,2026-05-31T23:59:59Z
APP-0033115,REQ-2025-00106,accepted,2025-03-05,2025-03-06,,,,,2025-04-21,75000,USD,2025-03-12T17:48:26Z,2026-05-31T23:59:59Z
APP-0033139,REQ-2025-00140,accepted,2025-04-13,2025-04-16,,,,,2025-06-09,150500,USD,2025-04-25T11:28:03Z,2026-05-31T23:59:59Z
APP-0033159,REQ-2025-00162,accepted,2025-03-23,2025-03-25,,,,,2025-05-05,148500,USD,2025-03-25T14:24:05Z,2026-05-31T23:59:59Z
APP-0033176,REQ-2024-01211,accepted,2025-03-31,2025-04-03,,,,,2025-05-05,106000,USD,2025-04-03T16:31:18Z,2026-05-31T23:59:59Z
APP-0033184,REQ-2025-00041,accepted,2025-04-10,2025-04-16,,,,,2025-05-12,81000,USD,2025-04-16T10:09:57Z,2026-05-31T23:59:59Z
APP-0033196,REQ-2025-00106,offer_withdrawn,2025-03-15,,,2025-03-17,,,2025-04-12,77000,USD,2025-03-17T11:49:44Z,2026-05-31T23:59:59Z
APP-0033207,REQ-2025-00117,candidate_renege,2025-03-10,2025-03-11,,,,2025-04-01,2025-04-14,92000,USD,2025-04-01T11:19:58Z,2026-05-31T23:59:59Z
APP-0033226,REQ-2025-00131,accepted,2025-03-13,2025-03-19,,,,,2025-04-14,81000,USD,2025-03-19T12:21:30Z,2026-05-31T23:59:59Z
APP-0033227,REQ-2025-00131,accepted,2025-03-12,2025-03-16,,,,,2025-04-14,81500,USD,2025-03-16T08:50:36Z,2026-05-31T23:59:59Z
APP-0033237,REQ-2025-00146,offer_declined,2025-03-12,,2025-03-16,,,,2025-04-09,75500,USD,2025-03-16T16:51:41Z,2026-05-31T23:59:59Z
APP-0033239,REQ-2025-00146,accepted,2025-03-11,2025-03-12,,,,,2025-04-07,78500,USD,2025-03-12T08:14:18Z,2026-05-31T23:59:59Z
APP-0033248,REQ-2025-00155,accepted,2025-03-11,2025-03-14,,,,,2025-04-14,59500,USD,2025-03-14T08:42:51Z,2026-05-31T23:59:59Z
APP-0033261,REQ-2025-00173,accepted,2025-03-28,2025-04-01,,,,,2025-04-28,76000,USD,2025-04-01T15:02:05Z,2026-05-31T23:59:59Z
APP-0033265,REQ-2024-00515,offer_declined,2025-03-22,,2025-03-25,,,,2025-04-19,70500,USD,2025-03-25T17:41:08Z,2026-05-31T23:59:59Z
APP-0033270,REQ-2024-00958,accepted,2025-03-27,2025-03-31,,,,,2025-04-28,115500,USD,2025-03-31T13:14:34Z,2026-05-31T23:59:59Z
APP-0033273,REQ-2024-00995,accepted,2025-03-08,2025-03-10,,,,,2025-04-14,90000,USD,2025-03-10T14:40:00Z,2026-05-31T23:59:59Z
APP-0033275,REQ-2024-01062,accepted,2025-03-22,2025-03-24,,,,,2025-04-21,83500,USD,2025-03-24T14:50:29Z,2026-05-31T23:59:59Z
APP-0033285,REQ-2024-01211,offer_declined,2025-03-22,,2025-03-25,,,,2025-04-19,98000,USD,2025-03-25T12:30:50Z,2026-05-31T23:59:59Z
APP-0033310,REQ-2025-00119,accepted,2025-03-11,2025-03-12,,,,,2025-03-24,61500,USD,2025-03-12T17:03:07Z,2026-05-31T23:59:59Z
APP-0033311,REQ-2025-00119,accepted,2025-03-15,2025-03-16,,,,,2025-04-07,57000,USD,2025-03-16T14:10:37Z,2026-05-31T23:59:59Z
APP-0033318,REQ-2025-00127,accepted,2025-03-07,2025-03-09,,,,,2025-03-31,57000,USD,2025-03-09T14:35:37Z,2026-05-31T23:59:59Z
APP-0033340,REQ-2025-00154,offer_declined,2025-03-15,,2025-03-17,,,,2025-04-12,74000,USD,2025-03-17T09:26:38Z,2026-05-31T23:59:59Z
APP-0033349,REQ-2025-00167,offer_rescinded,2025-03-24,2025-03-27,,,2025-04-12,,2025-04-14,78000,USD,2025-04-12T10:15:06Z,2026-05-31T23:59:59Z
APP-0033382,REQ-2024-01233,accepted,2025-03-17,2025-03-31,,,,,2025-05-12,112000,USD,2025-03-31T08:16:46Z,2026-05-31T23:59:59Z
APP-0033397,REQ-2025-00106,accepted,2025-03-13,2025-03-15,,,,,2025-04-07,75500,USD,2025-03-15T10:17:04Z,2026-05-31T23:59:59Z
APP-0033398,REQ-2025-00108,accepted,2025-03-11,2025-03-13,,,,,2025-04-14,60000,USD,2025-03-28T11:51:13Z,2026-05-31T23:59:59Z
APP-0033436,REQ-2025-00142,accepted,2025-03-23,2025-03-27,,,,,2025-04-21,72500,USD,2025-03-27T17:04:57Z,2026-05-31T23:59:59Z
APP-0033438,REQ-2025-00143,offer_withdrawn,2025-03-21,,,2025-03-23,,,2025-04-18,63500,USD,2025-03-23T09:30:38Z,2026-05-31T23:59:59Z
APP-0033451,REQ-2025-00160,offer_declined,2025-03-16,,2025-03-18,,,,2025-04-13,70500,USD,2025-03-18T09:37:32Z,2026-05-31T23:59:59Z
APP-0033459,REQ-2025-00170,accepted,2025-03-17,2025-03-26,,,,,2025-05-05,101500,USD,2025-03-26T08:00:46Z,2026-05-31T23:59:59Z
APP-0033509,REQ-2025-00114,offer_declined,2025-03-18,,2025-03-21,,,,2025-04-15,78500,USD,2025-03-21T10:26:36Z,2026-05-31T23:59:59Z
APP-0033521,REQ-2025-00127,offer_withdrawn,2025-03-10,,,2025-03-18,,,2025-04-07,57000,USD,2025-03-18T19:23:24Z,2026-05-31T23:59:59Z
APP-0033538,REQ-2025-00146,offer_withdrawn,2025-03-18,,,2025-03-19,,,2025-04-15,76500,USD,2025-03-19T09:12:41Z,2026-05-31T23:59:59Z
APP-0033547,REQ-2025-00153,accepted,2025-03-13,2025-03-21,,,,,2025-04-21,63000,USD,2025-03-21T16:21:51Z,2026-05-31T23:59:59Z
APP-0033555,REQ-2025-00161,accepted,2025-03-17,2025-03-19,,,,,2025-04-21,73500,USD,2025-03-29T13:00:34Z,2026-05-31T23:59:59Z
APP-0033560,REQ-2025-00173,accepted,2025-03-26,2025-03-29,,,,,2025-04-28,68000,USD,2025-03-29T12:10:38Z,2026-05-31T23:59:59Z
APP-0033572,REQ-2024-00839,accepted,2025-04-11,2025-04-18,,,,,2025-05-19,134000,USD,2025-04-18T17:29:55Z,2026-05-31T23:59:59Z
APP-0033582,REQ-2024-01142,offer_declined,2025-04-13,,2025-04-22,,,,2025-05-11,205500,USD,2025-04-22T10:53:16Z,2026-05-31T23:59:59Z
APP-0033611,REQ-2025-00124,offer_withdrawn,2025-04-09,,,2025-04-17,,,2025-05-07,134000,USD,2025-04-17T14:46:14Z,2026-05-31T23:59:59Z
APP-0033620,REQ-2025-00131,accepted,2025-03-25,2025-03-26,,,,,2025-04-21,73000,USD,2025-03-26T18:05:23Z,2026-05-31T23:59:59Z
APP-0033635,REQ-2025-00154,accepted,2025-03-16,2025-03-17,,,,,2025-04-14,79000,USD,2025-03-17T15:56:29Z,2026-05-31T23:59:59Z
APP-0033640,REQ-2025-00160,accepted,2025-03-27,2025-03-29,,,,,2025-04-28,68500,USD,2025-03-29T16:03:49Z,2026-05-31T23:59:59Z
APP-0033660,REQ-2025-00178,candidate_renege,2025-03-21,2025-03-24,,,,2025-04-25,2025-04-28,104000,USD,2025-04-25T14:33:11Z,2026-05-31T23:59:59Z
APP-0033703,REQ-2025-00118,offer_declined,2025-03-20,,2025-03-22,,,,2025-04-17,111500,USD,2025-03-22T13:31:24Z,2026-05-31T23:59:59Z
APP-0033706,REQ-2025-00125,accepted,2025-03-11,2025-03-14,,,,,2025-04-07,85500,USD,2025-03-14T11:52:03Z,2026-05-31T23:59:59Z
APP-0033717,REQ-2025-00131,accepted,2025-03-16,2025-03-22,,,,,2025-04-21,74000,USD,2025-03-22T12:09:24Z,2026-05-31T23:59:59Z
APP-0033731,REQ-2025-00152,accepted,2025-03-20,2025-03-25,,,,,2025-05-05,119500,USD,2025-03-25T19:48:19Z,2026-05-31T23:59:59Z
APP-0033735,REQ-2025-00153,accepted,2025-03-19,2025-03-20,,,,,2025-04-21,68000,USD,2025-03-20T10:23:22Z,2026-05-31T23:59:59Z
APP-0033736,REQ-2025-00153,accepted,2025-03-15,2025-03-16,,,,,2025-04-14,63500,USD,2025-03-16T13:40:48Z,2026-05-31T23:59:59Z
APP-0033753,REQ-2025-00179,accepted,2025-03-17,2025-03-24,,,,,2025-04-28,67500,USD,2025-03-24T08:45:29Z,2026-05-31T23:59:59Z
APP-0033779,REQ-2025-00016,accepted,2025-04-24,2025-05-02,,,,,2025-05-26,97000,USD,2025-05-02T17:56:05Z,2026-05-31T23:59:59Z
APP-0033794,REQ-2025-00119,offer_withdrawn,2025-03-16,,,2025-03-18,,,2025-04-13,62500,USD,2025-03-18T08:24:38Z,2026-05-31T23:59:59Z
APP-0033813,REQ-2025-00146,accepted,2025-03-14,2025-03-17,,,,,2025-04-14,81500,USD,2025-03-17T15:33:36Z,2026-05-31T23:59:59Z
APP-0033816,REQ-2025-00151,accepted,2025-03-21,2025-03-24,,,,,2025-04-21,72000,USD,2025-03-24T17:27:59Z,2026-05-31T23:59:59Z
APP-0033831,REQ-2025-00174,offer_declined,2025-03-22,,2025-03-24,,,,2025-04-19,104500,USD,2025-03-24T13:11:26Z,2026-05-31T23:59:59Z
APP-0033835,REQ-2025-00178,offer_declined,2025-03-21,,2025-03-22,,,,2025-04-18,100000,USD,2025-03-22T14:01:11Z,2026-05-31T23:59:59Z
APP-0033843,REQ-2025-00183,offer_declined,2025-03-20,,2025-03-21,,,,2025-04-17,74500,USD,2025-03-21T12:20:37Z,2026-05-31T23:59:59Z
APP-0033851,REQ-2025-00194,offer_declined,2025-03-16,,2025-03-19,,,,2025-04-13,60000,USD,2025-03-19T13:45:28Z,2026-05-31T23:59:59Z
APP-0033862,REQ-2024-00843,accepted,2025-04-16,2025-04-17,,,,,2025-05-26,188500,USD,2025-04-17T14:17:37Z,2026-05-31T23:59:59Z
APP-0033905,REQ-2025-00129,offer_declined,2025-04-06,,2025-04-15,,,,2025-05-02,85000,USD,2025-04-15T13:27:47Z,2026-05-31T23:59:59Z
APP-0033917,REQ-2025-00151,offer_withdrawn,2025-03-24,,,2025-03-25,,,2025-04-21,72500,USD,2025-03-25T19:39:42Z,2026-05-31T23:59:59Z
APP-0033926,REQ-2025-00168,offer_declined,2025-03-27,,2025-03-28,,,,2025-04-22,100500,USD,2025-03-28T12:36:59Z,2026-05-31T23:59:59Z
APP-0033941,REQ-2025-00183,offer_rescinded,2025-03-26,2025-03-28,,,2025-04-11,,2025-04-28,84500,USD,2025-04-11T11:30:22Z,2026-05-31T23:59:59Z
APP-0034002,REQ-2025-00141,accepted,2025-03-24,2025-03-27,,,,,2025-04-21,77000,USD,2025-03-27T18:00:38Z,2026-05-31T23:59:59Z
APP-0034003,REQ-2025-00142,accepted,2025-03-14,2025-03-17,,,,,2025-04-14,72000,USD,2025-03-17T14:05:04Z,2026-05-31T23:59:59Z
APP-0034018,REQ-2025-00163,accepted,2025-03-30,2025-04-03,,,,,2025-05-05,141500,USD,2025-04-03T08:15:21Z,2026-05-31T23:59:59Z
APP-0034020,REQ-2025-00164,accepted,2025-03-17,2025-03-19,,,,,2025-04-14,83000,USD,2025-03-19T09:20:40Z,2026-05-31T23:59:59Z
APP-0034026,REQ-2025-00178,offer_declined,2025-03-27,,2025-03-28,,,,2025-04-23,97500,USD,2025-03-28T15:18:53Z,2026-05-31T23:59:59Z
APP-0034030,REQ-2025-00183,offer_declined,2025-03-24,,2025-03-27,,,,2025-04-21,83500,USD,2025-03-27T17:19:37Z,2026-05-31T23:59:59Z
APP-0034045,REQ-2024-00001,offer_declined,2025-04-04,,2025-04-15,,,,2025-05-02,121000,USD,2025-04-15T19:30:41Z,2026-05-31T23:59:59Z
APP-0034102,REQ-2025-00143,accepted,2025-03-17,2025-03-22,,,,,2025-04-14,58500,USD,2025-03-22T11:22:25Z,2026-05-31T23:59:59Z
APP-0034126,REQ-2025-00178,offer_withdrawn,2025-03-25,,,2025-04-03,,,2025-04-22,96000,USD,2025-04-03T16:03:54Z,2026-05-31T23:59:59Z
APP-0034143,REQ-2025-00194,accepted,2025-03-27,2025-03-30,,,,,2025-04-21,54500,USD,2025-03-30T10:39:31Z,2026-05-31T23:59:59Z
APP-0034160,REQ-2024-01223,offer_declined,2025-04-03,,2025-04-09,,,,2025-05-01,126500,USD,2025-04-09T15:16:43Z,2026-05-31T23:59:59Z
APP-0034181,REQ-2025-00131,accepted,2025-03-23,2025-03-25,,,,,2025-05-05,78000,USD,2025-03-30T15:51:31Z,2026-05-31T23:59:59Z
APP-0034200,REQ-2025-00154,accepted,2025-03-18,2025-03-21,,,,,2025-05-05,84000,USD,2025-03-27T08:39:32Z,2026-05-31T23:59:59Z
APP-0034202,REQ-2025-00159,accepted,2025-03-25,2025-04-05,,,,,2025-05-19,168500,USD,2025-04-05T12:18:48Z,2026-05-31T23:59:59Z
APP-0034219,REQ-2025-00183,offer_rescinded,2025-03-22,2025-03-26,,,2025-04-11,,2025-04-21,81000,USD,2025-04-11T19:50:57Z,2026-05-31T23:59:59Z
APP-0034220,REQ-2025-00183,offer_rescinded,2025-03-19,2025-03-21,,,2025-04-11,,2025-04-21,75000,USD,2025-04-11T15:37:42Z,2026-05-31T23:59:59Z
APP-0034224,REQ-2025-00187,offer_rescinded,2025-03-23,2025-03-25,,,2025-04-16,,2025-04-28,125000,USD,2025-04-16T19:05:03Z,2026-05-31T23:59:59Z
APP-0034250,REQ-2024-01129,offer_withdrawn,2025-04-01,,,2025-04-04,,,2025-04-29,84500,USD,2025-04-04T08:35:13Z,2026-05-31T23:59:59Z
APP-0034319,REQ-2025-00207,accepted,2025-03-20,2025-03-22,,,,,2025-04-28,67000,USD,2025-03-22T08:37:42Z,2026-05-31T23:59:59Z
APP-0034322,REQ-2024-00287,accepted,2025-04-16,2025-04-20,,,,,2025-06-02,102800,USD,2025-04-26T10:57:33Z,2026-05-31T23:59:59Z
APP-0034385,REQ-2025-00156,accepted,2025-03-31,2025-04-01,,,,,2025-05-19,153500,USD,2025-04-01T19:51:16Z,2026-05-31T23:59:59Z
APP-0034396,REQ-2025-00174,accepted,2025-04-14,2025-04-23,,,,,2025-06-02,97500,USD,2025-04-23T13:30:55Z,2026-05-31T23:59:59Z
APP-0034400,REQ-2025-00178,accepted,2025-03-31,2025-04-01,,,,,2025-05-12,97500,USD,2025-04-01T10:54:46Z,2026-05-31T23:59:59Z
APP-0034405,REQ-2025-00183,offer_declined,2025-03-26,,2025-03-28,,,,2025-04-23,82500,USD,2025-03-28T11:43:53Z,2026-05-31T23:59:59Z
APP-0034409,REQ-2025-00184,accepted,2025-03-27,2025-04-06,,,,,2025-05-12,82000,USD,2025-04-06T17:51:14Z,2026-05-31T23:59:59Z
APP-0034478,REQ-2025-00166,accepted,2025-03-30,2025-03-31,,,,,2025-05-05,87500,USD,2025-03-31T16:25:39Z,2026-05-31T23:59:59Z
APP-0034495,REQ-2025-00183,offer_rescinded,2025-03-20,2025-03-24,,,2025-04-11,,2025-04-21,80800,USD,2025-04-11T11:59:44Z,2026-05-31T23:59:59Z
APP-0034503,REQ-2025-00194,candidate_renege,2025-03-22,2025-03-24,,,,2025-04-04,2025-04-07,57000,USD,2025-04-04T15:54:35Z,2026-05-31T23:59:59Z
APP-0034511,REQ-2024-00214,accepted,2025-03-30,2025-04-02,,,,,2025-05-12,142500,USD,2025-04-02T12:39:50Z,2026-05-31T23:59:59Z
APP-0034514,REQ-2024-00807,accepted,2025-04-20,2025-04-24,,,,,2025-06-30,226500,USD,2025-04-24T14:45:45Z,2026-05-31T23:59:59Z
APP-0034521,REQ-2024-01019,offer_declined,2025-03-26,,2025-03-30,,,,2025-04-23,111000,USD,2025-03-30T08:49:25Z,2026-05-31T23:59:59Z
APP-0034530,REQ-2024-01190,accepted,2025-04-15,2025-04-16,,,,,2025-05-12,67500,USD,2025-04-16T14:05:54Z,2026-05-31T23:59:59Z
APP-0034535,REQ-2025-00044,accepted,2025-03-25,2025-03-27,,,,,2025-04-21,77500,USD,2025-03-27T13:10:37Z,2026-05-31T23:59:59Z
APP-0034542,REQ-2025-00115,offer_declined,2025-03-27,,2025-04-02,,,,2025-04-24,82000,USD,2025-04-02T15:58:33Z,2026-05-31T23:59:59Z
APP-0034566,REQ-2025-00176,accepted,2025-03-28,2025-04-03,,,,,2025-05-05,108000,USD,2025-04-03T12:40:18Z,2026-05-31T23:59:59Z
APP-0034570,REQ-2025-00178,accepted,2025-03-26,2025-03-28,,,,,2025-04-28,92000,USD,2025-03-28T19:02:30Z,2026-05-31T23:59:59Z
APP-0034576,REQ-2025-00183,offer_rescinded,2025-03-23,2025-03-27,,,2025-04-11,,2025-04-28,85000,USD,2025-04-11T10:13:07Z,2026-05-31T23:59:59Z
APP-0034621,REQ-2024-01201,accepted,2025-04-14,2025-04-17,,,,,2025-06-09,94000,USD,2025-05-02T12:42:52Z,2026-05-31T23:59:59Z
APP-0034626,REQ-2025-00022,accepted,2025-03-31,2025-04-02,,,,,2025-05-05,103000,USD,2025-04-02T12:39:11Z,2026-05-31T23:59:59Z
APP-0034630,REQ-2025-00071,accepted,2025-03-21,2025-03-24,,,,,2025-04-14,48500,USD,2025-04-03T09:40:43Z,2026-05-31T23:59:59Z
APP-0034633,REQ-2025-00095,accepted,2025-03-25,2025-03-27,,,,,2025-05-05,112500,USD,2025-03-27T19:42:25Z,2026-05-31T23:59:59Z
APP-0034668,REQ-2025-00178,offer_withdrawn,2025-03-29,,,2025-04-04,,,2025-04-26,88000,USD,2025-04-04T18:22:36Z,2026-05-31T23:59:59Z
APP-0034669,REQ-2025-00178,accepted,2025-03-29,2025-04-01,,,,,2025-05-05,93000,USD,2025-04-01T18:59:06Z,2026-05-31T23:59:59Z
APP-0034686,REQ-2025-00194,accepted,2025-03-20,2025-03-22,,,,,2025-04-07,55500,USD,2025-03-22T09:31:17Z,2026-05-31T23:59:59Z
APP-0034701,REQ-2025-00216,accepted,2025-04-01,2025-04-04,,,,,2025-05-12,94000,USD,2025-04-04T14:47:21Z,2026-05-31T23:59:59Z
APP-0034707,REQ-2024-00536,accepted,2025-04-21,2025-04-24,,,,,2025-05-19,76000,USD,2025-04-24T09:01:00Z,2026-05-31T23:59:59Z
APP-0034726,REQ-2025-00063,accepted,2025-03-31,2025-04-03,,,,,2025-05-12,109500,USD,2025-04-03T11:50:48Z,2026-05-31T23:59:59Z
APP-0034748,REQ-2025-00169,offer_declined,2025-04-30,,2025-05-03,,,,2025-05-28,68500,USD,2025-05-03T16:14:17Z,2026-05-31T23:59:59Z
APP-0034760,REQ-2025-00188,accepted,2025-04-03,2025-04-04,,,,,2025-04-21,64500,USD,2025-04-04T18:04:25Z,2026-05-31T23:59:59Z
APP-0034762,REQ-2025-00194,candidate_renege,2025-04-02,2025-04-06,,,,2025-04-11,2025-04-28,61000,USD,2025-04-11T08:16:05Z,2026-05-31T23:59:59Z
APP-0034767,REQ-2025-00201,accepted,2025-04-12,2025-04-13,,,,,2025-05-12,75000,USD,2025-04-13T12:41:46Z,2026-05-31T23:59:59Z
APP-0034800,REQ-2025-00059,accepted,2025-04-16,2025-04-26,,,,,2025-06-16,151500,USD,2025-04-30T11:25:06Z,2026-05-31T23:59:59Z
APP-0034810,REQ-2025-00124,accepted,2025-04-10,2025-04-12,,,,,2025-05-26,142500,USD,2025-04-12T15:43:15Z,2026-05-31T23:59:59Z
APP-0034818,REQ-2025-00150,accepted,2025-03-28,2025-03-29,,,,,2025-04-21,75000,USD,2025-03-29T12:36:49Z,2026-05-31T23:59:59Z
APP-0034839,REQ-2025-00180,accepted,2025-04-09,2025-04-10,,,,,2025-05-05,55000,USD,2025-04-10T13:41:09Z,2026-05-31T23:59:59Z
APP-0034854,REQ-2025-00194,accepted,2025-03-22,2025-03-26,,,,,2025-04-21,63500,USD,2025-03-26T11:54:54Z,2026-05-31T23:59:59Z
APP-0034863,REQ-2025-00207,accepted,2025-03-30,2025-04-02,,,,,2025-04-28,65000,USD,2025-04-02T16:34:54Z,2026-05-31T23:59:59Z
APP-0034871,REQ-2025-00217,accepted,2025-04-16,2025-04-17,,,,,2025-05-05,60000,USD,2025-04-17T12:10:43Z,2026-05-31T23:59:59Z
APP-0034874,REQ-2025-00218,accepted,2025-03-24,2025-03-29,,,,,2025-04-21,59500,USD,2025-03-29T14:55:08Z,2026-05-31T23:59:59Z
APP-0034875,REQ-2025-00219,offer_declined,2025-04-07,,2025-04-09,,,,2025-05-05,71000,USD,2025-04-09T17:14:02Z,2026-05-31T23:59:59Z
APP-0034902,REQ-2025-00029,accepted,2025-04-08,2025-04-09,,,,,2025-05-19,138000,USD,2025-04-09T15:23:53Z,2026-05-31T23:59:59Z
APP-0034905,REQ-2025-00082,candidate_renege,2025-04-06,2025-04-09,,,,2025-05-04,2025-05-19,98500,USD,2025-05-04T10:24:42Z,2026-05-31T23:59:59Z
APP-0034910,REQ-2025-00118,accepted,2025-03-27,2025-03-31,,,,,2025-05-26,99500,USD,2025-04-05T18:34:12Z,2026-05-31T23:59:59Z
APP-0034962,REQ-2025-00217,offer_declined,2025-03-30,,2025-04-02,,,,2025-04-27,59500,USD,2025-04-02T17:13:51Z,2026-05-31T23:59:59Z
APP-0034964,REQ-2025-00220,accepted,2025-04-13,2025-04-18,,,,,2025-05-05,59000,USD,2025-04-18T09:06:02Z,2026-05-31T23:59:59Z
APP-0034977,REQ-2024-01114,accepted,2025-04-01,2025-04-03,,,,,2025-06-16,172500,USD,2025-04-14T13:45:37Z,2026-05-31T23:59:59Z
APP-0034978,REQ-2024-01129,accepted,2025-03-31,2025-04-01,,,,,2025-04-28,81500,USD,2025-04-01T09:11:44Z,2026-05-31T23:59:59Z
APP-0035010,REQ-2025-00168,candidate_renege,2025-03-28,2025-03-30,,,,2025-04-01,2025-05-12,87500,USD,2025-04-01T11:55:58Z,2026-05-31T23:59:59Z
APP-0035012,REQ-2025-00170,offer_declined,2025-04-07,,2025-04-17,,,,2025-05-05,114500,USD,2025-04-17T15:15:46Z,2026-05-31T23:59:59Z
APP-0035032,REQ-2025-00191,accepted,2025-03-27,2025-03-29,,,,,2025-04-21,71500,USD,2025-03-29T12:43:12Z,2026-05-31T23:59:59Z
APP-0035050,REQ-2025-00216,offer_declined,2025-04-03,,2025-04-04,,,,2025-05-01,94000,USD,2025-04-04T12:23:38Z,2026-05-31T23:59:59Z
APP-0035052,REQ-2025-00216,offer_withdrawn,2025-03-30,,,2025-04-01,,,2025-04-27,91000,USD,2025-04-01T17:11:02Z,2026-05-31T23:59:59Z
APP-0035054,REQ-2025-00218,offer_declined,2025-03-27,,2025-03-29,,,,2025-04-24,62500,USD,2025-03-29T15:30:27Z,2026-05-31T23:59:59Z
APP-0035055,REQ-2025-00218,offer_declined,2025-03-25,,2025-03-31,,,,2025-04-22,61000,USD,2025-03-31T16:25:41Z,2026-05-31T23:59:59Z
APP-0035078,REQ-2024-01129,offer_withdrawn,2025-03-31,,,2025-04-02,,,2025-04-28,80000,USD,2025-04-02T18:23:54Z,2026-05-31T23:59:59Z
APP-0035087,REQ-2025-00063,offer_withdrawn,2025-04-01,,,2025-04-03,,,2025-04-28,117500,USD,2025-04-03T09:32:20Z,2026-05-31T23:59:59Z
APP-0035089,REQ-2025-00077,accepted,2025-03-25,2025-03-27,,,,,2025-04-14,58000,USD,2025-03-27T13:57:55Z,2026-05-31T23:59:59Z
APP-0035118,REQ-2025-00194,accepted,2025-04-06,2025-04-07,,,,,2025-05-12,59000,USD,2025-04-21T15:52:43Z,2026-05-31T23:59:59Z
APP-0035120,REQ-2025-00198,accepted,2025-04-09,2025-04-11,,,,,2025-05-26,67000,USD,2025-04-13T09:26:18Z,2026-05-31T23:59:59Z
APP-0035123,REQ-2025-00202,accepted,2025-04-05,2025-04-06,,,,,2025-04-28,58500,USD,2025-04-06T12:40:32Z,2026-05-31T23:59:59Z
APP-0035130,REQ-2025-00213,accepted,2025-04-14,2025-04-17,,,,,2025-05-19,107500,USD,2025-04-17T19:52:27Z,2026-05-31T23:59:59Z
APP-0035142,REQ-2025-00224,accepted,2025-04-05,2025-04-11,,,,,2025-05-05,58000,USD,2025-04-11T15:45:20Z,2026-05-31T23:59:59Z
APP-0035145,REQ-2025-00228,accepted,2025-04-01,2025-04-02,,,,,2025-05-19,161000,USD,2025-04-06T12:40:19Z,2026-05-31T23:59:59Z
APP-0035153,REQ-2025-00233,candidate_renege,2025-04-17,2025-04-18,,,,2025-04-21,2025-05-19,78500,USD,2025-04-21T12:19:19Z,2026-05-31T23:59:59Z
APP-0035160,REQ-2024-00683,offer_declined,2025-04-24,,2025-04-25,,,,2025-05-16,172500,USD,2025-04-25T10:02:38Z,2026-05-31T23:59:59Z
APP-0035190,REQ-2025-00166,accepted,2025-03-30,2025-04-06,,,,,2025-05-05,95000,USD,2025-04-06T10:23:45Z,2026-05-31T23:59:59Z
APP-0035198,REQ-2025-00183,offer_rescinded,2025-04-06,2025-04-08,,,2025-04-11,,2025-05-05,79000,USD,2025-04-11T19:19:31Z,2026-05-31T23:59:59Z
APP-0035205,REQ-2025-00192,offer_withdrawn,2025-04-10,,,2025-04-12,,,2025-05-08,82500,USD,2025-04-12T09:25:02Z,2026-05-31T23:59:59Z
APP-0035227,REQ-2025-00218,accepted,2025-03-31,2025-04-03,,,,,2025-04-21,60500,USD,2025-04-03T12:11:44Z,2026-05-31T23:59:59Z
APP-0035237,REQ-2025-00231,accepted,2025-03-26,2025-03-29,,,,,2025-04-21,48000,USD,2025-03-29T14:29:21Z,2026-05-31T23:59:59Z
APP-0035248,REQ-2024-00972,accepted,2025-04-14,2025-04-15,,,,,2025-05-05,74000,USD,2025-04-15T12:18:31Z,2026-05-31T23:59:59Z
APP-0035312,REQ-2025-00202,offer_withdrawn,2025-04-05,,,2025-04-08,,,2025-05-03,61000,USD,2025-04-08T16:14:51Z,2026-05-31T23:59:59Z
APP-0035314,REQ-2025-00204,accepted,2025-04-05,2025-04-07,,,,,2025-05-12,102000,USD,2025-04-17T15:23:58Z,2026-05-31T23:59:59Z
APP-0035329,REQ-2025-00227,accepted,2025-04-19,2025-04-22,,,,,2025-05-12,79000,USD,2025-04-22T15:06:24Z,2026-05-31T23:59:59Z
APP-0035330,REQ-2025-00230,offer_declined,2025-04-13,,2025-04-18,,,,2025-05-11,142500,USD,2025-04-18T12:56:53Z,2026-05-31T23:59:59Z
APP-0035332,REQ-2025-00235,accepted,2025-04-10,2025-04-17,,,,,2025-05-19,110000,USD,2025-04-26T11:46:01Z,2026-05-31T23:59:59Z
APP-0035340,REQ-2025-00244,accepted,2025-04-10,2025-04-13,,,,,2025-05-12,124500,USD,2025-04-13T11:19:46Z,2026-05-31T23:59:59Z
APP-0035346,REQ-2024-00729,accepted,2025-04-15,2025-04-20,,,,,2025-05-12,97000,USD,2025-04-20T11:21:11Z,2026-05-31T23:59:59Z
APP-0035366,REQ-2025-00137,accepted,2025-04-19,2025-04-28,,,,,2025-06-02,112000,USD,2025-04-28T09:51:33Z,2026-05-31T23:59:59Z
APP-0035374,REQ-2025-00168,accepted,2025-04-05,2025-04-08,,,,,2025-05-12,96500,USD,2025-04-08T14:54:00Z,2026-05-31T23:59:59Z
APP-0035400,REQ-2025-00207,offer_withdrawn,2025-04-03,,,2025-04-04,,,2025-04-29,62500,USD,2025-04-04T10:45:39Z,2026-05-31T23:59:59Z
APP-0035425,REQ-2025-00240,accepted,2025-03-30,2025-04-02,,,,,2025-04-28,66500,USD,2025-04-02T10:36:14Z,2026-05-31T23:59:59Z
APP-0035437,REQ-2024-01084,accepted,2025-04-19,2025-04-23,,,,,2025-05-19,93500,USD,2025-04-23T14:22:43Z,2026-05-31T23:59:59Z
APP-0035464,REQ-2025-00155,accepted,2025-04-01,2025-04-10,,,,,2025-05-05,59000,USD,2025-04-10T10:03:56Z,2026-05-31T23:59:59Z
APP-0035472,REQ-2025-00192,accepted,2025-04-09,2025-04-11,,,,,2025-05-19,88500,USD,2025-04-11T10:11:04Z,2026-05-31T23:59:59Z
APP-0035473,REQ-2025-00194,offer_withdrawn,2025-04-04,,,2025-04-07,,,2025-05-02,54000,USD,2025-04-07T14:02:22Z,2026-05-31T23:59:59Z
APP-0035475,REQ-2025-00195,offer_declined,2025-04-18,,2025-04-19,,,,2025-05-14,100500,USD,2025-04-19T09:41:47Z,2026-05-31T23:59:59Z
APP-0035482,REQ-2025-00212,offer_declined,2025-04-22,,2025-04-23,,,,2025-05-20,77000,USD,2025-04-23T16:55:19Z,2026-05-31T23:59:59Z
APP-0035497,REQ-2025-00231,candidate_renege,2025-04-03,2025-04-05,,,,2025-04-18,2025-04-21,48500,USD,2025-04-18T13:09:13Z,2026-05-31T23:59:59Z
APP-0035505,REQ-2025-00240,accepted,2025-03-29,2025-03-30,,,,,2025-04-28,68500,USD,2025-04-14T18:21:31Z,2026-05-31T23:59:59Z
APP-0035506,REQ-2025-00241,accepted,2025-04-30,2025-05-02,,,,,2025-06-02,151500,USD,2025-05-02T10:59:29Z,2026-05-31T23:59:59Z
APP-0035530,REQ-2024-01229,candidate_renege,2025-04-30,2025-05-01,,,,2025-06-08,2025-06-09,171500,USD,2025-06-08T16:45:27Z,2026-05-31T23:59:59Z
APP-0035553,REQ-2025-00174,accepted,2025-04-26,2025-04-29,,,,,2025-06-09,102000,USD,2025-04-29T19:52:59Z,2026-05-31T23:59:59Z
APP-0035557,REQ-2025-00183,offer_withdrawn,2025-04-09,,,2025-04-11,,,2025-05-07,74500,USD,2025-04-11T14:17:38Z,2026-05-31T23:59:59Z
APP-0035561,REQ-2025-00194,accepted,2025-04-01,2025-04-05,,,,,2025-04-21,62000,USD,2025-04-05T11:40:36Z,2026-05-31T23:59:59Z
APP-0035569,REQ-2025-00208,accepted,2025-04-20,2025-04-26,,,,,2025-05-26,124000,USD,2025-04-26T17:08:22Z,2026-05-31T23:59:59Z
APP-0035589,REQ-2025-00242,accepted,2025-04-04,2025-04-06,,,,,2025-05-05,65000,USD,2025-04-06T11:28:08Z,2026-05-31T23:59:59Z
APP-0035596,REQ-2025-00259,accepted,2025-04-10,2025-04-11,,,,,2025-05-05,68000,USD,2025-04-11T11:00:40Z,2026-05-31T23:59:59Z
APP-0035612,REQ-2024-01225,offer_declined,2025-04-13,,2025-04-14,,,,2025-05-11,119500,USD,2025-04-14T16:37:36Z,2026-05-31T23:59:59Z
APP-0035618,REQ-2025-00093,offer_rescinded,2025-04-09,2025-04-11,,,2025-04-26,,2025-05-05,74000,USD,2025-04-26T17:08:30Z,2026-05-31T23:59:59Z
APP-0035645,REQ-2025-00202,accepted,2025-03-30,2025-03-31,,,,,2025-04-28,65000,USD,2025-03-31T15:18:14Z,2026-05-31T23:59:59Z
APP-0035649,REQ-2025-00209,offer_declined,2025-04-08,,2025-04-13,,,,2025-05-05,123000,USD,2025-04-13T12:44:13Z,2026-05-31T23:59:59Z
APP-0035659,REQ-2025-00218,accepted,2025-04-04,2025-04-06,,,,,2025-05-12,54500,USD,2025-04-15T17:18:20Z,2026-05-31T23:59:59Z
APP-0035671,REQ-2025-00233,offer_withdrawn,2025-04-12,,,2025-04-18,,,2025-05-09,88500,USD,2025-04-18T12:57:16Z,2026-05-31T23:59:59Z
APP-0035672,REQ-2025-00233,accepted,2025-04-06,2025-04-08,,,,,2025-05-05,82500,USD,2025-04-08T08:37:42Z,2026-05-31T23:59:59Z
APP-0035686,REQ-2024-01151,offer_declined,2025-04-07,,2025-04-09,,,,2025-05-05,97500,USD,2025-04-09T16:49:04Z,2026-05-31T23:59:59Z
APP-0035704,REQ-2025-00107,accepted,2025-04-27,2025-05-02,,,,,2025-06-02,136000,USD,2025-05-02T17:09:39Z,2026-05-31T23:59:59Z
APP-0035722,REQ-2025-00194,offer_withdrawn,2025-04-05,,,2025-04-07,,,2025-05-03,63000,USD,2025-04-07T12:56:04Z,2026-05-31T23:59:59Z
APP-0035784,REQ-2025-00231,offer_withdrawn,2025-04-11,,,2025-04-12,,,2025-05-09,51500,USD,2025-04-12T08:36:43Z,2026-05-31T23:59:59Z
APP-0035795,REQ-2025-00240,accepted,2025-04-06,2025-04-09,,,,,2025-05-12,66000,USD,2025-04-19T10:44:28Z,2026-05-31T23:59:59Z
APP-0035812,REQ-2025-00259,accepted,2025-04-11,2025-04-14,,,,,2025-05-05,66000,USD,2025-04-14T17:25:46Z,2026-05-31T23:59:59Z
APP-0035820,REQ-2024-00071,offer_declined,2025-05-02,,2025-05-04,,,,2025-05-30,102000,USD,2025-05-04T08:27:33Z,2026-05-31T23:59:59Z
APP-0035822,REQ-2024-00253,accepted,2025-04-28,2025-05-06,,,,,2025-05-19,79000,USD,2025-05-06T08:02:33Z,2026-05-31T23:59:59Z
APP-0035827,REQ-2024-00713,accepted,2025-04-19,2025-04-25,,,,,2025-05-26,110500,USD,2025-04-25T12:59:02Z,2026-05-31T23:59:59Z
APP-0035831,REQ-2024-00951,accepted,2025-04-17,2025-04-19,,,,,2025-05-26,114000,USD,2025-04-19T08:57:06Z,2026-05-31T23:59:59Z
APP-0035842,REQ-2025-00093,offer_declined,2025-04-11,,2025-04-14,,,,2025-05-08,85500,USD,2025-04-14T09:23:43Z,2026-05-31T23:59:59Z
APP-0035908,REQ-2024-00808,accepted,2025-04-23,2025-04-26,,,,,2025-06-02,134000,USD,2025-04-26T15:57:38Z,2026-05-31T23:59:59Z
APP-0035911,REQ-2024-00954,offer_declined,2025-05-26,,2025-05-31,,,,2025-06-23,234500,USD,2025-05-31T16:00:23Z,2026-05-31T23:59:59Z
APP-0035936,REQ-2025-00204,accepted,2025-04-16,2025-04-19,,,,,2025-05-26,102000,USD,2025-04-19T16:52:06Z,2026-05-31T23:59:59Z
APP-0035951,REQ-2025-00242,accepted,2025-04-11,2025-04-15,,,,,2025-05-19,63000,USD,2025-04-15T15:33:39Z,2026-05-31T23:59:59Z
APP-0035958,REQ-2025-00254,accepted,2025-04-28,2025-05-02,,,,,2025-06-02,133500,USD,2025-05-02T14:21:43Z,2026-05-31T23:59:59Z
APP-0035966,REQ-2025-00264,accepted,2025-04-12,2025-04-15,,,,,2025-06-09,132500,USD,2025-04-26T13:17:39Z,2026-05-31T23:59:59Z
APP-0035968,REQ-2025-00265,accepted,2025-04-17,2025-04-20,,,,,2025-05-05,56500,USD,2025-04-20T09:52:52Z,2026-05-31T23:59:59Z
APP-0035990,REQ-2025-00023,offer_declined,2025-05-10,,2025-05-18,,,,2025-06-07,158500,USD,2025-05-18T13:11:37Z,2026-05-31T23:59:59Z
APP-0035998,REQ-2025-00155,accepted,2025-04-16,2025-04-20,,,,,2025-05-19,62000,USD,2025-04-20T11:08:43Z,2026-05-31T23:59:59Z
APP-0036020,REQ-2025-00217,offer_withdrawn,2025-04-21,,,2025-04-25,,,2025-05-19,60000,USD,2025-04-25T11:27:31Z,2026-05-31T23:59:59Z
APP-0036041,REQ-2025-00247,accepted,2025-04-19,2025-04-26,,,,,2025-06-09,109500,USD,2025-05-08T10:38:43Z,2026-05-31T23:59:59Z
APP-0036046,REQ-2025-00258,accepted,2025-04-06,2025-04-10,,,,,2025-05-05,59500,USD,2025-04-19T09:54:24Z,2026-05-31T23:59:59Z
APP-0036067,REQ-2024-00911,offer_declined,2025-04-11,,2025-04-13,,,,2025-05-09,76000,USD,2025-04-13T11:49:24Z,2026-05-31T23:59:59Z
APP-0036090,REQ-2025-00158,accepted,2025-05-08,2025-05-11,,,,,2025-05-26,61500,USD,2025-05-11T13:23:52Z,2026-05-31T23:59:59Z
APP-0036113,REQ-2025-00231,accepted,2025-04-07,2025-04-11,,,,,2025-04-28,53000,USD,2025-04-11T15:51:09Z,2026-05-31T23:59:59Z
APP-0036136,REQ-2025-00263,candidate_renege,2025-04-18,2025-04-20,,,,2025-04-22,2025-05-26,61000,USD,2025-04-22T16:47:28Z,2026-05-31T23:59:59Z
APP-0036139,REQ-2025-00266,accepted,2025-05-06,2025-05-07,,,,,2025-06-02,111000,USD,2025-05-07T17:03:45Z,2026-05-31T23:59:59Z
APP-0036159,REQ-2024-01206,accepted,2025-04-24,2025-05-03,,,,,2025-06-16,156000,USD,2025-05-03T11:23:35Z,2026-05-31T23:59:59Z
APP-0036202,REQ-2025-00253,accepted,2025-05-02,2025-05-05,,,,,2025-06-02,131800,USD,2025-05-20T10:16:03Z,2026-05-31T23:59:59Z
APP-0036206,REQ-2025-00261,accepted,2025-04-13,2025-04-17,,,,,2025-05-05,64000,USD,2025-04-17T17:40:10Z,2026-05-31T23:59:59Z
APP-0036236,REQ-2025-00170,accepted,2025-05-14,2025-05-17,,,,,2025-06-30,108500,USD,2025-05-27T16:41:29Z,2026-05-31T23:59:59Z
APP-0036290,REQ-2024-00717,accepted,2025-04-16,2025-04-19,,,,,2025-06-02,81500,USD,2025-04-24T11:24:54Z,2026-05-31T23:59:59Z
APP-0036319,REQ-2025-00198,accepted,2025-04-10,2025-04-12,,,,,2025-05-12,64500,USD,2025-04-12T08:15:25Z,2026-05-31T23:59:59Z
APP-0036348,REQ-2025-00258,offer_declined,2025-04-18,,2025-04-21,,,,2025-05-16,65500,USD,2025-04-21T15:49:34Z,2026-05-31T23:59:59Z
APP-0036361,REQ-2025-00277,accepted,2025-04-19,2025-04-22,,,,,2025-05-19,81500,USD,2025-04-22T18:52:24Z,2026-05-31T23:59:59Z
APP-0036376,REQ-2024-00698,accepted,2025-04-27,2025-05-08,,,,,2025-06-16,131500,USD,2025-05-08T09:22:18Z,2026-05-31T23:59:59Z
APP-0036381,REQ-2024-00986,offer_declined,2025-04-27,,2025-04-30,,,,2025-05-21,81500,USD,2025-04-30T17:54:46Z,2026-05-31T23:59:59Z
APP-0036392,REQ-2025-00131,accepted,2025-04-18,2025-04-20,,,,,2025-05-19,82000,USD,2025-05-02T17:58:53Z,2026-05-31T23:59:59Z
APP-0036394,REQ-2025-00148,accepted,2025-04-28,2025-05-02,,,,,2025-06-30,133000,USD,2025-05-02T19:15:52Z,2026-05-31T23:59:59Z
APP-0036408,REQ-2025-00209,offer_withdrawn,2025-05-02,,,2025-05-03,,,2025-05-30,112500,USD,2025-05-03T15:29:19Z,2026-05-31T23:59:59Z
APP-0036433,REQ-2025-00252,accepted,2025-04-29,2025-04-30,,,,,2025-05-26,63000,USD,2025-05-14T10:39:00Z,2026-05-31T23:59:59Z
APP-0036450,REQ-2025-00285,offer_withdrawn,2025-04-21,,,2025-05-04,,,2025-05-19,74000,USD,2025-05-04T13:28:24Z,2026-05-31T23:59:59Z
APP-0036500,REQ-2025-00209,accepted,2025-04-28,2025-05-02,,,,,2025-06-02,102500,USD,2025-05-07T15:24:58Z,2026-05-31T23:59:59Z
APP-0036503,REQ-2025-00214,accepted,2025-04-16,2025-04-18,,,,,2025-05-26,145500,USD,2025-04-18T10:09:52Z,2026-05-31T23:59:59Z
APP-0036520,REQ-2025-00251,accepted,2025-05-10,2025-05-13,,,,,2025-06-23,133000,USD,2025-05-13T15:33:28Z,2026-05-31T23:59:59Z
APP-0036540,REQ-2025-00285,accepted,2025-04-25,2025-04-30,,,,,2025-06-02,77500,USD,2025-04-30T17:08:30Z,2026-05-31T23:59:59Z
APP-0036591,REQ-2025-00217,accepted,2025-04-20,2025-04-21,,,,,2025-05-05,55500,USD,2025-04-21T12:16:21Z,2026-05-31T23:59:59Z
APP-0036599,REQ-2025-00234,offer_declined,2025-05-27,,2025-05-31,,,,2025-06-15,225000,USD,2025-05-31T16:31:35Z,2026-05-31T23:59:59Z
APP-0036604,REQ-2025-00240,offer_withdrawn,2025-04-23,,,2025-04-30,,,2025-05-21,64000,USD,2025-04-30T10:08:10Z,2026-05-31T23:59:59Z
APP-0036607,REQ-2025-00240,accepted,2025-04-17,2025-04-19,,,,,2025-05-19,63500,USD,2025-04-19T11:19:12Z,2026-05-31T23:59:59Z
APP-0036627,REQ-2025-00275,accepted,2025-04-13,2025-04-21,,,,,2025-05-19,58500,USD,2025-04-26T10:20:34Z,2026-05-31T23:59:59Z
APP-0036631,REQ-2025-00278,offer_withdrawn,2025-05-05,,,2025-05-08,,,2025-05-31,69500,USD,2025-05-08T10:00:38Z,2026-05-31T23:59:59Z
APP-0036636,REQ-2025-00286,offer_withdrawn,2025-05-03,,,2025-05-07,,,2025-05-30,111500,USD,2025-05-07T08:31:33Z,2026-05-31T23:59:59Z
APP-0036643,REQ-2025-00299,accepted,2025-04-24,2025-05-02,,,,,2025-06-09,86500,USD,2025-05-02T17:57:01Z,2026-05-31T23:59:59Z
APP-0036651,REQ-2025-00305,accepted,2025-04-28,2025-05-02,,,,,2025-06-09,90000,USD,2025-05-02T09:53:04Z,2026-05-31T23:59:59Z
APP-0036667,REQ-2024-01244,accepted,2025-04-17,2025-04-20,,,,,2025-06-02,111500,USD,2025-04-20T13:09:10Z,2026-05-31T23:59:59Z
APP-0036683,REQ-2025-00226,accepted,2025-04-21,2025-04-25,,,,,2025-06-02,106500,USD,2025-04-25T09:24:49Z,2026-05-31T23:59:59Z
APP-0036706,REQ-2025-00265,offer_declined,2025-04-11,,2025-04-13,,,,2025-05-09,54000,USD,2025-04-13T19:00:33Z,2026-05-31T23:59:59Z
APP-0036737,REQ-2025-00301,accepted,2025-04-17,2025-04-21,,,,,2025-06-02,114500,USD,2025-04-21T08:03:16Z,2026-05-31T23:59:59Z
APP-0036772,REQ-2025-00190,candidate_renege,2025-04-22,2025-04-24,,,,2025-05-16,2025-05-19,83000,USD,2025-05-16T19:21:51Z,2026-05-31T23:59:59Z
APP-0036793,REQ-2025-00258,accepted,2025-04-20,2025-04-22,,,,,2025-05-19,58500,USD,2025-04-22T16:49:27Z,2026-05-31T23:59:59Z
APP-0036806,REQ-2025-00276,accepted,2025-05-01,2025-05-11,,,,,2025-06-09,85000,USD,2025-05-25T11:42:36Z,2026-05-31T23:59:59Z
APP-0036809,REQ-2025-00283,accepted,2025-04-18,2025-04-21,,,,,2025-05-19,68500,USD,2025-04-28T09:16:45Z,2026-05-31T23:59:59Z
APP-0036820,REQ-2025-00299,accepted,2025-05-01,2025-05-03,,,,,2025-06-02,88500,USD,2025-05-09T16:07:55Z,2026-05-31T23:59:59Z
APP-0036824,REQ-2025-00302,accepted,2025-04-13,2025-04-18,,,,,2025-05-12,65000,USD,2025-04-30T14:48:34Z,2026-05-31T23:59:59Z
APP-0036840,REQ-2024-00911,accepted,2025-04-19,2025-04-24,,,,,2025-05-19,85500,USD,2025-04-24T11:57:17Z,2026-05-31T23:59:59Z
APP-0036853,REQ-2025-00147,offer_declined,2025-05-22,,2025-05-26,,,,2025-06-19,106500,USD,2025-05-26T16:42:14Z,2026-05-31T23:59:59Z
APP-0036868,REQ-2025-00234,accepted,2025-05-21,2025-05-26,,,,,2025-08-04,206000,USD,2025-05-26T09:41:01Z,2026-05-31T23:59:59Z
APP-0036870,REQ-2025-00240,offer_withdrawn,2025-04-20,,,2025-04-27,,,2025-05-18,60000,USD,2025-04-27T16:53:50Z,2026-05-31T23:59:59Z
APP-0036884,REQ-2025-00278,accepted,2025-04-28,2025-05-04,,,,,2025-05-26,60500,USD,2025-05-04T13:09:28Z,2026-05-31T23:59:59Z
APP-0036910,REQ-2025-00317,accepted,2025-04-17,2025-04-21,,,,,2025-06-02,83500,USD,2025-04-21T14:02:23Z,2026-05-31T23:59:59Z
APP-0036927,REQ-2025-00009,accepted,2025-04-30,2025-05-03,,,,,2025-05-26,86000,USD,2025-05-03T11:44:15Z,2026-05-31T23:59:59Z
APP-0036937,REQ-2025-00165,accepted,2025-04-19,2025-04-24,,,,,2025-06-09,95000,USD,2025-05-03T16:37:34Z,2026-05-31T23:59:59Z
APP-0036945,REQ-2025-00230,accepted,2025-04-28,2025-04-29,,,,,2025-06-02,131500,USD,2025-04-29T19:07:17Z,2026-05-31T23:59:59Z
APP-0036960,REQ-2025-00265,accepted,2025-04-22,2025-04-24,,,,,2025-05-19,56000,USD,2025-04-24T11:46:48Z,2026-05-31T23:59:59Z
APP-0037018,REQ-2025-00050,accepted,2025-04-19,2025-04-20,,,,,2025-05-26,100500,USD,2025-04-20T10:38:47Z,2026-05-31T23:59:59Z
APP-0037030,REQ-2025-00196,offer_declined,2025-05-17,,2025-05-19,,,,2025-06-14,121000,USD,2025-05-19T15:47:19Z,2026-05-31T23:59:59Z
APP-0037036,REQ-2025-00237,offer_declined,2025-04-27,,2025-04-28,,,,2025-05-25,65000,USD,2025-04-28T10:58:58Z,2026-05-31T23:59:59Z
APP-0037076,REQ-2025-00309,offer_declined,2025-04-27,,2025-04-28,,,,2025-05-18,80500,USD,2025-04-28T19:50:14Z,2026-05-31T23:59:59Z
APP-0037080,REQ-2025-00317,candidate_renege,2025-04-29,2025-05-03,,,,2025-06-19,2025-06-19,82500,USD,2025-06-19T09:29:48Z,2026-05-31T23:59:59Z
APP-0037109,REQ-2025-00237,accepted,2025-05-07,2025-05-09,,,,,2025-06-09,66500,USD,2025-05-09T10:39:19Z,2026-05-31T23:59:59Z
APP-0037111,REQ-2025-00240,accepted,2025-04-24,2025-04-26,,,,,2025-06-09,66000,USD,2025-05-07T14:32:04Z,2026-05-31T23:59:59Z
APP-0037149,REQ-2025-00308,offer_declined,2025-05-24,,2025-05-26,,,,2025-06-21,105500,USD,2025-05-26T18:23:15Z,2026-05-31T23:59:59Z
APP-0037160,REQ-2025-00333,accepted,2025-04-28,2025-04-30,,,,,2025-05-26,50500,USD,2025-04-30T19:07:33Z,2026-05-31T23:59:59Z
APP-0037161,REQ-2025-00333,accepted,2025-04-20,2025-04-22,,,,,2025-05-12,50000,USD,2025-04-22T16:49:39Z,2026-05-31T23:59:59Z
APP-0037169,REQ-2024-00515,offer_declined,2025-04-28,,2025-05-01,,,,2025-05-26,71500,USD,2025-05-01T14:11:29Z,2026-05-31T23:59:59Z
APP-0037185,REQ-2025-00169,accepted,2025-04-30,2025-05-03,,,,,2025-05-26,65000,USD,2025-05-03T09:25:08Z,2026-05-31T23:59:59Z
APP-0037227,REQ-2025-00299,accepted,2025-04-24,2025-04-26,,,,,2025-06-02,94500,USD,2025-04-26T09:21:15Z,2026-05-31T23:59:59Z
APP-0037240,REQ-2025-00311,accepted,2025-05-07,2025-05-08,,,,,2025-06-16,143500,USD,2025-05-19T09:23:58Z,2026-05-31T23:59:59Z
APP-0037253,REQ-2025-00333,accepted,2025-04-27,2025-04-30,,,,,2025-05-19,49000,USD,2025-04-30T11:09:09Z,2026-05-31T23:59:59Z
APP-0037260,REQ-2024-00529,accepted,2025-05-04,2025-05-07,,,,,2025-06-16,123500,USD,2025-05-07T14:41:48Z,2026-05-31T23:59:59Z
APP-0037261,REQ-2024-00710,offer_declined,2025-05-06,,2025-05-11,,,,2025-06-03,121500,USD,2025-05-11T13:02:50Z,2026-05-31T23:59:59Z
APP-0037284,REQ-2025-00135,offer_declined,2025-05-24,,2025-06-03,,,,2025-06-21,95000,USD,2025-06-03T18:11:07Z,2026-05-31T23:59:59Z
APP-0037345,REQ-2025-00321,accepted,2025-06-19,2025-06-21,,,,,2025-08-18,143000,USD,2025-06-24T13:37:26Z,2026-05-31T23:59:59Z
APP-0037350,REQ-2025-00333,accepted,2025-05-01,2025-05-02,,,,,2025-05-26,52000,USD,2025-05-02T11:13:28Z,2026-05-31T23:59:59Z
APP-0037359,REQ-2024-00564,accepted,2025-05-20,2025-05-22,,,,,2025-06-30,136000,USD,2025-05-22T10:07:56Z,2026-05-31T23:59:59Z
APP-0037419,REQ-2025-00302,accepted,2025-04-23,2025-04-26,,,,,2025-06-23,62000,USD,2025-05-07T16:39:25Z,2026-05-31T23:59:59Z
APP-0037435,REQ-2025-00317,offer_withdrawn,2025-05-02,,,2025-05-05,,,2025-05-27,94500,USD,2025-05-05T11:31:32Z,2026-05-31T23:59:59Z
APP-0037447,REQ-2025-00334,accepted,2025-05-07,2025-05-10,,,,,2025-06-16,103500,USD,2025-05-10T08:36:15Z,2026-05-31T23:59:59Z
APP-0037459,REQ-2024-00975,accepted,2025-05-25,2025-05-27,,,,,2025-07-21,101000,USD,2025-06-11T16:00:57Z,2026-05-31T23:59:59Z
APP-0037461,REQ-2024-01146,accepted,2025-05-16,2025-05-21,,,,,2025-06-23,136500,USD,2025-05-21T12:22:32Z,2026-05-31T23:59:59Z
APP-0037483,REQ-2025-00255,accepted,2025-05-07,2025-05-10,,,,,2025-06-09,75900,USD,2025-05-19T16:56:10Z,2026-05-31T23:59:59Z
APP-0037501,REQ-2025-00284,accepted,2025-04-29,2025-05-01,,,,,2025-05-19,60500,USD,2025-05-01T12:21:13Z,2026-05-31T23:59:59Z
APP-0037512,REQ-2025-00308,accepted,2025-05-17,2025-05-24,,,,,2025-06-16,102000,USD,2025-05-24T12:26:42Z,2026-05-31T23:59:59Z
APP-0037526,REQ-2025-00333,offer_declined,2025-05-04,,2025-05-05,,,,2025-06-01,57000,USD,2025-05-05T11:52:56Z,2026-05-31T23:59:59Z
APP-0037534,REQ-2025-00338,offer_declined,2025-05-14,,2025-05-16,,,,2025-06-11,143000,USD,2025-05-16T13:15:33Z,2026-05-31T23:59:59Z
APP-0037543,REQ-2024-00529,offer_withdrawn,2025-05-07,,,2025-05-10,,,2025-06-02,148500,USD,2025-05-10T09:41:37Z,2026-05-31T23:59:59Z
APP-0037546,REQ-2024-01006,accepted,2025-06-06,2025-06-13,,,,,2025-07-21,128000,USD,2025-06-13T08:42:06Z,2026-05-31T23:59:59Z
APP-0037555,REQ-2025-00117,accepted,2025-05-02,2025-05-18,,,,,2025-06-30,95000,USD,2025-05-18T11:22:13Z,2026-05-31T23:59:59Z
APP-0037556,REQ-2025-00145,accepted,2025-05-21,2025-05-28,,,,,2025-06-09,53000,USD,2025-05-28T19:34:55Z,2026-05-31T23:59:59Z
APP-0037570,REQ-2025-00253,offer_withdrawn,2025-05-06,,,2025-05-07,,,2025-06-02,143500,USD,2025-05-07T19:44:40Z,2026-05-31T23:59:59Z
APP-0037588,REQ-2025-00302,accepted,2025-04-20,2025-04-23,,,,,2025-05-19,64500,USD,2025-04-23T08:49:25Z,2026-05-31T23:59:59Z
APP-0037589,REQ-2025-00303,accepted,2025-04-30,2025-05-03,,,,,2025-06-02,69000,USD,2025-05-03T12:11:47Z,2026-05-31T23:59:59Z
APP-0037598,REQ-2025-00320,accepted,2025-04-27,2025-04-30,,,,,2025-05-26,50500,USD,2025-04-30T14:29:40Z,2026-05-31T23:59:59Z
APP-0037616,REQ-2025-00342,accepted,2025-05-13,2025-05-15,,,,,2025-06-16,80500,USD,2025-05-15T15:10:58Z,2026-05-31T23:59:59Z
APP-0037617,REQ-2025-00343,offer_declined,2025-05-02,,2025-05-06,,,,2025-05-30,109500,USD,2025-05-06T09:09:40Z,2026-05-31T23:59:59Z
APP-0037629,REQ-2024-01055,offer_declined,2025-04-26,,2025-04-29,,,,2025-05-24,89500,USD,2025-04-29T15:40:00Z,2026-05-31T23:59:59Z
APP-0037641,REQ-2025-00115,accepted,2025-05-06,2025-05-08,,,,,2025-06-09,83000,USD,2025-05-10T12:15:32Z,2026-05-31T23:59:59Z
APP-0037672,REQ-2025-00302,accepted,2025-05-06,2025-05-08,,,,,2025-06-02,59000,USD,2025-05-08T15:28:29Z,2026-05-31T23:59:59Z
APP-0037688,REQ-2025-00329,candidate_renege,2025-05-09,2025-05-15,,,,2025-06-19,2025-06-23,97000,USD,2025-06-19T13:44:44Z,2026-05-31T23:59:59Z
APP-0037696,REQ-2025-00333,accepted,2025-04-30,2025-05-01,,,,,2025-05-26,52500,USD,2025-05-01T15:43:06Z,2026-05-31T23:59:59Z
APP-0037706,REQ-2025-00345,accepted,2025-04-29,2025-05-03,,,,,2025-06-09,103500,USD,2025-05-03T10:43:00Z,2026-05-31T23:59:59Z
APP-0037723,REQ-2024-01241,candidate_renege,2025-05-11,2025-05-19,,,,2025-05-21,2025-06-30,131500,USD,2025-05-21T09:19:53Z,2026-05-31T23:59:59Z
APP-0037727,REQ-2025-00131,offer_declined,2025-04-24,,2025-04-25,,,,2025-05-22,85000,USD,2025-04-25T17:23:44Z,2026-05-31T23:59:59Z
APP-0037729,REQ-2025-00157,accepted,2025-04-30,2025-05-02,,,,,2025-06-02,73000,USD,2025-05-02T09:13:11Z,2026-05-31T23:59:59Z
APP-0037747,REQ-2025-00283,accepted,2025-05-13,2025-05-16,,,,,2025-06-09,66000,USD,2025-05-16T15:23:18Z,2026-05-31T23:59:59Z
APP-0037774,REQ-2025-00328,offer_declined,2025-05-02,,2025-05-04,,,,2025-05-30,60500,USD,2025-05-04T12:22:55Z,2026-05-31T23:59:59Z
APP-0037784,REQ-2025-00343,offer_rescinded,2025-05-13,2025-05-15,,,2025-05-29,,2025-06-16,103000,USD,2025-05-29T09:22:24Z,2026-05-31T23:59:59Z
APP-0037795,REQ-2025-00355,accepted,2025-05-09,2025-05-15,,,,,2025-06-16,80500,USD,2025-05-15T09:17:59Z,2026-05-31T23:59:59Z
APP-0037798,REQ-2024-00254,accepted,2025-04-30,2025-05-04,,,,,2025-05-19,61000,USD,2025-05-04T14:39:54Z,2026-05-31T23:59:59Z
APP-0037818,REQ-2025-00205,offer_declined,2025-05-13,,2025-05-17,,,,2025-06-10,101000,USD,2025-05-17T15:13:19Z,2026-05-31T23:59:59Z
APP-0037834,REQ-2025-00286,offer_withdrawn,2025-05-06,,,2025-05-07,,,2025-06-02,117500,USD,2025-05-07T16:31:34Z,2026-05-31T23:59:59Z
APP-0037835,REQ-2025-00286,accepted,2025-05-04,2025-05-06,,,,,2025-06-16,115000,USD,2025-05-06T17:21:52Z,2026-05-31T23:59:59Z
APP-0037846,REQ-2025-00302,accepted,2025-05-04,2025-05-06,,,,,2025-06-09,65500,USD,2025-05-06T13:42:37Z,2026-05-31T23:59:59Z
APP-0037849,REQ-2025-00306,offer_declined,2025-05-02,,2025-05-04,,,,2025-05-30,56500,USD,2025-05-04T12:44:12Z,2026-05-31T23:59:59Z
APP-0037853,REQ-2025-00309,offer_declined,2025-05-09,,2025-05-13,,,,2025-06-06,75000,USD,2025-05-13T16:32:03Z,2026-05-31T23:59:59Z
APP-0037854,REQ-2025-00309,accepted,2025-05-10,2025-05-12,,,,,2025-06-16,69000,USD,2025-05-12T17:32:16Z,2026-05-31T23:59:59Z
APP-0037876,REQ-2025-00346,accepted,2025-05-12,2025-05-16,,,,,2025-06-02,63500,USD,2025-05-16T11:31:26Z,2026-05-31T23:59:59Z
APP-0037884,REQ-2025-00356,offer_declined,2025-05-04,,2025-05-06,,,,2025-06-01,103000,USD,2025-05-06T15:09:33Z,2026-05-31T23:59:59Z
APP-0037891,REQ-2025-00365,accepted,2025-05-05,2025-05-09,,,,,2025-06-09,97000,USD,2025-05-09T10:32:03Z,2026-05-31T23:59:59Z
APP-0037902,REQ-2025-00014,accepted,2025-05-27,2025-05-31,,,,,2025-07-07,176500,USD,2025-06-12T11:28:39Z,2026-05-31T23:59:59Z
APP-0037926,REQ-2025-00286,offer_withdrawn,2025-04-30,,,2025-05-07,,,2025-05-28,107000,USD,2025-05-07T08:57:32Z,2026-05-31T23:59:59Z
APP-0037927,REQ-2025-00287,accepted,2025-05-09,2025-05-16,,,,,2025-06-30,100000,USD,2025-05-16T11:30:50Z,2026-05-31T23:59:59Z
APP-0037929,REQ-2025-00292,accepted,2025-05-02,2025-05-04,,,,,2025-06-16,108500,USD,2025-05-18T14:57:49Z,2026-05-31T23:59:59Z
APP-0037936,REQ-2025-00306,accepted,2025-05-01,2025-05-06,,,,,2025-05-26,54000,USD,2025-05-06T16:42:37Z,2026-05-31T23:59:59Z
APP-0037954,REQ-2025-00329,offer_declined,2025-05-02,,2025-05-04,,,,2025-05-29,95000,USD,2025-05-04T16:14:15Z,2026-05-31T23:59:59Z
APP-0037995,REQ-2024-01151,offer_declined,2025-05-07,,2025-05-11,,,,2025-06-04,99500,USD,2025-05-11T10:45:33Z,2026-05-31T23:59:59Z
APP-0038039,REQ-2025-00315,accepted,2025-05-25,2025-05-30,,,,,2025-06-23,98000,USD,2025-05-30T09:40:05Z,2026-05-31T23:59:59Z
APP-0038045,REQ-2025-00320,offer_withdrawn,2025-04-28,,,2025-04-30,,,2025-05-26,43000,USD,2025-04-30T13:36:25Z,2026-05-31T23:59:59Z
APP-0038072,REQ-2025-00364,candidate_renege,2025-05-03,2025-05-07,,,,2025-06-11,2025-06-16,110500,USD,2025-06-11T12:15:53Z,2026-05-31T23:59:59Z
APP-0038080,REQ-2025-00373,accepted,2025-05-08,2025-05-14,,,,,2025-06-16,89500,USD,2025-05-18T17:53:30Z,2026-05-31T23:59:59Z
APP-0038085,REQ-2024-00855,accepted,2025-05-17,2025-05-20,,,,,2025-06-30,134500,USD,2025-05-20T09:15:01Z,2026-05-31T23:59:59Z
APP-0038127,REQ-2025-00329,accepted,2025-05-11,2025-05-12,,,,,2025-06-23,103100,USD,2025-05-25T16:59:48Z,2026-05-31T23:59:59Z
APP-0038133,REQ-2025-00335,accepted,2025-05-09,2025-05-11,,,,,2025-06-09,85500,USD,2025-05-11T13:57:48Z,2026-05-31T23:59:59Z
APP-0038144,REQ-2025-00345,accepted,2025-05-15,2025-05-19,,,,,2025-06-30,103500,USD,2025-05-19T11:09:44Z,2026-05-31T23:59:59Z
APP-0038148,REQ-2025-00359,accepted,2025-05-16,2025-05-18,,,,,2025-07-14,82000,USD,2025-05-25T11:41:07Z,2026-05-31T23:59:59Z
APP-0038157,REQ-2025-00367,accepted,2025-05-21,2025-05-25,,,,,2025-06-23,101000,USD,2025-05-25T11:15:15Z,2026-05-31T23:59:59Z
APP-0038168,REQ-2024-00895,offer_declined,2025-05-17,,2025-05-19,,,,2025-06-14,133000,USD,2025-05-19T10:31:45Z,2026-05-31T23:59:59Z
APP-0038179,REQ-2025-00128,accepted,2025-05-08,2025-05-09,,,,,2025-06-09,105500,USD,2025-05-09T08:34:14Z,2026-05-31T23:59:59Z
APP-0038261,REQ-2025-00363,accepted,2025-06-09,2025-06-15,,,,,2025-07-28,137500,USD,2025-06-15T15:13:48Z,2026-05-31T23:59:59Z
APP-0038268,REQ-2025-00368,accepted,2025-05-01,2025-05-05,,,,,2025-05-26,51000,USD,2025-05-05T17:22:16Z,2026-05-31T23:59:59Z
APP-0038283,REQ-2024-01174,accepted,2025-05-14,2025-05-16,,,,,2025-06-16,95000,USD,2025-05-16T12:41:50Z,2026-05-31T23:59:59Z
APP-0038316,REQ-2025-00308,accepted,2025-05-29,2025-06-03,,,,,2025-07-21,90500,USD,2025-06-15T18:17:35Z,2026-05-31T23:59:59Z
APP-0038325,REQ-2025-00329,accepted,2025-05-13,2025-05-15,,,,,2025-06-23,99000,USD,2025-05-15T10:02:46Z,2026-05-31T23:59:59Z
APP-0038326,REQ-2025-00331,offer_rescinded,2025-05-19,2025-05-23,,,2025-05-25,,2025-06-16,104600,USD,2025-05-25T17:56:12Z,2026-05-31T23:59:59Z
APP-0038333,REQ-2025-00335,accepted,2025-05-17,2025-05-19,,,,,2025-06-23,91500,USD,2025-05-19T14:54:42Z,2026-05-31T23:59:59Z
APP-0038349,REQ-2025-00356,accepted,2025-05-19,2025-05-22,,,,,2025-06-23,115500,USD,2025-05-22T14:27:55Z,2026-05-31T23:59:59Z
APP-0038350,REQ-2025-00356,accepted,2025-05-27,2025-05-29,,,,,2025-06-30,93000,USD,2025-05-29T11:43:10Z,2026-05-31T23:59:59Z
APP-0038381,REQ-2025-00005,accepted,2025-05-11,2025-05-14,,,,,2025-06-09,69500,USD,2025-05-14T18:51:01Z,2026-05-31T23:59:59Z
APP-0038383,REQ-2025-00047,accepted,2025-05-18,2025-05-20,,,,,2025-06-16,98000,USD,2025-05-20T10:49:29Z,2026-05-31T23:59:59Z
APP-0038402,REQ-2025-00293,accepted,2025-05-13,2025-05-16,,,,,2025-06-09,59500,USD,2025-05-16T18:11:46Z,2026-05-31T23:59:59Z
APP-0038442,REQ-2025-00382,accepted,2025-05-13,2025-05-16,,,,,2025-06-23,125000,USD,2025-05-31T11:32:54Z,2026-05-31T23:59:59Z
APP-0038443,REQ-2025-00386,accepted,2025-05-28,2025-06-02,,,,,2025-06-30,86700,USD,2025-06-13T13:37:52Z,2026-05-31T23:59:59Z
APP-0038446,REQ-2025-00390,accepted,2025-05-03,2025-05-05,,,,,2025-06-09,119500,USD,2025-05-05T16:25:35Z,2026-05-31T23:59:59Z
APP-0038448,REQ-2025-00393,accepted,2025-05-06,2025-05-09,,,,,2025-06-09,98500,USD,2025-05-09T14:31:20Z,2026-05-31T23:59:59Z
APP-0038453,REQ-2024-01002,accepted,2025-05-17,2025-05-21,,,,,2025-06-09,78000,USD,2025-05-21T13:58:09Z,2026-05-31T23:59:59Z
APP-0038480,REQ-2025-00306,offer_withdrawn,2025-05-26,,,2025-05-30,,,2025-06-23,50000,USD,2025-05-30T14:55:02Z,2026-05-31T23:59:59Z
APP-0038481,REQ-2025-00311,offer_declined,2025-05-04,,2025-05-07,,,,2025-06-01,127500,USD,2025-05-07T19:48:32Z,2026-05-31T23:59:59Z
APP-0038501,REQ-2025-00342,offer_declined,2025-05-08,,2025-05-10,,,,2025-06-03,87500,USD,2025-05-10T14:37:35Z,2026-05-31T23:59:59Z
APP-0038515,REQ-2025-00359,accepted,2025-05-19,2025-05-21,,,,,2025-06-16,71000,USD,2025-05-21T09:03:51Z,2026-05-31T23:59:59Z
APP-0038527,REQ-2025-00379,accepted,2025-06-01,2025-06-03,,,,,2025-07-28,153500,USD,2025-06-03T12:16:24Z,2026-05-31T23:59:59Z
APP-0038551,REQ-2025-00094,offer_declined,2025-05-31,,2025-06-04,,,,2025-06-28,71500,USD,2025-06-04T12:13:30Z,2026-05-31T23:59:59Z
APP-0038587,REQ-2025-00349,accepted,2025-05-24,2025-05-27,,,,,2025-06-16,76000,USD,2025-05-27T09:38:26Z,2026-05-31T23:59:59Z
APP-0038608,REQ-2025-00370,accepted,2025-05-15,2025-05-18,,,,,2025-06-23,114500,USD,2025-05-18T17:50:10Z,2026-05-31T23:59:59Z
APP-0038628,REQ-2024-00762,accepted,2025-05-09,2025-05-18,,,,,2025-06-16,112500,USD,2025-05-18T08:04:32Z,2026-05-31T23:59:59Z
APP-0038645,REQ-2025-00105,accepted,2025-05-21,2025-05-22,,,,,2025-06-23,97000,USD,2025-05-29T16:42:19Z,2026-05-31T23:59:59Z
APP-0038719,REQ-2025-00393,offer_declined,2025-05-14,,2025-05-16,,,,2025-06-11,100500,USD,2025-05-16T11:56:34Z,2026-05-31T23:59:59Z
APP-0038757,REQ-2025-00341,accepted,2025-05-21,2025-05-25,,,,,2025-07-14,111500,USD,2025-06-05T19:54:25Z,2026-05-31T23:59:59Z
APP-0038762,REQ-2025-00353,offer_declined,2025-05-16,,2025-05-18,,,,2025-06-13,97500,USD,2025-05-18T08:59:41Z,2026-05-31T23:59:59Z
APP-0038771,REQ-2025-00368,offer_withdrawn,2025-05-03,,,2025-05-06,,,2025-05-31,46000,USD,2025-05-06T12:37:26Z,2026-05-31T23:59:59Z
APP-0038788,REQ-2025-00393,accepted,2025-05-20,2025-05-23,,,,,2025-06-23,91000,USD,2025-05-23T11:15:57Z,2026-05-31T23:59:59Z
APP-0038791,REQ-2025-00396,accepted,2025-05-29,2025-05-31,,,,,2025-07-07,132500,USD,2025-05-31T12:54:32Z,2026-05-31T23:59:59Z
APP-0038793,REQ-2025-00399,accepted,2025-05-13,2025-05-16,,,,,2025-06-09,78500,USD,2025-05-16T09:36:36Z,2026-05-31T23:59:59Z
APP-0038826,REQ-2025-00308,offer_declined,2025-06-11,,2025-06-12,,,,2025-07-05,109500,USD,2025-06-12T12:20:45Z,2026-05-31T23:59:59Z
APP-0038842,REQ-2025-00345,accepted,2025-05-19,2025-05-25,,,,,2025-06-30,94500,USD,2025-05-25T15:19:30Z,2026-05-31T23:59:59Z
APP-0038858,REQ-2025-00370,offer_withdrawn,2025-05-19,,,2025-05-19,,,2025-06-16,105500,USD,2025-05-19T16:01:33Z,2026-05-31T23:59:59Z
APP-0038908,REQ-2025-00100,accepted,2025-05-17,2025-05-30,,,,,2025-07-28,189000,USD,2025-05-30T17:31:27Z,2026-05-31T23:59:59Z
APP-0038960,REQ-2025-00370,accepted,2025-05-13,2025-05-19,,,,,2025-06-30,105500,USD,2025-05-19T18:35:07Z,2026-05-31T23:59:59Z
APP-0038961,REQ-2025-00370,accepted,2025-05-12,2025-05-18,,,,,2025-06-23,99500,USD,2025-05-18T10:21:01Z,2026-05-31T23:59:59Z
APP-0038980,REQ-2025-00415,accepted,2025-05-14,2025-05-16,,,,,2025-06-02,50000,USD,2025-05-16T17:22:29Z,2026-05-31T23:59:59Z
APP-0038994,REQ-2025-00008,candidate_renege,2025-06-05,2025-06-07,,,,2025-07-28,2025-08-11,232000,USD,2025-07-28T18:30:37Z,2026-05-31T23:59:59Z
APP-0039013,REQ-2025-00304,accepted,2025-06-03,2025-06-09,,,,,2025-07-28,119500,USD,2025-06-09T15:34:36Z,2026-05-31T23:59:59Z
APP-0039036,REQ-2025-00356,offer_withdrawn,2025-05-28,,,2025-05-31,,,2025-06-25,103000,USD,2025-05-31T10:43:13Z,2026-05-31T23:59:59Z
APP-0039040,REQ-2025-00364,offer_declined,2025-05-14,,2025-05-15,,,,2025-06-11,111000,USD,2025-05-15T09:24:03Z,2026-05-31T23:59:59Z
APP-0039057,REQ-2025-00394,accepted,2025-05-15,2025-05-18,,,,,2025-06-16,73000,USD,2025-05-18T13:28:49Z,2026-05-31T23:59:59Z
APP-0039074,REQ-2024-00757,offer_withdrawn,2025-06-13,,,2025-06-13,,,2025-07-11,78000,USD,2025-06-13T15:48:57Z,2026-05-31T23:59:59Z
APP-0039133,REQ-2025-00382,offer_withdrawn,2025-05-16,,,2025-05-17,,,2025-06-12,121500,USD,2025-05-17T08:07:21Z,2026-05-31T23:59:59Z
APP-0039144,REQ-2025-00393,accepted,2025-05-28,2025-05-30,,,,,2025-07-07,98000,USD,2025-05-30T15:57:17Z,2026-05-31T23:59:59Z
APP-0039150,REQ-2025-00398,offer_declined,2025-05-13,,2025-05-16,,,,2025-06-10,43500,USD,2025-05-16T17:15:49Z,2026-05-31T23:59:59Z
APP-0039163,REQ-2025-00423,accepted,2025-05-21,2025-05-24,,,,,2025-06-16,82000,USD,2025-05-24T19:00:12Z,2026-05-31T23:59:59Z
APP-0039183,REQ-2025-00187,accepted,2025-06-18,2025-06-19,,,,,2025-07-21,143500,USD,2025-06-19T08:49:54Z,2026-05-31T23:59:59Z
APP-0039229,REQ-2025-00417,accepted,2025-05-20,2025-05-23,,,,,2025-06-23,83500,USD,2025-05-23T11:00:15Z,2026-05-31T23:59:59Z
APP-0039237,REQ-2024-00895,accepted,2025-05-29,2025-05-30,,,,,2025-07-07,132500,USD,2025-05-30T11:10:49Z,2026-05-31T23:59:59Z
APP-0039248,REQ-2025-00094,accepted,2025-06-04,2025-06-07,,,,,2025-06-30,67000,USD,2025-06-07T17:16:31Z,2026-05-31T23:59:59Z
APP-0039277,REQ-2025-00345,offer_declined,2025-05-21,,2025-05-23,,,,2025-06-16,112000,USD,2025-05-23T11:51:25Z,2026-05-31T23:59:59Z
APP-0039280,REQ-2025-00354,accepted,2025-05-25,2025-05-26,,,,,2025-07-07,117500,USD,2025-05-31T10:31:45Z,2026-05-31T23:59:59Z
APP-0039287,REQ-2025-00366,accepted,2025-06-01,2025-06-03,,,,,2025-08-04,176500,USD,2025-06-03T08:28:34Z,2026-05-31T23:59:59Z
APP-0039300,REQ-2025-00389,offer_withdrawn,2025-05-17,,,2025-05-21,,,2025-06-14,63000,USD,2025-05-21T10:18:22Z,2026-05-31T23:59:59Z
APP-0039305,REQ-2025-00392,accepted,2025-06-14,2025-06-18,,,,,2025-07-28,113500,USD,2025-06-18T11:45:37Z,2026-05-31T23:59:59Z
APP-0039309,REQ-2025-00393,accepted,2025-05-29,2025-05-30,,,,,2025-07-07,89500,USD,2025-05-30T17:11:38Z,2026-05-31T23:59:59Z
APP-0039337,REQ-2024-00962,accepted,2025-06-15,2025-06-21,,,,,2025-09-01,235000,USD,2025-06-21T09:03:10Z,2026-05-31T23:59:59Z
APP-0039353,REQ-2025-00290,offer_declined,2025-05-12,,2025-05-17,,,,2025-06-09,53500,USD,2025-05-17T17:00:01Z,2026-05-31T23:59:59Z
APP-0039362,REQ-2025-00329,accepted,2025-05-16,2025-05-22,,,,,2025-06-30,97000,USD,2025-05-22T11:50:28Z,2026-05-31T23:59:59Z
APP-0039395,REQ-2025-00389,accepted,2025-05-15,2025-05-19,,,,,2025-06-16,67000,USD,2025-05-19T10:12:56Z,2026-05-31T23:59:59Z
APP-0039405,REQ-2025-00394,offer_declined,2025-06-03,,2025-06-07,,,,2025-07-01,73000,USD,2025-06-07T08:36:52Z,2026-05-31T23:59:59Z
APP-0039414,REQ-2025-00408,candidate_renege,2025-06-10,2025-06-13,,,,2025-07-17,2025-07-28,124500,USD,2025-07-17T14:36:35Z,2026-05-31T23:59:59Z
APP-0039427,REQ-2025-00424,offer_declined,2025-05-28,,2025-05-29,,,,2025-06-24,58000,USD,2025-05-29T17:41:30Z,2026-05-31T23:59:59Z
APP-0039428,REQ-2025-00431,accepted,2025-05-27,2025-05-30,,,,,2025-06-16,73000,USD,2025-05-30T14:37:15Z,2026-05-31T23:59:59Z
APP-0039432,REQ-2025-00434,accepted,2025-05-28,2025-06-01,,,,,2025-06-30,85500,USD,2025-06-01T09:20:04Z,2026-05-31T23:59:59Z
APP-0039467,REQ-2025-00356,offer_withdrawn,2025-05-27,,,2025-05-30,,,2025-06-22,102500,USD,2025-05-30T17:58:38Z,2026-05-31T23:59:59Z
APP-0039507,REQ-2025-00418,accepted,2025-05-23,2025-05-26,,,,,2025-06-16,60000,USD,2025-05-26T19:20:31Z,2026-05-31T23:59:59Z
APP-0039525,REQ-2024-00828,accepted,2025-06-21,2025-06-25,,,,,2025-07-28,125000,USD,2025-06-25T10:02:57Z,2026-05-31T23:59:59Z
APP-0039560,REQ-2025-00376,accepted,2025-06-15,2025-06-18,,,,,2025-07-28,126000,USD,2025-06-18T11:09:14Z,2026-05-31T23:59:59Z
APP-0039568,REQ-2025-00393,accepted,2025-05-17,2025-05-23,,,,,2025-06-23,93500,USD,2025-06-05T08:14:32Z,2026-05-31T23:59:59Z
APP-0039592,REQ-2025-00429,candidate_renege,2025-06-16,2025-06-19,,,,2025-07-26,2025-08-11,145500,USD,2025-07-26T12:07:21Z,2026-05-31T23:59:59Z
APP-0039617,REQ-2025-00263,accepted,2025-05-18,2025-05-25,,,,,2025-06-23,66500,USD,2025-05-25T15:51:03Z,2026-05-31T23:59:59Z
APP-0039654,REQ-2025-00397,accepted,2025-06-13,2025-06-17,,,,,2025-07-28,124500,USD,2025-06-17T08:35:37Z,2026-05-31T23:59:59Z
APP-0039668,REQ-2025-00416,accepted,2025-06-17,2025-06-26,,,,,2025-08-11,209500,USD,2025-06-26T14:17:21Z,2026-05-31T23:59:59Z
APP-0039703,REQ-2025-00042,accepted,2025-07-07,2025-07-14,,,,,2025-08-11,154500,USD,2025-07-14T16:23:36Z,2026-05-31T23:59:59Z
APP-0039717,REQ-2025-00334,accepted,2025-06-01,2025-06-02,,,,,2025-07-14,96900,USD,2025-06-06T18:54:08Z,2026-05-31T23:59:59Z
APP-0039741,REQ-2025-00398,offer_declined,2025-05-26,,2025-05-27,,,,2025-06-21,53500,USD,2025-05-27T14:46:56Z,2026-05-31T23:59:59Z
APP-0039743,REQ-2025-00401,accepted,2025-06-01,2025-06-11,,,,,2025-07-07,66500,USD,2025-06-11T12:05:32Z,2026-05-31T23:59:59Z
APP-0039745,REQ-2025-00406,offer_declined,2025-06-10,,2025-06-12,,,,2025-07-06,97000,USD,2025-06-12T13:23:05Z,2026-05-31T23:59:59Z
APP-0039747,REQ-2025-00414,accepted,2025-05-27,2025-05-30,,,,,2025-06-16,73000,USD,2025-05-30T14:26:29Z,2026-05-31T23:59:59Z
APP-0039774,REQ-2025-00093,offer_withdrawn,2025-06-10,,,2025-06-15,,,2025-07-08,79000,USD,2025-06-15T14:56:44Z,2026-05-31T23:59:59Z
APP-0039780,REQ-2025-00177,accepted,2025-05-30,2025-06-03,,,,,2025-07-28,176000,USD,2025-06-03T17:59:22Z,2026-05-31T23:59:59Z
APP-0039795,REQ-2025-00354,accepted,2025-06-06,2025-06-10,,,,,2025-07-14,115500,USD,2025-06-10T13:14:28Z,2026-05-31T23:59:59Z
APP-0039809,REQ-2025-00393,accepted,2025-05-24,2025-05-29,,,,,2025-07-07,99500,USD,2025-06-08T17:53:47Z,2026-05-31T23:59:59Z
APP-0039818,REQ-2025-00412,offer_declined,2025-05-29,,2025-05-30,,,,2025-06-26,74500,USD,2025-05-30T13:42:20Z,2026-05-31T23:59:59Z
APP-0039821,REQ-2025-00417,accepted,2025-05-26,2025-05-28,,,,,2025-06-30,79500,USD,2025-05-28T08:48:27Z,2026-05-31T23:59:59Z
APP-0039823,REQ-2025-00419,accepted,2025-05-25,2025-05-26,,,,,2025-06-23,59400,USD,2025-06-03T08:52:07Z,2026-05-31T23:59:59Z
APP-0039825,REQ-2025-00427,accepted,2025-05-31,2025-06-03,,,,,2025-06-23,54000,USD,2025-06-03T15:41:54Z,2026-05-31T23:59:59Z
APP-0039833,REQ-2025-00439,accepted,2025-06-07,2025-06-13,,,,,2025-07-14,92500,USD,2025-06-13T16:44:38Z,2026-05-31T23:59:59Z
APP-0039835,REQ-2025-00441,offer_declined,2025-05-27,,2025-05-30,,,,2025-06-24,59000,USD,2025-05-30T09:07:15Z,2026-05-31T23:59:59Z
APP-0039840,REQ-2025-00443,accepted,2025-05-23,2025-05-28,,,,,2025-06-30,121000,USD,2025-05-28T12:59:55Z,2026-05-31T23:59:59Z
APP-0039850,REQ-2025-00011,offer_declined,2025-06-01,,2025-06-03,,,,2025-06-29,130500,USD,2025-06-03T15:05:46Z,2026-05-31T23:59:59Z
APP-0039880,REQ-2025-00403,accepted,2025-06-24,2025-07-07,,,,,2025-08-18,168000,USD,2025-07-07T09:11:35Z,2026-05-31T23:59:59Z
APP-0039919,REQ-2025-00114,accepted,2025-05-30,2025-06-03,,,,,2025-06-23,86000,USD,2025-06-03T13:53:33Z,2026-05-31T23:59:59Z
APP-0039921,REQ-2025-00187,offer_declined,2025-06-11,,2025-06-16,,,,2025-07-09,141500,USD,2025-06-16T10:41:48Z,2026-05-31T23:59:59Z
APP-0039932,REQ-2025-00313,offer_declined,2025-06-12,,2025-06-14,,,,2025-07-09,138500,USD,2025-06-14T10:35:03Z,2026-05-31T23:59:59Z
APP-0039955,REQ-2025-00405,accepted,2025-05-29,2025-06-02,,,,,2025-06-30,68500,USD,2025-06-16T19:59:46Z,2026-05-31T23:59:59Z
APP-0039966,REQ-2025-00417,offer_withdrawn,2025-05-24,,,2025-05-30,,,2025-06-21,72500,USD,2025-05-30T10:24:11Z,2026-05-31T23:59:59Z
APP-0039974,REQ-2025-00441,accepted,2025-05-19,2025-05-21,,,,,2025-06-16,67500,USD,2025-05-21T13:23:50Z,2026-05-31T23:59:59Z
APP-0039999,REQ-2025-00306,accepted,2025-05-27,2025-05-29,,,,,2025-06-09,50000,USD,2025-05-29T19:28:21Z,2026-05-31T23:59:59Z
APP-0040002,REQ-2025-00339,accepted,2025-06-11,2025-06-13,,,,,2025-07-21,131500,USD,2025-06-13T08:25:37Z,2026-05-31T23:59:59Z
APP-0040005,REQ-2025-00350,offer_declined,2025-05-24,,2025-06-07,,,,2025-06-21,147500,USD,2025-06-07T19:06:10Z,2026-05-31T23:59:59Z
APP-0040016,REQ-2025-00384,accepted,2025-05-26,2025-05-29,,,,,2025-06-23,54500,USD,2025-05-29T14:21:13Z,2026-05-31T23:59:59Z
APP-0040032,REQ-2025-00427,offer_withdrawn,2025-06-02,,,2025-06-03,,,2025-06-28,63000,USD,2025-06-03T14:12:18Z,2026-05-31T23:59:59Z
APP-0040035,REQ-2025-00430,accepted,2025-06-04,2025-06-05,,,,,2025-06-23,60500,USD,2025-06-05T14:07:29Z,2026-05-31T23:59:59Z
APP-0040038,REQ-2025-00438,accepted,2025-06-03,2025-06-04,,,,,2025-06-30,51000,USD,2025-06-04T18:38:20Z,2026-05-31T23:59:59Z
APP-0040041,REQ-2025-00442,accepted,2025-06-01,2025-06-02,,,,,2025-07-14,112000,USD,2025-06-02T17:33:51Z,2026-05-31T23:59:59Z
APP-0040043,REQ-2025-00446,offer_withdrawn,2025-05-30,,,2025-05-31,,,2025-06-27,69500,USD,2025-05-31T18:56:19Z,2026-05-31T23:59:59Z
APP-0040063,REQ-2025-00073,accepted,2025-06-24,2025-07-01,,,,,2025-09-08,203500,USD,2025-07-01T17:42:41Z,2026-05-31T23:59:59Z
APP-0040067,REQ-2025-00205,accepted,2025-06-06,2025-06-08,,,,,2025-07-07,106000,USD,2025-06-08T08:37:28Z,2026-05-31T23:59:59Z
APP-0040080,REQ-2025-00322,accepted,2025-06-20,2025-06-21,,,,,2025-07-07,71500,USD,2025-06-21T09:32:21Z,2026-05-31T23:59:59Z
APP-0040104,REQ-2025-00410,accepted,2025-06-05,2025-06-09,,,,,2025-07-21,138500,USD,2025-06-15T15:08:51Z,2026-05-31T23:59:59Z
APP-0040114,REQ-2025-00424,accepted,2025-06-02,2025-06-09,,,,,2025-06-30,52500,USD,2025-06-09T08:48:02Z,2026-05-31T23:59:59Z
APP-0040115,REQ-2025-00425,accepted,2025-06-14,2025-06-15,,,,,2025-07-07,104000,USD,2025-06-24T14:35:00Z,2026-05-31T23:59:59Z
APP-0040131,REQ-2025-00446,accepted,2025-05-29,2025-05-31,,,,,2025-06-30,77000,USD,2025-05-31T08:15:11Z,2026-05-31T23:59:59Z
APP-0040134,REQ-2025-00450,accepted,2025-05-19,2025-05-25,,,,,2025-07-07,90000,USD,2025-05-25T10:01:36Z,2026-05-31T23:59:59Z
APP-0040142,REQ-2025-00458,accepted,2025-05-28,2025-05-30,,,,,2025-07-21,70500,USD,2025-06-11T17:58:10Z,2026-05-31T23:59:59Z
APP-0040146,REQ-2024-00848,accepted,2025-06-10,2025-06-15,,,,,2025-07-14,79500,USD,2025-06-15T08:15:39Z,2026-05-31T23:59:59Z
APP-0040163,REQ-2025-00268,offer_declined,2025-06-09,,2025-06-11,,,,2025-07-07,88000,USD,2025-06-11T10:07:34Z,2026-05-31T23:59:59Z
APP-0040166,REQ-2025-00308,accepted,2025-06-08,2025-06-11,,,,,2025-06-30,99000,USD,2025-06-11T16:11:21Z,2026-05-31T23:59:59Z
APP-0040188,REQ-2025-00404,offer_declined,2025-06-07,,2025-06-16,,,,2025-07-05,108500,USD,2025-06-16T08:58:08Z,2026-05-31T23:59:59Z
APP-0040191,REQ-2025-00406,accepted,2025-06-05,2025-06-08,,,,,2025-07-14,96000,USD,2025-06-08T13:41:25Z,2026-05-31T23:59:59Z
APP-0040213,REQ-2025-00442,accepted,2025-05-24,2025-05-25,,,,,2025-07-07,106500,USD,2025-05-25T12:31:52Z,2026-05-31T23:59:59Z
APP-0040222,REQ-2025-00458,offer_withdrawn,2025-05-30,,,2025-06-02,,,2025-06-27,77000,USD,2025-06-02T10:08:45Z,2026-05-31T23:59:59Z
APP-0040225,REQ-2025-00458,offer_withdrawn,2025-05-27,,,2025-05-30,,,2025-06-24,72000,USD,2025-05-30T15:55:58Z,2026-05-31T23:59:59Z
APP-0040234,REQ-2024-01084,accepted,2025-06-25,2025-06-28,,,,,2025-07-21,102000,USD,2025-06-28T12:19:37Z,2026-05-31T23:59:59Z
APP-0040239,REQ-2025-00181,accepted,2025-06-06,2025-06-11,,,,,2025-07-14,84000,USD,2025-06-26T15:00:52Z,2026-05-31T23:59:59Z
APP-0040248,REQ-2025-00338,accepted,2025-07-06,2025-07-08,,,,,2025-08-11,136000,USD,2025-07-15T19:47:01Z,2026-05-31T23:59:59Z
APP-0040280,REQ-2025-00429,offer_withdrawn,2025-06-17,,,2025-06-20,,,2025-07-15,158500,USD,2025-06-20T08:58:51Z,2026-05-31T23:59:59Z
APP-0040289,REQ-2025-00443,accepted,2025-05-27,2025-05-29,,,,,2025-06-30,97500,USD,2025-05-29T15:31:59Z,2026-05-31T23:59:59Z
APP-0040297,REQ-2024-00737,accepted,2025-06-11,2025-06-13,,,,,2025-07-28,117000,USD,2025-06-13T16:39:05Z,2026-05-31T23:59:59Z
APP-0040304,REQ-2024-01166,offer_declined,2025-06-16,,2025-06-19,,,,2025-07-14,70500,USD,2025-06-19T19:03:09Z,2026-05-31T23:59:59Z
APP-0040309,REQ-2025-00143,accepted,2025-06-02,2025-06-04,,,,,2025-06-30,54000,USD,2025-06-04T18:49:52Z,2026-05-31T23:59:59Z
APP-0040331,REQ-2025-00377,accepted,2025-06-09,2025-06-15,,,,,2025-06-30,72000,USD,2025-06-15T17:12:01Z,2026-05-31T23:59:59Z
APP-0040342,REQ-2025-00424,offer_withdrawn,2025-06-08,,,2025-06-10,,,2025-07-06,57000,USD,2025-06-10T11:55:08Z,2026-05-31T23:59:59Z
APP-0040352,REQ-2025-00441,accepted,2025-05-26,2025-05-28,,,,,2025-06-30,64000,USD,2025-05-28T15:21:01Z,2026-05-31T23:59:59Z
APP-0040359,REQ-2025-00457,accepted,2025-05-26,2025-05-27,,,,,2025-06-09,58000,USD,2025-05-27T12:20:37Z,2026-05-31T23:59:59Z
APP-0040367,REQ-2024-01000,accepted,2025-06-25,2025-06-28,,,,,2025-08-04,130500,USD,2025-06-28T16:56:49Z,2026-05-31T23:59:59Z
APP-0040372,REQ-2024-01124,accepted,2025-06-06,2025-06-07,,,,,2025-07-07,88500,USD,2025-06-07T15:17:51Z,2026-05-31T23:59:59Z
APP-0040374,REQ-2024-01209,offer_declined,2025-06-12,,2025-06-14,,,,2025-07-10,75000,USD,2025-06-14T09:42:02Z,2026-05-31T23:59:59Z
APP-0040407,REQ-2025-00405,accepted,2025-06-01,2025-06-02,,,,,2025-06-30,77500,USD,2025-06-02T08:06:42Z,2026-05-31T23:59:59Z
APP-0040413,REQ-2025-00411,accepted,2025-06-15,2025-06-21,,,,,2025-07-21,84000,USD,2025-06-21T19:13:14Z,2026-05-31T23:59:59Z
APP-0040431,REQ-2025-00448,accepted,2025-06-01,2025-06-07,,,,,2025-06-30,65000,USD,2025-06-09T16:43:16Z,2026-05-31T23:59:59Z
APP-0040442,REQ-2025-00459,offer_declined,2025-06-28,,2025-07-05,,,,2025-07-26,279000,USD,2025-07-05T15:51:53Z,2026-05-31T23:59:59Z
APP-0040487,REQ-2025-00394,accepted,2025-06-07,2025-06-11,,,,,2025-06-30,75500,USD,2025-06-11T18:51:06Z,2026-05-31T23:59:59Z
APP-0040519,REQ-2025-00469,accepted,2025-05-31,2025-06-04,,,,,2025-06-30,70500,USD,2025-06-09T09:53:39Z,2026-05-31T23:59:59Z
APP-0040593,REQ-2024-01117,accepted,2025-07-15,2025-07-19,,,,,2025-09-22,212500,USD,2025-07-19T13:24:05Z,2026-05-31T23:59:59Z
APP-0040597,REQ-2025-00036,accepted,2025-07-18,2025-07-23,,,,,2025-08-25,162000,USD,2025-07-23T12:25:16Z,2026-05-31T23:59:59Z
APP-0040608,REQ-2025-00309,accepted,2025-06-13,2025-06-16,,,,,2025-07-14,66500,USD,2025-06-16T10:01:17Z,2026-05-31T23:59:59Z
APP-0040616,REQ-2025-00394,accepted,2025-06-06,2025-06-07,,,,,2025-06-30,68500,USD,2025-06-07T19:08:27Z,2026-05-31T23:59:59Z
APP-0040656,REQ-2025-00468,accepted,2025-06-14,2025-06-16,,,,,2025-08-04,151500,USD,2025-06-18T18:21:35Z,2026-05-31T23:59:59Z
APP-0040728,REQ-2025-00451,offer_declined,2025-06-11,,2025-06-12,,,,2025-07-09,67000,USD,2025-06-12T08:34:32Z,2026-05-31T23:59:59Z
APP-0040732,REQ-2025-00455,offer_rescinded,2025-06-11,2025-06-13,,,2025-06-21,,2025-06-30,56500,USD,2025-06-21T13:42:31Z,2026-05-31T23:59:59Z
APP-0040746,REQ-2025-00474,accepted,2025-06-12,2025-06-13,,,,,2025-07-14,104000,USD,2025-06-13T10:28:41Z,2026-05-31T23:59:59Z
APP-0040748,REQ-2025-00481,offer_withdrawn,2025-06-10,,,2025-06-11,,,2025-07-08,103000,USD,2025-06-11T19:44:30Z,2026-05-31T23:59:59Z
APP-0040749,REQ-2025-00482,accepted,2025-06-08,2025-06-09,,,,,2025-06-30,79000,USD,2025-06-17T17:10:32Z,2026-05-31T23:59:59Z
APP-0040753,REQ-2025-00486,accepted,2025-06-02,2025-06-05,,,,,2025-06-30,94500,USD,2025-06-05T10:00:55Z,2026-05-31T23:59:59Z
APP-0040757,REQ-2025-00488,accepted,2025-06-02,2025-06-04,,,,,2025-06-30,76500,USD,2025-06-04T09:31:58Z,2026-05-31T23:59:59Z
APP-0040778,REQ-2025-00221,accepted,2025-06-29,2025-07-04,,,,,2025-08-25,126000,USD,2025-07-04T14:54:21Z,2026-05-31T23:59:59Z
APP-0040779,REQ-2025-00238,accepted,2025-06-26,2025-06-27,,,,,2025-08-18,149000,USD,2025-06-27T16:57:47Z,2026-05-31T23:59:59Z
APP-0040811,REQ-2025-00447,accepted,2025-06-18,2025-06-19,,,,,2025-07-21,79500,USD,2025-06-19T13:37:06Z,2026-05-31T23:59:59Z
APP-0040826,REQ-2025-00474,accepted,2025-06-08,2025-06-09,,,,,2025-07-14,114000,USD,2025-06-09T12:51:46Z,2026-05-31T23:59:59Z
APP-0040828,REQ-2025-00478,accepted,2025-06-19,2025-06-25,,,,,2025-08-04,117000,USD,2025-07-03T18:57:41Z,2026-05-31T23:59:59Z
APP-0040830,REQ-2025-00482,accepted,2025-05-31,2025-06-03,,,,,2025-06-30,83000,USD,2025-06-03T10:43:34Z,2026-05-31T23:59:59Z
APP-0040834,REQ-2025-00487,accepted,2025-05-29,2025-06-02,,,,,2025-07-14,105000,USD,2025-06-02T12:25:51Z,2026-05-31T23:59:59Z
APP-0040838,REQ-2025-00490,accepted,2025-05-30,2025-06-02,,,,,2025-06-16,54000,USD,2025-06-02T09:31:16Z,2026-05-31T23:59:59Z
APP-0040839,REQ-2025-00490,accepted,2025-06-05,2025-06-06,,,,,2025-06-23,63000,USD,2025-06-06T09:52:50Z,2026-05-31T23:59:59Z
APP-0040843,REQ-2024-00515,accepted,2025-06-20,2025-06-22,,,,,2025-07-14,72500,USD,2025-06-22T08:30:35Z,2026-05-31T23:59:59Z
APP-0040851,REQ-2024-01225,candidate_renege,2025-06-18,2025-06-19,,,,2025-07-08,2025-07-28,115500,USD,2025-07-08T17:43:34Z,2026-05-31T23:59:59Z
APP-0040860,REQ-2025-00290,offer_declined,2025-06-06,,2025-06-07,,,,2025-07-04,51000,USD,2025-06-07T10:49:55Z,2026-05-31T23:59:59Z
APP-0040873,REQ-2025-00398,accepted,2025-06-14,2025-06-15,,,,,2025-07-14,50300,USD,2025-06-22T17:12:08Z,2026-05-31T23:59:59Z
APP-0040885,REQ-2025-00442,offer_declined,2025-06-03,,2025-06-04,,,,2025-07-01,108000,USD,2025-06-04T17:43:46Z,2026-05-31T23:59:59Z
APP-0040905,REQ-2025-00464,offer_declined,2025-06-04,,2025-06-09,,,,2025-07-02,89500,USD,2025-06-09T17:44:13Z,2026-05-31T23:59:59Z
APP-0040909,REQ-2025-00471,candidate_renege,2025-06-07,2025-06-10,,,,2025-07-07,2025-07-14,62000,USD,2025-07-07T14:10:14Z,2026-05-31T23:59:59Z
APP-0040926,REQ-2025-00489,accepted,2025-06-18,2025-06-20,,,,,2025-08-04,90000,USD,2025-07-05T15:36:53Z,2026-05-31T23:59:59Z
APP-0040961,REQ-2025-00347,accepted,2025-06-12,2025-06-17,,,,,2025-07-14,72500,USD,2025-06-17T08:33:54Z,2026-05-31T23:59:59Z
APP-0040970,REQ-2025-00437,accepted,2025-06-12,2025-06-15,,,,,2025-07-07,106500,USD,2025-06-15T09:02:29Z,2026-05-31T23:59:59Z
APP-0040975,REQ-2025-00445,accepted,2025-06-10,2025-06-11,,,,,2025-06-30,77500,USD,2025-06-11T09:55:54Z,2026-05-31T23:59:59Z
APP-0040981,REQ-2025-00454,accepted,2025-06-11,2025-06-13,,,,,2025-08-11,144000,USD,2025-06-24T13:13:32Z,2026-05-31T23:59:59Z
APP-0040994,REQ-2025-00471,accepted,2025-06-08,2025-06-09,,,,,2025-07-07,63000,USD,2025-06-09T08:10:26Z,2026-05-31T23:59:59Z
APP-0040995,REQ-2025-00474,offer_withdrawn,2025-06-15,,,2025-06-17,,,2025-07-13,106000,USD,2025-06-17T17:55:48Z,2026-05-31T23:59:59Z
APP-0040996,REQ-2025-00474,accepted,2025-06-12,2025-06-15,,,,,2025-07-21,98000,USD,2025-06-15T13:45:02Z,2026-05-31T23:59:59Z
APP-0041002,REQ-2025-00481,accepted,2025-06-02,2025-06-06,,,,,2025-07-14,99000,USD,2025-06-06T19:16:52Z,2026-05-31T23:59:59Z
APP-0041013,REQ-2025-00491,accepted,2025-05-30,2025-05-31,,,,,2025-06-23,63500,USD,2025-05-31T14:53:39Z,2026-05-31T23:59:59Z
APP-0041018,REQ-2025-00497,accepted,2025-06-15,2025-06-19,,,,,2025-07-21,98300,USD,2025-07-03T17:22:03Z,2026-05-31T23:59:59Z
APP-0041035,REQ-2025-00104,offer_withdrawn,2025-07-04,,,2025-07-13,,,2025-08-01,132500,USD,2025-07-13T19:31:16Z,2026-05-31T23:59:59Z
APP-0041045,REQ-2025-00250,accepted,2025-06-17,2025-06-24,,,,,2025-07-21,83500,USD,2025-06-24T18:30:27Z,2026-05-31T23:59:59Z
APP-0041074,REQ-2025-00438,offer_withdrawn,2025-06-03,,,2025-06-04,,,2025-07-01,59000,USD,2025-06-04T19:53:58Z,2026-05-31T23:59:59Z
APP-0041083,REQ-2025-00455,offer_declined,2025-06-02,,2025-06-06,,,,2025-06-30,57000,USD,2025-06-06T10:20:42Z,2026-05-31T23:59:59Z
APP-0041087,REQ-2025-00463,offer_declined,2025-06-12,,2025-06-13,,,,2025-07-09,160500,USD,2025-06-13T13:48:19Z,2026-05-31T23:59:59Z
APP-0041101,REQ-2025-00481,offer_withdrawn,2025-06-08,,,2025-06-11,,,2025-07-06,104500,USD,2025-06-11T17:53:45Z,2026-05-31T23:59:59Z
APP-0041117,REQ-2025-00492,accepted,2025-06-09,2025-06-10,,,,,2025-06-30,60000,USD,2025-06-10T18:55:25Z,2026-05-31T23:59:59Z
APP-0041121,REQ-2025-00504,offer_withdrawn,2025-06-05,,,2025-06-11,,,2025-07-03,76000,USD,2025-06-11T08:28:27Z,2026-05-31T23:59:59Z
APP-0041131,REQ-2024-01235,offer_declined,2025-06-22,,2025-06-24,,,,2025-07-20,66000,USD,2025-06-24T14:54:34Z,2026-05-31T23:59:59Z
APP-0041136,REQ-2025-00088,accepted,2025-06-17,2025-06-22,,,,,2025-07-14,65500,USD,2025-06-22T13:43:37Z,2026-05-31T23:59:59Z
APP-0041171,REQ-2025-00476,offer_withdrawn,2025-06-10,,,2025-06-12,,,2025-07-08,75000,USD,2025-06-12T08:50:54Z,2026-05-31T23:59:59Z
APP-0041172,REQ-2025-00476,accepted,2025-06-06,2025-06-12,,,,,2025-07-07,74000,USD,2025-06-12T10:00:52Z,2026-05-31T23:59:59Z
APP-0041175,REQ-2025-00481,offer_withdrawn,2025-06-09,,,2025-06-11,,,2025-07-07,114500,USD,2025-06-11T16:41:27Z,2026-05-31T23:59:59Z
APP-0041180,REQ-2025-00481,accepted,2025-06-07,2025-06-10,,,,,2025-07-14,112000,USD,2025-06-10T11:27:51Z,2026-05-31T23:59:59Z
APP-0041185,REQ-2025-00486,accepted,2025-07-17,2025-07-24,,,,,2025-08-25,105500,USD,2025-07-24T11:06:32Z,2026-05-31T23:59:59Z
APP-0041201,REQ-2025-00508,offer_rescinded,2025-06-05,2025-06-06,,,2025-06-12,,2025-06-30,59000,USD,2025-06-12T18:03:28Z,2026-05-31T23:59:59Z
APP-0041206,REQ-2024-01031,accepted,2025-06-12,2025-06-16,,,,,2025-07-21,83000,USD,2025-06-22T14:50:59Z,2026-05-31T23:59:59Z
APP-0041219,REQ-2025-00233,accepted,2025-07-10,2025-07-13,,,,,2025-08-04,85000,USD,2025-07-13T16:38:27Z,2026-05-31T23:59:59Z
APP-0041225,REQ-2025-00332,accepted,2025-07-09,2025-07-11,,,,,2025-08-04,79000,USD,2025-07-11T19:23:23Z,2026-05-31T23:59:59Z
APP-0041230,REQ-2025-00377,offer_declined,2025-06-24,,2025-06-28,,,,2025-07-22,67500,USD,2025-06-28T18:59:49Z,2026-05-31T23:59:59Z
APP-0041249,REQ-2025-00452,accepted,2025-06-07,2025-06-09,,,,,2025-07-14,74000,USD,2025-06-09T10:08:06Z,2026-05-31T23:59:59Z
APP-0041252,REQ-2025-00460,accepted,2025-06-07,2025-06-09,,,,,2025-06-30,56500,USD,2025-06-15T11:18:39Z,2026-05-31T23:59:59Z
APP-0041253,REQ-2025-00462,accepted,2025-06-13,2025-06-17,,,,,2025-08-11,135500,USD,2025-07-01T19:52:57Z,2026-05-31T23:59:59Z
APP-0041257,REQ-2025-00467,accepted,2025-06-12,2025-06-13,,,,,2025-07-14,139000,USD,2025-06-13T17:50:56Z,2026-05-31T23:59:59Z
APP-0041274,REQ-2025-00480,accepted,2025-06-11,2025-06-15,,,,,2025-07-14,98500,USD,2025-06-15T10:43:04Z,2026-05-31T23:59:59Z
APP-0041282,REQ-2025-00488,accepted,2025-06-12,2025-06-13,,,,,2025-07-07,72000,USD,2025-06-13T12:34:10Z,2026-05-31T23:59:59Z
APP-0041285,REQ-2025-00490,accepted,2025-06-14,2025-06-16,,,,,2025-07-07,57500,USD,2025-06-16T16:24:01Z,2026-05-31T23:59:59Z
APP-0041286,REQ-2025-00490,accepted,2025-06-15,2025-06-17,,,,,2025-07-21,59000,USD,2025-06-24T09:37:31Z,2026-05-31T23:59:59Z
APP-0041294,REQ-2025-00508,accepted,2025-06-12,2025-06-16,,,,,2025-07-07,52000,USD,2025-06-16T16:06:14Z,2026-05-31T23:59:59Z
APP-0041298,REQ-2025-00513,accepted,2025-06-15,2025-06-19,,,,,2025-07-28,143400,USD,2025-07-02T11:59:25Z,2026-05-31T23:59:59Z
APP-0041301,REQ-2024-00496,offer_declined,2025-08-10,,2025-08-14,,,,2025-09-07,154000,USD,2025-08-14T19:38:47Z,2026-05-31T23:59:59Z
APP-0041329,REQ-2025-00447,offer_declined,2025-06-09,,2025-06-12,,,,2025-07-07,68000,USD,2025-06-12T11:06:31Z,2026-05-31T23:59:59Z
APP-0041331,REQ-2025-00451,accepted,2025-06-13,2025-06-16,,,,,2025-07-07,70500,USD,2025-06-16T11:06:44Z,2026-05-31T23:59:59Z
APP-0041341,REQ-2025-00471,accepted,2025-06-11,2025-06-12,,,,,2025-07-28,59000,USD,2025-06-24T17:04:03Z,2026-05-31T23:59:59Z
APP-0041357,REQ-2025-00488,offer_declined,2025-06-08,,2025-06-10,,,,2025-07-06,83000,USD,2025-06-10T16:33:59Z,2026-05-31T23:59:59Z
APP-0041365,REQ-2025-00498,offer_withdrawn,2025-07-05,,,2025-07-13,,,2025-08-02,169500,USD,2025-07-13T19:44:24Z,2026-05-31T23:59:59Z
APP-0041367,REQ-2025-00500,accepted,2025-06-15,2025-06-23,,,,,2025-07-14,62500,USD,2025-06-23T10:23:48Z,2026-05-31T23:59:59Z
APP-0041373,REQ-2025-00504,accepted,2025-06-10,2025-06-12,,,,,2025-07-07,76500,USD,2025-06-12T08:25:16Z,2026-05-31T23:59:59Z
APP-0041377,REQ-2024-00182,offer_declined,2025-07-19,,2025-07-25,,,,2025-08-16,92500,USD,2025-07-25T11:08:37Z,2026-05-31T23:59:59Z
APP-0041398,REQ-2025-00246,accepted,2025-06-21,2025-06-24,,,,,2025-07-28,126500,USD,2025-06-24T13:03:38Z,2026-05-31T23:59:59Z
APP-0041437,REQ-2025-00482,accepted,2025-06-18,2025-06-21,,,,,2025-07-14,75500,USD,2025-06-21T17:44:20Z,2026-05-31T23:59:59Z
APP-0041440,REQ-2025-00485,offer_declined,2025-06-21,,2025-06-23,,,,2025-07-19,76500,USD,2025-06-23T10:48:48Z,2026-05-31T23:59:59Z
APP-0041460,REQ-2025-00503,accepted,2025-06-22,2025-06-25,,,,,2025-08-04,145000,USD,2025-06-25T14:49:54Z,2026-05-31T23:59:59Z
APP-0041492,REQ-2025-00353,accepted,2025-06-24,2025-06-27,,,,,2025-07-28,109000,USD,2025-06-27T17:15:29Z,2026-05-31T23:59:59Z
APP-0041507,REQ-2025-00442,offer_withdrawn,2025-06-08,,,2025-06-11,,,2025-07-06,97500,USD,2025-06-11T08:32:00Z,2026-05-31T23:59:59Z
APP-0041510,REQ-2025-00442,accepted,2025-06-09,2025-06-10,,,,,2025-07-14,105000,USD,2025-06-10T13:45:06Z,2026-05-31T23:59:59Z
APP-0041511,REQ-2025-00451,accepted,2025-06-30,2025-07-02,,,,,2025-07-28,75500,USD,2025-07-07T12:47:48Z,2026-05-31T23:59:59Z
APP-0041521,REQ-2025-00480,accepted,2025-06-16,2025-06-20,,,,,2025-07-28,92000,USD,2025-06-23T14:54:47Z,2026-05-31T23:59:59Z
APP-0041531,REQ-2025-00488,accepted,2025-06-09,2025-06-10,,,,,2025-07-07,74500,USD,2025-06-10T08:07:18Z,2026-05-31T23:59:59Z
APP-0041538,REQ-2025-00492,offer_withdrawn,2025-06-11,,,2025-06-13,,,2025-07-09,54000,USD,2025-06-13T16:23:46Z,2026-05-31T23:59:59Z
APP-0041590,REQ-2025-00463,offer_withdrawn,2025-06-16,,,2025-06-21,,,2025-07-14,153500,USD,2025-06-21T16:25:14Z,2026-05-31T23:59:59Z
APP-0041623,REQ-2025-00522,offer_declined,2025-06-24,,2025-07-04,,,,2025-07-22,132000,USD,2025-07-04T16:50:10Z,2026-05-31T23:59:59Z
APP-0041627,REQ-2024-00762,offer_declined,2025-07-17,,2025-07-21,,,,2025-08-14,110000,USD,2025-07-21T14:16:59Z,2026-05-31T23:59:59Z
APP-0041634,REQ-2024-01210,offer_declined,2025-06-29,,2025-07-09,,,,2025-07-27,114500,USD,2025-07-09T09:30:08Z,2026-05-31T23:59:59Z
APP-0041638,REQ-2025-00073,offer_withdrawn,2025-06-29,,,2025-07-05,,,2025-07-27,193500,USD,2025-07-05T18:26:19Z,2026-05-31T23:59:59Z
APP-0041640,REQ-2025-00168,offer_declined,2025-06-19,,2025-06-21,,,,2025-07-17,94000,USD,2025-06-21T14:27:10Z,2026-05-31T23:59:59Z
APP-0041646,REQ-2025-00310,accepted,2025-07-06,2025-07-08,,,,,2025-08-25,219000,USD,2025-07-08T09:41:31Z,2026-05-31T23:59:59Z
APP-0041669,REQ-2025-00463,accepted,2025-06-18,2025-06-19,,,,,2025-08-11,149500,USD,2025-06-19T14:19:04Z,2026-05-31T23:59:59Z
APP-0041692,REQ-2025-00492,accepted,2025-06-07,2025-06-11,,,,,2025-06-23,57500,USD,2025-06-15T12:21:51Z,2026-05-31T23:59:59Z
APP-0041693,REQ-2025-00494,accepted,2025-06-30,2025-07-06,,,,,2025-08-18,184500,USD,2025-07-06T14:24:09Z,2026-05-31T23:59:59Z
APP-0041698,REQ-2025-00501,candidate_renege,2025-06-29,2025-07-02,,,,2025-08-01,2025-08-04,113500,USD,2025-08-01T16:37:21Z,2026-05-31T23:59:59Z
APP-0041761,REQ-2025-00475,accepted,2025-06-17,2025-06-18,,,,,2025-07-21,70000,USD,2025-06-23T18:53:17Z,2026-05-31T23:59:59Z
APP-0041779,REQ-2025-00490,offer_withdrawn,2025-06-17,,,2025-06-19,,,2025-07-15,59500,USD,2025-06-19T10:59:58Z,2026-05-31T23:59:59Z
APP-0041797,REQ-2025-00507,accepted,2025-06-17,2025-06-18,,,,,2025-07-21,75000,USD,2025-06-18T08:34:47Z,2026-05-31T23:59:59Z
APP-0041800,REQ-2025-00508,accepted,2025-06-18,2025-06-19,,,,,2025-07-14,57100,USD,2025-07-03T14:03:28Z,2026-05-31T23:59:59Z
APP-0041810,REQ-2025-00525,accepted,2025-06-14,2025-06-18,,,,,2025-07-21,90500,USD,2025-06-18T10:35:29Z,2026-05-31T23:59:59Z
APP-0041811,REQ-2025-00533,accepted,2025-06-14,2025-06-15,,,,,2025-07-28,97500,USD,2025-06-15T11:54:15Z,2026-05-31T23:59:59Z
APP-0041824,REQ-2024-01142,accepted,2025-07-03,2025-07-06,,,,,2025-09-08,225000,USD,2025-07-06T10:36:27Z,2026-05-31T23:59:59Z
APP-0041882,REQ-2025-00506,accepted,2025-06-23,2025-06-25,,,,,2025-07-07,73500,USD,2025-06-25T13:58:44Z,2026-05-31T23:59:59Z
APP-0041894,REQ-2025-00527,offer_withdrawn,2025-07-04,,,2025-07-08,,,2025-08-01,95000,USD,2025-07-08T17:14:08Z,2026-05-31T23:59:59Z
APP-0041906,REQ-2024-00963,accepted,2025-07-01,2025-07-04,,,,,2025-07-28,102000,USD,2025-07-04T18:35:30Z,2026-05-31T23:59:59Z
APP-0041919,REQ-2025-00147,accepted,2025-06-24,2025-06-29,,,,,2025-07-21,101500,USD,2025-06-29T13:21:38Z,2026-05-31T23:59:59Z
APP-0041927,REQ-2025-00361,accepted,2025-07-01,2025-07-03,,,,,2025-07-28,82000,USD,2025-07-03T16:34:46Z,2026-05-31T23:59:59Z
APP-0041954,REQ-2025-00490,accepted,2025-06-13,2025-06-15,,,,,2025-07-07,60500,USD,2025-06-23T18:32:59Z,2026-05-31T23:59:59Z
APP-0041955,REQ-2025-00490,accepted,2025-06-15,2025-06-18,,,,,2025-07-07,54500,USD,2025-06-18T17:22:21Z,2026-05-31T23:59:59Z
APP-0041958,REQ-2025-00502,candidate_renege,2025-06-25,2025-06-27,,,,2025-07-16,2025-08-25,179000,USD,2025-07-16T17:42:08Z,2026-05-31T23:59:59Z
APP-0041967,REQ-2025-00523,offer_withdrawn,2025-06-24,,,2025-06-29,,,2025-07-22,96500,USD,2025-06-29T09:00:18Z,2026-05-31T23:59:59Z
APP-0041998,REQ-2025-00236,offer_declined,2025-06-27,,2025-07-02,,,,2025-07-25,72500,USD,2025-07-02T19:16:12Z,2026-05-31T23:59:59Z
APP-0042001,REQ-2025-00309,offer_declined,2025-06-16,,2025-06-20,,,,2025-07-14,76000,USD,2025-06-20T17:26:08Z,2026-05-31T23:59:59Z
APP-0042029,REQ-2025-00490,offer_withdrawn,2025-06-18,,,2025-06-19,,,2025-07-16,58000,USD,2025-06-19T09:10:24Z,2026-05-31T23:59:59Z
APP-0042032,REQ-2025-00490,accepted,2025-06-14,2025-06-15,,,,,2025-06-30,57000,USD,2025-06-15T14:09:13Z,2026-05-31T23:59:59Z
APP-0042042,REQ-2025-00508,accepted,2025-06-16,2025-06-17,,,,,2025-07-07,56500,USD,2025-06-17T16:11:58Z,2026-05-31T23:59:59Z
APP-0042043,REQ-2025-00512,accepted,2025-06-26,2025-06-27,,,,,2025-07-21,80000,USD,2025-06-27T13:39:36Z,2026-05-31T23:59:59Z
APP-0042050,REQ-2025-00523,accepted,2025-06-22,2025-06-29,,,,,2025-07-28,107000,USD,2025-07-12T15:28:35Z,2026-05-31T23:59:59Z
APP-0042080,REQ-2025-00104,accepted,2025-07-02,2025-07-06,,,,,2025-08-18,130500,USD,2025-07-06T13:23:58Z,2026-05-31T23:59:59Z
APP-0042097,REQ-2025-00432,accepted,2025-06-24,2025-06-28,,,,,2025-07-28,73000,USD,2025-06-28T17:22:20Z,2026-05-31T23:59:59Z
APP-0042102,REQ-2025-00459,accepted,2025-07-10,2025-07-13,,,,,2025-09-15,272500,USD,2025-07-13T14:39:57Z,2026-05-31T23:59:59Z
APP-0042103,REQ-2025-00464,candidate_renege,2025-06-25,2025-06-29,,,,2025-07-21,2025-08-04,99500,USD,2025-07-21T08:07:07Z,2026-05-31T23:59:59Z
APP-0042147,REQ-2025-00540,accepted,2025-06-23,2025-06-25,,,,,2025-07-28,66500,USD,2025-06-25T16:19:02Z,2026-05-31T23:59:59Z
APP-0042148,REQ-2025-00543,accepted,2025-06-26,2025-06-27,,,,,2025-08-04,139500,USD,2025-07-08T08:03:51Z,2026-05-31T23:59:59Z
APP-0042168,REQ-2025-00386,accepted,2025-06-27,2025-06-28,,,,,2025-08-04,81500,USD,2025-06-28T11:10:29Z,2026-05-31T23:59:59Z
APP-0042205,REQ-2025-00538,accepted,2025-06-28,2025-06-29,,,,,2025-08-04,126500,USD,2025-06-29T12:54:31Z,2026-05-31T23:59:59Z
APP-0042209,REQ-2025-00549,accepted,2025-06-21,2025-06-29,,,,,2025-07-14,53500,USD,2025-06-29T13:45:16Z,2026-05-31T23:59:59Z
APP-0042225,REQ-2025-00081,accepted,2025-06-29,2025-07-03,,,,,2025-07-28,97500,USD,2025-07-17T15:41:57Z,2026-05-31T23:59:59Z
APP-0042228,REQ-2025-00190,accepted,2025-06-20,2025-06-26,,,,,2025-07-21,75500,USD,2025-06-26T10:34:32Z,2026-05-31T23:59:59Z
APP-0042246,REQ-2025-00432,offer_withdrawn,2025-06-29,,,2025-06-30,,,2025-07-25,85000,USD,2025-06-30T09:49:45Z,2026-05-31T23:59:59Z
APP-0042261,REQ-2025-00490,offer_withdrawn,2025-06-17,,,2025-06-19,,,2025-07-15,59000,USD,2025-06-19T12:32:24Z,2026-05-31T23:59:59Z
APP-0042267,REQ-2025-00502,offer_withdrawn,2025-06-25,,,2025-06-27,,,2025-07-23,170500,USD,2025-06-27T11:03:09Z,2026-05-31T23:59:59Z
APP-0042287,REQ-2025-00531,accepted,2025-06-20,2025-06-21,,,,,2025-07-28,86500,USD,2025-06-21T18:23:31Z,2026-05-31T23:59:59Z
APP-0042293,REQ-2025-00534,accepted,2025-06-21,2025-06-23,,,,,2025-07-21,72500,USD,2025-06-23T10:05:47Z,2026-05-31T23:59:59Z
APP-0042316,REQ-2025-00554,accepted,2025-06-24,2025-06-26,,,,,2025-08-04,97000,USD,2025-06-26T10:19:55Z,2026-05-31T23:59:59Z
APP-0042318,REQ-2025-00560,accepted,2025-06-30,2025-07-02,,,,,2025-08-25,131500,USD,2025-07-02T16:51:24Z,2026-05-31T23:59:59Z
APP-0042319,REQ-2024-00302,accepted,2025-08-04,2025-08-07,,,,,2025-10-06,232500,USD,2025-08-07T12:35:38Z,2026-05-31T23:59:59Z
APP-0042333,REQ-2025-00171,accepted,2025-06-21,2025-06-24,,,,,2025-07-14,58500,USD,2025-06-24T14:44:22Z,2026-05-31T23:59:59Z
APP-0042364,REQ-2025-00495,candidate_renege,2025-07-02,2025-07-03,,,,2025-07-25,2025-08-11,117000,USD,2025-07-25T08:21:52Z,2026-05-31T23:59:59Z
APP-0042365,REQ-2025-00498,accepted,2025-07-04,2025-07-06,,,,,2025-08-25,167500,USD,2025-07-06T14:59:02Z,2026-05-31T23:59:59Z
APP-0042384,REQ-2025-00530,accepted,2025-06-30,2025-07-03,,,,,2025-08-04,69000,USD,2025-07-18T16:30:38Z,2026-05-31T23:59:59Z
APP-0042402,REQ-2025-00549,offer_withdrawn,2025-06-27,,,2025-06-30,,,2025-07-25,54500,USD,2025-06-30T17:31:02Z,2026-05-31T23:59:59Z
APP-0042444,REQ-2025-00296,accepted,2025-07-23,2025-07-31,,,,,2025-09-15,158700,USD,2025-08-07T17:23:51Z,2026-05-31T23:59:59Z
APP-0042447,REQ-2025-00312,accepted,2025-07-14,2025-07-18,,,,,2025-09-01,199500,USD,2025-07-18T18:37:17Z,2026-05-31T23:59:59Z
APP-0042458,REQ-2025-00482,offer_withdrawn,2025-06-29,,,2025-07-02,,,2025-07-27,80500,USD,2025-07-02T16:53:33Z,2026-05-31T23:59:59Z
APP-0042461,REQ-2025-00490,offer_withdrawn,2025-06-18,,,2025-06-19,,,2025-07-16,62500,USD,2025-06-19T18:02:18Z,2026-05-31T23:59:59Z
APP-0042480,REQ-2025-00522,offer_declined,2025-06-27,,2025-07-03,,,,2025-07-25,125500,USD,2025-07-03T17:17:38Z,2026-05-31T23:59:59Z
APP-0042493,REQ-2025-00534,accepted,2025-06-25,2025-06-26,,,,,2025-07-21,89000,USD,2025-06-26T18:09:13Z,2026-05-31T23:59:59Z
APP-0042503,REQ-2025-00544,accepted,2025-06-19,2025-06-20,,,,,2025-07-07,60500,USD,2025-06-25T10:17:27Z,2026-05-31T23:59:59Z
APP-0042512,REQ-2025-00553,accepted,2025-06-28,2025-06-29,,,,,2025-07-28,74000,USD,2025-06-29T14:58:40Z,2026-05-31T23:59:59Z
APP-0042523,REQ-2025-00570,accepted,2025-07-02,2025-07-06,,,,,2025-08-11,139500,USD,2025-07-06T09:25:09Z,2026-05-31T23:59:59Z
APP-0042531,REQ-2024-01026,accepted,2025-06-23,2025-06-26,,,,,2025-07-14,61000,USD,2025-06-26T15:03:52Z,2026-05-31T23:59:59Z
APP-0042561,REQ-2025-00426,accepted,2025-07-20,2025-07-27,,,,,2025-08-25,143000,USD,2025-07-27T18:18:05Z,2026-05-31T23:59:59Z
APP-0042589,REQ-2025-00521,accepted,2025-07-01,2025-07-02,,,,,2025-07-28,86500,USD,2025-07-02T15:25:21Z,2026-05-31T23:59:59Z
APP-0042594,REQ-2025-00528,accepted,2025-06-28,2025-06-30,,,,,2025-08-04,112000,USD,2025-07-11T12:30:21Z,2026-05-31T23:59:59Z
APP-0042601,REQ-2025-00535,accepted,2025-06-20,2025-06-23,,,,,2025-07-07,43000,USD,2025-06-23T10:57:06Z,2026-05-31T23:59:59Z
APP-0042604,REQ-2025-00539,accepted,2025-06-23,2025-06-24,,,,,2025-07-21,85800,USD,2025-06-28T13:22:21Z,2026-05-31T23:59:59Z
APP-0042606,REQ-2025-00544,candidate_renege,2025-06-28,2025-06-29,,,,2025-07-08,2025-08-08,61500,USD,2025-07-08T13:56:49Z,2026-05-31T23:59:59Z
APP-0042612,REQ-2025-00552,accepted,2025-07-02,2025-07-03,,,,,2025-08-04,96000,USD,2025-07-03T10:05:45Z,2026-05-31T23:59:59Z
APP-0042622,REQ-2025-00556,accepted,2025-06-25,2025-06-27,,,,,2025-08-18,173500,USD,2025-06-27T19:35:22Z,2026-05-31T23:59:59Z
APP-0042624,REQ-2025-00561,accepted,2025-06-30,2025-07-01,,,,,2025-08-11,145500,USD,2025-07-01T10:10:23Z,2026-05-31T23:59:59Z
APP-0042630,REQ-2025-00564,accepted,2025-06-21,2025-06-25,,,,,2025-08-11,130000,USD,2025-06-27T08:34:31Z,2026-05-31T23:59:59Z
APP-0042636,REQ-2025-00571,accepted,2025-06-23,2025-06-24,,,,,2025-08-04,81000,USD,2025-06-24T13:17:22Z,2026-05-31T23:59:59Z
APP-0042645,REQ-2024-01138,accepted,2025-07-06,2025-07-11,,,,,2025-09-01,180500,USD,2025-07-11T14:45:51Z,2026-05-31T23:59:59Z
APP-0042655,REQ-2025-00182,accepted,2025-07-06,2025-07-08,,,,,2025-08-11,83000,USD,2025-07-08T14:22:22Z,2026-05-31T23:59:59Z
APP-0042656,REQ-2025-00194,accepted,2025-06-26,2025-06-27,,,,,2025-07-14,55000,USD,2025-06-27T13:53:40Z,2026-05-31T23:59:59Z
APP-0042660,REQ-2025-00330,accepted,2025-07-02,2025-07-07,,,,,2025-08-04,76500,USD,2025-07-07T11:51:46Z,2026-05-31T23:59:59Z
APP-0042671,REQ-2025-00472,accepted,2025-07-02,2025-07-04,,,,,2025-08-04,88500,USD,2025-07-04T19:33:25Z,2026-05-31T23:59:59Z
APP-0042676,REQ-2025-00485,candidate_renege,2025-06-25,2025-06-29,,,,2025-07-04,2025-07-21,73500,USD,2025-07-04T18:09:42Z,2026-05-31T23:59:59Z
APP-0042689,REQ-2025-00509,accepted,2025-07-22,2025-07-25,,,,,2025-08-25,102500,USD,2025-07-25T08:41:28Z,2026-05-31T23:59:59Z
APP-0042693,REQ-2025-00519,accepted,2025-07-07,2025-07-11,,,,,2025-07-28,72500,USD,2025-07-11T08:56:07Z,2026-05-31T23:59:59Z
APP-0042703,REQ-2025-00534,candidate_renege,2025-06-27,2025-06-30,,,,2025-07-21,2025-07-28,74500,USD,2025-07-21T14:03:05Z,2026-05-31T23:59:59Z
APP-0042721,REQ-2025-00554,accepted,2025-07-04,2025-07-05,,,,,2025-08-18,98500,USD,2025-07-05T16:19:03Z,2026-05-31T23:59:59Z
APP-0042726,REQ-2025-00562,accepted,2025-06-20,2025-06-21,,,,,2025-07-07,63000,USD,2025-06-21T15:47:32Z,2026-05-31T23:59:59Z
APP-0042734,REQ-2025-00571,accepted,2025-06-25,2025-06-27,,,,,2025-08-25,90000,USD,2025-07-02T13:29:29Z,2026-05-31T23:59:59Z
APP-0042735,REQ-2025-00571,accepted,2025-06-30,2025-07-02,,,,,2025-08-04,79000,USD,2025-07-02T15:56:31Z,2026-05-31T23:59:59Z
APP-0042754,REQ-2025-00087,accepted,2025-08-13,2025-08-15,,,,,2025-09-08,75500,USD,2025-08-15T16:15:59Z,2026-05-31T23:59:59Z
APP-0042772,REQ-2025-00451,offer_withdrawn,2025-07-01,,,2025-07-03,,,2025-07-29,78500,USD,2025-07-03T19:15:20Z,2026-05-31T23:59:59Z
APP-0042815,REQ-2025-00553,offer_rescinded,2025-06-27,2025-06-28,,,2025-07-19,,2025-08-04,76000,USD,2025-07-19T14:04:00Z,2026-05-31T23:59:59Z
APP-0042819,REQ-2025-00554,offer_declined,2025-07-05,,2025-07-08,,,,2025-08-02,99500,USD,2025-07-08T08:19:07Z,2026-05-31T23:59:59Z
APP-0042833,REQ-2025-00565,accepted,2025-06-21,2025-06-22,,,,,2025-08-04,51000,USD,2025-07-02T16:32:39Z,2026-05-31T23:59:59Z
APP-0042843,REQ-2025-00578,accepted,2025-06-26,2025-06-29,,,,,2025-07-21,93000,USD,2025-06-29T15:54:08Z,2026-05-31T23:59:59Z
APP-0042847,REQ-2024-00627,offer_declined,2025-07-05,,2025-07-09,,,,2025-08-02,58000,USD,2025-07-09T13:59:21Z,2026-05-31T23:59:59Z
APP-0042858,REQ-2025-00110,accepted,2025-07-14,2025-07-26,,,,,2025-08-25,95000,USD,2025-07-26T17:52:41Z,2026-05-31T23:59:59Z
APP-0042862,REQ-2025-00298,accepted,2025-07-14,2025-07-16,,,,,2025-09-08,163500,USD,2025-07-16T14:57:56Z,2026-05-31T23:59:59Z
APP-0042869,REQ-2025-00422,accepted,2025-07-19,2025-07-25,,,,,2025-09-08,168500,USD,2025-07-25T14:35:40Z,2026-05-31T23:59:59Z
APP-0042903,REQ-2025-00542,accepted,2025-06-24,2025-06-25,,,,,2025-07-21,43000,USD,2025-07-03T09:43:47Z,2026-05-31T23:59:59Z
APP-0042906,REQ-2025-00549,offer_withdrawn,2025-06-27,,,2025-06-30,,,2025-07-25,54000,USD,2025-06-30T15:54:04Z,2026-05-31T23:59:59Z
APP-0042908,REQ-2025-00551,accepted,2025-07-15,2025-07-17,,,,,2025-09-01,144000,USD,2025-07-17T10:59:39Z,2026-05-31T23:59:59Z
APP-0042909,REQ-2025-00553,accepted,2025-06-27,2025-07-02,,,,,2025-08-04,73500,USD,2025-07-02T16:04:29Z,2026-05-31T23:59:59Z
APP-0042914,REQ-2025-00562,accepted,2025-06-30,2025-07-04,,,,,2025-07-21,63000,USD,2025-07-04T19:07:29Z,2026-05-31T23:59:59Z
APP-0042916,REQ-2025-00567,accepted,2025-07-05,2025-07-06,,,,,2025-08-04,103500,USD,2025-07-18T11:51:57Z,2026-05-31T23:59:59Z
APP-0042945,REQ-2025-00314,accepted,2025-07-05,2025-07-07,,,,,2025-08-04,66000,USD,2025-07-07T19:13:38Z,2026-05-31T23:59:59Z
APP-0042976,REQ-2025-00527,offer_withdrawn,2025-07-06,,,2025-07-10,,,2025-08-03,98000,USD,2025-07-10T14:03:07Z,2026-05-31T23:59:59Z
APP-0042979,REQ-2025-00533,accepted,2025-07-03,2025-07-05,,,,,2025-08-04,114500,USD,2025-07-05T16:43:54Z,2026-05-31T23:59:59Z
APP-0042982,REQ-2025-00535,accepted,2025-06-25,2025-06-26,,,,,2025-07-14,46500,USD,2025-07-06T14:32:45Z,2026-05-31T23:59:59Z
APP-0042992,REQ-2025-00547,accepted,2025-07-15,2025-07-17,,,,,2025-08-18,93500,USD,2025-07-17T16:41:48Z,2026-05-31T23:59:59Z
APP-0042998,REQ-2025-00557,accepted,2025-07-02,2025-07-07,,,,,2025-09-01,141000,USD,2025-07-07T15:34:42Z,2026-05-31T23:59:59Z
APP-0042999,REQ-2025-00558,accepted,2025-06-26,2025-06-30,,,,,2025-08-04,96000,USD,2025-06-30T16:11:48Z,2026-05-31T23:59:59Z
APP-0043004,REQ-2025-00562,accepted,2025-06-25,2025-06-27,,,,,2025-07-14,62000,USD,2025-06-27T15:24:10Z,2026-05-31T23:59:59Z
APP-0043010,REQ-2025-00565,accepted,2025-06-22,2025-06-24,,,,,2025-07-14,46500,USD,2025-06-24T10:25:06Z,2026-05-31T23:59:59Z
APP-0043015,REQ-2025-00571,accepted,2025-07-03,2025-07-04,,,,,2025-08-11,90500,USD,2025-07-04T16:15:09Z,2026-05-31T23:59:59Z
APP-0043018,REQ-2025-00575,accepted,2025-07-02,2025-07-05,,,,,2025-07-28,63500,USD,2025-07-05T10:56:48Z,2026-05-31T23:59:59Z
APP-0043029,REQ-2024-00670,accepted,2025-08-10,2025-08-17,,,,,2025-09-29,212500,USD,2025-08-17T15:07:17Z,2026-05-31T23:59:59Z
APP-0043044,REQ-2025-00357,offer_declined,2025-07-02,,2025-07-04,,,,2025-07-30,61500,USD,2025-07-04T12:59:10Z,2026-05-31T23:59:59Z
APP-0043050,REQ-2025-00421,accepted,2025-07-15,2025-07-22,,,,,2025-08-18,96500,USD,2025-07-22T14:25:10Z,2026-05-31T23:59:59Z
APP-0043073,REQ-2025-00527,accepted,2025-07-04,2025-07-07,,,,,2025-07-28,106500,USD,2025-07-07T19:26:54Z,2026-05-31T23:59:59Z
APP-0043087,REQ-2025-00553,accepted,2025-07-02,2025-07-03,,,,,2025-07-28,83000,USD,2025-07-03T17:20:40Z,2026-05-31T23:59:59Z
APP-0043089,REQ-2025-00554,accepted,2025-06-24,2025-06-28,,,,,2025-07-28,101500,USD,2025-06-28T16:26:23Z,2026-05-31T23:59:59Z
APP-0043094,REQ-2025-00563,candidate_renege,2025-06-26,2025-06-27,,,,2025-07-08,2025-07-28,59000,USD,2025-07-08T14:33:55Z,2026-05-31T23:59:59Z
APP-0043100,REQ-2025-00565,offer_withdrawn,2025-06-24,,,2025-06-26,,,2025-07-22,43000,USD,2025-06-26T14:37:40Z,2026-05-31T23:59:59Z
APP-0043103,REQ-2025-00569,accepted,2025-07-04,2025-07-07,,,,,2025-08-25,162500,USD,2025-07-07T16:18:22Z,2026-05-31T23:59:59Z
APP-0043108,REQ-2025-00575,candidate_renege,2025-06-28,2025-07-02,,,,2025-07-08,2025-08-04,60500,USD,2025-07-08T14:03:50Z,2026-05-31T23:59:59Z
APP-0043113,REQ-2025-00579,candidate_renege,2025-07-04,2025-07-07,,,,2025-08-03,2025-08-11,142500,USD,2025-08-03T11:49:35Z,2026-05-31T23:59:59Z
APP-0043143,REQ-2025-00477,accepted,2025-07-01,2025-07-04,,,,,2025-08-04,63000,USD,2025-07-04T18:08:10Z,2026-05-31T23:59:59Z
APP-0043144,REQ-2025-00479,accepted,2025-06-28,2025-07-02,,,,,2025-07-28,72500,USD,2025-07-02T16:10:17Z,2026-05-31T23:59:59Z
APP-0043182,REQ-2025-00563,accepted,2025-06-25,2025-06-26,,,,,2025-07-21,67500,USD,2025-06-26T10:04:00Z,2026-05-31T23:59:59Z
APP-0043197,REQ-2025-00575,accepted,2025-06-28,2025-07-03,,,,,2025-08-18,62000,USD,2025-07-08T12:39:58Z,2026-05-31T23:59:59Z
APP-0043199,REQ-2025-00577,accepted,2025-07-10,2025-07-11,,,,,2025-08-04,73000,USD,2025-07-11T15:57:13Z,2026-05-31T23:59:59Z
APP-0043206,REQ-2025-00584,accepted,2025-07-06,2025-07-12,,,,,2025-09-08,98000,USD,2025-07-23T12:34:32Z,2026-05-31T23:59:59Z
APP-0043210,REQ-2025-00588,accepted,2025-07-04,2025-07-07,,,,,2025-08-11,82500,USD,2025-07-07T15:22:20Z,2026-05-31T23:59:59Z
APP-0043222,REQ-2025-00357,accepted,2025-07-05,2025-07-07,,,,,2025-08-04,56000,USD,2025-07-07T16:18:11Z,2026-05-31T23:59:59Z
APP-0043250,REQ-2025-00534,offer_declined,2025-06-28,,2025-06-29,,,,2025-07-24,84000,USD,2025-06-29T12:52:56Z,2026-05-31T23:59:59Z
APP-0043271,REQ-2025-00562,offer_withdrawn,2025-06-30,,,2025-07-05,,,2025-07-28,61500,USD,2025-07-05T15:46:04Z,2026-05-31T23:59:59Z
APP-0043282,REQ-2025-00571,accepted,2025-07-04,2025-07-06,,,,,2025-08-11,84000,USD,2025-07-06T19:44:09Z,2026-05-31T23:59:59Z
APP-0043300,REQ-2025-00593,accepted,2025-06-27,2025-06-29,,,,,2025-08-04,93000,USD,2025-06-29T11:14:34Z,2026-05-31T23:59:59Z
APP-0043308,REQ-2025-00187,accepted,2025-07-25,2025-07-29,,,,,2025-09-08,142000,USD,2025-07-29T17:54:48Z,2026-05-31T23:59:59Z
APP-0043315,REQ-2025-00337,offer_declined,2025-08-15,,2025-08-16,,,,2025-09-10,167500,USD,2025-08-16T17:22:28Z,2026-05-31T23:59:59Z
APP-0043326,REQ-2025-00485,accepted,2025-07-01,2025-07-03,,,,,2025-07-28,76500,USD,2025-07-03T08:33:49Z,2026-05-31T23:59:59Z
APP-0043356,REQ-2025-00553,offer_withdrawn,2025-07-03,,,2025-07-04,,,2025-07-31,78000,USD,2025-07-04T08:46:34Z,2026-05-31T23:59:59Z
APP-0043357,REQ-2025-00554,accepted,2025-07-09,2025-07-11,,,,,2025-08-18,97000,USD,2025-07-11T14:58:04Z,2026-05-31T23:59:59Z
APP-0043378,REQ-2025-00575,offer_withdrawn,2025-07-04,,,2025-07-05,,,2025-07-29,72000,USD,2025-07-05T08:15:43Z,2026-05-31T23:59:59Z
APP-0043379,REQ-2025-00575,offer_withdrawn,2025-07-03,,,2025-07-05,,,2025-07-31,67000,USD,2025-07-05T19:10:49Z,2026-05-31T23:59:59Z
APP-0043388,REQ-2025-00589,accepted,2025-07-05,2025-07-08,,,,,2025-08-11,102500,USD,2025-07-08T18:40:32Z,2026-05-31T23:59:59Z
APP-0043408,REQ-2024-01188,accepted,2025-07-13,2025-07-15,,,,,2025-08-18,93500,USD,2025-07-15T09:52:45Z,2026-05-31T23:59:59Z
APP-0043417,REQ-2025-00338,offer_withdrawn,2025-07-08,,,2025-07-10,,,2025-08-05,137000,USD,2025-07-10T13:44:29Z,2026-05-31T23:59:59Z
APP-0043482,REQ-2025-00581,accepted,2025-06-29,2025-06-30,,,,,2025-07-28,63000,USD,2025-06-30T11:46:03Z,2026-05-31T23:59:59Z
APP-0043488,REQ-2025-00586,offer_withdrawn,2025-07-14,,,2025-07-17,,,2025-08-11,141000,USD,2025-07-17T11:52:05Z,2026-05-31T23:59:59Z
APP-0043503,REQ-2024-00627,accepted,2025-08-01,2025-08-07,,,,,2025-09-01,57000,USD,2025-08-07T10:37:06Z,2026-05-31T23:59:59Z
APP-0043509,REQ-2024-01229,accepted,2025-08-11,2025-08-14,,,,,2025-09-22,166000,USD,2025-08-14T19:52:44Z,2026-05-31T23:59:59Z
APP-0043565,REQ-2025-00562,offer_withdrawn,2025-07-05,,,2025-07-05,,,2025-08-02,63500,USD,2025-07-05T16:37:53Z,2026-05-31T23:59:59Z
APP-0043566,REQ-2025-00562,accepted,2025-07-01,2025-07-05,,,,,2025-07-21,59500,USD,2025-07-05T12:00:27Z,2026-05-31T23:59:59Z
APP-0043568,REQ-2025-00563,accepted,2025-06-27,2025-06-30,,,,,2025-08-04,67000,USD,2025-06-30T16:20:44Z,2026-05-31T23:59:59Z
APP-0043579,REQ-2025-00575,offer_withdrawn,2025-07-03,,,2025-07-10,,,2025-07-31,66000,USD,2025-07-10T15:05:47Z,2026-05-31T23:59:59Z
APP-0043598,REQ-2025-00600,accepted,2025-07-05,2025-07-12,,,,,2025-09-01,141000,USD,2025-07-12T16:45:07Z,2026-05-31T23:59:59Z
APP-0043600,REQ-2025-00601,accepted,2025-07-05,2025-07-06,,,,,2025-08-04,73500,USD,2025-07-06T11:01:05Z,2026-05-31T23:59:59Z
APP-0043614,REQ-2025-00099,accepted,2025-07-11,2025-07-28,,,,,2025-09-01,87000,USD,2025-08-09T12:44:25Z,2026-05-31T23:59:59Z
APP-0043625,REQ-2025-00294,accepted,2025-07-28,2025-08-01,,,,,2025-08-25,90500,USD,2025-08-01T09:24:12Z,2026-05-31T23:59:59Z
APP-0043642,REQ-2025-00482,accepted,2025-06-29,2025-07-01,,,,,2025-07-28,82000,USD,2025-07-01T11:18:49Z,2026-05-31T23:59:59Z
APP-0043661,REQ-2025-00553,offer_declined,2025-07-03,,2025-07-04,,,,2025-07-31,75000,USD,2025-07-04T09:19:29Z,2026-05-31T23:59:59Z
APP-0043664,REQ-2025-00557,offer_withdrawn,2025-07-07,,,2025-07-08,,,2025-08-04,136000,USD,2025-07-08T12:31:42Z,2026-05-31T23:59:59Z
APP-0043670,REQ-2025-00562,accepted,2025-06-28,2025-07-01,,,,,2025-07-28,54000,USD,2025-07-01T10:22:46Z,2026-05-31T23:59:59Z
APP-0043688,REQ-2025-00578,accepted,2025-07-18,2025-07-19,,,,,2025-08-18,92500,USD,2025-07-19T13:16:59Z,2026-05-31T23:59:59Z
APP-0043691,REQ-2025-00587,accepted,2025-07-03,2025-07-08,,,,,2025-08-11,120000,USD,2025-07-08T08:06:06Z,2026-05-31T23:59:59Z
APP-0043696,REQ-2025-00599,accepted,2025-07-03,2025-07-05,,,,,2025-08-18,109500,USD,2025-07-05T08:05:33Z,2026-05-31T23:59:59Z
APP-0043704,REQ-2025-00612,offer_declined,2025-07-02,,2025-07-03,,,,2025-07-30,51000,USD,2025-07-03T10:30:55Z,2026-05-31T23:59:59Z
APP-0043719,REQ-2025-00323,accepted,2025-08-02,2025-08-03,,,,,2025-09-01,105500,USD,2025-08-03T11:17:55Z,2026-05-31T23:59:59Z
APP-0043745,REQ-2025-00553,accepted,2025-07-02,2025-07-03,,,,,2025-07-28,78000,USD,2025-07-03T08:23:41Z,2026-05-31T23:59:59Z
APP-0043766,REQ-2025-00577,accepted,2025-07-13,2025-07-16,,,,,2025-07-28,83000,USD,2025-07-16T14:52:37Z,2026-05-31T23:59:59Z
APP-0043773,REQ-2025-00582,accepted,2025-07-11,2025-07-14,,,,,2025-08-18,141000,USD,2025-07-14T10:17:31Z,2026-05-31T23:59:59Z
APP-0043784,REQ-2025-00597,accepted,2025-07-19,2025-07-20,,,,,2025-08-25,132000,USD,2025-07-20T08:46:15Z,2026-05-31T23:59:59Z
APP-0043795,REQ-2025-00619,accepted,2025-07-04,2025-07-06,,,,,2025-08-18,103000,USD,2025-07-06T11:25:52Z,2026-05-31T23:59:59Z
APP-0043807,REQ-2025-00223,accepted,2025-07-21,2025-07-26,,,,,2025-09-08,130000,USD,2025-07-26T09:26:48Z,2026-05-31T23:59:59Z
APP-0043824,REQ-2025-00532,accepted,2025-07-12,2025-07-15,,,,,2025-08-18,77600,USD,2025-07-26T10:30:56Z,2026-05-31T23:59:59Z
APP-0043836,REQ-2025-00548,accepted,2025-07-21,2025-07-26,,,,,2025-10-06,168500,USD,2025-07-26T15:42:05Z,2026-05-31T23:59:59Z
APP-0043841,REQ-2025-00559,accepted,2025-07-17,2025-07-21,,,,,2025-08-18,137000,USD,2025-07-30T18:05:29Z,2026-05-31T23:59:59Z
APP-0043858,REQ-2025-00576,accepted,2025-07-14,2025-07-17,,,,,2025-08-11,91500,USD,2025-07-17T12:42:52Z,2026-05-31T23:59:59Z
APP-0043877,REQ-2025-00609,accepted,2025-07-10,2025-07-12,,,,,2025-08-11,99500,USD,2025-07-12T13:53:35Z,2026-05-31T23:59:59Z
APP-0043881,REQ-2025-00610,accepted,2025-07-09,2025-07-11,,,,,2025-08-18,92500,USD,2025-07-11T13:31:17Z,2026-05-31T23:59:59Z
APP-0043882,REQ-2025-00611,accepted,2025-07-06,2025-07-07,,,,,2025-07-21,55500,USD,2025-07-12T12:00:31Z,2026-05-31T23:59:59Z
APP-0043885,REQ-2025-00612,accepted,2025-07-02,2025-07-03,,,,,2025-07-21,46600,USD,2025-07-05T16:35:08Z,2026-05-31T23:59:59Z
APP-0043887,REQ-2025-00613,offer_withdrawn,2025-07-12,,,2025-07-18,,,2025-08-09,115000,USD,2025-07-18T15:49:36Z,2026-05-31T23:59:59Z
APP-0043903,REQ-2024-01147,candidate_renege,2025-07-17,2025-07-24,,,,2025-08-31,2025-09-01,90500,USD,2025-08-31T18:06:46Z,2026-05-31T23:59:59Z
APP-0043929,REQ-2025-00548,offer_withdrawn,2025-07-26,,,2025-08-02,,,2025-08-22,166000,USD,2025-08-02T14:28:58Z,2026-05-31T23:59:59Z
APP-0043950,REQ-2025-00571,offer_withdrawn,2025-07-04,,,2025-07-07,,,2025-08-01,83500,USD,2025-07-07T16:27:53Z,2026-05-31T23:59:59Z
APP-0043954,REQ-2025-00573,accepted,2025-07-17,2025-07-19,,,,,2025-08-25,89500,USD,2025-07-19T17:03:12Z,2026-05-31T23:59:59Z
APP-0043956,REQ-2025-00580,accepted,2025-07-02,2025-07-05,,,,,2025-08-18,86500,USD,2025-07-05T16:18:04Z,2026-05-31T23:59:59Z
APP-0043976,REQ-2025-00612,accepted,2025-07-02,2025-07-03,,,,,2025-07-21,49000,USD,2025-07-03T16:42:38Z,2026-05-31T23:59:59Z
APP-0043987,REQ-2024-01084,accepted,2025-07-17,2025-07-20,,,,,2025-08-25,94800,USD,2025-07-22T19:22:15Z,2026-05-31T23:59:59Z
APP-0043995,REQ-2025-00325,accepted,2025-07-27,2025-07-29,,,,,2025-09-15,136000,USD,2025-07-31T12:23:38Z,2026-05-31T23:59:59Z
APP-0044002,REQ-2025-00377,candidate_renege,2025-07-29,2025-08-01,,,,2025-08-20,2025-09-01,72500,USD,2025-08-20T15:27:18Z,2026-05-31T23:59:59Z
APP-0044008,REQ-2025-00504,accepted,2025-07-10,2025-07-13,,,,,2025-08-11,79000,USD,2025-07-13T11:24:56Z,2026-05-31T23:59:59Z
APP-0044018,REQ-2025-00553,offer_withdrawn,2025-07-02,,,2025-07-03,,,2025-07-30,73500,USD,2025-07-03T19:06:49Z,2026-05-31T23:59:59Z
APP-0044022,REQ-2025-00555,accepted,2025-07-26,2025-07-30,,,,,2025-09-01,104000,USD,2025-07-30T10:20:04Z,2026-05-31T23:59:59Z
APP-0044031,REQ-2025-00568,accepted,2025-07-08,2025-07-10,,,,,2025-07-28,53500,USD,2025-07-10T10:26:55Z,2026-05-31T23:59:59Z
APP-0044051,REQ-2025-00607,accepted,2025-07-16,2025-07-18,,,,,2025-08-18,101500,USD,2025-07-18T18:46:01Z,2026-05-31T23:59:59Z
APP-0044097,REQ-2025-00436,offer_declined,2025-08-04,,2025-08-06,,,,2025-08-29,94500,USD,2025-08-06T18:14:40Z,2026-05-31T23:59:59Z
APP-0044109,REQ-2025-00554,offer_withdrawn,2025-07-09,,,2025-07-11,,,2025-08-06,104500,USD,2025-07-11T18:47:05Z,2026-05-31T23:59:59Z
APP-0044125,REQ-2025-00571,offer_withdrawn,2025-07-06,,,2025-07-09,,,2025-08-03,84500,USD,2025-07-09T12:36:16Z,2026-05-31T23:59:59Z
APP-0044134,REQ-2025-00586,accepted,2025-07-14,2025-07-15,,,,,2025-09-08,132500,USD,2025-07-19T11:07:03Z,2026-05-31T23:59:59Z
APP-0044143,REQ-2025-00592,accepted,2025-08-02,2025-08-09,,,,,2025-09-15,158000,USD,2025-08-09T11:16:03Z,2026-05-31T23:59:59Z
APP-0044153,REQ-2025-00609,accepted,2025-07-14,2025-07-16,,,,,2025-08-25,93000,USD,2025-07-29T15:42:42Z,2026-05-31T23:59:59Z
APP-0044162,REQ-2025-00618,offer_declined,2025-07-23,,2025-07-28,,,,2025-08-20,103500,USD,2025-07-28T13:57:59Z,2026-05-31T23:59:59Z
APP-0044169,REQ-2025-00632,accepted,2025-07-09,2025-07-12,,,,,2025-08-25,117000,USD,2025-07-12T12:31:43Z,2026-05-31T23:59:59Z
APP-0044202,REQ-2025-00517,accepted,2025-07-27,2025-08-05,,,,,2025-09-22,183500,USD,2025-08-05T15:09:44Z,2026-05-31T23:59:59Z
APP-0044209,REQ-2025-00545,accepted,2025-07-26,2025-07-29,,,,,2025-10-06,257500,USD,2025-08-09T16:10:24Z,2026-05-31T23:59:59Z
APP-0044211,REQ-2025-00546,accepted,2025-07-21,2025-07-25,,,,,2025-09-01,139000,USD,2025-08-07T12:24:35Z,2026-05-31T23:59:59Z
APP-0044241,REQ-2025-00583,accepted,2025-08-12,2025-08-14,,,,,2025-09-29,197900,USD,2025-08-17T13:13:42Z,2026-05-31T23:59:59Z
APP-0044258,REQ-2025-00608,accepted,2025-07-09,2025-07-11,,,,,2025-08-11,106000,USD,2025-07-11T17:08:51Z,2026-05-31T23:59:59Z
APP-0044262,REQ-2025-00611,offer_withdrawn,2025-07-11,,,2025-07-14,,,2025-08-08,55000,USD,2025-07-14T12:46:54Z,2026-05-31T23:59:59Z
APP-0044264,REQ-2025-00611,accepted,2025-07-06,2025-07-08,,,,,2025-07-21,49000,USD,2025-07-08T14:51:55Z,2026-05-31T23:59:59Z
APP-0044280,REQ-2025-00636,accepted,2025-07-20,2025-07-24,,,,,2025-08-25,109500,USD,2025-07-24T12:01:32Z,2026-05-31T23:59:59Z
APP-0044351,REQ-2025-00591,accepted,2025-07-09,2025-07-10,,,,,2025-08-11,78000,USD,2025-07-10T12:10:24Z,2026-05-31T23:59:59Z
APP-0044389,REQ-2025-00635,accepted,2025-07-17,2025-07-21,,,,,2025-08-18,82500,USD,2025-07-21T11:14:23Z,2026-05-31T23:59:59Z
APP-0044432,REQ-2025-00603,accepted,2025-07-12,2025-07-14,,,,,2025-08-25,145000,USD,2025-07-14T14:25:13Z,2026-05-31T23:59:59Z
APP-0044438,REQ-2025-00609,accepted,2025-07-14,2025-07-20,,,,,2025-08-25,98500,USD,2025-07-20T16:54:47Z,2026-05-31T23:59:59Z
APP-0044454,REQ-2025-00623,accepted,2025-07-25,2025-07-26,,,,,2025-08-18,93000,USD,2025-07-26T17:42:18Z,2026-05-31T23:59:59Z
APP-0044457,REQ-2025-00626,offer_withdrawn,2025-08-03,,,2025-08-04,,,2025-08-31,102500,USD,2025-08-04T12:28:48Z,2026-05-31T23:59:59Z
APP-0044465,REQ-2025-00634,accepted,2025-07-18,2025-07-20,,,,,2025-08-25,85500,USD,2025-07-20T10:21:35Z,2026-05-31T23:59:59Z
APP-0044467,REQ-2025-00635,accepted,2025-07-24,2025-07-26,,,,,2025-08-18,72000,USD,2025-07-26T19:40:51Z,2026-05-31T23:59:59Z
APP-0044483,REQ-2025-00453,accepted,2025-08-20,2025-09-03,,,,,2025-10-13,130000,USD,2025-09-03T09:04:20Z,2026-05-31T23:59:59Z
APP-0044518,REQ-2025-00592,offer_withdrawn,2025-08-09,,,2025-08-14,,,2025-09-06,157000,USD,2025-08-14T08:17:38Z,2026-05-31T23:59:59Z
APP-0044525,REQ-2025-00598,accepted,2025-07-27,2025-07-30,,,,,2025-09-01,139500,USD,2025-07-30T11:11:24Z,2026-05-31T23:59:59Z
APP-0044532,REQ-2025-00610,accepted,2025-07-12,2025-07-15,,,,,2025-08-18,106500,USD,2025-07-15T15:31:10Z,2026-05-31T23:59:59Z
APP-0044533,REQ-2025-00610,accepted,2025-07-16,2025-07-18,,,,,2025-08-25,97500,USD,2025-07-18T12:10:16Z,2026-05-31T23:59:59Z
APP-0044542,REQ-2025-00613,accepted,2025-07-11,2025-07-13,,,,,2025-08-18,116500,USD,2025-07-13T15:30:01Z,2026-05-31T23:59:59Z
APP-0044548,REQ-2025-00629,accepted,2025-07-11,2025-07-13,,,,,2025-09-01,69000,USD,2025-07-20T13:52:39Z,2026-05-31T23:59:59Z
APP-0044565,REQ-2025-00168,offer_declined,2025-07-21,,2025-07-24,,,,2025-08-18,95000,USD,2025-07-24T10:35:04Z,2026-05-31T23:59:59Z
APP-0044599,REQ-2025-00585,accepted,2025-07-12,2025-07-17,,,,,2025-08-18,100000,USD,2025-07-17T08:35:08Z,2026-05-31T23:59:59Z
APP-0044618,REQ-2025-00611,accepted,2025-07-12,2025-07-13,,,,,2025-08-04,57000,USD,2025-07-13T16:31:55Z,2026-05-31T23:59:59Z
APP-0044629,REQ-2025-00621,accepted,2025-07-15,2025-07-17,,,,,2025-09-08,69000,USD,2025-07-21T11:08:30Z,2026-05-31T23:59:59Z
APP-0044637,REQ-2025-00626,accepted,2025-07-22,2025-08-04,,,,,2025-09-15,110500,USD,2025-08-04T13:26:00Z,2026-05-31T23:59:59Z
APP-0044649,REQ-2025-00637,accepted,2025-08-20,2025-08-23,,,,,2025-10-13,172500,USD,2025-08-23T19:45:44Z,2026-05-31T23:59:59Z
APP-0044670,REQ-2025-00343,offer_declined,2025-07-10,,2025-07-12,,,,2025-08-07,103000,USD,2025-07-12T16:56:47Z,2026-05-31T23:59:59Z
APP-0044699,REQ-2025-00609,offer_withdrawn,2025-07-19,,,2025-07-21,,,2025-08-16,96000,USD,2025-07-21T11:44:37Z,2026-05-31T23:59:59Z
APP-0044700,REQ-2025-00609,accepted,2025-07-13,2025-07-15,,,,,2025-08-18,88500,USD,2025-07-15T11:19:27Z,2026-05-31T23:59:59Z
APP-0044701,REQ-2025-00610,offer_withdrawn,2025-07-17,,,2025-07-19,,,2025-08-14,97000,USD,2025-07-19T10:02:17Z,2026-05-31T23:59:59Z
APP-0044708,REQ-2025-00625,accepted,2025-08-12,2025-08-20,,,,,2025-09-08,88000,USD,2025-08-27T16:53:33Z,2026-05-31T23:59:59Z
APP-0044710,REQ-2025-00626,accepted,2025-07-25,2025-07-31,,,,,2025-09-08,98500,USD,2025-07-31T14:01:34Z,2026-05-31T23:59:59Z
APP-0044715,REQ-2025-00633,accepted,2025-08-01,2025-08-05,,,,,2025-09-01,83000,USD,2025-08-05T09:26:09Z,2026-05-31T23:59:59Z
APP-0044718,REQ-2025-00634,accepted,2025-07-14,2025-07-17,,,,,2025-08-25,97000,USD,2025-07-17T15:13:16Z,2026-05-31T23:59:59Z
APP-0044721,REQ-2025-00635,accepted,2025-07-15,2025-07-19,,,,,2025-08-18,84500,USD,2025-07-19T15:44:43Z,2026-05-31T23:59:59Z
APP-0044759,REQ-2025-00536,accepted,2025-07-18,2025-07-22,,,,,2025-08-25,75500,USD,2025-07-22T12:46:22Z,2026-05-31T23:59:59Z
APP-0044792,REQ-2025-00618,accepted,2025-07-30,2025-07-31,,,,,2025-09-08,117500,USD,2025-08-12T18:48:58Z,2026-05-31T23:59:59Z
APP-0044799,REQ-2025-00632,accepted,2025-07-14,2025-07-15,,,,,2025-08-25,99500,USD,2025-07-15T10:08:18Z,2026-05-31T23:59:59Z
APP-0044804,REQ-2025-00635,accepted,2025-07-12,2025-07-15,,,,,2025-08-11,81500,USD,2025-07-15T17:19:23Z,2026-05-31T23:59:59Z
APP-0044811,REQ-2025-00646,accepted,2025-07-18,2025-07-24,,,,,2025-08-18,67500,USD,2025-07-24T14:24:21Z,2026-05-31T23:59:59Z
APP-0044858,REQ-2025-00616,accepted,2025-07-16,2025-07-18,,,,,2025-08-04,52000,USD,2025-07-18T11:22:29Z,2026-05-31T23:59:59Z
APP-0044869,REQ-2025-00632,offer_withdrawn,2025-07-13,,,2025-07-16,,,2025-08-10,109000,USD,2025-07-16T18:34:08Z,2026-05-31T23:59:59Z
APP-0044875,REQ-2025-00641,accepted,2025-07-25,2025-07-30,,,,,2025-09-01,139500,USD,2025-07-30T15:02:34Z,2026-05-31T23:59:59Z
APP-0044878,REQ-2025-00645,accepted,2025-07-15,2025-07-19,,,,,2025-08-25,145000,USD,2025-07-19T16:41:27Z,2026-05-31T23:59:59Z
APP-0044880,REQ-2025-00647,accepted,2025-07-17,2025-07-21,,,,,2025-08-18,103000,USD,2025-07-21T12:02:18Z,2026-05-31T23:59:59Z
APP-0044889,REQ-2025-00048,accepted,2025-08-06,2025-08-14,,,,,2025-09-15,168000,USD,2025-08-14T13:51:42Z,2026-05-31T23:59:59Z
APP-0044895,REQ-2025-00239,accepted,2025-08-03,2025-08-13,,,,,2025-09-22,128500,USD,2025-08-13T12:42:44Z,2026-05-31T23:59:59Z
APP-0044951,REQ-2025-00622,candidate_renege,2025-07-14,2025-07-16,,,,2025-07-25,2025-08-18,80000,USD,2025-07-25T13:45:10Z,2026-05-31T23:59:59Z
APP-0044955,REQ-2025-00631,accepted,2025-07-12,2025-07-14,,,,,2025-08-11,83000,USD,2025-07-14T18:49:35Z,2026-05-31T23:59:59Z
APP-0044996,REQ-2025-00504,accepted,2025-07-16,2025-07-17,,,,,2025-08-11,83500,USD,2025-07-17T11:17:29Z,2026-05-31T23:59:59Z
APP-0044997,REQ-2025-00511,accepted,2025-08-02,2025-08-03,,,,,2025-09-01,132000,USD,2025-08-03T11:15:43Z,2026-05-31T23:59:59Z
APP-0045018,REQ-2025-00622,offer_declined,2025-07-27,,2025-07-29,,,,2025-08-20,74000,USD,2025-07-29T14:26:52Z,2026-05-31T23:59:59Z
APP-0045020,REQ-2025-00622,accepted,2025-08-13,2025-08-16,,,,,2025-09-08,81000,USD,2025-08-26T08:13:17Z,2026-05-31T23:59:59Z
APP-0045049,REQ-2025-00290,accepted,2025-07-26,2025-07-28,,,,,2025-08-25,54000,USD,2025-07-28T10:36:47Z,2026-05-31T23:59:59Z
APP-0045073,REQ-2025-00578,offer_declined,2025-08-27,,2025-09-03,,,,2025-09-24,90000,USD,2025-09-03T15:26:26Z,2026-05-31T23:59:59Z
APP-0045087,REQ-2025-00618,offer_declined,2025-07-19,,2025-07-21,,,,2025-08-16,101000,USD,2025-07-21T17:50:44Z,2026-05-31T23:59:59Z
APP-0045102,REQ-2025-00635,accepted,2025-07-19,2025-07-22,,,,,2025-08-25,79500,USD,2025-07-22T14:13:24Z,2026-05-31T23:59:59Z
APP-0045105,REQ-2025-00639,accepted,2025-07-30,2025-08-02,,,,,2025-09-01,103000,USD,2025-08-02T15:17:59Z,2026-05-31T23:59:59Z
APP-0045109,REQ-2025-00646,accepted,2025-07-21,2025-07-26,,,,,2025-08-18,66500,USD,2025-07-26T08:31:08Z,2026-05-31T23:59:59Z
APP-0045114,REQ-2025-00654,accepted,2025-07-20,2025-07-22,,,,,2025-09-01,93500,USD,2025-07-22T09:22:56Z,2026-05-31T23:59:59Z
APP-0045115,REQ-2024-00001,accepted,2025-08-18,2025-08-20,,,,,2025-09-22,142000,USD,2025-08-20T18:21:26Z,2026-05-31T23:59:59Z
APP-0045128,REQ-2025-00135,accepted,2025-08-14,2025-08-26,,,,,2025-09-22,106000,USD,2025-08-26T14:43:36Z,2026-05-31T23:59:59Z
APP-0045172,REQ-2025-00646,offer_withdrawn,2025-07-22,,,2025-07-28,,,2025-08-19,69000,USD,2025-07-28T17:01:55Z,2026-05-31T23:59:59Z
APP-0045174,REQ-2025-00650,accepted,2025-07-23,2025-07-27,,,,,2025-09-01,68500,USD,2025-08-04T15:41:42Z,2026-05-31T23:59:59Z
APP-0045217,REQ-2025-00606,accepted,2025-07-19,2025-07-20,,,,,2025-09-01,95000,USD,2025-07-20T19:26:11Z,2026-05-31T23:59:59Z
APP-0045244,REQ-2025-00646,offer_withdrawn,2025-07-21,,,2025-07-28,,,2025-08-18,65500,USD,2025-07-28T09:04:44Z,2026-05-31T23:59:59Z
APP-0045249,REQ-2025-00650,offer_withdrawn,2025-07-25,,,2025-07-27,,,2025-08-22,78500,USD,2025-07-27T18:49:53Z,2026-05-31T23:59:59Z
APP-0045267,REQ-2025-00212,offer_declined,2025-08-16,,2025-08-17,,,,2025-09-13,68000,USD,2025-08-17T11:53:56Z,2026-05-31T23:59:59Z
APP-0045268,REQ-2025-00231,accepted,2025-07-26,2025-07-28,,,,,2025-08-11,56500,USD,2025-07-28T08:59:49Z,2026-05-31T23:59:59Z
APP-0045308,REQ-2025-00626,accepted,2025-07-26,2025-07-29,,,,,2025-09-01,101000,USD,2025-07-29T16:09:24Z,2026-05-31T23:59:59Z
APP-0045333,REQ-2025-00654,accepted,2025-08-05,2025-08-07,,,,,2025-09-15,93000,USD,2025-08-07T14:33:35Z,2026-05-31T23:59:59Z
APP-0045340,REQ-2024-01094,accepted,2025-08-19,2025-08-23,,,,,2025-10-13,212000,USD,2025-08-23T09:21:06Z,2026-05-31T23:59:59Z
APP-0045350,REQ-2025-00400,accepted,2025-08-06,2025-08-08,,,,,2025-09-15,111500,USD,2025-08-08T15:22:43Z,2026-05-31T23:59:59Z
APP-0045374,REQ-2025-00626,accepted,2025-07-26,2025-07-27,,,,,2025-09-01,113500,USD,2025-07-27T11:11:20Z,2026-05-31T23:59:59Z
APP-0045380,REQ-2025-00635,offer_withdrawn,2025-07-23,,,2025-07-27,,,2025-08-20,76000,USD,2025-07-27T17:56:30Z,2026-05-31T23:59:59Z
APP-0045386,REQ-2025-00643,accepted,2025-07-23,2025-07-25,,,,,2025-08-18,76500,USD,2025-07-25T14:54:51Z,2026-05-31T23:59:59Z
APP-0045388,REQ-2025-00644,accepted,2025-07-22,2025-07-27,,,,,2025-09-01,104500,USD,2025-07-27T19:17:16Z,2026-05-31T23:59:59Z
APP-0045395,REQ-2025-00653,accepted,2025-07-25,2025-07-26,,,,,2025-08-25,65000,USD,2025-07-26T10:02:40Z,2026-05-31T23:59:59Z
APP-0045400,REQ-2025-00654,candidate_renege,2025-07-22,2025-07-24,,,,2025-08-16,2025-09-08,95000,USD,2025-08-16T08:17:07Z,2026-05-31T23:59:59Z
APP-0045401,REQ-2025-00654,accepted,2025-08-01,2025-08-02,,,,,2025-09-08,97000,USD,2025-08-02T14:28:37Z,2026-05-31T23:59:59Z
APP-0045404,REQ-2025-00657,accepted,2025-07-30,2025-07-31,,,,,2025-09-08,93500,USD,2025-07-31T17:04:26Z,2026-05-31T23:59:59Z
APP-0045405,REQ-2025-00657,accepted,2025-07-21,2025-07-23,,,,,2025-08-25,96000,USD,2025-07-23T11:45:16Z,2026-05-31T23:59:59Z
APP-0045438,REQ-2025-00628,accepted,2025-08-10,2025-08-11,,,,,2025-09-22,114500,USD,2025-08-25T17:30:26Z,2026-05-31T23:59:59Z
APP-0045458,REQ-2025-00654,accepted,2025-07-30,2025-08-01,,,,,2025-09-01,103500,USD,2025-08-01T12:44:36Z,2026-05-31T23:59:59Z
APP-0045460,REQ-2025-00656,accepted,2025-08-18,2025-08-19,,,,,2025-09-15,142500,USD,2025-08-31T14:07:01Z,2026-05-31T23:59:59Z
APP-0045471,REQ-2024-00836,offer_declined,2025-08-13,,2025-08-16,,,,2025-09-10,80000,USD,2025-08-16T08:31:14Z,2026-05-31T23:59:59Z
APP-0045481,REQ-2025-00317,offer_withdrawn,2025-07-30,,,2025-07-31,,,2025-08-27,79000,USD,2025-07-31T18:55:25Z,2026-05-31T23:59:59Z
APP-0045487,REQ-2025-00351,offer_declined,2025-08-21,,2025-08-27,,,,2025-09-18,162500,USD,2025-08-27T16:01:44Z,2026-05-31T23:59:59Z
APP-0045511,REQ-2025-00620,candidate_renege,2025-07-28,2025-07-30,,,,2025-08-19,2025-09-01,142000,USD,2025-08-19T11:21:07Z,2026-05-31T23:59:59Z
APP-0045513,REQ-2025-00622,accepted,2025-07-26,2025-07-28,,,,,2025-08-25,69500,USD,2025-07-28T15:28:15Z,2026-05-31T23:59:59Z
APP-0045518,REQ-2025-00635,accepted,2025-07-25,2025-07-26,,,,,2025-08-25,77500,USD,2025-07-26T14:01:43Z,2026-05-31T23:59:59Z
APP-0045524,REQ-2025-00642,offer_declined,2025-08-17,,2025-08-26,,,,2025-09-14,97500,USD,2025-08-26T19:46:55Z,2026-05-31T23:59:59Z
APP-0045529,REQ-2025-00653,accepted,2025-07-22,2025-07-26,,,,,2025-08-25,65500,USD,2025-07-26T19:09:06Z,2026-05-31T23:59:59Z
APP-0045540,REQ-2025-00657,accepted,2025-07-26,2025-07-27,,,,,2025-09-01,91500,USD,2025-07-27T13:09:04Z,2026-05-31T23:59:59Z
APP-0045619,REQ-2025-00668,accepted,2025-08-07,2025-08-08,,,,,2025-09-08,70000,USD,2025-08-14T12:52:24Z,2026-05-31T23:59:59Z
APP-0045620,REQ-2025-00671,accepted,2025-07-27,2025-07-29,,,,,2025-08-18,58000,USD,2025-07-29T10:36:31Z,2026-05-31T23:59:59Z
APP-0045632,REQ-2024-01185,offer_withdrawn,2025-08-26,,,2025-08-27,,,2025-09-21,114500,USD,2025-08-27T13:10:26Z,2026-05-31T23:59:59Z
APP-0045656,REQ-2025-00582,accepted,2025-08-15,2025-08-17,,,,,2025-09-22,125000,USD,2025-08-17T19:02:53Z,2026-05-31T23:59:59Z
APP-0045658,REQ-2025-00605,accepted,2025-08-07,2025-08-10,,,,,2025-09-15,89000,USD,2025-08-10T08:07:54Z,2026-05-31T23:59:59Z
APP-0045667,REQ-2025-00637,offer_declined,2025-08-17,,2025-08-19,,,,2025-09-14,192500,USD,2025-08-19T10:19:52Z,2026-05-31T23:59:59Z
APP-0045675,REQ-2025-00656,accepted,2025-08-27,2025-08-30,,,,,2025-10-13,125000,USD,2025-08-30T14:03:17Z,2026-05-31T23:59:59Z
APP-0045678,REQ-2025-00657,accepted,2025-07-31,2025-08-01,,,,,2025-09-01,94500,USD,2025-08-01T12:20:40Z,2026-05-31T23:59:59Z
APP-0045679,REQ-2025-00660,accepted,2025-07-27,2025-08-01,,,,,2025-08-25,105500,USD,2025-08-01T10:41:18Z,2026-05-31T23:59:59Z
APP-0045703,REQ-2025-00270,accepted,2025-08-11,2025-08-14,,,,,2025-09-08,76500,USD,2025-08-14T19:30:40Z,2026-05-31T23:59:59Z
APP-0045707,REQ-2025-00327,accepted,2025-08-13,2025-08-25,,,,,2025-09-29,151500,USD,2025-08-25T10:31:21Z,2026-05-31T23:59:59Z
APP-0045739,REQ-2025-00651,accepted,2025-08-06,2025-08-18,,,,,2025-09-29,116500,USD,2025-08-18T17:43:25Z,2026-05-31T23:59:59Z
APP-0045749,REQ-2025-00657,accepted,2025-08-01,2025-08-05,,,,,2025-09-15,93000,USD,2025-08-05T11:59:54Z,2026-05-31T23:59:59Z
APP-0045752,REQ-2025-00666,accepted,2025-07-29,2025-08-01,,,,,2025-08-25,51000,USD,2025-08-01T09:04:51Z,2026-05-31T23:59:59Z
APP-0045755,REQ-2025-00668,accepted,2025-08-05,2025-08-07,,,,,2025-09-01,72000,USD,2025-08-07T17:22:24Z,2026-05-31T23:59:59Z
APP-0045764,REQ-2025-00691,accepted,2025-08-23,2025-08-28,,,,,2025-10-06,115000,USD,2025-08-28T16:45:57Z,2026-05-31T23:59:59Z
APP-0045789,REQ-2025-00633,offer_declined,2025-07-29,,2025-07-30,,,,2025-08-26,77000,USD,2025-07-30T10:41:58Z,2026-05-31T23:59:59Z
APP-0045813,REQ-2025-00672,offer_withdrawn,2025-07-28,,,2025-07-30,,,2025-08-25,73500,USD,2025-07-30T11:42:20Z,2026-05-31T23:59:59Z
APP-0045825,REQ-2025-00694,accepted,2025-07-28,2025-07-30,,,,,2025-08-11,61500,USD,2025-07-30T10:19:22Z,2026-05-31T23:59:59Z
APP-0045843,REQ-2025-00267,accepted,2025-09-12,2025-09-17,,,,,2025-11-10,203000,USD,2025-09-17T08:31:21Z,2026-05-31T23:59:59Z
APP-0045851,REQ-2025-00428,accepted,2025-08-07,2025-08-08,,,,,2025-09-01,61000,USD,2025-08-08T13:13:24Z,2026-05-31T23:59:59Z
APP-0045853,REQ-2025-00465,accepted,2025-08-30,2025-09-01,,,,,2025-10-20,168500,USD,2025-09-01T10:31:52Z,2026-05-31T23:59:59Z
APP-0045858,REQ-2025-00563,accepted,2025-08-01,2025-08-04,,,,,2025-08-25,59000,USD,2025-08-04T17:45:52Z,2026-05-31T23:59:59Z
APP-0045860,REQ-2025-00575,accepted,2025-07-29,2025-07-31,,,,,2025-08-25,59300,USD,2025-08-06T19:46:41Z,2026-05-31T23:59:59Z
APP-0045871,REQ-2025-00649,accepted,2025-08-11,2025-08-13,,,,,2025-09-29,101500,USD,2025-08-18T14:46:14Z,2026-05-31T23:59:59Z
APP-0045877,REQ-2025-00654,offer_withdrawn,2025-08-05,,,2025-08-09,,,2025-09-02,93000,USD,2025-08-09T17:29:39Z,2026-05-31T23:59:59Z
APP-0045889,REQ-2025-00668,accepted,2025-07-26,2025-07-29,,,,,2025-09-01,70500,USD,2025-07-29T18:01:47Z,2026-05-31T23:59:59Z
APP-0045890,REQ-2025-00668,accepted,2025-08-02,2025-08-04,,,,,2025-09-01,72500,USD,2025-08-04T08:47:42Z,2026-05-31T23:59:59Z
APP-0045898,REQ-2025-00677,candidate_renege,2025-07-28,2025-07-30,,,,2025-08-16,2025-08-18,50000,USD,2025-08-16T13:36:28Z,2026-05-31T23:59:59Z
APP-0045907,REQ-2024-00762,offer_declined,2025-07-31,,2025-08-03,,,,2025-08-28,110500,USD,2025-08-03T13:03:47Z,2026-05-31T23:59:59Z
APP-0045912,REQ-2024-01185,accepted,2025-08-19,2025-08-26,,,,,2025-10-06,109000,USD,2025-08-26T19:38:37Z,2026-05-31T23:59:59Z
APP-0045928,REQ-2025-00575,offer_withdrawn,2025-07-31,,,2025-08-01,,,2025-08-26,62500,USD,2025-08-01T13:17:20Z,2026-05-31T23:59:59Z
APP-0045954,REQ-2025-00649,offer_declined,2025-08-09,,2025-08-12,,,,2025-09-06,104000,USD,2025-08-12T18:33:48Z,2026-05-31T23:59:59Z
APP-0045968,REQ-2025-00659,candidate_renege,2025-08-02,2025-08-07,,,,2025-09-05,2025-09-08,75500,USD,2025-09-05T15:57:24Z,2026-05-31T23:59:59Z
APP-0045989,REQ-2025-00693,offer_declined,2025-08-05,,2025-08-08,,,,2025-09-02,96500,USD,2025-08-08T12:19:08Z,2026-05-31T23:59:59Z
APP-0045992,REQ-2025-00701,accepted,2025-07-28,2025-07-31,,,,,2025-08-25,76000,USD,2025-07-31T16:57:25Z,2026-05-31T23:59:59Z
APP-0046013,REQ-2025-00395,accepted,2025-08-16,2025-08-18,,,,,2025-10-06,145500,USD,2025-08-18T08:11:54Z,2026-05-31T23:59:59Z
APP-0046048,REQ-2025-00673,accepted,2025-08-03,2025-08-06,,,,,2025-08-25,75000,USD,2025-08-06T11:07:51Z,2026-05-31T23:59:59Z
APP-0046059,REQ-2025-00695,offer_declined,2025-08-10,,2025-08-15,,,,2025-09-06,90500,USD,2025-08-15T16:30:08Z,2026-05-31T23:59:59Z
APP-0046073,REQ-2024-01210,accepted,2025-08-15,2025-08-21,,,,,2025-09-29,97000,USD,2025-08-21T09:31:56Z,2026-05-31T23:59:59Z
APP-0046097,REQ-2025-00626,offer_withdrawn,2025-08-03,,,2025-08-04,,,2025-08-31,111000,USD,2025-08-04T10:26:35Z,2026-05-31T23:59:59Z
APP-0046137,REQ-2025-00684,accepted,2025-08-07,2025-08-08,,,,,2025-09-15,63000,USD,2025-08-12T19:07:18Z,2026-05-31T23:59:59Z
APP-0046138,REQ-2025-00684,accepted,2025-08-07,2025-08-08,,,,,2025-08-25,67000,USD,2025-08-08T14:01:27Z,2026-05-31T23:59:59Z
APP-0046139,REQ-2025-00685,offer_declined,2025-08-28,,2025-09-01,,,,2025-09-23,72500,USD,2025-09-01T14:42:41Z,2026-05-31T23:59:59Z
APP-0046146,REQ-2025-00694,accepted,2025-08-01,2025-08-03,,,,,2025-08-18,54000,USD,2025-08-03T19:53:27Z,2026-05-31T23:59:59Z
APP-0046150,REQ-2025-00705,accepted,2025-08-10,2025-08-12,,,,,2025-09-15,102000,USD,2025-08-12T09:25:23Z,2026-05-31T23:59:59Z
APP-0046155,REQ-2024-00876,accepted,2025-08-17,2025-08-20,,,,,2025-09-15,92500,USD,2025-08-20T16:04:28Z,2026-05-31T23:59:59Z
APP-0046156,REQ-2024-01223,offer_declined,2025-09-29,,2025-10-03,,,,2025-10-27,122000,USD,2025-10-03T15:19:18Z,2026-05-31T23:59:59Z
APP-0046160,REQ-2025-00314,accepted,2025-09-01,2025-09-02,,,,,2025-09-22,63500,USD,2025-09-02T13:33:52Z,2026-05-31T23:59:59Z
APP-0046168,REQ-2025-00574,candidate_renege,2025-08-09,2025-08-12,,,,2025-08-27,2025-10-14,188000,USD,2025-08-27T08:41:22Z,2026-05-31T23:59:59Z
APP-0046189,REQ-2025-00662,accepted,2025-08-05,2025-08-06,,,,,2025-09-29,156500,USD,2025-08-06T10:46:02Z,2026-05-31T23:59:59Z
APP-0046201,REQ-2025-00676,offer_withdrawn,2025-08-31,,,2025-09-03,,,2025-09-28,114500,USD,2025-09-03T12:17:13Z,2026-05-31T23:59:59Z
APP-0046213,REQ-2025-00702,accepted,2025-08-24,2025-08-28,,,,,2025-09-22,91000,USD,2025-08-28T18:40:36Z,2026-05-31T23:59:59Z
APP-0046234,REQ-2025-00485,accepted,2025-08-06,2025-08-08,,,,,2025-09-08,73000,USD,2025-08-08T14:41:09Z,2026-05-31T23:59:59Z
APP-0046237,REQ-2025-00541,offer_declined,2025-08-06,,2025-08-08,,,,2025-09-03,63500,USD,2025-08-08T19:53:35Z,2026-05-31T23:59:59Z
APP-0046242,REQ-2025-00627,offer_declined,2025-08-15,,2025-08-18,,,,2025-09-12,79500,USD,2025-08-18T12:01:59Z,2026-05-31T23:59:59Z
APP-0046246,REQ-2025-00638,accepted,2025-08-19,2025-08-21,,,,,2025-09-22,98000,USD,2025-08-21T11:20:14Z,2026-05-31T23:59:59Z
APP-0046260,REQ-2025-00665,accepted,2025-08-22,2025-08-27,,,,,2025-10-20,218000,USD,2025-08-27T17:12:57Z,2026-05-31T23:59:59Z
APP-0046265,REQ-2025-00675,accepted,2025-08-03,2025-08-04,,,,,2025-09-08,130500,USD,2025-08-04T14:47:50Z,2026-05-31T23:59:59Z
APP-0046271,REQ-2025-00684,accepted,2025-08-02,2025-08-06,,,,,2025-08-25,61500,USD,2025-08-06T13:39:26Z,2026-05-31T23:59:59Z
APP-0046296,REQ-2024-00826,accepted,2025-09-26,2025-09-30,,,,,2025-10-27,97500,USD,2025-09-30T12:35:47Z,2026-05-31T23:59:59Z
APP-0046300,REQ-2024-01219,accepted,2025-08-12,2025-08-13,,,,,2025-09-08,57500,USD,2025-08-13T19:02:00Z,2026-05-31T23:59:59Z
APP-0046310,REQ-2025-00486,accepted,2025-08-09,2025-08-13,,,,,2025-09-01,99000,USD,2025-08-26T15:03:05Z,2026-05-31T23:59:59Z
APP-0046317,REQ-2025-00618,accepted,2025-08-08,2025-08-09,,,,,2025-09-08,103500,USD,2025-08-09T16:01:14Z,2026-05-31T23:59:59Z
APP-0046331,REQ-2025-00657,offer_withdrawn,2025-08-02,,,2025-08-05,,,2025-08-30,91000,USD,2025-08-05T09:44:29Z,2026-05-31T23:59:59Z
APP-0046339,REQ-2025-00668,offer_withdrawn,2025-08-05,,,2025-08-08,,,2025-08-29,83000,USD,2025-08-08T19:23:59Z,2026-05-31T23:59:59Z
APP-0046347,REQ-2025-00684,offer_withdrawn,2025-08-08,,,2025-08-09,,,2025-09-04,60000,USD,2025-08-09T08:35:27Z,2026-05-31T23:59:59Z
APP-0046348,REQ-2025-00686,accepted,2025-08-10,2025-08-11,,,,,2025-09-15,68500,USD,2025-08-11T18:31:58Z,2026-05-31T23:59:59Z
APP-0046368,REQ-2025-00708,accepted,2025-08-10,2025-08-12,,,,,2025-09-08,59000,USD,2025-08-12T16:21:48Z,2026-05-31T23:59:59Z
APP-0046371,REQ-2025-00710,accepted,2025-08-12,2025-08-16,,,,,2025-09-15,124500,USD,2025-08-16T13:48:41Z,2026-05-31T23:59:59Z
APP-0046389,REQ-2024-01225,accepted,2025-08-07,2025-08-10,,,,,2025-10-13,113500,USD,2025-08-22T17:29:40Z,2026-05-31T23:59:59Z
APP-0046449,REQ-2025-00711,candidate_renege,2025-08-11,2025-08-16,,,,2025-08-30,2025-09-22,113500,USD,2025-08-30T19:22:53Z,2026-05-31T23:59:59Z
APP-0046455,REQ-2025-00718,accepted,2025-08-01,2025-08-03,,,,,2025-08-25,56500,USD,2025-08-03T16:43:19Z,2026-05-31T23:59:59Z
APP-0046457,REQ-2024-01021,offer_declined,2025-08-27,,2025-08-31,,,,2025-09-24,98000,USD,2025-08-31T18:44:27Z,2026-05-31T23:59:59Z
APP-0046461,REQ-2024-01231,accepted,2025-09-26,2025-09-27,,,,,2025-12-01,249500,USD,2025-09-29T18:03:41Z,2026-05-31T23:59:59Z
APP-0046462,REQ-2025-00011,candidate_renege,2025-08-12,2025-08-14,,,,2025-09-04,2025-10-10,133000,USD,2025-09-04T11:20:39Z,2026-05-31T23:59:59Z
APP-0046463,REQ-2025-00047,accepted,2025-09-18,2025-09-20,,,,,2025-10-20,102500,USD,2025-09-20T17:56:33Z,2026-05-31T23:59:59Z
APP-0046468,REQ-2025-00212,accepted,2025-08-26,2025-09-07,,,,,2025-09-22,74000,USD,2025-09-07T11:22:01Z,2026-05-31T23:59:59Z
APP-0046520,REQ-2025-00702,offer_declined,2025-09-02,,2025-09-03,,,,2025-09-27,104000,USD,2025-09-03T18:14:48Z,2026-05-31T23:59:59Z
APP-0046548,REQ-2025-00400,accepted,2025-08-25,2025-08-30,,,,,2025-10-27,117000,USD,2025-09-04T14:02:20Z,2026-05-31T23:59:59Z
APP-0046575,REQ-2025-00678,accepted,2025-08-03,2025-08-05,,,,,2025-09-08,94000,USD,2025-08-05T15:53:54Z,2026-05-31T23:59:59Z
APP-0046591,REQ-2025-00708,offer_withdrawn,2025-08-12,,,2025-08-13,,,2025-09-09,58000,USD,2025-08-13T17:27:33Z,2026-05-31T23:59:59Z
APP-0046592,REQ-2025-00708,offer_withdrawn,2025-08-11,,,2025-08-13,,,2025-09-08,60000,USD,2025-08-13T08:15:59Z,2026-05-31T23:59:59Z
APP-0046594,REQ-2025-00711,accepted,2025-08-13,2025-08-14,,,,,2025-09-22,111500,USD,2025-08-14T17:46:50Z,2026-05-31T23:59:59Z
APP-0046597,REQ-2025-00715,accepted,2025-08-15,2025-08-18,,,,,2025-09-29,132500,USD,2025-08-18T09:48:32Z,2026-05-31T23:59:59Z
APP-0046599,REQ-2025-00717,accepted,2025-08-13,2025-08-16,,,,,2025-09-08,79500,USD,2025-08-16T10:24:55Z,2026-05-31T23:59:59Z
APP-0046640,REQ-2025-00658,accepted,2025-09-08,2025-09-15,,,,,2025-10-20,114500,USD,2025-09-15T18:10:15Z,2026-05-31T23:59:59Z
APP-0046671,REQ-2025-00707,accepted,2025-08-13,2025-08-16,,,,,2025-09-22,144000,USD,2025-08-16T19:21:54Z,2026-05-31T23:59:59Z
APP-0046677,REQ-2025-00717,offer_declined,2025-08-10,,2025-08-12,,,,2025-09-07,78500,USD,2025-08-12T16:11:19Z,2026-05-31T23:59:59Z
APP-0046682,REQ-2025-00721,accepted,2025-08-12,2025-08-18,,,,,2025-09-22,95500,USD,2025-08-18T09:19:35Z,2026-05-31T23:59:59Z
APP-0046683,REQ-2025-00722,offer_withdrawn,2025-08-09,,,2025-08-14,,,2025-09-06,87000,USD,2025-08-14T14:14:09Z,2026-05-31T23:59:59Z
APP-0046684,REQ-2025-00722,accepted,2025-08-11,2025-08-13,,,,,2025-09-22,79000,USD,2025-08-13T16:39:46Z,2026-05-31T23:59:59Z
APP-0046699,REQ-2025-00222,offer_declined,2025-08-29,,2025-09-05,,,,2025-09-26,128500,USD,2025-09-05T12:53:02Z,2026-05-31T23:59:59Z
APP-0046704,REQ-2025-00324,accepted,2025-09-01,2025-09-04,,,,,2025-10-27,184000,USD,2025-09-04T08:29:33Z,2026-05-31T23:59:59Z
APP-0046725,REQ-2025-00630,accepted,2025-08-16,2025-08-19,,,,,2025-09-22,107100,USD,2025-08-29T18:37:45Z,2026-05-31T23:59:59Z
APP-0046750,REQ-2025-00693,accepted,2025-08-13,2025-08-19,,,,,2025-10-20,106500,USD,2025-09-02T08:15:45Z,2026-05-31T23:59:59Z
APP-0046752,REQ-2025-00700,accepted,2025-08-14,2025-08-17,,,,,2025-10-13,173000,USD,2025-08-17T09:49:17Z,2026-05-31T23:59:59Z
APP-0046756,REQ-2025-00705,accepted,2025-08-13,2025-08-17,,,,,2025-09-22,98500,USD,2025-08-17T18:31:32Z,2026-05-31T23:59:59Z
APP-0046768,REQ-2025-00719,accepted,2025-08-07,2025-08-08,,,,,2025-09-15,100500,USD,2025-08-11T14:11:12Z,2026-05-31T23:59:59Z
APP-0046769,REQ-2025-00720,accepted,2025-08-11,2025-08-12,,,,,2025-09-08,67500,USD,2025-08-12T11:09:10Z,2026-05-31T23:59:59Z
APP-0046791,REQ-2025-00328,accepted,2025-08-17,2025-08-19,,,,,2025-09-08,58500,USD,2025-08-19T14:16:11Z,2026-05-31T23:59:59Z
APP-0046804,REQ-2025-00656,accepted,2025-08-25,2025-08-27,,,,,2025-10-06,123500,USD,2025-08-27T08:14:08Z,2026-05-31T23:59:59Z
APP-0046815,REQ-2025-00680,offer_declined,2025-09-07,,2025-09-10,,,,2025-10-05,130500,USD,2025-09-10T11:46:15Z,2026-05-31T23:59:59Z
APP-0046816,REQ-2025-00684,offer_withdrawn,2025-08-06,,,2025-08-08,,,2025-09-03,56000,USD,2025-08-08T13:41:17Z,2026-05-31T23:59:59Z
APP-0046821,REQ-2025-00704,accepted,2025-08-25,2025-08-28,,,,,2025-09-22,79000,USD,2025-08-28T15:53:01Z,2026-05-31T23:59:59Z
APP-0046826,REQ-2025-00707,offer_withdrawn,2025-08-14,,,2025-08-17,,,2025-09-11,132000,USD,2025-08-17T17:47:42Z,2026-05-31T23:59:59Z
APP-0046839,REQ-2025-00717,offer_declined,2025-08-14,,2025-08-15,,,,2025-09-11,83000,USD,2025-08-15T09:51:42Z,2026-05-31T23:59:59Z
APP-0046847,REQ-2025-00724,accepted,2025-08-24,2025-08-27,,,,,2025-09-29,127000,USD,2025-08-27T09:16:30Z,2026-05-31T23:59:59Z
APP-0046860,REQ-2025-00102,accepted,2025-10-01,2025-10-03,,,,,2025-10-20,67500,USD,2025-10-11T16:33:19Z,2026-05-31T23:59:59Z
APP-0046869,REQ-2025-00400,accepted,2025-09-05,2025-09-09,,,,,2025-10-13,102000,USD,2025-09-09T15:54:19Z,2026-05-31T23:59:59Z
APP-0046872,REQ-2025-00541,accepted,2025-08-15,2025-08-20,,,,,2025-09-22,57000,USD,2025-08-26T12:51:46Z,2026-05-31T23:59:59Z
APP-0046889,REQ-2025-00680,accepted,2025-09-24,2025-10-02,,,,,2025-11-03,114100,USD,2025-10-07T09:04:37Z,2026-05-31T23:59:59Z
APP-0046892,REQ-2025-00686,offer_withdrawn,2025-08-10,,,2025-08-15,,,2025-09-07,68500,USD,2025-08-15T15:44:44Z,2026-05-31T23:59:59Z
APP-0046904,REQ-2025-00705,offer_withdrawn,2025-08-16,,,2025-08-17,,,2025-09-13,103500,USD,2025-08-17T16:59:19Z,2026-05-31T23:59:59Z
APP-0046917,REQ-2025-00728,offer_withdrawn,2025-08-12,,,2025-08-16,,,2025-09-09,68000,USD,2025-08-16T09:34:20Z,2026-05-31T23:59:59Z
APP-0046919,REQ-2025-00728,accepted,2025-08-12,2025-08-14,,,,,2025-09-08,64000,USD,2025-08-14T13:31:07Z,2026-05-31T23:59:59Z
APP-0046937,REQ-2025-00380,offer_declined,2025-08-27,,2025-08-29,,,,2025-09-24,96000,USD,2025-08-29T13:20:30Z,2026-05-31T23:59:59Z
APP-0046945,REQ-2025-00502,candidate_renege,2025-08-17,2025-08-22,,,,2025-09-30,2025-10-13,156500,USD,2025-09-30T10:31:17Z,2026-05-31T23:59:59Z
APP-0046970,REQ-2025-00693,accepted,2025-08-27,2025-08-28,,,,,2025-09-29,106000,USD,2025-09-02T11:56:41Z,2026-05-31T23:59:59Z
APP-0046972,REQ-2025-00698,accepted,2025-08-17,2025-08-18,,,,,2025-09-15,98500,USD,2025-08-18T15:15:33Z,2026-05-31T23:59:59Z
APP-0046978,REQ-2025-00713,accepted,2025-09-13,2025-09-14,,,,,2025-11-17,137500,USD,2025-09-18T10:25:15Z,2026-05-31T23:59:59Z
APP-0046992,REQ-2024-01179,accepted,2025-08-28,2025-08-30,,,,,2025-09-22,65000,USD,2025-09-04T09:34:19Z,2026-05-31T23:59:59Z
APP-0046993,REQ-2024-01180,accepted,2025-09-11,2025-09-16,,,,,2025-10-27,88500,USD,2025-09-19T14:03:57Z,2026-05-31T23:59:59Z
APP-0047012,REQ-2025-00464,accepted,2025-08-20,2025-08-22,,,,,2025-09-29,96500,USD,2025-08-22T13:08:09Z,2026-05-31T23:59:59Z
APP-0047031,REQ-2025-00667,accepted,2025-08-21,2025-08-22,,,,,2025-09-22,108000,USD,2025-08-22T10:03:45Z,2026-05-31T23:59:59Z
APP-0047050,REQ-2025-00709,accepted,2025-08-26,2025-08-31,,,,,2025-10-20,190800,USD,2025-09-09T14:30:41Z,2026-05-31T23:59:59Z
APP-0047053,REQ-2025-00711,offer_withdrawn,2025-08-14,,,2025-08-19,,,2025-09-11,102000,USD,2025-08-19T12:57:15Z,2026-05-31T23:59:59Z
APP-0047059,REQ-2025-00717,accepted,2025-08-13,2025-08-14,,,,,2025-09-08,77500,USD,2025-08-14T17:51:49Z,2026-05-31T23:59:59Z
APP-0047061,REQ-2025-00721,offer_withdrawn,2025-08-28,,,2025-08-30,,,2025-09-25,104000,USD,2025-08-30T11:30:12Z,2026-05-31T23:59:59Z
APP-0047076,REQ-2025-00727,accepted,2025-08-20,2025-08-21,,,,,2025-09-22,100500,USD,2025-08-24T18:37:26Z,2026-05-31T23:59:59Z
APP-0047121,REQ-2025-00693,offer_declined,2025-08-21,,2025-08-23,,,,2025-09-18,97000,USD,2025-08-23T13:23:03Z,2026-05-31T23:59:59Z
APP-0047134,REQ-2025-00717,accepted,2025-08-21,2025-08-23,,,,,2025-09-22,82000,USD,2025-08-23T17:33:45Z,2026-05-31T23:59:59Z
APP-0047137,REQ-2025-00719,candidate_renege,2025-08-16,2025-08-19,,,,2025-09-21,2025-09-29,98000,USD,2025-09-21T09:22:11Z,2026-05-31T23:59:59Z
APP-0047148,REQ-2025-00728,offer_withdrawn,2025-08-13,,,2025-08-16,,,2025-09-10,64000,USD,2025-08-16T10:19:01Z,2026-05-31T23:59:59Z
APP-0047156,REQ-2025-00741,accepted,2025-08-12,2025-08-20,,,,,2025-09-15,56000,USD,2025-08-20T17:26:43Z,2026-05-31T23:59:59Z
APP-0047180,REQ-2025-00456,accepted,2025-08-21,2025-08-22,,,,,2025-09-29,83000,USD,2025-08-30T17:03:39Z,2026-05-31T23:59:59Z
APP-0047191,REQ-2025-00604,offer_declined,2025-09-10,,2025-09-11,,,,2025-10-06,95500,USD,2025-09-11T18:41:00Z,2026-05-31T23:59:59Z
APP-0047224,REQ-2025-00719,offer_withdrawn,2025-08-16,,,2025-08-21,,,2025-09-13,90500,USD,2025-08-21T08:19:45Z,2026-05-31T23:59:59Z
APP-0047230,REQ-2025-00726,accepted,2025-08-18,2025-08-23,,,,,2025-09-22,95000,USD,2025-09-04T09:19:53Z,2026-05-31T23:59:59Z
APP-0047277,REQ-2025-00706,accepted,2025-08-24,2025-08-27,,,,,2025-09-22,82000,USD,2025-08-27T15:30:38Z,2026-05-31T23:59:59Z
APP-0047295,REQ-2025-00721,accepted,2025-08-22,2025-08-23,,,,,2025-09-29,96000,USD,2025-08-27T18:37:48Z,2026-05-31T23:59:59Z
APP-0047297,REQ-2025-00725,accepted,2025-08-17,2025-08-20,,,,,2025-09-22,140000,USD,2025-08-20T13:10:40Z,2026-05-31T23:59:59Z
APP-0047300,REQ-2025-00731,offer_rescinded,2025-08-20,2025-08-21,,,2025-09-04,,2025-09-22,118000,USD,2025-09-04T08:39:41Z,2026-05-31T23:59:59Z
APP-0047316,REQ-2025-00008,accepted,2025-09-04,2025-09-08,,,,,2025-11-10,216300,USD,2025-09-11T08:43:37Z,2026-05-31T23:59:59Z
APP-0047326,REQ-2025-00495,accepted,2025-08-21,2025-08-23,,,,,2025-09-29,100500,USD,2025-08-23T19:20:26Z,2026-05-31T23:59:59Z
APP-0047327,REQ-2025-00551,accepted,2025-08-29,2025-09-01,,,,,2025-10-13,130100,USD,2025-09-12T08:59:24Z,2026-05-31T23:59:59Z
APP-0047359,REQ-2025-00721,accepted,2025-08-23,2025-08-27,,,,,2025-09-29,87500,USD,2025-08-27T10:52:28Z,2026-05-31T23:59:59Z
APP-0047408,REQ-2025-00534,accepted,2025-08-23,2025-08-27,,,,,2025-09-15,74500,USD,2025-08-27T15:05:30Z,2026-05-31T23:59:59Z
APP-0047438,REQ-2025-00716,candidate_renege,2025-08-28,2025-08-29,,,,2025-09-02,2025-10-06,82000,USD,2025-09-02T17:39:05Z,2026-05-31T23:59:59Z
APP-0047439,REQ-2025-00717,accepted,2025-08-25,2025-08-26,,,,,2025-09-22,84500,USD,2025-09-10T13:47:27Z,2026-05-31T23:59:59Z
APP-0047450,REQ-2025-00727,accepted,2025-08-29,2025-08-30,,,,,2025-09-29,90000,USD,2025-08-30T16:22:37Z,2026-05-31T23:59:59Z
APP-0047462,REQ-2025-00744,accepted,2025-08-19,2025-08-20,,,,,2025-09-15,67500,USD,2025-08-20T16:37:54Z,2026-05-31T23:59:59Z
APP-0047486,REQ-2025-00289,offer_declined,2025-11-10,,2025-11-13,,,,2025-12-08,195000,USD,2025-11-13T13:25:09Z,2026-05-31T23:59:59Z
APP-0047536,REQ-2025-00744,offer_withdrawn,2025-08-21,,,2025-08-22,,,2025-09-18,69000,USD,2025-08-22T13:02:01Z,2026-05-31T23:59:59Z
APP-0047548,REQ-2025-00763,accepted,2025-09-10,2025-09-16,,,,,2025-10-13,105500,USD,2025-09-16T14:22:01Z,2026-05-31T23:59:59Z
APP-0047549,REQ-2025-00766,accepted,2025-08-20,2025-08-22,,,,,2025-09-15,61500,USD,2025-08-22T14:45:51Z,2026-05-31T23:59:59Z
APP-0047557,REQ-2025-00249,accepted,2025-09-03,2025-09-06,,,,,2025-10-13,147500,USD,2025-09-06T12:06:49Z,2026-05-31T23:59:59Z
APP-0047580,REQ-2025-00714,accepted,2025-09-07,2025-09-09,,,,,2025-10-06,78500,USD,2025-09-09T16:59:35Z,2026-05-31T23:59:59Z
APP-0047591,REQ-2025-00731,offer_declined,2025-08-30,,2025-09-03,,,,2025-09-25,103000,USD,2025-09-03T15:07:12Z,2026-05-31T23:59:59Z
APP-0047608,REQ-2025-00760,accepted,2025-08-29,2025-09-01,,,,,2025-10-06,101500,USD,2025-09-01T09:07:32Z,2026-05-31T23:59:59Z
APP-0047613,REQ-2025-00766,candidate_renege,2025-08-29,2025-08-31,,,,2025-09-07,2025-09-15,53500,USD,2025-09-07T13:54:37Z,2026-05-31T23:59:59Z
APP-0047645,REQ-2025-00715,accepted,2025-09-21,2025-09-23,,,,,2025-10-27,125600,USD,2025-10-08T19:17:01Z,2026-05-31T23:59:59Z
APP-0047650,REQ-2025-00721,offer_withdrawn,2025-08-27,,,2025-08-31,,,2025-09-24,99500,USD,2025-08-31T16:32:35Z,2026-05-31T23:59:59Z
APP-0047651,REQ-2025-00721,accepted,2025-08-27,2025-08-28,,,,,2025-10-13,98000,USD,2025-08-28T19:16:05Z,2026-05-31T23:59:59Z
APP-0047662,REQ-2025-00750,accepted,2025-08-26,2025-08-28,,,,,2025-09-22,71000,USD,2025-08-28T11:09:00Z,2026-05-31T23:59:59Z
APP-0047667,REQ-2025-00759,accepted,2025-08-27,2025-08-28,,,,,2025-09-22,43000,USD,2025-08-28T19:17:23Z,2026-05-31T23:59:59Z
APP-0047678,REQ-2024-00828,offer_declined,2025-09-17,,2025-09-26,,,,2025-10-15,113500,USD,2025-09-26T14:14:43Z,2026-05-31T23:59:59Z
APP-0047686,REQ-2025-00196,accepted,2025-09-21,2025-09-23,,,,,2025-10-20,122000,USD,2025-09-23T10:39:23Z,2026-05-31T23:59:59Z
APP-0047692,REQ-2025-00383,accepted,2025-10-12,2025-10-15,,,,,2025-12-29,268500,USD,2025-10-20T11:22:43Z,2026-05-31T23:59:59Z
APP-0047697,REQ-2025-00514,offer_rescinded,2025-09-04,2025-09-09,,,2025-09-15,,2025-10-13,102500,USD,2025-09-15T19:52:44Z,2026-05-31T23:59:59Z
APP-0047698,REQ-2025-00516,accepted,2025-08-30,2025-09-02,,,,,2025-10-06,103500,USD,2025-09-02T17:41:49Z,2026-05-31T23:59:59Z
APP-0047700,REQ-2025-00602,accepted,2025-09-29,2025-10-03,,,,,2025-10-27,96500,USD,2025-10-03T11:20:49Z,2026-05-31T23:59:59Z
APP-0047704,REQ-2025-00683,accepted,2025-08-30,2025-08-31,,,,,2025-09-22,68500,USD,2025-08-31T10:34:48Z,2026-05-31T23:59:59Z
APP-0047710,REQ-2025-00702,accepted,2025-08-31,2025-09-03,,,,,2025-09-29,105200,USD,2025-09-07T18:06:08Z,2026-05-31T23:59:59Z
APP-0047715,REQ-2025-00716,offer_withdrawn,2025-08-29,,,2025-08-31,,,2025-09-26,92500,USD,2025-08-31T10:25:35Z,2026-05-31T23:59:59Z
APP-0047725,REQ-2025-00727,accepted,2025-08-24,2025-08-29,,,,,2025-09-22,103500,USD,2025-08-29T10:59:40Z,2026-05-31T23:59:59Z
APP-0047744,REQ-2025-00766,accepted,2025-08-28,2025-08-31,,,,,2025-09-15,55000,USD,2025-08-31T14:39:08Z,2026-05-31T23:59:59Z
APP-0047752,REQ-2025-00778,accepted,2025-08-31,2025-09-02,,,,,2025-10-06,110000,USD,2025-09-02T12:50:00Z,2026-05-31T23:59:59Z
APP-0047757,REQ-2025-00084,offer_declined,2025-10-15,,2025-10-19,,,,2025-11-12,105500,USD,2025-10-19T11:59:51Z,2026-05-31T23:59:59Z
APP-0047762,REQ-2025-00257,offer_withdrawn,2025-09-23,,,2025-09-25,,,2025-10-19,189500,USD,2025-09-25T16:05:15Z,2026-05-31T23:59:59Z
APP-0047763,REQ-2025-00281,accepted,2025-10-07,2025-10-11,,,,,2025-11-10,161000,USD,2025-10-11T10:40:45Z,2026-05-31T23:59:59Z
APP-0047788,REQ-2025-00697,accepted,2025-09-21,2025-09-24,,,,,2025-10-27,121500,USD,2025-09-24T11:12:43Z,2026-05-31T23:59:59Z
APP-0047789,REQ-2025-00699,accepted,2025-09-16,2025-09-21,,,,,2025-12-01,268500,USD,2025-09-21T19:42:53Z,2026-05-31T23:59:59Z
APP-0047799,REQ-2025-00733,accepted,2025-08-28,2025-08-29,,,,,2025-09-29,127000,USD,2025-08-29T18:11:08Z,2026-05-31T23:59:59Z
APP-0047801,REQ-2025-00734,accepted,2025-09-03,2025-09-06,,,,,2025-10-06,82500,USD,2025-09-06T11:36:26Z,2026-05-31T23:59:59Z
APP-0047825,REQ-2025-00273,offer_declined,2025-09-05,,2025-09-10,,,,2025-10-03,80000,USD,2025-09-10T12:21:53Z,2026-05-31T23:59:59Z
APP-0047834,REQ-2025-00435,offer_declined,2025-09-14,,2025-09-19,,,,2025-10-12,85000,USD,2025-09-19T08:39:18Z,2026-05-31T23:59:59Z
APP-0047842,REQ-2025-00614,accepted,2025-09-16,2025-09-19,,,,,2025-10-13,95000,USD,2025-09-19T15:47:16Z,2026-05-31T23:59:59Z
APP-0047858,REQ-2025-00735,offer_withdrawn,2025-08-30,,,2025-09-01,,,2025-09-27,108500,USD,2025-09-01T11:11:23Z,2026-05-31T23:59:59Z
APP-0047865,REQ-2025-00744,accepted,2025-08-19,2025-08-21,,,,,2025-09-22,77500,USD,2025-08-21T12:48:37Z,2026-05-31T23:59:59Z
APP-0047866,REQ-2025-00746,offer_rescinded,2025-08-23,2025-08-24,,,2025-09-11,,2025-09-15,94500,USD,2025-09-11T08:18:39Z,2026-05-31T23:59:59Z
APP-0047870,REQ-2025-00750,accepted,2025-08-29,2025-09-01,,,,,2025-09-29,71500,USD,2025-09-01T08:18:51Z,2026-05-31T23:59:59Z
APP-0047875,REQ-2025-00754,accepted,2025-08-23,2025-08-25,,,,,2025-09-22,65500,USD,2025-08-25T09:17:24Z,2026-05-31T23:59:59Z
APP-0047957,REQ-2025-00766,accepted,2025-08-23,2025-08-24,,,,,2025-09-08,55000,USD,2025-08-24T19:34:21Z,2026-05-31T23:59:59Z
APP-0047962,REQ-2025-00777,accepted,2025-08-29,2025-08-30,,,,,2025-09-15,48000,USD,2025-08-30T17:13:21Z,2026-05-31T23:59:59Z
APP-0047992,REQ-2025-00695,accepted,2025-09-18,2025-09-21,,,,,2025-10-20,92500,USD,2025-09-21T18:01:34Z,2026-05-31T23:59:59Z
APP-0047995,REQ-2025-00702,offer_declined,2025-09-08,,2025-09-12,,,,2025-10-06,104000,USD,2025-09-12T13:01:17Z,2026-05-31T23:59:59Z
APP-0048002,REQ-2025-00731,offer_withdrawn,2025-09-03,,,2025-09-04,,,2025-10-01,113500,USD,2025-09-04T10:01:18Z,2026-05-31T23:59:59Z
APP-0048026,REQ-2025-00760,offer_withdrawn,2025-08-31,,,2025-09-02,,,2025-09-28,103500,USD,2025-09-02T17:50:45Z,2026-05-31T23:59:59Z
APP-0048027,REQ-2025-00760,offer_withdrawn,2025-08-30,,,2025-09-03,,,2025-09-27,111000,USD,2025-09-03T17:09:55Z,2026-05-31T23:59:59Z
APP-0048030,REQ-2025-00760,accepted,2025-08-31,2025-09-01,,,,,2025-10-20,112000,USD,2025-09-10T14:33:37Z,2026-05-31T23:59:59Z
APP-0048031,REQ-2025-00760,accepted,2025-08-30,2025-08-31,,,,,2025-10-13,106000,USD,2025-09-04T13:34:15Z,2026-05-31T23:59:59Z
APP-0048034,REQ-2025-00771,offer_declined,2025-08-29,,2025-09-02,,,,2025-09-26,108000,USD,2025-09-02T19:49:44Z,2026-05-31T23:59:59Z
APP-0048038,REQ-2025-00772,accepted,2025-08-30,2025-09-02,,,,,2025-10-20,140000,USD,2025-09-02T16:43:31Z,2026-05-31T23:59:59Z
APP-0048040,REQ-2025-00774,accepted,2025-09-01,2025-09-02,,,,,2025-10-20,60000,USD,2025-09-08T19:55:50Z,2026-05-31T23:59:59Z
APP-0048044,REQ-2025-00778,offer_declined,2025-08-30,,2025-08-31,,,,2025-09-26,98500,USD,2025-08-31T11:13:35Z,2026-05-31T23:59:59Z
APP-0048057,REQ-2025-00114,accepted,2025-09-12,2025-09-13,,,,,2025-10-13,85000,USD,2025-09-13T08:35:48Z,2026-05-31T23:59:59Z
APP-0048086,REQ-2025-00676,accepted,2025-08-31,2025-09-01,,,,,2025-10-06,115000,USD,2025-09-01T08:18:07Z,2026-05-31T23:59:59Z
APP-0048116,REQ-2025-00767,accepted,2025-09-11,2025-09-12,,,,,2025-10-06,102000,USD,2025-09-12T18:26:09Z,2026-05-31T23:59:59Z
APP-0048122,REQ-2025-00773,accepted,2025-09-01,2025-09-02,,,,,2025-10-13,150000,USD,2025-09-02T19:31:39Z,2026-05-31T23:59:59Z
APP-0048172,REQ-2025-00765,accepted,2025-09-23,2025-09-27,,,,,2025-11-03,135500,USD,2025-09-27T13:53:34Z,2026-05-31T23:59:59Z
APP-0048177,REQ-2025-00769,accepted,2025-08-28,2025-08-29,,,,,2025-10-13,72500,USD,2025-09-01T18:31:45Z,2026-05-31T23:59:59Z
APP-0048182,REQ-2025-00775,accepted,2025-10-02,2025-10-07,,,,,2025-10-27,103500,USD,2025-10-07T19:02:41Z,2026-05-31T23:59:59Z
APP-0048217,REQ-2025-00682,accepted,2025-10-09,2025-10-11,,,,,2025-12-01,185000,USD,2025-10-11T12:48:14Z,2026-05-31T23:59:59Z
APP-0048219,REQ-2025-00702,accepted,2025-08-30,2025-09-12,,,,,2025-10-13,105500,USD,2025-09-12T08:14:01Z,2026-05-31T23:59:59Z
APP-0048224,REQ-2025-00732,accepted,2025-09-07,2025-09-08,,,,,2025-10-27,131500,USD,2025-09-11T10:47:19Z,2026-05-31T23:59:59Z
APP-0048242,REQ-2025-00762,accepted,2025-08-28,2025-08-30,,,,,2025-09-29,68500,USD,2025-08-30T12:56:36Z,2026-05-31T23:59:59Z
APP-0048249,REQ-2025-00771,accepted,2025-09-03,2025-09-06,,,,,2025-10-13,106000,USD,2025-09-06T14:03:56Z,2026-05-31T23:59:59Z
APP-0048257,REQ-2025-00790,accepted,2025-08-26,2025-08-28,,,,,2025-09-22,49000,USD,2025-08-28T16:21:30Z,2026-05-31T23:59:59Z
APP-0048263,REQ-2025-00793,accepted,2025-09-02,2025-09-04,,,,,2025-10-06,93000,USD,2025-09-04T17:28:48Z,2026-05-31T23:59:59Z
APP-0048264,REQ-2025-00793,accepted,2025-08-29,2025-09-04,,,,,2025-10-06,95000,USD,2025-09-04T13:16:35Z,2026-05-31T23:59:59Z
APP-0048271,REQ-2025-00796,offer_declined,2025-09-01,,2025-09-02,,,,2025-09-29,82500,USD,2025-09-02T12:36:13Z,2026-05-31T23:59:59Z
APP-0048295,REQ-2025-00692,accepted,2025-09-16,2025-09-18,,,,,2025-10-27,124500,USD,2025-09-18T12:16:42Z,2026-05-31T23:59:59Z
APP-0048308,REQ-2025-00735,accepted,2025-08-30,2025-08-31,,,,,2025-10-13,113000,USD,2025-08-31T12:43:21Z,2026-05-31T23:59:59Z
APP-0048324,REQ-2025-00759,accepted,2025-08-26,2025-08-27,,,,,2025-09-22,48000,USD,2025-09-06T09:29:36Z,2026-05-31T23:59:59Z
APP-0048329,REQ-2025-00763,offer_withdrawn,2025-08-29,,,2025-08-31,,,2025-09-26,93000,USD,2025-08-31T14:41:01Z,2026-05-31T23:59:59Z
APP-0048378,REQ-2025-00661,accepted,2025-09-04,2025-09-09,,,,,2025-10-20,133500,USD,2025-09-09T12:58:22Z,2026-05-31T23:59:59Z
APP-0048379,REQ-2025-00680,accepted,2025-09-16,2025-09-23,,,,,2025-10-27,125000,USD,2025-09-23T14:08:56Z,2026-05-31T23:59:59Z
APP-0048394,REQ-2025-00753,accepted,2025-09-15,2025-09-17,,,,,2025-10-27,136000,USD,2025-09-17T11:27:07Z,2026-05-31T23:59:59Z
APP-0048409,REQ-2025-00777,offer_withdrawn,2025-08-30,,,2025-09-01,,,2025-09-27,45500,USD,2025-09-01T08:44:42Z,2026-05-31T23:59:59Z
APP-0048411,REQ-2025-00785,accepted,2025-08-29,2025-09-01,,,,,2025-09-22,63000,USD,2025-09-01T14:30:33Z,2026-05-31T23:59:59Z
APP-0048413,REQ-2025-00789,accepted,2025-09-03,2025-09-07,,,,,2025-10-13,104000,USD,2025-09-07T17:51:33Z,2026-05-31T23:59:59Z
APP-0048417,REQ-2025-00791,accepted,2025-09-01,2025-09-02,,,,,2025-09-29,67000,USD,2025-09-02T12:54:20Z,2026-05-31T23:59:59Z
APP-0048421,REQ-2025-00793,accepted,2025-09-07,2025-09-08,,,,,2025-10-13,98500,USD,2025-09-08T08:48:10Z,2026-05-31T23:59:59Z
APP-0048425,REQ-2025-00795,offer_declined,2025-09-01,,2025-09-06,,,,2025-09-29,98000,USD,2025-09-06T09:08:35Z,2026-05-31T23:59:59Z
APP-0048430,REQ-2025-00798,offer_withdrawn,2025-09-04,,,2025-09-08,,,2025-10-02,50500,USD,2025-09-08T08:14:21Z,2026-05-31T23:59:59Z
APP-0048445,REQ-2025-00391,accepted,2025-09-04,2025-09-06,,,,,2025-09-22,57000,USD,2025-09-06T13:29:57Z,2026-05-31T23:59:59Z
APP-0048490,REQ-2025-00795,accepted,2025-09-02,2025-09-04,,,,,2025-10-13,100500,USD,2025-09-04T11:01:43Z,2026-05-31T23:59:59Z
APP-0048495,REQ-2025-00796,accepted,2025-08-29,2025-09-04,,,,,2025-10-06,84500,USD,2025-09-04T19:08:08Z,2026-05-31T23:59:59Z
APP-0048534,REQ-2025-00749,accepted,2025-09-13,2025-09-14,,,,,2025-10-13,94500,USD,2025-09-14T11:49:07Z,2026-05-31T23:59:59Z
APP-0048538,REQ-2025-00753,accepted,2025-09-23,2025-10-01,,,,,2025-11-24,133500,USD,2025-10-04T10:57:28Z,2026-05-31T23:59:59Z
APP-0048547,REQ-2025-00769,offer_withdrawn,2025-09-02,,,2025-09-04,,,2025-09-30,68500,USD,2025-09-04T15:12:14Z,2026-05-31T23:59:59Z
APP-0048548,REQ-2025-00769,accepted,2025-09-02,2025-09-04,,,,,2025-09-29,73500,USD,2025-09-04T14:03:11Z,2026-05-31T23:59:59Z
APP-0048554,REQ-2025-00776,accepted,2025-09-01,2025-09-04,,,,,2025-10-13,134000,USD,2025-09-04T19:54:29Z,2026-05-31T23:59:59Z
APP-0048558,REQ-2025-00781,accepted,2025-09-02,2025-09-05,,,,,2025-10-20,73500,USD,2025-09-17T12:15:26Z,2026-05-31T23:59:59Z
APP-0048562,REQ-2025-00793,offer_withdrawn,2025-09-06,,,2025-09-09,,,2025-10-04,103500,USD,2025-09-09T18:24:03Z,2026-05-31T23:59:59Z
APP-0048566,REQ-2025-00796,offer_declined,2025-09-08,,2025-09-09,,,,2025-10-05,81500,USD,2025-09-09T14:56:26Z,2026-05-31T23:59:59Z
APP-0048567,REQ-2025-00796,accepted,2025-09-03,2025-09-09,,,,,2025-10-13,75000,USD,2025-09-09T13:36:12Z,2026-05-31T23:59:59Z
APP-0048623,REQ-2025-00791,offer_withdrawn,2025-08-30,,,2025-09-02,,,2025-09-27,63000,USD,2025-09-02T10:39:04Z,2026-05-31T23:59:59Z
APP-0048629,REQ-2025-00794,accepted,2025-09-12,2025-09-13,,,,,2025-10-13,68000,USD,2025-09-13T14:51:02Z,2026-05-31T23:59:59Z
APP-0048638,REQ-2025-00800,accepted,2025-09-16,2025-09-17,,,,,2025-11-10,94000,USD,2025-09-24T14:59:13Z,2026-05-31T23:59:59Z
APP-0048641,REQ-2024-00596,accepted,2025-10-06,2025-10-13,,,,,2025-12-08,172500,USD,2025-10-16T15:58:26Z,2026-05-31T23:59:59Z
APP-0048644,REQ-2025-00114,offer_withdrawn,2025-09-10,,,2025-09-13,,,2025-10-08,80000,USD,2025-09-13T09:20:45Z,2026-05-31T23:59:59Z
APP-0048647,REQ-2025-00262,accepted,2025-11-11,2025-11-14,,,,,2025-12-22,142500,USD,2025-11-14T14:00:55Z,2026-05-31T23:59:59Z
APP-0048653,REQ-2025-00365,accepted,2025-10-02,2025-10-07,,,,,2025-10-27,103500,USD,2025-10-07T15:59:11Z,2026-05-31T23:59:59Z
APP-0048681,REQ-2025-00761,accepted,2025-09-06,2025-09-08,,,,,2025-10-13,117000,USD,2025-09-08T14:34:22Z,2026-05-31T23:59:59Z
APP-0048693,REQ-2025-00784,accepted,2025-09-09,2025-09-12,,,,,2025-10-06,69500,USD,2025-09-17T10:03:47Z,2026-05-31T23:59:59Z
APP-0048744,REQ-2025-00737,accepted,2025-09-18,2025-09-22,,,,,2025-11-10,215500,USD,2025-10-05T19:30:34Z,2026-05-31T23:59:59Z
APP-0048748,REQ-2025-00751,accepted,2025-10-10,2025-10-13,,,,,2025-11-17,98000,USD,2025-10-13T16:15:45Z,2026-05-31T23:59:59Z
APP-0048751,REQ-2025-00755,accepted,2025-09-01,2025-09-05,,,,,2025-09-22,43000,USD,2025-09-05T14:15:48Z,2026-05-31T23:59:59Z
APP-0048766,REQ-2025-00782,accepted,2025-09-05,2025-09-08,,,,,2025-10-06,54500,USD,2025-09-08T14:12:04Z,2026-05-31T23:59:59Z
APP-0048791,REQ-2025-00798,accepted,2025-09-03,2025-09-05,,,,,2025-09-22,53000,USD,2025-09-05T12:48:24Z,2026-05-31T23:59:59Z
APP-0048814,REQ-2025-00677,accepted,2025-09-11,2025-09-12,,,,,2025-10-27,53500,USD,2025-09-18T16:26:10Z,2026-05-31T23:59:59Z
APP-0048857,REQ-2025-00796,accepted,2025-09-06,2025-09-07,,,,,2025-10-27,78000,USD,2025-09-15T14:11:40Z,2026-05-31T23:59:59Z
APP-0048858,REQ-2025-00798,offer_withdrawn,2025-09-07,,,2025-09-08,,,2025-10-05,56000,USD,2025-09-08T14:16:45Z,2026-05-31T23:59:59Z
APP-0048864,REQ-2025-00805,accepted,2025-09-19,2025-09-22,,,,,2025-10-20,78000,USD,2025-09-22T09:30:13Z,2026-05-31T23:59:59Z
APP-0048869,REQ-2024-00973,accepted,2025-10-24,2025-10-25,,,,,2025-12-15,225500,USD,2025-10-25T11:43:20Z,2026-05-31T23:59:59Z
APP-0048908,REQ-2025-00778,accepted,2025-09-20,2025-09-22,,,,,2025-10-13,94000,USD,2025-09-22T17:29:35Z,2026-05-31T23:59:59Z
APP-0048910,REQ-2025-00788,accepted,2025-09-12,2025-09-13,,,,,2025-10-06,77500,USD,2025-09-13T08:17:16Z,2026-05-31T23:59:59Z
APP-0048919,REQ-2025-00798,accepted,2025-09-06,2025-09-07,,,,,2025-09-29,50500,USD,2025-09-07T13:23:52Z,2026-05-31T23:59:59Z
APP-0048930,REQ-2025-00814,accepted,2025-09-08,2025-09-13,,,,,2025-10-06,61000,USD,2025-09-13T14:53:02Z,2026-05-31T23:59:59Z
APP-0048951,REQ-2025-00522,accepted,2025-09-23,2025-09-26,,,,,2025-10-27,141500,USD,2025-09-26T15:06:06Z,2026-05-31T23:59:59Z
APP-0048966,REQ-2025-00753,accepted,2025-09-19,2025-09-28,,,,,2025-11-03,122500,USD,2025-09-28T17:44:30Z,2026-05-31T23:59:59Z
APP-0048970,REQ-2025-00764,accepted,2025-09-13,2025-09-15,,,,,2025-10-27,128500,USD,2025-09-19T18:27:22Z,2026-05-31T23:59:59Z
APP-0048975,REQ-2025-00771,accepted,2025-09-18,2025-09-23,,,,,2025-10-27,109500,USD,2025-09-23T17:00:53Z,2026-05-31T23:59:59Z
APP-0048990,REQ-2025-00803,accepted,2025-09-06,2025-09-07,,,,,2025-09-29,64500,USD,2025-09-07T08:10:44Z,2026-05-31T23:59:59Z
APP-0048991,REQ-2025-00804,accepted,2025-09-13,2025-09-17,,,,,2025-10-13,64000,USD,2025-09-17T08:42:58Z,2026-05-31T23:59:59Z
APP-0048996,REQ-2025-00808,accepted,2025-09-11,2025-09-15,,,,,2025-10-06,59500,USD,2025-09-15T11:29:53Z,2026-05-31T23:59:59Z
APP-0048998,REQ-2025-00811,accepted,2025-09-08,2025-09-11,,,,,2025-10-13,72500,USD,2025-09-11T12:23:18Z,2026-05-31T23:59:59Z
APP-0049010,REQ-2025-00280,offer_declined,2025-09-27,,2025-09-29,,,,2025-10-23,105000,USD,2025-09-29T11:56:22Z,2026-05-31T23:59:59Z
APP-0049028,REQ-2025-00739,accepted,2025-09-13,2025-09-16,,,,,2025-10-20,96500,USD,2025-09-16T18:17:59Z,2026-05-31T23:59:59Z
APP-0049049,REQ-2025-00796,offer_withdrawn,2025-09-18,,,2025-09-19,,,2025-10-14,77500,USD,2025-09-19T15:15:19Z,2026-05-31T23:59:59Z
APP-0049051,REQ-2025-00796,accepted,2025-09-11,2025-09-16,,,,,2025-10-27,74500,USD,2025-09-23T16:51:00Z,2026-05-31T23:59:59Z
APP-0049060,REQ-2025-00806,accepted,2025-09-17,2025-09-20,,,,,2025-10-20,82500,USD,2025-09-20T19:31:45Z,2026-05-31T23:59:59Z
APP-0049067,REQ-2025-00817,accepted,2025-09-10,2025-09-13,,,,,2025-10-13,61500,USD,2025-09-18T16:45:54Z,2026-05-31T23:59:59Z
APP-0049106,REQ-2025-00752,offer_declined,2025-09-21,,2025-09-22,,,,2025-10-19,135500,USD,2025-09-22T12:17:41Z,2026-05-31T23:59:59Z
APP-0049133,REQ-2025-00796,offer_withdrawn,2025-09-14,,,2025-09-17,,,2025-10-12,81500,USD,2025-09-17T16:23:05Z,2026-05-31T23:59:59Z
APP-0049138,REQ-2025-00800,offer_withdrawn,2025-09-17,,,2025-09-18,,,2025-10-14,84000,USD,2025-09-18T12:58:09Z,2026-05-31T23:59:59Z
APP-0049186,REQ-2025-00768,accepted,2025-09-27,2025-09-28,,,,,2025-10-27,116500,USD,2025-10-13T13:12:13Z,2026-05-31T23:59:59Z
APP-0049199,REQ-2025-00796,accepted,2025-09-14,2025-09-15,,,,,2025-10-13,76500,USD,2025-09-15T19:20:29Z,2026-05-31T23:59:59Z
APP-0049202,REQ-2025-00804,accepted,2025-09-14,2025-09-17,,,,,2025-10-06,57200,USD,2025-10-01T19:15:49Z,2026-05-31T23:59:59Z
APP-0049218,REQ-2025-00815,accepted,2025-09-13,2025-09-17,,,,,2025-10-27,127500,USD,2025-09-17T13:35:54Z,2026-05-31T23:59:59Z
APP-0049222,REQ-2025-00825,accepted,2025-09-15,2025-09-19,,,,,2025-11-10,141000,USD,2025-09-19T12:33:43Z,2026-05-31T23:59:59Z
APP-0049236,REQ-2025-00203,accepted,2025-09-20,2025-09-24,,,,,2025-10-20,90500,USD,2025-09-24T09:12:31Z,2026-05-31T23:59:59Z
APP-0049243,REQ-2025-00449,accepted,2025-10-06,2025-10-08,,,,,2025-11-17,127000,USD,2025-10-08T11:19:19Z,2026-05-31T23:59:59Z
APP-0049252,REQ-2025-00690,accepted,2025-10-15,2025-10-17,,,,,2025-11-17,95000,USD,2025-10-17T10:54:24Z,2026-05-31T23:59:59Z
APP-0049272,REQ-2025-00796,accepted,2025-09-10,2025-09-12,,,,,2025-10-13,79500,USD,2025-09-12T10:44:50Z,2026-05-31T23:59:59Z
APP-0049276,REQ-2025-00802,accepted,2025-09-17,2025-09-29,,,,,2025-11-03,107600,USD,2025-10-14T19:52:27Z,2026-05-31T23:59:59Z
APP-0049283,REQ-2025-00810,accepted,2025-09-20,2025-09-23,,,,,2025-12-01,158000,USD,2025-09-23T08:22:19Z,2026-05-31T23:59:59Z
APP-0049285,REQ-2025-00813,offer_declined,2025-09-14,,2025-09-16,,,,2025-10-12,60500,USD,2025-09-16T09:23:26Z,2026-05-31T23:59:59Z
APP-0049286,REQ-2025-00813,accepted,2025-09-16,2025-09-17,,,,,2025-10-13,68500,USD,2025-09-17T16:45:40Z,2026-05-31T23:59:59Z
APP-0049297,REQ-2025-00831,accepted,2025-09-16,2025-09-20,,,,,2025-10-13,74500,USD,2025-09-20T13:23:47Z,2026-05-31T23:59:59Z
APP-0049298,REQ-2025-00831,accepted,2025-09-12,2025-09-16,,,,,2025-10-13,75500,USD,2025-09-16T16:00:50Z,2026-05-31T23:59:59Z
APP-0049315,REQ-2025-00501,offer_declined,2025-10-05,,2025-10-07,,,,2025-11-02,114500,USD,2025-10-07T10:26:56Z,2026-05-31T23:59:59Z
APP-0049317,REQ-2025-00553,accepted,2025-09-15,2025-09-19,,,,,2025-10-20,79000,USD,2025-09-19T14:31:56Z,2026-05-31T23:59:59Z
APP-0049326,REQ-2025-00703,accepted,2025-09-28,2025-10-01,,,,,2025-10-27,55000,USD,2025-10-01T19:12:09Z,2026-05-31T23:59:59Z
APP-0049328,REQ-2025-00740,accepted,2025-10-06,2025-10-07,,,,,2025-11-03,94000,USD,2025-10-07T19:25:02Z,2026-05-31T23:59:59Z
APP-0049343,REQ-2025-00794,accepted,2025-09-20,2025-09-22,,,,,2025-10-20,68500,USD,2025-09-22T19:46:08Z,2026-05-31T23:59:59Z
APP-0049354,REQ-2025-00808,offer_withdrawn,2025-09-15,,,2025-09-16,,,2025-10-13,55000,USD,2025-09-16T13:39:46Z,2026-05-31T23:59:59Z
APP-0049376,REQ-2025-00831,accepted,2025-09-23,2025-09-28,,,,,2025-10-27,74500,USD,2025-09-28T08:49:16Z,2026-05-31T23:59:59Z
APP-0049385,REQ-2025-00835,accepted,2025-09-17,2025-09-20,,,,,2025-10-20,94500,USD,2025-09-20T12:56:25Z,2026-05-31T23:59:59Z
APP-0049400,REQ-2025-00319,accepted,2025-10-04,2025-10-09,,,,,2025-10-27,74000,USD,2025-10-09T10:33:31Z,2026-05-31T23:59:59Z
APP-0049412,REQ-2025-00655,offer_declined,2025-10-09,,2025-10-14,,,,2025-11-06,178000,USD,2025-10-14T18:23:18Z,2026-05-31T23:59:59Z
APP-0049459,REQ-2025-00820,candidate_renege,2025-09-17,2025-09-20,,,,2025-10-15,2025-10-27,137000,USD,2025-10-15T12:49:30Z,2026-05-31T23:59:59Z
APP-0049474,REQ-2025-00833,accepted,2025-09-11,2025-09-12,,,,,2025-10-06,73000,USD,2025-09-12T12:43:17Z,2026-05-31T23:59:59Z
APP-0049476,REQ-2025-00835,accepted,2025-09-15,2025-09-18,,,,,2025-10-20,94500,USD,2025-09-20T12:55:37Z,2026-05-31T23:59:59Z
APP-0049491,REQ-2025-00360,accepted,2025-10-06,2025-10-09,,,,,2025-11-24,145500,USD,2025-10-09T17:07:48Z,2026-05-31T23:59:59Z
APP-0049507,REQ-2025-00778,accepted,2025-09-20,2025-09-23,,,,,2025-10-27,95500,USD,2025-09-23T14:42:55Z,2026-05-31T23:59:59Z
APP-0049510,REQ-2025-00794,offer_withdrawn,2025-09-22,,,2025-09-23,,,2025-10-18,80500,USD,2025-09-23T16:17:17Z,2026-05-31T23:59:59Z
APP-0049526,REQ-2025-00814,accepted,2025-09-22,2025-09-25,,,,,2025-10-27,62500,USD,2025-09-25T18:15:23Z,2026-05-31T23:59:59Z
APP-0049545,REQ-2025-00835,offer_withdrawn,2025-09-18,,,2025-09-22,,,2025-10-16,91000,USD,2025-09-22T08:54:31Z,2026-05-31T23:59:59Z
APP-0049548,REQ-2025-00836,accepted,2025-09-24,2025-09-27,,,,,2025-10-20,84500,USD,2025-09-27T12:14:50Z,2026-05-31T23:59:59Z
APP-0049561,REQ-2025-00262,offer_declined,2025-10-05,,2025-10-15,,,,2025-11-02,132000,USD,2025-10-15T09:57:48Z,2026-05-31T23:59:59Z
APP-0049608,REQ-2025-00814,accepted,2025-09-17,2025-09-22,,,,,2025-10-20,60500,USD,2025-09-22T09:33:27Z,2026-05-31T23:59:59Z
APP-0049610,REQ-2025-00818,accepted,2025-09-25,2025-09-27,,,,,2025-11-03,107500,USD,2025-09-27T10:16:52Z,2026-05-31T23:59:59Z
APP-0049617,REQ-2025-00828,accepted,2025-09-24,2025-09-27,,,,,2025-10-20,82800,USD,2025-10-06T17:01:43Z,2026-05-31T23:59:59Z
APP-0049622,REQ-2025-00833,offer_withdrawn,2025-09-28,,,2025-09-30,,,2025-10-26,67500,USD,2025-09-30T09:00:43Z,2026-05-31T23:59:59Z
APP-0049629,REQ-2025-00833,accepted,2025-09-14,2025-09-15,,,,,2025-10-06,75500,USD,2025-09-19T08:01:55Z,2026-05-31T23:59:59Z
APP-0049630,REQ-2025-00833,accepted,2025-09-16,2025-09-19,,,,,2025-10-13,71000,USD,2025-09-19T11:57:10Z,2026-05-31T23:59:59Z
APP-0049634,REQ-2025-00835,accepted,2025-09-16,2025-09-21,,,,,2025-10-27,103000,USD,2025-09-21T14:25:19Z,2026-05-31T23:59:59Z
APP-0049637,REQ-2025-00838,accepted,2025-09-29,2025-09-30,,,,,2025-11-03,116000,USD,2025-09-30T19:09:41Z,2026-05-31T23:59:59Z
APP-0049647,REQ-2024-01040,accepted,2025-10-13,2025-10-14,,,,,2025-11-17,146000,USD,2025-10-14T08:46:42Z,2026-05-31T23:59:59Z
APP-0049701,REQ-2025-00814,accepted,2025-09-25,2025-09-26,,,,,2025-10-20,63500,USD,2025-09-26T12:41:24Z,2026-05-31T23:59:59Z
APP-0049710,REQ-2025-00822,offer_declined,2025-09-24,,2025-09-26,,,,2025-10-22,102500,USD,2025-09-26T19:32:51Z,2026-05-31T23:59:59Z
APP-0049711,REQ-2025-00828,accepted,2025-10-01,2025-10-05,,,,,2025-11-03,79500,USD,2025-10-05T14:09:57Z,2026-05-31T23:59:59Z
APP-0049722,REQ-2025-00835,accepted,2025-09-15,2025-09-22,,,,,2025-10-27,92500,USD,2025-09-22T13:36:12Z,2026-05-31T23:59:59Z
APP-0049736,REQ-2024-00201,offer_declined,2025-10-18,,2025-10-25,,,,2025-11-15,206000,USD,2025-10-25T18:53:08Z,2026-05-31T23:59:59Z
APP-0049744,REQ-2024-01227,accepted,2025-09-16,2025-09-17,,,,,2025-10-06,60000,USD,2025-09-17T08:31:59Z,2026-05-31T23:59:59Z
APP-0049752,REQ-2025-00314,accepted,2025-09-30,2025-10-06,,,,,2025-10-27,61500,USD,2025-10-06T10:51:55Z,2026-05-31T23:59:59Z
APP-0049759,REQ-2025-00515,accepted,2025-09-24,2025-09-29,,,,,2025-11-10,118500,USD,2025-09-29T12:21:23Z,2026-05-31T23:59:59Z
APP-0049769,REQ-2025-00753,offer_withdrawn,2025-09-29,,,2025-10-01,,,2025-10-27,131500,USD,2025-10-01T11:03:28Z,2026-05-31T23:59:59Z
APP-0049771,REQ-2025-00771,accepted,2025-09-16,2025-09-18,,,,,2025-10-20,105000,USD,2025-09-18T12:40:19Z,2026-05-31T23:59:59Z
APP-0049797,REQ-2025-00828,accepted,2025-10-03,2025-10-10,,,,,2025-11-10,88500,USD,2025-10-10T09:42:32Z,2026-05-31T23:59:59Z
APP-0049824,REQ-2025-00841,accepted,2025-09-19,2025-09-20,,,,,2025-10-13,59500,USD,2025-09-20T13:58:28Z,2026-05-31T23:59:59Z
APP-0049837,REQ-2024-00828,offer_declined,2025-10-08,,2025-10-09,,,,2025-11-05,120000,USD,2025-10-09T11:19:27Z,2026-05-31T23:59:59Z
APP-0049840,REQ-2024-01123,accepted,2025-09-28,2025-09-30,,,,,2025-10-20,79500,USD,2025-09-30T09:33:15Z,2026-05-31T23:59:59Z
APP-0049846,REQ-2025-00681,accepted,2025-10-25,2025-10-29,,,,,2025-11-24,63500,USD,2025-10-29T15:24:30Z,2026-05-31T23:59:59Z
APP-0049850,REQ-2025-00716,accepted,2025-09-17,2025-09-18,,,,,2025-10-27,85000,USD,2025-09-18T14:34:02Z,2026-05-31T23:59:59Z
APP-0049863,REQ-2025-00809,offer_declined,2025-09-26,,2025-09-27,,,,2025-10-24,71000,USD,2025-09-27T17:49:23Z,2026-05-31T23:59:59Z
APP-0049872,REQ-2025-00814,accepted,2025-09-22,2025-09-26,,,,,2025-10-27,65000,USD,2025-09-26T13:13:24Z,2026-05-31T23:59:59Z
APP-0049887,REQ-2025-00831,offer_declined,2025-09-20,,2025-09-22,,,,2025-10-18,74500,USD,2025-09-22T14:24:52Z,2026-05-31T23:59:59Z
APP-0049899,REQ-2025-00841,candidate_renege,2025-09-30,2025-10-01,,,,2025-10-20,2025-11-03,63500,USD,2025-10-20T11:23:30Z,2026-05-31T23:59:59Z
APP-0049902,REQ-2025-00849,accepted,2025-09-30,2025-10-02,,,,,2025-11-24,77000,USD,2025-10-12T13:07:16Z,2026-05-31T23:59:59Z
APP-0049905,REQ-2025-00854,offer_declined,2025-09-24,,2025-09-25,,,,2025-10-20,114000,USD,2025-09-25T17:19:35Z,2026-05-31T23:59:59Z
APP-0049934,REQ-2025-00792,offer_declined,2025-10-08,,2025-10-11,,,,2025-11-05,103500,USD,2025-10-11T09:18:42Z,2026-05-31T23:59:59Z
APP-0049976,REQ-2025-00846,offer_withdrawn,2025-09-26,,,2025-09-29,,,2025-10-24,50500,USD,2025-09-29T17:50:18Z,2026-05-31T23:59:59Z
APP-0049988,REQ-2024-00828,accepted,2025-10-05,2025-10-13,,,,,2025-12-15,128000,USD,2025-10-18T15:17:38Z,2026-05-31T23:59:59Z
APP-0049993,REQ-2025-00189,offer_declined,2025-10-29,,2025-11-02,,,,2025-11-26,98500,USD,2025-11-02T19:52:59Z,2026-05-31T23:59:59Z
APP-0050022,REQ-2025-00824,accepted,2025-09-28,2025-09-29,,,,,2025-10-27,63500,USD,2025-09-29T14:38:43Z,2026-05-31T23:59:59Z
APP-0050028,REQ-2025-00833,accepted,2025-09-25,2025-09-29,,,,,2025-10-27,71500,USD,2025-09-29T08:16:45Z,2026-05-31T23:59:59Z
APP-0050030,REQ-2025-00836,offer_declined,2025-10-02,,2025-10-03,,,,2025-10-30,81500,USD,2025-10-03T16:33:34Z,2026-05-31T23:59:59Z
APP-0050031,REQ-2025-00836,accepted,2025-10-06,2025-10-09,,,,,2025-11-03,73500,USD,2025-10-09T11:58:00Z,2026-05-31T23:59:59Z
APP-0050049,REQ-2025-00851,accepted,2025-10-02,2025-10-08,,,,,2025-11-03,91000,USD,2025-10-08T16:25:33Z,2026-05-31T23:59:59Z
APP-0050096,REQ-2025-00814,accepted,2025-09-22,2025-09-24,,,,,2025-10-20,65000,USD,2025-09-24T18:50:09Z,2026-05-31T23:59:59Z
APP-0050097,REQ-2025-00816,accepted,2025-09-24,2025-09-25,,,,,2025-10-27,69500,USD,2025-09-25T19:26:47Z,2026-05-31T23:59:59Z
APP-0050119,REQ-2025-00845,offer_declined,2025-10-28,,2025-10-30,,,,2025-11-25,94000,USD,2025-10-30T11:20:47Z,2026-05-31T23:59:59Z
APP-0050122,REQ-2025-00846,accepted,2025-09-26,2025-09-27,,,,,2025-10-13,50500,USD,2025-09-27T19:59:00Z,2026-05-31T23:59:59Z
APP-0050123,REQ-2025-00847,accepted,2025-10-08,2025-10-14,,,,,2025-12-01,137500,USD,2025-10-14T09:10:42Z,2026-05-31T23:59:59Z
APP-0050128,REQ-2025-00849,offer_withdrawn,2025-10-11,,,2025-10-13,,,2025-11-08,65000,USD,2025-10-13T17:08:42Z,2026-05-31T23:59:59Z
APP-0050172,REQ-2025-00747,accepted,2025-10-18,2025-10-19,,,,,2025-12-15,191500,USD,2025-10-19T12:05:21Z,2026-05-31T23:59:59Z
APP-0050173,REQ-2025-00766,accepted,2025-09-21,2025-09-25,,,,,2025-10-20,53500,USD,2025-10-04T16:11:03Z,2026-05-31T23:59:59Z
APP-0050184,REQ-2025-00814,offer_withdrawn,2025-09-24,,,2025-09-26,,,2025-10-22,66500,USD,2025-09-26T08:52:11Z,2026-05-31T23:59:59Z
APP-0050187,REQ-2025-00814,offer_withdrawn,2025-09-25,,,2025-09-29,,,2025-10-23,64500,USD,2025-09-29T18:33:37Z,2026-05-31T23:59:59Z
APP-0050190,REQ-2025-00818,accepted,2025-09-23,2025-09-24,,,,,2025-11-03,100000,USD,2025-09-24T08:24:03Z,2026-05-31T23:59:59Z
APP-0050191,REQ-2025-00818,accepted,2025-09-29,2025-10-01,,,,,2025-11-10,112500,USD,2025-10-01T15:44:53Z,2026-05-31T23:59:59Z
APP-0050216,REQ-2025-00841,accepted,2025-09-30,2025-10-02,,,,,2025-10-27,59500,USD,2025-10-02T13:27:35Z,2026-05-31T23:59:59Z
APP-0050233,REQ-2025-00861,accepted,2025-09-23,2025-09-25,,,,,2025-10-27,73900,USD,2025-10-06T15:44:10Z,2026-05-31T23:59:59Z
APP-0050237,REQ-2025-00869,accepted,2025-10-11,2025-10-15,,,,,2025-11-10,63000,USD,2025-10-15T08:16:19Z,2026-05-31T23:59:59Z
APP-0050239,REQ-2025-00871,offer_withdrawn,2025-10-09,,,2025-10-15,,,2025-11-06,81000,USD,2025-10-15T18:06:12Z,2026-05-31T23:59:59Z
APP-0050255,REQ-2025-00408,candidate_renege,2025-10-14,2025-10-17,,,,2025-10-31,2025-11-24,147000,USD,2025-10-31T12:16:57Z,2026-05-31T23:59:59Z
APP-0050262,REQ-2025-00620,offer_withdrawn,2025-10-01,,,2025-10-03,,,2025-10-29,139000,USD,2025-10-03T11:07:05Z,2026-05-31T23:59:59Z
APP-0050301,REQ-2025-00839,accepted,2025-10-01,2025-10-05,,,,,2025-11-10,108500,USD,2025-10-05T08:45:06Z,2026-05-31T23:59:59Z
APP-0050313,REQ-2025-00852,accepted,2025-09-25,2025-09-28,,,,,2025-10-20,43000,USD,2025-09-28T09:16:47Z,2026-05-31T23:59:59Z
APP-0050316,REQ-2025-00855,offer_declined,2025-10-10,,2025-10-13,,,,2025-11-07,73500,USD,2025-10-13T10:42:56Z,2026-05-31T23:59:59Z
APP-0050327,REQ-2025-00867,accepted,2025-10-04,2025-10-09,,,,,2025-11-10,176000,USD,2025-10-09T12:44:21Z,2026-05-31T23:59:59Z
APP-0050345,REQ-2025-00295,accepted,2025-10-23,2025-10-28,,,,,2025-11-24,94000,USD,2025-10-28T09:05:19Z,2026-05-31T23:59:59Z
APP-0050384,REQ-2025-00833,accepted,2025-09-27,2025-09-29,,,,,2025-10-27,77000,USD,2025-09-29T14:37:09Z,2026-05-31T23:59:59Z
APP-0050392,REQ-2025-00844,accepted,2025-10-14,2025-10-17,,,,,2025-11-24,134000,USD,2025-10-17T08:06:57Z,2026-05-31T23:59:59Z
APP-0050394,REQ-2025-00849,offer_declined,2025-10-02,,2025-10-05,,,,2025-10-30,70500,USD,2025-10-05T15:51:48Z,2026-05-31T23:59:59Z
APP-0050395,REQ-2025-00849,accepted,2025-10-06,2025-10-11,,,,,2025-11-10,73000,USD,2025-10-11T12:35:14Z,2026-05-31T23:59:59Z
APP-0050405,REQ-2025-00856,accepted,2025-10-02,2025-10-07,,,,,2025-11-10,75000,USD,2025-10-07T09:46:54Z,2026-05-31T23:59:59Z
APP-0050411,REQ-2025-00864,accepted,2025-09-27,2025-09-28,,,,,2025-10-27,85500,USD,2025-10-10T13:09:42Z,2026-05-31T23:59:59Z
APP-0050417,REQ-2025-00871,accepted,2025-10-06,2025-10-08,,,,,2025-11-03,80000,USD,2025-10-08T11:46:43Z,2026-05-31T23:59:59Z
APP-0050423,REQ-2025-00874,accepted,2025-09-21,2025-09-22,,,,,2025-10-13,61000,USD,2025-10-03T12:05:13Z,2026-05-31T23:59:59Z
APP-0050450,REQ-2025-00574,accepted,2025-10-04,2025-10-07,,,,,2025-12-01,213000,USD,2025-10-12T14:10:12Z,2026-05-31T23:59:59Z
APP-0050486,REQ-2025-00849,offer_declined,2025-10-08,,2025-10-12,,,,2025-11-05,71000,USD,2025-10-12T11:05:32Z,2026-05-31T23:59:59Z
APP-0050499,REQ-2025-00869,offer_declined,2025-10-02,,2025-10-04,,,,2025-10-30,58000,USD,2025-10-04T17:50:36Z,2026-05-31T23:59:59Z
APP-0050507,REQ-2025-00875,accepted,2025-10-03,2025-10-06,,,,,2025-11-10,72500,USD,2025-10-06T14:52:05Z,2026-05-31T23:59:59Z
APP-0050508,REQ-2025-00876,accepted,2025-10-14,2025-10-21,,,,,2025-11-17,123500,USD,2025-10-21T12:24:36Z,2026-05-31T23:59:59Z
APP-0050524,REQ-2025-00429,accepted,2025-10-08,2025-10-11,,,,,2025-12-01,166500,USD,2025-10-11T16:22:05Z,2026-05-31T23:59:59Z
APP-0050528,REQ-2025-00576,offer_rescinded,2025-10-17,2025-10-20,,,2025-11-08,,2025-11-10,96700,USD,2025-11-08T08:39:34Z,2026-05-31T23:59:59Z
APP-0050547,REQ-2025-00831,accepted,2025-09-25,2025-09-26,,,,,2025-10-20,74000,USD,2025-09-26T08:46:09Z,2026-05-31T23:59:59Z
APP-0050551,REQ-2025-00837,accepted,2025-10-05,2025-10-11,,,,,2025-11-10,132500,USD,2025-10-11T15:04:05Z,2026-05-31T23:59:59Z
APP-0050555,REQ-2025-00839,accepted,2025-10-25,2025-10-27,,,,,2025-11-24,100500,USD,2025-10-27T15:52:28Z,2026-05-31T23:59:59Z
APP-0050561,REQ-2025-00842,accepted,2025-10-03,2025-10-04,,,,,2025-10-20,52000,USD,2025-10-04T19:39:18Z,2026-05-31T23:59:59Z
APP-0050568,REQ-2025-00854,offer_declined,2025-10-06,,2025-10-26,,,,2025-11-03,114500,USD,2025-10-26T10:46:26Z,2026-05-31T23:59:59Z
APP-0050602,REQ-2025-00167,accepted,2025-10-21,2025-10-28,,,,,2025-11-17,68300,USD,2025-11-08T11:41:55Z,2026-05-31T23:59:59Z
APP-0050609,REQ-2025-00412,accepted,2025-10-04,2025-10-05,,,,,2025-10-27,67000,USD,2025-10-05T14:35:55Z,2026-05-31T23:59:59Z
APP-0050615,REQ-2025-00620,accepted,2025-09-28,2025-10-01,,,,,2025-11-03,130500,USD,2025-10-01T11:21:05Z,2026-05-31T23:59:59Z
APP-0050652,REQ-2025-00841,offer_withdrawn,2025-10-01,,,2025-10-05,,,2025-10-29,64500,USD,2025-10-05T10:27:18Z,2026-05-31T23:59:59Z
APP-0050664,REQ-2025-00856,accepted,2025-09-28,2025-09-29,,,,,2025-10-27,79500,USD,2025-09-29T08:21:04Z,2026-05-31T23:59:59Z
APP-0050665,REQ-2025-00857,offer_declined,2025-10-27,,2025-11-05,,,,2025-11-24,184500,USD,2025-11-05T11:53:10Z,2026-05-31T23:59:59Z
APP-0050670,REQ-2025-00861,accepted,2025-10-06,2025-10-07,,,,,2025-11-10,78500,USD,2025-10-07T12:31:36Z,2026-05-31T23:59:59Z
APP-0050671,REQ-2025-00862,offer_rescinded,2025-10-17,2025-10-23,,,2025-11-26,,2025-12-01,89500,USD,2025-11-26T12:28:46Z,2026-05-31T23:59:59Z
APP-0050676,REQ-2025-00869,accepted,2025-10-03,2025-10-07,,,,,2025-11-10,73500,USD,2025-10-07T11:08:13Z,2026-05-31T23:59:59Z
APP-0050686,REQ-2025-00875,accepted,2025-10-03,2025-10-07,,,,,2025-11-03,68500,USD,2025-10-07T19:53:54Z,2026-05-31T23:59:59Z
APP-0050706,REQ-2025-00483,accepted,2025-10-07,2025-10-08,,,,,2025-11-17,145500,USD,2025-10-08T09:50:37Z,2026-05-31T23:59:59Z
APP-0050736,REQ-2025-00833,accepted,2025-09-26,2025-09-28,,,,,2025-11-03,74900,USD,2025-10-13T11:47:58Z,2026-05-31T23:59:59Z
APP-0050752,REQ-2025-00849,accepted,2025-09-28,2025-10-01,,,,,2025-10-20,74000,USD,2025-10-04T16:17:53Z,2026-05-31T23:59:59Z
APP-0050762,REQ-2025-00866,offer_declined,2025-11-09,,2025-11-10,,,,2025-12-07,77500,USD,2025-11-10T19:23:30Z,2026-05-31T23:59:59Z
APP-0050764,REQ-2025-00869,offer_withdrawn,2025-10-11,,,2025-10-16,,,2025-11-08,63500,USD,2025-10-16T19:59:03Z,2026-05-31T23:59:59Z
APP-0050768,REQ-2025-00869,accepted,2025-09-29,2025-09-30,,,,,2025-10-27,65500,USD,2025-09-30T09:02:36Z,2026-05-31T23:59:59Z
APP-0050770,REQ-2025-00872,accepted,2025-10-02,2025-10-07,,,,,2025-11-03,61100,USD,2025-10-20T18:04:15Z,2026-05-31T23:59:59Z
APP-0050784,REQ-2025-00887,offer_declined,2025-10-01,,2025-10-04,,,,2025-10-29,60500,USD,2025-10-04T16:28:57Z,2026-05-31T23:59:59Z
APP-0050800,REQ-2025-00121,accepted,2025-10-23,2025-10-30,,,,,2025-12-01,80000,USD,2025-10-30T10:36:21Z,2026-05-31T23:59:59Z
APP-0050805,REQ-2025-00470,accepted,2025-10-04,2025-10-06,,,,,2025-12-01,163000,USD,2025-10-06T17:28:10Z,2026-05-31T23:59:59Z
APP-0050812,REQ-2025-00712,accepted,2025-10-05,2025-10-09,,,,,2025-11-10,89500,USD,2025-10-09T17:18:00Z,2026-05-31T23:59:59Z
APP-0050836,REQ-2025-00832,accepted,2025-09-30,2025-10-01,,,,,2025-10-20,57500,USD,2025-10-01T11:45:23Z,2026-05-31T23:59:59Z
APP-0050874,REQ-2025-00883,accepted,2025-10-11,2025-10-13,,,,,2025-11-17,98000,USD,2025-10-13T10:22:51Z,2026-05-31T23:59:59Z
APP-0050880,REQ-2025-00891,accepted,2025-10-22,2025-10-24,,,,,2025-12-01,88000,USD,2025-10-24T11:02:05Z,2026-05-31T23:59:59Z
APP-0050908,REQ-2025-00809,accepted,2025-10-06,2025-10-07,,,,,2025-11-03,70000,USD,2025-10-07T16:49:36Z,2026-05-31T23:59:59Z
APP-0050912,REQ-2025-00818,offer_withdrawn,2025-10-01,,,2025-10-03,,,2025-10-29,109000,USD,2025-10-03T08:26:39Z,2026-05-31T23:59:59Z
APP-0050936,REQ-2025-00854,candidate_renege,2025-10-26,2025-10-28,,,,2025-12-24,2025-12-16,116000,USD,2025-12-24T14:43:48Z,2026-05-31T23:59:59Z
APP-0050953,REQ-2025-00871,accepted,2025-10-14,2025-10-15,,,,,2025-11-24,85000,USD,2025-10-24T12:34:53Z,2026-05-31T23:59:59Z
APP-0050959,REQ-2025-00873,accepted,2025-10-08,2025-10-13,,,,,2025-11-24,98500,USD,2025-10-13T14:31:15Z,2026-05-31T23:59:59Z
APP-0050964,REQ-2025-00879,offer_withdrawn,2025-10-14,,,2025-10-21,,,2025-11-11,117500,USD,2025-10-21T19:06:53Z,2026-05-31T23:59:59Z
APP-0050965,REQ-2025-00880,accepted,2025-11-08,2025-11-10,,,,,2025-12-08,134000,USD,2025-11-10T18:59:39Z,2026-05-31T23:59:59Z
APP-0050967,REQ-2025-00885,accepted,2025-11-01,2025-11-05,,,,,2025-12-15,120500,USD,2025-11-05T12:56:23Z,2026-05-31T23:59:59Z
APP-0050969,REQ-2025-00887,accepted,2025-10-07,2025-10-09,,,,,2025-11-03,60500,USD,2025-10-09T16:57:20Z,2026-05-31T23:59:59Z
APP-0050974,REQ-2025-00888,accepted,2025-10-12,2025-10-16,,,,,2025-12-01,111000,USD,2025-10-16T16:32:12Z,2026-05-31T23:59:59Z
APP-0050975,REQ-2025-00890,accepted,2025-10-12,2025-10-16,,,,,2025-11-10,77500,USD,2025-10-16T15:35:54Z,2026-05-31T23:59:59Z
APP-0050982,REQ-2025-00904,accepted,2025-10-05,2025-10-08,,,,,2025-10-27,59000,USD,2025-10-08T15:36:22Z,2026-05-31T23:59:59Z
APP-0051001,REQ-2025-00659,candidate_renege,2025-10-05,2025-10-06,,,,2025-10-29,2025-11-03,76000,USD,2025-10-29T08:49:50Z,2026-05-31T23:59:59Z
APP-0051011,REQ-2025-00833,offer_withdrawn,2025-09-27,,,2025-10-01,,,2025-10-25,72000,USD,2025-10-01T11:54:23Z,2026-05-31T23:59:59Z
APP-0051031,REQ-2025-00869,accepted,2025-10-09,2025-10-10,,,,,2025-11-03,69500,USD,2025-10-10T11:36:13Z,2026-05-31T23:59:59Z
APP-0051041,REQ-2025-00887,offer_declined,2025-10-02,,2025-10-04,,,,2025-10-30,66000,USD,2025-10-04T11:50:02Z,2026-05-31T23:59:59Z
APP-0051060,REQ-2025-00905,accepted,2025-10-08,2025-10-10,,,,,2025-11-03,84500,USD,2025-10-10T09:32:46Z,2026-05-31T23:59:59Z
APP-0051071,REQ-2025-00529,accepted,2025-10-17,2025-10-19,,,,,2025-11-03,67500,USD,2025-10-23T19:31:53Z,2026-05-31T23:59:59Z
APP-0051099,REQ-2025-00842,candidate_renege,2025-10-02,2025-10-03,,,,2025-10-13,2025-10-20,57000,USD,2025-10-13T15:10:13Z,2026-05-31T23:59:59Z
APP-0051101,REQ-2025-00844,offer_withdrawn,2025-10-11,,,2025-10-17,,,2025-11-08,121000,USD,2025-10-17T16:26:01Z,2026-05-31T23:59:59Z
APP-0051115,REQ-2025-00856,accepted,2025-10-06,2025-10-09,,,,,2025-11-03,80000,USD,2025-10-09T14:36:49Z,2026-05-31T23:59:59Z
APP-0051125,REQ-2025-00862,offer_withdrawn,2025-10-21,,,2025-10-24,,,2025-11-18,83000,USD,2025-10-24T16:23:30Z,2026-05-31T23:59:59Z
APP-0051130,REQ-2025-00871,accepted,2025-10-10,2025-10-12,,,,,2025-11-10,81000,USD,2025-10-12T19:19:40Z,2026-05-31T23:59:59Z
APP-0051142,REQ-2025-00883,accepted,2025-10-14,2025-10-18,,,,,2025-11-24,91500,USD,2025-10-18T17:22:47Z,2026-05-31T23:59:59Z
APP-0051146,REQ-2025-00888,accepted,2025-10-09,2025-10-12,,,,,2025-11-17,112500,USD,2025-10-12T14:02:38Z,2026-05-31T23:59:59Z
APP-0051147,REQ-2025-00888,accepted,2025-10-15,2025-10-18,,,,,2025-11-24,110000,USD,2025-10-18T11:04:08Z,2026-05-31T23:59:59Z
APP-0051202,REQ-2025-00841,offer_withdrawn,2025-10-02,,,2025-10-05,,,2025-10-30,59500,USD,2025-10-05T10:16:26Z,2026-05-31T23:59:59Z
APP-0051227,REQ-2025-00883,offer_declined,2025-10-11,,2025-10-15,,,,2025-11-08,90500,USD,2025-10-15T10:14:15Z,2026-05-31T23:59:59Z
APP-0051229,REQ-2025-00884,offer_declined,2025-10-14,,2025-10-17,,,,2025-11-11,143500,USD,2025-10-17T14:26:56Z,2026-05-31T23:59:59Z
APP-0051253,REQ-2025-00084,offer_declined,2025-10-20,,2025-10-22,,,,2025-11-17,97500,USD,2025-10-22T12:45:29Z,2026-05-31T23:59:59Z
APP-0051258,REQ-2025-00300,accepted,2025-10-17,2025-10-23,,,,,2025-12-15,140500,USD,2025-11-07T17:32:17Z,2026-05-31T23:59:59Z
APP-0051309,REQ-2025-00873,accepted,2025-10-12,2025-10-15,,,,,2025-11-17,102000,USD,2025-10-15T08:03:17Z,2026-05-31T23:59:59Z
APP-0051313,REQ-2025-00883,offer_declined,2025-10-18,,2025-10-21,,,,2025-11-15,100500,USD,2025-10-21T09:10:50Z,2026-05-31T23:59:59Z
APP-0051341,REQ-2025-00189,offer_declined,2025-11-27,,2025-12-06,,,,2025-12-25,87500,USD,2025-12-06T19:25:39Z,2026-05-31T23:59:59Z
APP-0051350,REQ-2025-00711,accepted,2025-10-07,2025-10-08,,,,,2025-11-10,102000,USD,2025-10-15T11:30:44Z,2026-05-31T23:59:59Z
APP-0051351,REQ-2025-00770,accepted,2025-10-23,2025-10-26,,,,,2025-12-01,128500,USD,2025-10-26T10:34:26Z,2026-05-31T23:59:59Z
APP-0051375,REQ-2025-00873,accepted,2025-10-24,2025-10-25,,,,,2025-11-24,101500,USD,2025-10-25T16:30:33Z,2026-05-31T23:59:59Z
APP-0051376,REQ-2025-00879,accepted,2025-10-16,2025-10-19,,,,,2025-11-24,121000,USD,2025-10-19T11:45:23Z,2026-05-31T23:59:59Z
APP-0051381,REQ-2025-00888,accepted,2025-10-25,2025-10-27,,,,,2025-12-01,118000,USD,2025-10-27T13:44:31Z,2026-05-31T23:59:59Z
APP-0051387,REQ-2025-00900,offer_declined,2025-11-10,,2025-11-12,,,,2025-12-08,92000,USD,2025-11-12T11:26:02Z,2026-05-31T23:59:59Z
APP-0051395,REQ-2025-00911,accepted,2025-10-18,2025-10-20,,,,,2025-11-10,76500,USD,2025-10-26T09:30:15Z,2026-05-31T23:59:59Z
APP-0051399,REQ-2025-00918,candidate_renege,2025-10-08,2025-10-10,,,,2025-11-07,2025-11-17,87600,USD,2025-11-07T19:15:24Z,2026-05-31T23:59:59Z
APP-0051400,REQ-2025-00919,accepted,2025-10-17,2025-10-23,,,,,2025-12-01,107500,USD,2025-10-23T09:57:56Z,2026-05-31T23:59:59Z
APP-0051404,REQ-2024-01217,accepted,2025-10-13,2025-10-17,,,,,2025-11-10,70100,USD,2025-10-23T18:37:49Z,2026-05-31T23:59:59Z
APP-0051415,REQ-2025-00413,accepted,2025-11-13,2025-11-19,,,,,2025-12-29,173000,USD,2025-11-30T19:35:06Z,2026-05-31T23:59:59Z
APP-0051421,REQ-2025-00821,accepted,2025-10-22,2025-10-28,,,,,2025-12-01,103500,USD,2025-10-28T18:50:24Z,2026-05-31T23:59:59Z
APP-0051463,REQ-2025-00888,offer_declined,2025-10-17,,2025-11-02,,,,2025-11-14,114500,USD,2025-11-02T14:28:40Z,2026-05-31T23:59:59Z
APP-0051479,REQ-2025-00905,accepted,2025-10-19,2025-10-20,,,,,2025-11-17,81000,USD,2025-10-20T09:24:23Z,2026-05-31T23:59:59Z
APP-0051480,REQ-2025-00905,accepted,2025-10-24,2025-10-26,,,,,2025-11-17,83000,USD,2025-10-26T18:14:04Z,2026-05-31T23:59:59Z
APP-0051490,REQ-2025-00912,accepted,2025-10-16,2025-10-18,,,,,2025-11-17,70000,USD,2025-11-02T13:15:25Z,2026-05-31T23:59:59Z
APP-0051491,REQ-2025-00913,offer_declined,2025-10-16,,2025-10-21,,,,2025-11-13,144000,USD,2025-10-21T15:43:55Z,2026-05-31T23:59:59Z
APP-0051504,REQ-2025-00313,accepted,2025-10-26,2025-10-31,,,,,2025-12-22,120000,USD,2025-11-05T10:56:10Z,2026-05-31T23:59:59Z
APP-0051505,REQ-2025-00352,accepted,2025-10-15,2025-10-29,,,,,2025-12-01,107000,USD,2025-10-29T18:17:00Z,2026-05-31T23:59:59Z
APP-0051516,REQ-2025-00730,accepted,2025-10-18,2025-10-23,,,,,2025-11-17,63500,USD,2025-10-23T12:47:35Z,2026-05-31T23:59:59Z
APP-0051533,REQ-2025-00861,accepted,2025-10-11,2025-10-13,,,,,2025-11-17,73000,USD,2025-10-13T16:04:58Z,2026-05-31T23:59:59Z
APP-0051534,REQ-2025-00866,offer_declined,2025-10-14,,2025-10-16,,,,2025-11-11,75000,USD,2025-10-16T09:46:49Z,2026-05-31T23:59:59Z
APP-0051555,REQ-2025-00905,offer_withdrawn,2025-10-27,,,2025-10-30,,,2025-11-24,75500,USD,2025-10-30T15:52:57Z,2026-05-31T23:59:59Z
APP-0051557,REQ-2025-00905,accepted,2025-10-14,2025-10-17,,,,,2025-11-10,83500,USD,2025-10-17T13:11:17Z,2026-05-31T23:59:59Z
APP-0051565,REQ-2025-00915,accepted,2025-10-31,2025-11-04,,,,,2025-12-08,127500,USD,2025-11-04T15:59:22Z,2026-05-31T23:59:59Z
APP-0051568,REQ-2025-00920,accepted,2025-10-30,2025-11-04,,,,,2025-12-01,128500,USD,2025-11-04T09:02:31Z,2026-05-31T23:59:59Z
APP-0051571,REQ-2024-01147,accepted,2025-10-17,2025-10-20,,,,,2025-11-17,88500,USD,2025-10-20T09:58:26Z,2026-05-31T23:59:59Z
APP-0051619,REQ-2025-00889,accepted,2025-10-25,2025-10-27,,,,,2025-12-01,95500,USD,2025-10-27T12:46:39Z,2026-05-31T23:59:59Z
APP-0051644,REQ-2025-00921,accepted,2025-10-27,2025-10-30,,,,,2025-12-08,120500,USD,2025-11-13T17:59:51Z,2026-05-31T23:59:59Z
APP-0051647,REQ-2025-00928,accepted,2025-10-13,2025-10-16,,,,,2025-11-10,76500,USD,2025-10-16T16:50:53Z,2026-05-31T23:59:59Z
APP-0051648,REQ-2025-00929,accepted,2025-10-31,2025-11-03,,,,,2025-12-01,93400,USD,2025-11-18T17:44:28Z,2026-05-31T23:59:59Z
APP-0051667,REQ-2025-00510,accepted,2025-10-18,2025-10-20,,,,,2025-11-24,107400,USD,2025-10-27T08:54:07Z,2026-05-31T23:59:59Z
APP-0051677,REQ-2025-00836,accepted,2025-10-18,2025-10-22,,,,,2025-11-24,78500,USD,2025-10-31T15:53:18Z,2026-05-31T23:59:59Z
APP-0051689,REQ-2025-00869,offer_withdrawn,2025-10-17,,,2025-10-18,,,2025-11-12,66500,USD,2025-10-18T15:35:02Z,2026-05-31T23:59:59Z
APP-0051697,REQ-2025-00878,accepted,2025-11-26,2025-12-02,,,,,2026-01-26,131500,USD,2025-12-04T09:01:20Z,2026-05-31T23:59:59Z
APP-0051723,REQ-2025-00920,offer_withdrawn,2025-11-04,,,2025-11-05,,,2025-12-02,135000,USD,2025-11-05T12:24:37Z,2026-05-31T23:59:59Z
APP-0051733,REQ-2025-00938,offer_withdrawn,2025-10-20,,,2025-10-20,,,2025-11-17,66500,USD,2025-10-20T10:34:44Z,2026-05-31T23:59:59Z
APP-0051756,REQ-2025-00845,accepted,2025-11-04,2025-11-11,,,,,2025-12-22,91500,USD,2025-11-17T12:31:09Z,2026-05-31T23:59:59Z
APP-0051804,REQ-2025-00934,accepted,2025-10-24,2025-10-28,,,,,2025-12-01,109000,USD,2025-10-28T10:50:01Z,2026-05-31T23:59:59Z
APP-0051839,REQ-2025-00843,offer_declined,2025-10-29,,2025-11-03,,,,2025-11-26,94500,USD,2025-11-03T15:04:07Z,2026-05-31T23:59:59Z
APP-0051842,REQ-2025-00856,accepted,2025-10-10,2025-10-12,,,,,2025-11-17,75000,USD,2025-10-12T18:49:12Z,2026-05-31T23:59:59Z
APP-0051862,REQ-2025-00905,offer_withdrawn,2025-10-19,,,2025-10-28,,,2025-11-16,74000,USD,2025-10-28T18:12:58Z,2026-05-31T23:59:59Z
APP-0051885,REQ-2025-00932,accepted,2025-10-27,2025-11-04,,,,,2025-12-01,99500,USD,2025-11-04T18:00:39Z,2026-05-31T23:59:59Z
APP-0051895,REQ-2025-00941,accepted,2025-10-21,2025-10-23,,,,,2025-12-01,134500,USD,2025-10-25T13:19:02Z,2026-05-31T23:59:59Z
APP-0051911,REQ-2025-00590,accepted,2025-10-12,2025-10-15,,,,,2025-11-10,76500,USD,2025-10-15T14:51:12Z,2026-05-31T23:59:59Z
APP-0051912,REQ-2025-00648,accepted,2025-10-28,2025-11-05,,,,,2025-12-08,91500,USD,2025-11-05T11:25:14Z,2026-05-31T23:59:59Z
APP-0051942,REQ-2025-00921,offer_declined,2025-10-24,,2025-10-27,,,,2025-11-21,125500,USD,2025-10-27T09:59:59Z,2026-05-31T23:59:59Z
APP-0051961,REQ-2025-00952,accepted,2025-10-30,2025-11-02,,,,,2025-12-01,81000,USD,2025-11-12T10:45:59Z,2026-05-31T23:59:59Z
APP-0051964,REQ-2024-00799,accepted,2025-12-04,2025-12-05,,,,,2026-01-19,189000,USD,2025-12-05T08:46:32Z,2026-05-31T23:59:59Z
APP-0051974,REQ-2025-00514,accepted,2025-10-28,2025-10-30,,,,,2025-12-01,98500,USD,2025-10-30T12:48:41Z,2026-05-31T23:59:59Z
APP-0051980,REQ-2025-00667,accepted,2025-10-20,2025-10-21,,,,,2025-12-01,114500,USD,2025-10-24T16:21:19Z,2026-05-31T23:59:59Z
APP-0051991,REQ-2025-00871,offer_withdrawn,2025-10-14,,,2025-10-15,,,2025-11-11,76500,USD,2025-10-15T08:52:56Z,2026-05-31T23:59:59Z
APP-0051998,REQ-2025-00882,offer_declined,2025-10-23,,2025-10-28,,,,2025-11-20,157000,USD,2025-10-28T14:53:00Z,2026-05-31T23:59:59Z
APP-0052002,REQ-2025-00888,accepted,2025-10-26,2025-10-28,,,,,2025-12-01,118500,USD,2025-10-28T08:34:02Z,2026-05-31T23:59:59Z
APP-0052034,REQ-2025-00937,accepted,2025-11-02,2025-11-04,,,,,2025-12-29,104000,USD,2025-11-16T16:36:28Z,2026-05-31T23:59:59Z
APP-0052035,REQ-2025-00938,offer_withdrawn,2025-10-13,,,2025-10-20,,,2025-11-10,61500,USD,2025-10-20T14:08:26Z,2026-05-31T23:59:59Z
APP-0052044,REQ-2025-00945,accepted,2025-10-26,2025-10-29,,,,,2025-12-22,150500,USD,2025-10-29T14:42:19Z,2026-05-31T23:59:59Z
APP-0052052,REQ-2025-00953,accepted,2025-10-29,2025-10-31,,,,,2025-12-01,90500,USD,2025-10-31T09:27:27Z,2026-05-31T23:59:59Z
APP-0052055,REQ-2025-00959,accepted,2025-10-17,2025-10-21,,,,,2025-12-08,147000,USD,2025-10-21T16:16:28Z,2026-05-31T23:59:59Z
APP-0052059,REQ-2024-01247,accepted,2025-11-12,2025-11-21,,,,,2025-12-22,104500,USD,2025-11-21T12:59:35Z,2026-05-31T23:59:59Z
APP-0052066,REQ-2025-00746,accepted,2025-10-26,2025-10-28,,,,,2025-11-17,93400,USD,2025-11-08T18:32:05Z,2026-05-31T23:59:59Z
APP-0052068,REQ-2025-00787,accepted,2025-10-30,2025-11-06,,,,,2025-12-22,68500,USD,2025-11-08T15:37:06Z,2026-05-31T23:59:59Z
APP-0052072,REQ-2025-00827,accepted,2025-10-18,2025-10-21,,,,,2025-12-01,124000,USD,2025-10-21T15:30:05Z,2026-05-31T23:59:59Z
APP-0052095,REQ-2025-00873,accepted,2025-10-22,2025-11-02,,,,,2025-12-08,103100,USD,2025-11-11T11:50:40Z,2026-05-31T23:59:59Z
APP-0052123,REQ-2025-00938,accepted,2025-10-18,2025-10-20,,,,,2025-11-24,61500,USD,2025-10-20T09:36:25Z,2026-05-31T23:59:59Z
APP-0052137,REQ-2025-00951,offer_declined,2025-10-18,,2025-10-19,,,,2025-11-14,63000,USD,2025-10-19T14:20:49Z,2026-05-31T23:59:59Z
APP-0052150,REQ-2025-00576,accepted,2025-11-06,2025-11-10,,,,,2025-12-08,85500,USD,2025-11-10T09:57:56Z,2026-05-31T23:59:59Z
APP-0052177,REQ-2025-00888,accepted,2025-11-01,2025-11-03,,,,,2025-12-15,97500,USD,2025-11-16T10:37:57Z,2026-05-31T23:59:59Z
APP-0052183,REQ-2025-00905,accepted,2025-10-22,2025-10-23,,,,,2025-11-17,81000,USD,2025-10-23T19:53:55Z,2026-05-31T23:59:59Z
APP-0052196,REQ-2025-00933,accepted,2025-10-21,2025-10-22,,,,,2025-11-24,74500,USD,2025-10-22T11:22:05Z,2026-05-31T23:59:59Z
APP-0052235,REQ-2025-00822,accepted,2025-10-18,2025-10-21,,,,,2025-11-24,97500,USD,2025-10-21T19:00:04Z,2026-05-31T23:59:59Z
APP-0052239,REQ-2025-00854,accepted,2025-10-18,2025-10-21,,,,,2025-11-24,111500,USD,2025-10-21T13:30:07Z,2026-05-31T23:59:59Z
APP-0052249,REQ-2025-00888,offer_withdrawn,2025-11-02,,,2025-11-03,,,2025-11-29,117500,USD,2025-11-03T09:05:28Z,2026-05-31T23:59:59Z
APP-0052253,REQ-2025-00888,offer_declined,2025-10-19,,2025-10-23,,,,2025-11-16,110500,USD,2025-10-23T09:04:07Z,2026-05-31T23:59:59Z
APP-0052255,REQ-2025-00892,candidate_renege,2025-10-31,2025-11-01,,,,2025-11-22,2025-12-01,79000,USD,2025-11-22T10:08:50Z,2026-05-31T23:59:59Z
APP-0052264,REQ-2025-00905,accepted,2025-10-21,2025-10-27,,,,,2025-11-17,74000,USD,2025-10-27T13:30:15Z,2026-05-31T23:59:59Z
APP-0052338,REQ-2025-00799,accepted,2025-10-22,2025-10-24,,,,,2025-11-24,87000,USD,2025-10-29T12:58:38Z,2026-05-31T23:59:59Z
APP-0052339,REQ-2025-00836,accepted,2025-10-20,2025-10-21,,,,,2025-11-10,82500,USD,2025-10-21T10:15:04Z,2026-05-31T23:59:59Z
APP-0052366,REQ-2025-00898,accepted,2025-11-02,2025-11-08,,,,,2025-12-22,162500,USD,2025-11-08T09:34:52Z,2026-05-31T23:59:59Z
APP-0052406,REQ-2024-00906,accepted,2025-11-15,2025-11-18,,,,,2026-01-12,198000,USD,2025-11-22T18:07:59Z,2026-05-31T23:59:59Z
APP-0052414,REQ-2025-00279,accepted,2025-10-29,2025-11-01,,,,,2025-12-08,142000,USD,2025-11-01T10:38:10Z,2026-05-31T23:59:59Z
APP-0052422,REQ-2025-00807,accepted,2025-10-20,2025-10-22,,,,,2025-11-24,128000,USD,2025-10-22T14:03:16Z,2026-05-31T23:59:59Z
APP-0052476,REQ-2025-00956,accepted,2025-10-29,2025-11-05,,,,,2025-12-15,115500,USD,2025-11-05T14:42:00Z,2026-05-31T23:59:59Z
APP-0052481,REQ-2025-00970,accepted,2025-10-23,2025-10-24,,,,,2025-11-17,81000,USD,2025-10-24T11:45:24Z,2026-05-31T23:59:59Z
APP-0052486,REQ-2024-01223,accepted,2025-11-08,2025-11-12,,,,,2025-12-15,136200,USD,2025-11-24T19:20:23Z,2026-05-31T23:59:59Z
APP-0052511,REQ-2025-00830,accepted,2025-11-04,2025-11-05,,,,,2025-12-08,105500,USD,2025-11-05T08:14:34Z,2026-05-31T23:59:59Z
APP-0052517,REQ-2025-00839,offer_withdrawn,2025-10-26,,,2025-10-30,,,2025-11-23,107000,USD,2025-10-30T18:01:03Z,2026-05-31T23:59:59Z
APP-0052540,REQ-2025-00905,offer_declined,2025-10-21,,2025-10-27,,,,2025-11-18,75500,USD,2025-10-27T15:30:01Z,2026-05-31T23:59:59Z
APP-0052547,REQ-2025-00910,accepted,2025-10-25,2025-10-30,,,,,2025-12-01,88500,USD,2025-10-30T13:22:34Z,2026-05-31T23:59:59Z
APP-0052557,REQ-2025-00937,accepted,2025-11-01,2025-11-03,,,,,2025-12-15,100500,USD,2025-11-03T10:05:15Z,2026-05-31T23:59:59Z
APP-0052559,REQ-2025-00940,offer_declined,2025-10-27,,2025-10-30,,,,2025-11-24,50500,USD,2025-10-30T12:45:16Z,2026-05-31T23:59:59Z
APP-0052565,REQ-2025-00950,accepted,2025-10-23,2025-10-24,,,,,2025-12-01,100000,USD,2025-11-07T19:21:24Z,2026-05-31T23:59:59Z
APP-0052573,REQ-2025-00966,accepted,2025-10-27,2025-10-30,,,,,2025-11-24,67500,USD,2025-10-30T10:16:32Z,2026-05-31T23:59:59Z
APP-0052597,REQ-2025-00719,accepted,2025-10-22,2025-10-27,,,,,2025-11-24,102500,USD,2025-10-27T17:28:55Z,2026-05-31T23:59:59Z
APP-0052620,REQ-2025-00930,accepted,2025-11-04,2025-11-07,,,,,2025-12-15,127500,USD,2025-11-07T19:11:34Z,2026-05-31T23:59:59Z
APP-0052624,REQ-2025-00933,offer_withdrawn,2025-10-24,,,2025-10-24,,,2025-11-21,67500,USD,2025-10-24T13:45:35Z,2026-05-31T23:59:59Z
APP-0052633,REQ-2025-00950,accepted,2025-10-30,2025-11-04,,,,,2025-12-08,91500,USD,2025-11-04T14:26:37Z,2026-05-31T23:59:59Z
APP-0052643,REQ-2025-00956,offer_withdrawn,2025-11-03,,,2025-11-05,,,2025-12-01,119000,USD,2025-11-05T18:30:50Z,2026-05-31T23:59:59Z
APP-0052653,REQ-2025-00966,accepted,2025-10-21,2025-10-26,,,,,2025-11-24,60000,USD,2025-10-26T12:31:23Z,2026-05-31T23:59:59Z
APP-0052654,REQ-2025-00967,accepted,2025-11-22,2025-11-24,,,,,2026-01-05,94000,USD,2025-11-24T19:46:00Z,2026-05-31T23:59:59Z
APP-0052661,REQ-2025-00974,candidate_renege,2025-10-22,2025-10-26,,,,2025-11-03,2025-11-17,66500,USD,2025-11-03T18:25:56Z,2026-05-31T23:59:59Z
APP-0052664,REQ-2024-00244,accepted,2025-11-15,2025-11-18,,,,,2025-12-15,121000,USD,2025-11-18T12:04:11Z,2026-05-31T23:59:59Z
APP-0052672,REQ-2025-00129,accepted,2025-11-12,2025-11-23,,,,,2025-12-22,83000,USD,2025-11-23T11:16:31Z,2026-05-31T23:59:59Z
APP-0052695,REQ-2025-00883,accepted,2025-10-28,2025-10-30,,,,,2025-12-08,97500,USD,2025-10-30T11:01:54Z,2026-05-31T23:59:59Z
APP-0052705,REQ-2025-00913,accepted,2025-11-02,2025-11-04,,,,,2025-12-15,140000,USD,2025-11-16T12:50:36Z,2026-05-31T23:59:59Z
APP-0052722,REQ-2025-00940,accepted,2025-10-23,2025-10-28,,,,,2025-11-10,55000,USD,2025-10-28T17:34:53Z,2026-05-31T23:59:59Z
APP-0052726,REQ-2025-00943,accepted,2025-10-28,2025-10-30,,,,,2025-11-17,58000,USD,2025-10-30T14:01:08Z,2026-05-31T23:59:59Z
APP-0052732,REQ-2025-00952,accepted,2025-10-29,2025-11-03,,,,,2025-12-01,78000,USD,2025-11-03T17:41:16Z,2026-05-31T23:59:59Z
APP-0052737,REQ-2025-00956,accepted,2025-11-04,2025-11-08,,,,,2025-12-22,117500,USD,2025-11-08T16:18:59Z,2026-05-31T23:59:59Z
APP-0052771,REQ-2025-00715,offer_rescinded,2025-11-06,2025-11-10,,,2025-12-11,,2025-12-22,123000,USD,2025-12-11T10:26:10Z,2026-05-31T23:59:59Z
APP-0052775,REQ-2025-00797,accepted,2025-10-27,2025-10-28,,,,,2025-11-24,82500,USD,2025-10-28T14:00:59Z,2026-05-31T23:59:59Z
APP-0052797,REQ-2025-00910,accepted,2025-11-02,2025-11-04,,,,,2025-12-08,99000,USD,2025-11-04T19:55:37Z,2026-05-31T23:59:59Z
APP-0052831,REQ-2025-00966,offer_declined,2025-11-01,,2025-11-02,,,,2025-11-29,63500,USD,2025-11-02T19:00:11Z,2026-05-31T23:59:59Z
APP-0052838,REQ-2025-00970,accepted,2025-10-30,2025-11-01,,,,,2025-12-01,66000,USD,2025-11-01T10:51:11Z,2026-05-31T23:59:59Z
APP-0052839,REQ-2025-00971,accepted,2025-10-28,2025-10-29,,,,,2025-12-08,114000,USD,2025-10-29T11:51:37Z,2026-05-31T23:59:59Z
APP-0052865,REQ-2025-00572,accepted,2025-11-01,2025-11-05,,,,,2025-12-08,98000,USD,2025-11-05T18:02:15Z,2026-05-31T23:59:59Z
APP-0052878,REQ-2025-00873,accepted,2025-11-01,2025-11-04,,,,,2025-12-08,96000,USD,2025-11-04T19:20:59Z,2026-05-31T23:59:59Z
APP-0052884,REQ-2025-00904,accepted,2025-10-25,2025-10-26,,,,,2025-12-01,62500,USD,2025-10-26T11:29:03Z,2026-05-31T23:59:59Z
APP-0052902,REQ-2025-00933,accepted,2025-10-22,2025-10-24,,,,,2025-11-17,68500,USD,2025-10-24T11:10:45Z,2026-05-31T23:59:59Z
APP-0052910,REQ-2025-00940,accepted,2025-10-21,2025-10-22,,,,,2025-11-10,54000,USD,2025-10-22T13:27:52Z,2026-05-31T23:59:59Z
APP-0052911,REQ-2025-00946,accepted,2025-11-22,2025-11-24,,,,,2026-01-12,191000,USD,2025-11-24T15:51:42Z,2026-05-31T23:59:59Z
APP-0052928,REQ-2025-00966,offer_withdrawn,2025-11-01,,,2025-11-04,,,2025-11-29,60000,USD,2025-11-04T19:26:33Z,2026-05-31T23:59:59Z
APP-0052959,REQ-2025-00336,accepted,2025-11-16,2025-11-18,,,,,2025-12-22,76000,USD,2025-11-18T18:15:20Z,2026-05-31T23:59:59Z
APP-0052963,REQ-2025-00364,accepted,2025-10-30,2025-10-31,,,,,2025-12-08,112500,USD,2025-10-31T09:30:13Z,2026-05-31T23:59:59Z
APP-0052974,REQ-2025-00742,accepted,2025-11-01,2025-11-03,,,,,2025-11-17,65000,USD,2025-11-03T12:24:39Z,2026-05-31T23:59:59Z
APP-0052975,REQ-2025-00779,accepted,2025-11-01,2025-11-06,,,,,2025-12-08,91500,USD,2025-11-06T17:57:37Z,2026-05-31T23:59:59Z
APP-0052977,REQ-2025-00785,accepted,2025-11-07,2025-11-11,,,,,2025-11-24,65500,USD,2025-11-11T18:52:45Z,2026-05-31T23:59:59Z
APP-0052982,REQ-2025-00902,offer_declined,2025-11-01,,2025-11-04,,,,2025-11-29,68000,USD,2025-11-04T11:18:21Z,2026-05-31T23:59:59Z
APP-0052984,REQ-2025-00903,accepted,2025-11-18,2025-11-21,,,,,2026-01-05,143500,USD,2025-11-21T19:04:40Z,2026-05-31T23:59:59Z
APP-0052993,REQ-2025-00925,accepted,2025-11-08,2025-11-09,,,,,2025-12-08,95000,USD,2025-11-09T11:38:18Z,2026-05-31T23:59:59Z
APP-0052996,REQ-2025-00931,candidate_renege,2025-11-09,2025-11-12,,,,2025-11-30,2025-12-08,100500,USD,2025-11-30T19:46:45Z,2026-05-31T23:59:59Z
APP-0053016,REQ-2025-00966,accepted,2025-11-01,2025-11-03,,,,,2025-12-01,60500,USD,2025-11-08T14:18:47Z,2026-05-31T23:59:59Z
APP-0053026,REQ-2025-00978,accepted,2025-11-19,2025-11-20,,,,,2025-12-15,95500,USD,2025-11-20T12:50:12Z,2026-05-31T23:59:59Z
APP-0053030,REQ-2025-00985,accepted,2025-11-26,2025-11-29,,,,,2026-02-02,213500,USD,2025-11-29T08:16:48Z,2026-05-31T23:59:59Z
APP-0053061,REQ-2025-00851,offer_declined,2025-10-27,,2025-10-28,,,,2025-11-24,96500,USD,2025-10-28T18:30:59Z,2026-05-31T23:59:59Z
APP-0053064,REQ-2025-00868,accepted,2025-11-23,2025-11-26,,,,,2026-01-05,123500,USD,2025-11-26T19:19:08Z,2026-05-31T23:59:59Z
APP-0053092,REQ-2025-00940,offer_declined,2025-11-01,,2025-11-03,,,,2025-11-29,51500,USD,2025-11-03T11:45:26Z,2026-05-31T23:59:59Z
APP-0053102,REQ-2025-00951,accepted,2025-10-29,2025-11-01,,,,,2025-12-01,57000,USD,2025-11-01T19:48:56Z,2026-05-31T23:59:59Z
APP-0053112,REQ-2025-00966,offer_withdrawn,2025-11-04,,,2025-11-05,,,2025-11-28,69000,USD,2025-11-05T14:27:53Z,2026-05-31T23:59:59Z
APP-0053129,REQ-2025-00986,offer_declined,2025-11-02,,2025-11-07,,,,2025-11-30,82000,USD,2025-11-07T08:57:06Z,2026-05-31T23:59:59Z
APP-0053149,REQ-2025-00387,accepted,2025-11-16,2025-11-20,,,,,2025-12-29,176500,USD,2025-11-20T19:11:32Z,2026-05-31T23:59:59Z
APP-0053156,REQ-2025-00729,offer_rescinded,2025-11-05,2025-11-06,,,2025-12-21,,2025-12-29,198500,USD,2025-12-21T17:51:48Z,2026-05-31T23:59:59Z
APP-0053200,REQ-2025-00974,accepted,2025-10-27,2025-10-29,,,,,2025-11-17,70500,USD,2025-10-29T11:57:17Z,2026-05-31T23:59:59Z
APP-0053201,REQ-2025-00975,accepted,2025-11-03,2025-11-04,,,,,2025-11-17,70000,USD,2025-11-04T14:59:23Z,2026-05-31T23:59:59Z
APP-0053209,REQ-2025-00984,accepted,2025-10-31,2025-11-06,,,,,2025-12-22,89500,USD,2025-11-06T10:50:33Z,2026-05-31T23:59:59Z
APP-0053210,REQ-2025-00984,accepted,2025-10-31,2025-11-04,,,,,2025-12-08,81500,USD,2025-11-04T10:22:20Z,2026-05-31T23:59:59Z
APP-0053223,REQ-2025-00993,offer_declined,2025-11-06,,2025-11-09,,,,2025-12-04,82000,USD,2025-11-09T13:16:21Z,2026-05-31T23:59:59Z
APP-0053236,REQ-2025-00505,accepted,2025-11-08,2025-11-13,,,,,2025-12-08,98000,USD,2025-11-13T12:48:43Z,2026-05-31T23:59:59Z
APP-0053261,REQ-2025-00924,accepted,2025-10-31,2025-11-05,,,,,2025-12-08,113500,USD,2025-11-05T16:30:05Z,2026-05-31T23:59:59Z
APP-0053290,REQ-2025-00974,accepted,2025-11-10,2025-11-15,,,,,2025-12-15,76500,USD,2025-11-15T13:25:40Z,2026-05-31T23:59:59Z
APP-0053298,REQ-2025-00984,accepted,2025-11-07,2025-11-08,,,,,2025-12-15,88000,USD,2025-11-08T18:49:10Z,2026-05-31T23:59:59Z
APP-0053302,REQ-2025-00986,offer_declined,2025-11-04,,2025-11-08,,,,2025-12-02,81000,USD,2025-11-08T10:59:18Z,2026-05-31T23:59:59Z
APP-0053308,REQ-2025-00988,accepted,2025-12-01,2025-12-03,,,,,2026-01-12,115500,USD,2025-12-03T19:15:36Z,2026-05-31T23:59:59Z
APP-0053322,REQ-2025-01001,accepted,2025-11-02,2025-11-04,,,,,2025-12-15,86000,USD,2025-11-17T17:29:40Z,2026-05-31T23:59:59Z
APP-0053332,REQ-2025-00168,accepted,2025-11-06,2025-11-10,,,,,2025-12-08,87500,USD,2025-11-10T17:14:45Z,2026-05-31T23:59:59Z
APP-0053336,REQ-2025-00388,accepted,2025-11-25,2025-11-26,,,,,2025-12-22,86500,USD,2025-11-29T19:14:36Z,2026-05-31T23:59:59Z
APP-0053371,REQ-2025-00944,accepted,2025-11-12,2025-11-17,,,,,2025-12-08,76900,USD,2025-11-19T13:42:19Z,2026-05-31T23:59:59Z
APP-0053398,REQ-2025-00984,offer_withdrawn,2025-11-04,,,2025-11-09,,,2025-12-02,84500,USD,2025-11-09T10:41:21Z,2026-05-31T23:59:59Z
APP-0053403,REQ-2025-00989,accepted,2025-11-11,2025-11-13,,,,,2025-11-24,59000,USD,2025-11-24T14:30:45Z,2026-05-31T23:59:59Z
APP-0053432,REQ-2025-00736,accepted,2025-11-17,2025-11-20,,,,,2025-12-29,127000,USD,2025-11-20T13:10:24Z,2026-05-31T23:59:59Z
APP-0053443,REQ-2025-00909,offer_declined,2025-11-17,,2025-11-22,,,,2025-12-15,128500,USD,2025-11-22T10:14:41Z,2026-05-31T23:59:59Z
APP-0053444,REQ-2025-00914,accepted,2025-11-11,2025-11-23,,,,,2025-12-29,134000,USD,2025-11-23T09:04:50Z,2026-05-31T23:59:59Z
APP-0053478,REQ-2025-00970,accepted,2025-11-08,2025-11-16,,,,,2025-12-22,76500,USD,2025-11-16T12:35:38Z,2026-05-31T23:59:59Z
APP-0053486,REQ-2025-00986,offer_declined,2025-11-06,,2025-11-09,,,,2025-12-04,72000,USD,2025-11-09T11:51:46Z,2026-05-31T23:59:59Z
APP-0053490,REQ-2025-00989,accepted,2025-11-06,2025-11-11,,,,,2025-12-01,55500,USD,2025-11-11T10:12:54Z,2026-05-31T23:59:59Z
APP-0053501,REQ-2025-01003,offer_withdrawn,2025-11-09,,,2025-11-11,,,2025-12-06,54000,USD,2025-11-11T11:15:26Z,2026-05-31T23:59:59Z
APP-0053502,REQ-2025-01003,accepted,2025-11-04,2025-11-11,,,,,2025-12-08,54000,USD,2025-11-11T18:45:08Z,2026-05-31T23:59:59Z
APP-0053506,REQ-2025-01005,accepted,2025-11-04,2025-11-07,,,,,2025-12-08,104000,USD,2025-11-07T08:31:41Z,2026-05-31T23:59:59Z
APP-0053510,REQ-2025-01009,accepted,2025-11-10,2025-11-11,,,,,2025-12-29,102500,USD,2025-11-13T18:13:45Z,2026-05-31T23:59:59Z
APP-0053521,REQ-2025-00215,offer_declined,2025-11-29,,2025-12-02,,,,2025-12-27,132500,USD,2025-12-02T17:08:28Z,2026-05-31T23:59:59Z
APP-0053529,REQ-2025-00502,accepted,2025-11-15,2025-11-18,,,,,2026-01-12,155000,USD,2025-11-18T12:24:30Z,2026-05-31T23:59:59Z
APP-0053561,REQ-2025-00952,offer_withdrawn,2025-11-01,,,2025-11-03,,,2025-11-29,83000,USD,2025-11-03T11:47:20Z,2026-05-31T23:59:59Z
APP-0053570,REQ-2025-00966,offer_withdrawn,2025-11-02,,,2025-11-06,,,2025-11-30,61000,USD,2025-11-06T10:42:39Z,2026-05-31T23:59:59Z
APP-0053577,REQ-2025-00984,offer_withdrawn,2025-11-05,,,2025-11-10,,,2025-12-03,79500,USD,2025-11-10T14:45:16Z,2026-05-31T23:59:59Z
APP-0053578,REQ-2025-00984,offer_withdrawn,2025-11-05,,,2025-11-13,,,2025-12-03,90500,USD,2025-11-13T08:11:25Z,2026-05-31T23:59:59Z
APP-0053612,REQ-2025-01010,offer_declined,2025-11-03,,2025-11-06,,,,2025-12-01,67500,USD,2025-11-06T11:54:20Z,2026-05-31T23:59:59Z
APP-0053622,REQ-2025-00273,accepted,2025-11-20,2025-11-22,,,,,2025-12-22,77000,USD,2025-11-22T15:53:19Z,2026-05-31T23:59:59Z
APP-0053633,REQ-2025-00807,accepted,2025-11-22,2025-11-29,,,,,2025-12-29,122500,USD,2025-11-29T15:11:52Z,2026-05-31T23:59:59Z
APP-0053637,REQ-2025-00857,accepted,2025-11-19,2025-11-30,,,,,2026-02-09,181500,USD,2025-11-30T16:19:45Z,2026-05-31T23:59:59Z
APP-0053653,REQ-2025-00940,accepted,2025-11-03,2025-11-05,,,,,2025-11-24,49000,USD,2025-11-05T15:17:18Z,2026-05-31T23:59:59Z
APP-0053691,REQ-2025-00999,offer_declined,2025-11-12,,2025-11-18,,,,2025-12-10,96000,USD,2025-11-18T13:54:38Z,2026-05-31T23:59:59Z
APP-0053696,REQ-2025-01000,accepted,2025-11-01,2025-11-04,,,,,2025-12-01,76500,USD,2025-11-11T15:39:41Z,2026-05-31T23:59:59Z
APP-0053708,REQ-2025-01010,accepted,2025-11-06,2025-11-10,,,,,2025-12-15,63500,USD,2025-11-10T09:28:36Z,2026-05-31T23:59:59Z
APP-0053715,REQ-2025-01019,accepted,2025-11-07,2025-11-09,,,,,2025-12-15,104000,USD,2025-11-09T17:09:12Z,2026-05-31T23:59:59Z
APP-0053764,REQ-2025-00970,offer_withdrawn,2025-11-15,,,2025-11-18,,,2025-12-13,66500,USD,2025-11-18T14:54:33Z,2026-05-31T23:59:59Z
APP-0053770,REQ-2025-00976,accepted,2025-11-12,2025-11-16,,,,,2025-12-29,110500,USD,2025-11-16T14:18:25Z,2026-05-31T23:59:59Z
APP-0053771,REQ-2025-00977,accepted,2025-12-12,2025-12-14,,,,,2026-03-09,266500,USD,2025-12-20T08:31:35Z,2026-05-31T23:59:59Z
APP-0053775,REQ-2025-00981,accepted,2025-11-30,2025-12-02,,,,,2026-01-05,136000,USD,2025-12-02T10:36:46Z,2026-05-31T23:59:59Z
APP-0053788,REQ-2025-00992,accepted,2025-11-05,2025-11-07,,,,,2025-11-24,44000,USD,2025-11-07T15:21:48Z,2026-05-31T23:59:59Z
APP-0053850,REQ-2025-00973,accepted,2025-12-19,2025-12-21,,,,,2026-02-16,217500,USD,2025-12-24T12:57:50Z,2026-05-31T23:59:59Z
APP-0053872,REQ-2025-01001,accepted,2025-11-10,2025-11-14,,,,,2025-12-15,91000,USD,2025-11-14T11:18:56Z,2026-05-31T23:59:59Z
APP-0053884,REQ-2025-01010,accepted,2025-11-09,2025-11-13,,,,,2025-12-15,63500,USD,2025-11-13T15:57:14Z,2026-05-31T23:59:59Z
APP-0053890,REQ-2025-01016,accepted,2025-11-23,2025-11-24,,,,,2025-12-15,78000,USD,2025-11-24T16:37:22Z,2026-05-31T23:59:59Z
APP-0053965,REQ-2025-00992,accepted,2025-10-31,2025-11-02,,,,,2025-12-22,46500,USD,2025-11-12T10:07:49Z,2026-05-31T23:59:59Z
APP-0053969,REQ-2025-00996,accepted,2025-11-21,2025-11-23,,,,,2025-12-08,75000,USD,2025-11-23T14:31:58Z,2026-05-31T23:59:59Z
APP-0053982,REQ-2025-01014,accepted,2025-11-08,2025-11-13,,,,,2025-12-08,58500,USD,2025-11-13T17:08:40Z,2026-05-31T23:59:59Z
APP-0053983,REQ-2025-01014,accepted,2025-11-08,2025-11-14,,,,,2025-12-08,64000,USD,2025-11-14T17:20:14Z,2026-05-31T23:59:59Z
APP-0053984,REQ-2025-01014,candidate_renege,2025-11-03,2025-11-06,,,,2025-12-05,2025-12-08,63500,USD,2025-12-05T14:32:13Z,2026-05-31T23:59:59Z
APP-0053987,REQ-2025-01018,accepted,2025-11-11,2025-11-14,,,,,2025-12-22,108000,USD,2025-11-14T16:28:07Z,2026-05-31T23:59:59Z
APP-0054005,REQ-2025-00329,accepted,2025-11-18,2025-11-19,,,,,2026-01-12,95500,USD,2025-11-30T19:43:01Z,2026-05-31T23:59:59Z
APP-0054006,REQ-2025-00578,accepted,2025-12-21,2025-12-22,,,,,2026-01-19,87500,USD,2025-12-22T14:49:35Z,2026-05-31T23:59:59Z
APP-0054010,REQ-2025-00696,accepted,2025-12-03,2025-12-06,,,,,2025-12-29,68000,USD,2025-12-06T12:48:11Z,2026-05-31T23:59:59Z
APP-0054021,REQ-2025-00902,offer_declined,2025-11-20,,2025-11-29,,,,2025-12-18,69000,USD,2025-11-29T15:57:18Z,2026-05-31T23:59:59Z
APP-0054022,REQ-2025-00906,offer_declined,2025-11-05,,2025-11-10,,,,2025-12-03,58000,USD,2025-11-10T11:19:00Z,2026-05-31T23:59:59Z
APP-0054053,REQ-2025-00987,accepted,2025-11-22,2025-11-26,,,,,2025-12-15,55000,USD,2025-11-26T10:32:21Z,2026-05-31T23:59:59Z
APP-0054058,REQ-2025-00992,accepted,2025-11-03,2025-11-06,,,,,2025-11-24,43500,USD,2025-11-06T13:22:05Z,2026-05-31T23:59:59Z
APP-0054061,REQ-2025-00997,accepted,2025-12-07,2025-12-19,,,,,2026-02-16,172500,USD,2025-12-22T18:24:26Z,2026-05-31T23:59:59Z
APP-0054071,REQ-2025-01010,accepted,2025-11-08,2025-11-09,,,,,2025-12-01,61500,USD,2025-11-09T14:56:27Z,2026-05-31T23:59:59Z
APP-0054090,REQ-2025-01028,accepted,2025-11-13,2025-11-15,,,,,2025-12-29,106500,USD,2025-11-15T13:45:39Z,2026-05-31T23:59:59Z
APP-0054106,REQ-2025-00280,accepted,2025-11-18,2025-11-25,,,,,2025-12-22,92000,USD,2025-11-25T15:36:40Z,2026-05-31T23:59:59Z
APP-0054126,REQ-2025-00892,accepted,2025-11-29,2025-12-03,,,,,2026-01-05,73000,USD,2025-12-03T14:45:30Z,2026-05-31T23:59:59Z
APP-0054134,REQ-2025-00951,offer_declined,2025-11-11,,2025-11-12,,,,2025-12-09,58500,USD,2025-11-12T16:17:43Z,2026-05-31T23:59:59Z
APP-0054136,REQ-2025-00951,accepted,2025-11-09,2025-11-12,,,,,2025-12-08,61000,USD,2025-11-12T12:59:55Z,2026-05-31T23:59:59Z
APP-0054174,REQ-2025-01009,offer_withdrawn,2025-11-11,,,2025-11-12,,,2025-12-09,113000,USD,2025-11-12T19:18:59Z,2026-05-31T23:59:59Z
APP-0054181,REQ-2025-01016,accepted,2025-11-29,2025-12-01,,,,,2026-01-12,75000,USD,2025-12-03T09:46:11Z,2026-05-31T23:59:59Z
APP-0054199,REQ-2025-00229,offer_declined,2025-12-10,,2025-12-12,,,,2026-01-07,132500,USD,2025-12-12T18:05:04Z,2026-05-31T23:59:59Z
APP-0054221,REQ-2025-00948,accepted,2025-11-21,2025-11-26,,,,,2025-12-22,89500,USD,2025-11-26T14:13:04Z,2026-05-31T23:59:59Z
APP-0054239,REQ-2025-00986,accepted,2025-11-12,2025-11-14,,,,,2025-12-08,84000,USD,2025-11-19T09:08:19Z,2026-05-31T23:59:59Z
APP-0054253,REQ-2025-01000,accepted,2025-11-11,2025-11-14,,,,,2025-12-15,81000,USD,2025-11-14T11:15:39Z,2026-05-31T23:59:59Z
APP-0054258,REQ-2025-01006,accepted,2025-11-21,2025-11-24,,,,,2025-12-15,60000,USD,2025-11-24T11:35:47Z,2026-05-31T23:59:59Z
APP-0054270,REQ-2025-01020,accepted,2025-12-24,2026-01-01,,,,,2026-02-02,103900,USD,2026-01-09T12:17:39Z,2026-05-31T23:59:59Z
APP-0054283,REQ-2025-01035,accepted,2025-11-20,2025-11-21,,,,,2025-12-29,115000,USD,2025-11-21T18:40:22Z,2026-05-31T23:59:59Z
APP-0054296,REQ-2025-00326,offer_rescinded,2025-11-25,2025-11-26,,,2025-12-16,,2025-12-29,89500,USD,2025-12-16T14:21:12Z,2026-05-31T23:59:59Z
APP-0054301,REQ-2025-00550,accepted,2025-11-20,2025-11-24,,,,,2026-01-05,164000,USD,2025-11-24T17:17:57Z,2026-05-31T23:59:59Z
APP-0054313,REQ-2025-00886,accepted,2025-12-01,2025-12-09,,,,,2026-01-19,126500,USD,2025-12-09T08:23:04Z,2026-05-31T23:59:59Z
APP-0054333,REQ-2025-00974,offer_withdrawn,2025-11-18,,,2025-11-20,,,2025-12-16,77000,USD,2025-11-20T17:11:06Z,2026-05-31T23:59:59Z
APP-0054336,REQ-2025-00974,accepted,2025-11-14,2025-11-19,,,,,2025-12-08,67000,USD,2025-11-19T08:20:53Z,2026-05-31T23:59:59Z
APP-0054363,REQ-2025-01011,accepted,2025-12-01,2025-12-07,,,,,2026-01-05,95000,USD,2025-12-07T18:23:43Z,2026-05-31T23:59:59Z
APP-0054369,REQ-2025-01017,accepted,2025-11-17,2025-11-18,,,,,2025-12-22,76500,USD,2025-11-18T11:28:49Z,2026-05-31T23:59:59Z
APP-0054370,REQ-2025-01017,accepted,2025-11-13,2025-11-17,,,,,2025-12-15,75500,USD,2025-12-01T08:11:00Z,2026-05-31T23:59:59Z
APP-0054432,REQ-2025-00986,accepted,2025-11-13,2025-11-14,,,,,2025-12-08,73500,USD,2025-11-17T12:45:45Z,2026-05-31T23:59:59Z
APP-0054437,REQ-2025-00993,accepted,2025-11-18,2025-11-22,,,,,2025-12-22,81000,USD,2025-11-22T19:08:38Z,2026-05-31T23:59:59Z
APP-0054447,REQ-2025-01008,accepted,2025-11-27,2025-12-01,,,,,2026-01-05,98000,USD,2025-12-01T08:40:17Z,2026-05-31T23:59:59Z
APP-0054455,REQ-2025-01010,accepted,2025-11-16,2025-11-18,,,,,2025-12-22,65000,USD,2025-11-20T17:35:24Z,2026-05-31T23:59:59Z
APP-0054471,REQ-2025-01026,candidate_renege,2025-12-02,2025-12-03,,,,2025-12-04,2025-12-15,72000,USD,2025-12-04T17:41:27Z,2026-05-31T23:59:59Z
APP-0054540,REQ-2025-01005,accepted,2025-11-12,2025-11-17,,,,,2025-12-22,112000,USD,2025-11-27T14:56:37Z,2026-05-31T23:59:59Z
APP-0054545,REQ-2025-01010,offer_declined,2025-11-17,,2025-11-22,,,,2025-12-15,57500,USD,2025-11-22T18:14:02Z,2026-05-31T23:59:59Z
APP-0054546,REQ-2025-01010,offer_withdrawn,2025-11-18,,,2025-11-23,,,2025-12-16,59000,USD,2025-11-23T13:39:28Z,2026-05-31T23:59:59Z
APP-0054576,REQ-2025-00364,accepted,2025-11-12,2025-11-14,,,,,2025-12-22,105000,USD,2025-11-28T08:08:51Z,2026-05-31T23:59:59Z
APP-0054580,REQ-2025-00792,accepted,2025-11-18,2025-11-20,,,,,2025-12-29,103500,USD,2025-12-01T11:12:41Z,2026-05-31T23:59:59Z
APP-0054608,REQ-2025-00986,accepted,2025-11-15,2025-11-18,,,,,2025-12-22,79500,USD,2025-11-30T13:42:34Z,2026-05-31T23:59:59Z
APP-0054666,REQ-2025-00555,accepted,2025-11-23,2025-11-24,,,,,2025-12-29,124000,USD,2025-11-24T14:10:19Z,2026-05-31T23:59:59Z
APP-0054675,REQ-2025-00877,offer_withdrawn,2026-01-03,,,2026-01-06,,,2026-01-29,191000,USD,2026-01-06T11:23:28Z,2026-05-31T23:59:59Z
APP-0054678,REQ-2025-00892,accepted,2025-12-01,2025-12-02,,,,,2025-12-29,79000,USD,2025-12-02T14:01:49Z,2026-05-31T23:59:59Z
APP-0054688,REQ-2025-00970,offer_withdrawn,2025-11-16,,,2025-11-22,,,2025-12-14,68000,USD,2025-11-22T09:33:54Z,2026-05-31T23:59:59Z
APP-0054709,REQ-2025-01005,accepted,2025-11-13,2025-11-15,,,,,2025-12-15,105000,USD,2025-11-15T12:09:15Z,2026-05-31T23:59:59Z
APP-0054735,REQ-2025-01051,offer_withdrawn,2025-11-29,,,2025-11-30,,,2025-12-27,132000,USD,2025-11-30T18:45:23Z,2026-05-31T23:59:59Z
APP-0054737,REQ-2025-01052,accepted,2025-11-23,2025-11-26,,,,,2025-12-29,100000,USD,2025-11-26T16:25:19Z,2026-05-31T23:59:59Z
APP-0054780,REQ-2025-00989,accepted,2025-11-11,2025-11-13,,,,,2025-12-08,54500,USD,2025-11-13T09:14:47Z,2026-05-31T23:59:59Z
APP-0054817,REQ-2025-01034,offer_declined,2025-11-22,,2025-11-26,,,,2025-12-18,115500,USD,2025-11-26T10:32:48Z,2026-05-31T23:59:59Z
APP-0054855,REQ-2025-00842,accepted,2025-11-17,2025-11-19,,,,,2025-12-15,50500,USD,2025-11-19T18:18:32Z,2026-05-31T23:59:59Z
APP-0054896,REQ-2025-01030,accepted,2025-11-14,2025-11-22,,,,,2025-12-15,57500,USD,2025-11-27T18:15:42Z,2026-05-31T23:59:59Z
APP-0054919,REQ-2025-00199,accepted,2025-12-10,2025-12-14,,,,,2026-01-19,128500,USD,2025-12-14T09:46:08Z,2026-05-31T23:59:59Z
APP-0054928,REQ-2025-00820,accepted,2025-11-14,2025-11-19,,,,,2025-12-29,138000,USD,2025-11-19T19:52:21Z,2026-05-31T23:59:59Z
APP-0054930,REQ-2025-00848,accepted,2025-11-27,2025-11-28,,,,,2025-12-29,82500,USD,2025-11-28T18:03:50Z,2026-05-31T23:59:59Z
APP-0054948,REQ-2025-00988,offer_withdrawn,2025-12-01,,,2025-12-06,,,2025-12-29,114500,USD,2025-12-06T10:57:55Z,2026-05-31T23:59:59Z
APP-0054974,REQ-2025-01029,offer_declined,2025-11-21,,2025-11-22,,,,2025-12-18,74000,USD,2025-11-22T16:01:31Z,2026-05-31T23:59:59Z
APP-0054990,REQ-2025-01045,accepted,2025-11-21,2025-11-26,,,,,2026-02-09,174500,USD,2025-11-26T15:36:44Z,2026-05-31T23:59:59Z
APP-0054997,REQ-2025-01060,candidate_renege,2025-12-04,2025-12-11,,,,2025-12-31,2026-01-05,80500,USD,2025-12-31T13:02:39Z,2026-05-31T23:59:59Z
APP-0054998,REQ-2025-01060,accepted,2025-11-28,2025-12-01,,,,,2025-12-29,83500,USD,2025-12-01T18:44:14Z,2026-05-31T23:59:59Z
APP-0055027,REQ-2025-00974,offer_withdrawn,2025-11-16,,,2025-11-21,,,2025-12-14,71000,USD,2025-11-21T11:45:18Z,2026-05-31T23:59:59Z
APP-0055045,REQ-2025-00993,accepted,2025-12-16,2025-12-18,,,,,2026-01-12,77000,USD,2025-12-18T08:48:36Z,2026-05-31T23:59:59Z
APP-0055058,REQ-2025-01007,candidate_renege,2025-11-26,2025-11-29,,,,2025-12-31,2026-02-05,144000,USD,2025-12-31T13:06:32Z,2026-05-31T23:59:59Z
APP-0055074,REQ-2025-01030,accepted,2025-11-24,2025-11-26,,,,,2025-12-29,63500,USD,2025-11-26T19:26:41Z,2026-05-31T23:59:59Z
APP-0055078,REQ-2025-01038,accepted,2026-01-15,2026-01-17,,,,,2026-03-16,192000,USD,2026-01-17T14:30:50Z,2026-05-31T23:59:59Z
APP-0055081,REQ-2025-01040,accepted,2025-12-23,2025-12-25,,,,,2026-01-12,69500,USD,2025-12-25T18:54:41Z,2026-05-31T23:59:59Z
APP-0055085,REQ-2025-01044,accepted,2025-11-24,2025-11-25,,,,,2026-02-02,164500,USD,2025-11-25T08:27:20Z,2026-05-31T23:59:59Z
APP-0055089,REQ-2025-01049,offer_declined,2025-11-26,,2025-12-01,,,,2025-12-24,157000,USD,2025-12-01T11:25:55Z,2026-05-31T23:59:59Z
APP-0055114,REQ-2025-00444,accepted,2025-12-31,2026-01-03,,,,,2026-02-23,165200,USD,2026-01-16T16:55:28Z,2026-05-31T23:59:59Z
APP-0055115,REQ-2025-00455,accepted,2025-11-21,2025-11-22,,,,,2025-12-08,67000,USD,2025-11-22T08:51:34Z,2026-05-31T23:59:59Z
APP-0055126,REQ-2025-00980,accepted,2025-11-21,2025-11-23,,,,,2025-12-22,63000,USD,2025-11-23T11:35:11Z,2026-05-31T23:59:59Z
APP-0055175,REQ-2025-01060,accepted,2025-11-27,2025-11-30,,,,,2025-12-22,80000,USD,2025-11-30T08:04:32Z,2026-05-31T23:59:59Z
APP-0055179,REQ-2025-01068,accepted,2025-12-12,2025-12-15,,,,,2026-01-12,98500,USD,2025-12-15T16:06:19Z,2026-05-31T23:59:59Z
APP-0055185,REQ-2025-00329,offer_withdrawn,2025-11-19,,,2025-11-22,,,2025-12-17,103500,USD,2025-11-22T13:47:11Z,2026-05-31T23:59:59Z
APP-0055187,REQ-2025-00493,accepted,2025-11-29,2025-12-04,,,,,2026-01-12,137500,USD,2025-12-04T12:54:11Z,2026-05-31T23:59:59Z
APP-0055188,REQ-2025-00566,accepted,2025-12-20,2025-12-22,,,,,2026-02-02,129500,USD,2025-12-22T16:24:02Z,2026-05-31T23:59:59Z
APP-0055195,REQ-2025-00841,offer_rescinded,2025-11-20,2025-11-23,,,2025-12-09,,2025-12-15,66000,USD,2025-12-09T11:15:42Z,2026-05-31T23:59:59Z
APP-0055205,REQ-2025-00951,offer_withdrawn,2025-12-17,,,2025-12-24,,,2026-01-14,53500,USD,2025-12-24T11:30:22Z,2026-05-31T23:59:59Z
APP-0055213,REQ-2025-00983,offer_declined,2025-12-13,,2025-12-17,,,,2026-01-10,98000,USD,2025-12-17T09:18:50Z,2026-05-31T23:59:59Z
APP-0055231,REQ-2025-01023,accepted,2025-11-27,2025-12-01,,,,,2026-01-19,118500,USD,2025-12-01T12:19:32Z,2026-05-31T23:59:59Z
APP-0055243,REQ-2025-01034,accepted,2025-11-27,2025-11-28,,,,,2026-01-12,118500,USD,2025-11-28T19:43:59Z,2026-05-31T23:59:59Z
APP-0055250,REQ-2025-01051,accepted,2025-11-24,2025-11-29,,,,,2025-12-29,126000,USD,2025-11-29T13:16:52Z,2026-05-31T23:59:59Z
APP-0055263,REQ-2025-01066,accepted,2025-12-03,2025-12-07,,,,,2026-01-12,109500,USD,2025-12-07T14:52:45Z,2026-05-31T23:59:59Z
APP-0055269,REQ-2025-01074,accepted,2025-12-06,2025-12-07,,,,,2026-01-12,106500,USD,2025-12-07T18:44:51Z,2026-05-31T23:59:59Z
APP-0055288,REQ-2025-00785,offer_withdrawn,2025-11-23,,,2025-11-26,,,2025-12-21,57500,USD,2025-11-26T16:38:19Z,2026-05-31T23:59:59Z
APP-0055337,REQ-2025-01053,candidate_renege,2025-11-28,2025-11-29,,,,2025-12-15,2026-01-05,97000,USD,2025-12-15T10:41:26Z,2026-05-31T23:59:59Z
APP-0055368,REQ-2025-00496,accepted,2025-12-11,2025-12-13,,,,,2026-01-26,164500,USD,2025-12-13T19:35:30Z,2026-05-31T23:59:59Z
APP-0055371,REQ-2025-00679,accepted,2025-11-20,2025-11-21,,,,,2025-12-15,71500,USD,2025-11-21T17:02:31Z,2026-05-31T23:59:59Z
APP-0055372,REQ-2025-00697,accepted,2025-12-24,2025-12-25,,,,,2026-01-26,129500,USD,2025-12-25T11:43:25Z,2026-05-31T23:59:59Z
APP-0055380,REQ-2025-00961,accepted,2025-12-26,2026-01-01,,,,,2026-02-02,107000,USD,2026-01-01T09:08:14Z,2026-05-31T23:59:59Z
APP-0055408,REQ-2025-01053,offer_withdrawn,2025-11-28,,,2025-12-04,,,2025-12-26,96500,USD,2025-12-04T15:54:41Z,2026-05-31T23:59:59Z
APP-0055471,REQ-2025-01015,accepted,2026-01-06,2026-01-10,,,,,2026-02-02,101500,USD,2026-01-13T09:09:54Z,2026-05-31T23:59:59Z
APP-0055488,REQ-2025-01047,accepted,2025-11-27,2025-12-01,,,,,2025-12-22,80500,USD,2025-12-01T11:54:49Z,2026-05-31T23:59:59Z
APP-0055507,REQ-2025-01071,accepted,2025-11-25,2025-11-26,,,,,2025-12-15,64000,USD,2025-11-26T10:40:39Z,2026-05-31T23:59:59Z
APP-0055514,REQ-2025-01075,candidate_renege,2025-12-08,2025-12-09,,,,2026-01-27,2026-02-02,161500,USD,2026-01-27T15:29:32Z,2026-05-31T23:59:59Z
APP-0055528,REQ-2025-00372,accepted,2025-12-03,2025-12-04,,,,,2026-01-12,106500,USD,2025-12-12T08:58:28Z,2026-05-31T23:59:59Z
APP-0055536,REQ-2025-00664,candidate_renege,2025-11-30,2025-12-05,,,,2025-12-18,2026-01-05,119000,USD,2025-12-18T19:48:02Z,2026-05-31T23:59:59Z
APP-0055537,REQ-2025-00743,accepted,2025-11-30,2025-12-01,,,,,2025-12-15,57000,USD,2025-12-01T11:35:00Z,2026-05-31T23:59:59Z
APP-0055538,REQ-2025-00785,accepted,2025-11-23,2025-11-25,,,,,2025-12-22,69500,USD,2025-12-09T10:40:53Z,2026-05-31T23:59:59Z
APP-0055590,REQ-2025-01071,candidate_renege,2025-11-26,2025-11-30,,,,2025-12-01,2025-12-15,56500,USD,2025-12-01T17:52:13Z,2026-05-31T23:59:59Z
APP-0055599,REQ-2025-01080,offer_declined,2025-12-09,,2025-12-11,,,,2026-01-06,143000,USD,2025-12-11T08:28:25Z,2026-05-31T23:59:59Z
APP-0055605,REQ-2025-01085,accepted,2025-12-05,2025-12-06,,,,,2026-01-05,61500,USD,2025-12-06T09:10:42Z,2026-05-31T23:59:59Z
APP-0055608,REQ-2024-00464,accepted,2026-01-04,2026-01-14,,,,,2026-03-16,181500,USD,2026-01-24T10:50:23Z,2026-05-31T23:59:59Z
APP-0055613,REQ-2025-00297,accepted,2025-12-09,2025-12-11,,,,,2026-01-12,141000,USD,2025-12-11T09:56:54Z,2026-05-31T23:59:59Z
APP-0055619,REQ-2025-00576,accepted,2025-12-26,2025-12-29,,,,,2026-01-19,93000,USD,2025-12-29T15:49:12Z,2026-05-31T23:59:59Z
APP-0055622,REQ-2025-00807,accepted,2025-12-02,2025-12-14,,,,,2026-01-19,135000,USD,2025-12-14T13:56:03Z,2026-05-31T23:59:59Z
APP-0055666,REQ-2025-01060,accepted,2025-12-05,2025-12-09,,,,,2026-01-19,80500,USD,2025-12-20T09:03:42Z,2026-05-31T23:59:59Z
APP-0055688,REQ-2025-01085,accepted,2025-11-24,2025-11-26,,,,,2025-12-15,61000,USD,2025-11-26T08:42:15Z,2026-05-31T23:59:59Z
APP-0055689,REQ-2025-01085,accepted,2025-11-27,2025-11-28,,,,,2025-12-29,58500,USD,2025-11-28T15:39:29Z,2026-05-31T23:59:59Z
APP-0055694,REQ-2024-00186,accepted,2025-12-18,2025-12-31,,,,,2026-01-19,77000,USD,2025-12-31T09:28:45Z,2026-05-31T23:59:59Z
APP-0055700,REQ-2025-00316,accepted,2025-12-29,2026-01-08,,,,,2026-02-16,112000,USD,2026-01-08T11:45:46Z,2026-05-31T23:59:59Z
APP-0055711,REQ-2025-00912,accepted,2025-12-17,2025-12-23,,,,,2026-01-19,63000,USD,2025-12-23T13:06:05Z,2026-05-31T23:59:59Z
APP-0055732,REQ-2025-01030,accepted,2025-12-18,2025-12-20,,,,,2026-01-19,62500,USD,2025-12-20T16:52:21Z,2026-05-31T23:59:59Z
APP-0055736,REQ-2025-01033,accepted,2025-11-27,2025-12-01,,,,,2025-12-29,59500,USD,2025-12-01T14:45:48Z,2026-05-31T23:59:59Z
APP-0055744,REQ-2025-01048,accepted,2025-12-12,2025-12-14,,,,,2026-01-12,92500,USD,2025-12-14T13:18:47Z,2026-05-31T23:59:59Z
APP-0055750,REQ-2025-01055,accepted,2025-12-10,2025-12-12,,,,,2026-01-05,65000,USD,2025-12-12T17:30:23Z,2026-05-31T23:59:59Z
APP-0055751,REQ-2025-01059,accepted,2025-12-17,2025-12-19,,,,,2026-01-12,96500,USD,2025-12-19T19:10:49Z,2026-05-31T23:59:59Z
APP-0055754,REQ-2025-01060,accepted,2025-12-05,2025-12-11,,,,,2025-12-29,77500,USD,2025-12-11T13:35:50Z,2026-05-31T23:59:59Z
APP-0055801,REQ-2025-00455,offer_withdrawn,2025-11-22,,,2025-11-25,,,2025-12-20,54500,USD,2025-11-25T14:01:37Z,2026-05-31T23:59:59Z
APP-0055811,REQ-2025-00918,offer_withdrawn,2025-12-19,,,2025-12-19,,,2026-01-16,80000,USD,2025-12-19T13:30:40Z,2026-05-31T23:59:59Z
APP-0055878,REQ-2025-00863,offer_declined,2026-01-01,,2026-01-18,,,,2026-01-29,209500,USD,2026-01-18T08:11:14Z,2026-05-31T23:59:59Z
APP-0055881,REQ-2025-00892,accepted,2025-12-26,2025-12-28,,,,,2026-01-19,75500,USD,2025-12-28T16:37:29Z,2026-05-31T23:59:59Z
APP-0055882,REQ-2025-00896,offer_declined,2026-01-13,,2026-01-18,,,,2026-02-10,184500,USD,2026-01-18T15:12:51Z,2026-05-31T23:59:59Z
APP-0055911,REQ-2025-01055,offer_withdrawn,2025-12-07,,,2025-12-12,,,2026-01-04,68500,USD,2025-12-12T09:07:03Z,2026-05-31T23:59:59Z
APP-0055921,REQ-2025-01065,accepted,2026-01-05,2026-01-12,,,,,2026-03-16,275000,USD,2026-01-12T10:12:04Z,2026-05-31T23:59:59Z
APP-0055927,REQ-2025-01072,accepted,2025-12-01,2025-12-04,,,,,2025-12-22,55500,USD,2025-12-04T14:50:41Z,2026-05-31T23:59:59Z
APP-0055931,REQ-2025-01077,accepted,2025-12-10,2025-12-16,,,,,2026-01-26,138500,USD,2025-12-16T19:42:45Z,2026-05-31T23:59:59Z
APP-0055941,REQ-2025-01085,offer_withdrawn,2025-12-07,,,2025-12-10,,,2026-01-04,58000,USD,2025-12-10T14:36:34Z,2026-05-31T23:59:59Z
APP-0055946,REQ-2025-01088,accepted,2025-12-03,2025-12-04,,,,,2025-12-22,52000,USD,2025-12-04T19:33:37Z,2026-05-31T23:59:59Z
APP-0055956,REQ-2025-00654,accepted,2025-12-02,2025-12-05,,,,,2026-01-12,92000,USD,2025-12-05T13:18:08Z,2026-05-31T23:59:59Z
APP-0055964,REQ-2025-00918,accepted,2025-12-14,2025-12-19,,,,,2026-02-02,79000,USD,2025-12-19T13:43:27Z,2026-05-31T23:59:59Z
APP-0055983,REQ-2025-01037,accepted,2025-12-08,2025-12-11,,,,,2026-01-19,111000,USD,2025-12-11T17:52:18Z,2026-05-31T23:59:59Z
APP-0056037,REQ-2025-00783,accepted,2025-12-27,2026-01-01,,,,,2026-02-09,182500,USD,2026-01-01T15:49:53Z,2026-05-31T23:59:59Z
APP-0056048,REQ-2025-00993,accepted,2025-12-14,2025-12-17,,,,,2026-01-19,72500,USD,2025-12-17T10:49:27Z,2026-05-31T23:59:59Z
APP-0056058,REQ-2025-01039,accepted,2025-12-04,2025-12-08,,,,,2025-12-29,62500,USD,2025-12-19T12:31:50Z,2026-05-31T23:59:59Z
APP-0056059,REQ-2025-01040,accepted,2025-12-24,2026-01-03,,,,,2026-01-19,78500,USD,2026-01-03T10:27:44Z,2026-05-31T23:59:59Z
APP-0056078,REQ-2025-01071,accepted,2025-12-04,2025-12-05,,,,,2025-12-29,63000,USD,2025-12-05T13:13:24Z,2026-05-31T23:59:59Z
APP-0056080,REQ-2025-01073,accepted,2025-12-28,2025-12-30,,,,,2026-02-23,140000,USD,2026-01-08T18:51:53Z,2026-05-31T23:59:59Z
APP-0056084,REQ-2025-01078,offer_withdrawn,2025-12-10,,,2025-12-17,,,2026-01-05,59500,USD,2025-12-17T10:06:08Z,2026-05-31T23:59:59Z
APP-0056086,REQ-2025-01078,accepted,2025-11-29,2025-11-30,,,,,2025-12-22,63500,USD,2025-11-30T16:29:48Z,2026-05-31T23:59:59Z
APP-0056087,REQ-2025-01078,accepted,2025-11-28,2025-11-30,,,,,2025-12-22,61600,USD,2025-12-09T14:44:58Z,2026-05-31T23:59:59Z
APP-0056088,REQ-2025-01078,candidate_renege,2025-12-04,2025-12-06,,,,2025-12-14,2025-12-22,54500,USD,2025-12-14T17:47:39Z,2026-05-31T23:59:59Z
APP-0056096,REQ-2025-01085,offer_declined,2025-12-05,,2025-12-07,,,,2025-12-31,69500,USD,2025-12-07T11:15:09Z,2026-05-31T23:59:59Z
APP-0056098,REQ-2025-01085,accepted,2025-12-07,2025-12-09,,,,,2026-01-12,63500,USD,2025-12-09T16:06:18Z,2026-05-31T23:59:59Z
APP-0056107,REQ-2025-01096,accepted,2025-12-03,2025-12-06,,,,,2025-12-22,65000,USD,2025-12-06T13:02:13Z,2026-05-31T23:59:59Z
APP-0056112,REQ-2024-00904,accepted,2025-12-06,2025-12-14,,,,,2026-01-19,119500,USD,2025-12-14T11:52:59Z,2026-05-31T23:59:59Z
APP-0056115,REQ-2025-00272,accepted,2025-12-03,2025-12-04,,,,,2025-12-29,83500,USD,2025-12-15T19:57:44Z,2026-05-31T23:59:59Z
APP-0056137,REQ-2025-01022,accepted,2025-12-14,2025-12-17,,,,,2026-01-19,133000,USD,2025-12-17T11:25:10Z,2026-05-31T23:59:59Z
APP-0056146,REQ-2025-01052,accepted,2025-12-08,2025-12-12,,,,,2026-01-26,97000,USD,2025-12-14T17:35:03Z,2026-05-31T23:59:59Z
APP-0056151,REQ-2025-01061,accepted,2025-12-08,2025-12-09,,,,,2026-01-05,81500,USD,2025-12-17T18:16:05Z,2026-05-31T23:59:59Z
APP-0056160,REQ-2025-01071,accepted,2025-12-04,2025-12-08,,,,,2025-12-22,61000,USD,2025-12-08T08:27:28Z,2026-05-31T23:59:59Z
APP-0056163,REQ-2025-01077,accepted,2025-12-19,2025-12-24,,,,,2026-01-26,134500,USD,2025-12-24T08:09:46Z,2026-05-31T23:59:59Z
APP-0056164,REQ-2025-01077,accepted,2025-12-20,2025-12-22,,,,,2026-01-26,134500,USD,2025-12-22T17:00:25Z,2026-05-31T23:59:59Z
APP-0056193,REQ-2025-00617,accepted,2025-12-14,2025-12-18,,,,,2026-01-19,135500,USD,2025-12-18T19:30:13Z,2026-05-31T23:59:59Z
APP-0056239,REQ-2025-01089,offer_declined,2026-01-17,,2026-01-22,,,,2026-02-09,152500,USD,2026-01-22T19:54:48Z,2026-05-31T23:59:59Z
APP-0056255,REQ-2024-00071,accepted,2025-12-23,2025-12-28,,,,,2026-01-26,109500,USD,2025-12-28T17:37:41Z,2026-05-31T23:59:59Z
APP-0056264,REQ-2025-00786,accepted,2025-12-07,2025-12-08,,,,,2026-01-05,81500,USD,2025-12-08T09:25:04Z,2026-05-31T23:59:59Z
APP-0056289,REQ-2025-01055,accepted,2025-12-10,2025-12-11,,,,,2026-01-26,69500,USD,2025-12-13T19:46:11Z,2026-05-31T23:59:59Z
APP-0056306,REQ-2025-01078,offer_declined,2025-12-05,,2025-12-07,,,,2026-01-02,53500,USD,2025-12-07T13:31:25Z,2026-05-31T23:59:59Z
APP-0056321,REQ-2025-01090,accepted,2025-12-08,2025-12-11,,,,,2026-01-19,86000,USD,2025-12-11T10:35:56Z,2026-05-31T23:59:59Z
APP-0056332,REQ-2025-01104,offer_withdrawn,2025-12-12,,,2025-12-15,,,2026-01-05,77000,USD,2025-12-15T09:51:51Z,2026-05-31T23:59:59Z
APP-0056342,REQ-2025-00365,accepted,2025-12-21,2025-12-26,,,,,2026-01-19,97000,USD,2025-12-26T09:48:32Z,2026-05-31T23:59:59Z
APP-0056347,REQ-2025-00738,accepted,2025-12-13,2025-12-15,,,,,2026-01-05,72500,USD,2025-12-27T18:53:51Z,2026-05-31T23:59:59Z
APP-0056384,REQ-2025-01067,accepted,2025-12-20,2025-12-27,,,,,2026-03-09,212500,USD,2025-12-27T12:10:49Z,2026-05-31T23:59:59Z
APP-0056391,REQ-2025-01077,offer_withdrawn,2025-12-19,,,2025-12-27,,,2026-01-16,136500,USD,2025-12-27T11:41:59Z,2026-05-31T23:59:59Z
APP-0056398,REQ-2025-01085,offer_withdrawn,2025-12-08,,,2025-12-11,,,2026-01-05,63500,USD,2025-12-11T18:08:35Z,2026-05-31T23:59:59Z
APP-0056401,REQ-2025-01085,accepted,2025-12-03,2025-12-04,,,,,2025-12-29,69500,USD,2025-12-04T17:45:47Z,2026-05-31T23:59:59Z
APP-0056407,REQ-2025-01099,accepted,2025-12-07,2025-12-08,,,,,2026-01-12,99000,USD,2025-12-08T12:36:14Z,2026-05-31T23:59:59Z
APP-0056408,REQ-2025-01100,accepted,2025-12-28,2026-01-04,,,,,2026-02-02,184000,USD,2026-01-04T18:53:35Z,2026-05-31T23:59:59Z
APP-0056427,REQ-2025-00343,accepted,2025-12-12,2025-12-16,,,,,2026-01-19,104000,USD,2025-12-16T17:22:04Z,2026-05-31T23:59:59Z
APP-0056434,REQ-2025-00659,accepted,2025-12-01,2025-12-02,,,,,2025-12-22,67000,USD,2025-12-02T14:45:27Z,2026-05-31T23:59:59Z
APP-0056437,REQ-2025-00848,accepted,2025-12-22,2025-12-23,,,,,2026-01-26,86500,USD,2025-12-23T15:58:53Z,2026-05-31T23:59:59Z
APP-0056444,REQ-2025-00955,accepted,2025-12-24,2025-12-28,,,,,2026-02-09,82500,USD,2026-01-11T10:44:16Z,2026-05-31T23:59:59Z
APP-0056446,REQ-2025-00994,accepted,2025-12-09,2025-12-11,,,,,2025-12-29,57000,USD,2025-12-11T15:14:52Z,2026-05-31T23:59:59Z
APP-0056452,REQ-2025-01029,accepted,2025-12-15,2025-12-17,,,,,2026-01-19,67500,USD,2025-12-17T15:38:28Z,2026-05-31T23:59:59Z
APP-0056463,REQ-2025-01049,accepted,2025-12-17,2025-12-21,,,,,2026-02-09,150500,USD,2025-12-21T16:52:49Z,2026-05-31T23:59:59Z
APP-0056469,REQ-2025-01059,accepted,2025-12-15,2025-12-16,,,,,2026-01-12,99500,USD,2025-12-16T12:33:03Z,2026-05-31T23:59:59Z
APP-0056480,REQ-2025-01078,accepted,2025-12-09,2025-12-12,,,,,2026-01-05,61500,USD,2025-12-12T13:12:53Z,2026-05-31T23:59:59Z
APP-0056514,REQ-2025-00215,accepted,2025-12-30,2026-01-06,,,,,2026-02-09,130000,USD,2026-01-06T14:06:42Z,2026-05-31T23:59:59Z
APP-0056531,REQ-2025-00939,accepted,2025-12-11,2025-12-14,,,,,2026-01-19,73900,USD,2025-12-19T16:14:55Z,2026-05-31T23:59:59Z
APP-0056532,REQ-2025-00942,accepted,2026-01-11,2026-01-16,,,,,2026-02-16,130000,USD,2026-01-31T15:27:01Z,2026-05-31T23:59:59Z
APP-0056564,REQ-2025-01076,offer_withdrawn,2025-12-29,,,2026-01-02,,,2026-01-26,72000,USD,2026-01-02T14:21:41Z,2026-05-31T23:59:59Z
APP-0056571,REQ-2025-01085,offer_withdrawn,2025-12-09,,,2025-12-13,,,2026-01-06,59500,USD,2025-12-13T13:26:19Z,2026-05-31T23:59:59Z
APP-0056579,REQ-2025-01099,offer_withdrawn,2025-12-06,,,2025-12-09,,,2026-01-03,92000,USD,2025-12-09T11:15:21Z,2026-05-31T23:59:59Z
APP-0056590,REQ-2025-01110,accepted,2025-12-06,2025-12-09,,,,,2026-01-12,45500,USD,2025-12-14T11:18:59Z,2026-05-31T23:59:59Z
APP-0056633,REQ-2025-01071,offer_withdrawn,2025-12-05,,,2025-12-08,,,2026-01-02,63500,USD,2025-12-08T08:21:30Z,2026-05-31T23:59:59Z
APP-0056638,REQ-2025-01078,offer_withdrawn,2025-12-12,,,2025-12-15,,,2026-01-09,61500,USD,2025-12-15T18:06:58Z,2026-05-31T23:59:59Z
APP-0056658,REQ-2025-01102,accepted,2025-12-19,2025-12-20,,,,,2026-01-12,69000,USD,2025-12-20T16:42:44Z,2026-05-31T23:59:59Z
APP-0056668,REQ-2025-01112,accepted,2025-12-12,2025-12-18,,,,,2026-01-05,49500,USD,2025-12-18T12:01:11Z,2026-05-31T23:59:59Z
APP-0056669,REQ-2025-01114,accepted,2025-12-28,2025-12-31,,,,,2026-01-26,94500,USD,2025-12-31T19:27:13Z,2026-05-31T23:59:59Z
APP-0056680,REQ-2025-00093,accepted,2026-01-08,2026-01-10,,,,,2026-02-02,82500,USD,2026-01-10T11:06:35Z,2026-05-31T23:59:59Z
APP-0056698,REQ-2025-00917,accepted,2026-01-01,2026-01-03,,,,,2026-02-02,170000,USD,2026-01-03T12:49:12Z,2026-05-31T23:59:59Z
APP-0056722,REQ-2025-01076,accepted,2025-12-29,2025-12-31,,,,,2026-01-26,74000,USD,2025-12-31T10:09:46Z,2026-05-31T23:59:59Z
APP-0056742,REQ-2025-01104,accepted,2025-12-10,2025-12-13,,,,,2026-01-05,83500,USD,2025-12-13T19:31:56Z,2026-05-31T23:59:59Z
APP-0056744,REQ-2025-01110,offer_declined,2025-12-09,,2025-12-10,,,,2026-01-04,48500,USD,2025-12-10T08:14:17Z,2026-05-31T23:59:59Z
APP-0056748,REQ-2025-01112,offer_withdrawn,2025-12-15,,,2025-12-21,,,2026-01-12,43500,USD,2025-12-21T11:29:54Z,2026-05-31T23:59:59Z
APP-0056757,REQ-2025-01122,accepted,2025-12-12,2025-12-14,,,,,2026-01-05,69500,USD,2025-12-14T14:38:26Z,2026-05-31T23:59:59Z
APP-0056758,REQ-2024-00243,offer_declined,2026-01-25,,2026-02-03,,,,2026-02-22,184500,USD,2026-02-03T11:18:11Z,2026-05-31T23:59:59Z
APP-0056776,REQ-2025-01005,accepted,2025-12-16,2025-12-21,,,,,2026-01-19,114500,USD,2025-12-21T12:45:42Z,2026-05-31T23:59:59Z
APP-0056810,REQ-2025-01110,accepted,2025-12-13,2025-12-15,,,,,2026-01-05,49000,USD,2025-12-15T12:44:40Z,2026-05-31T23:59:59Z
APP-0056811,REQ-2025-01110,accepted,2025-12-20,2025-12-22,,,,,2026-01-19,53500,USD,2025-12-26T16:15:42Z,2026-05-31T23:59:59Z
APP-0056815,REQ-2025-01112,offer_declined,2025-12-09,,2025-12-10,,,,2026-01-06,47000,USD,2025-12-10T17:08:07Z,2026-05-31T23:59:59Z
APP-0056828,REQ-2025-01122,accepted,2025-12-29,2025-12-31,,,,,2026-01-19,73000,USD,2025-12-31T09:34:01Z,2026-05-31T23:59:59Z
APP-0056831,REQ-2025-01127,accepted,2025-12-25,2025-12-31,,,,,2026-01-26,95000,USD,2025-12-31T08:18:52Z,2026-05-31T23:59:59Z
APP-0056858,REQ-2025-01043,candidate_renege,2025-12-15,2025-12-18,,,,2025-12-24,2026-01-19,59000,USD,2025-12-24T10:27:26Z,2026-05-31T23:59:59Z
APP-0056862,REQ-2025-01059,offer_withdrawn,2025-12-17,,,2025-12-20,,,2026-01-14,96000,USD,2025-12-20T17:25:39Z,2026-05-31T23:59:59Z
APP-0056874,REQ-2025-01083,accepted,2025-12-11,2025-12-14,,,,,2026-01-19,80000,USD,2025-12-14T11:15:51Z,2026-05-31T23:59:59Z
APP-0056876,REQ-2025-01085,offer_declined,2025-12-08,,2025-12-13,,,,2026-01-05,58500,USD,2025-12-13T14:07:07Z,2026-05-31T23:59:59Z
APP-0056888,REQ-2025-01102,accepted,2025-12-16,2025-12-19,,,,,2026-01-19,62500,USD,2025-12-19T11:01:23Z,2026-05-31T23:59:59Z
APP-0056903,REQ-2025-01110,accepted,2025-12-10,2025-12-12,,,,,2025-12-29,44500,USD,2025-12-12T12:06:12Z,2026-05-31T23:59:59Z
APP-0056910,REQ-2025-01112,accepted,2025-12-14,2025-12-15,,,,,2025-12-29,49500,USD,2025-12-27T17:39:27Z,2026-05-31T23:59:59Z
APP-0056911,REQ-2025-01112,accepted,2025-12-16,2025-12-17,,,,,2026-01-05,44500,USD,2025-12-17T09:35:21Z,2026-05-31T23:59:59Z
APP-0056919,REQ-2025-01118,accepted,2025-12-15,2025-12-18,,,,,2026-01-12,61500,USD,2025-12-18T10:46:03Z,2026-05-31T23:59:59Z
APP-0056931,REQ-2025-01131,accepted,2025-12-20,2025-12-27,,,,,2026-01-19,70000,USD,2025-12-27T19:17:47Z,2026-05-31T23:59:59Z
APP-0056934,REQ-2024-00786,accepted,2025-12-28,2025-12-31,,,,,2026-02-02,131500,USD,2025-12-31T11:12:20Z,2026-05-31T23:59:59Z
APP-0057003,REQ-2025-01110,accepted,2025-12-15,2025-12-19,,,,,2026-01-19,49500,USD,2025-12-21T10:54:22Z,2026-05-31T23:59:59Z
APP-0057016,REQ-2025-01126,offer_withdrawn,2025-12-25,,,2025-12-26,,,2026-01-20,97500,USD,2025-12-26T08:20:32Z,2026-05-31T23:59:59Z
APP-0057074,REQ-2025-01112,offer_withdrawn,2025-12-16,,,2025-12-18,,,2026-01-13,43500,USD,2025-12-18T12:41:30Z,2026-05-31T23:59:59Z
APP-0057090,REQ-2025-01126,accepted,2025-12-13,2025-12-20,,,,,2026-01-26,78000,USD,2025-12-20T17:27:09Z,2026-05-31T23:59:59Z
APP-0057111,REQ-2025-00906,offer_declined,2025-12-23,,2025-12-29,,,,2026-01-20,58500,USD,2025-12-29T08:43:48Z,2026-05-31T23:59:59Z
APP-0057123,REQ-2025-01052,accepted,2025-12-21,2025-12-23,,,,,2026-01-26,114500,USD,2025-12-23T18:27:55Z,2026-05-31T23:59:59Z
APP-0057190,REQ-2025-00730,accepted,2025-12-16,2025-12-17,,,,,2026-01-05,69000,USD,2025-12-17T10:47:54Z,2026-05-31T23:59:59Z
APP-0057230,REQ-2025-01102,offer_declined,2025-12-27,,2025-12-31,,,,2026-01-23,70000,USD,2025-12-31T12:05:29Z,2026-05-31T23:59:59Z
APP-0057262,REQ-2025-01134,offer_declined,2026-01-21,,2026-01-25,,,,2026-02-18,90000,USD,2026-01-25T11:54:08Z,2026-05-31T23:59:59Z
APP-0057271,REQ-2025-00011,accepted,2025-12-31,2026-01-03,,,,,2026-02-09,145500,USD,2026-01-03T17:27:55Z,2026-05-31T23:59:59Z
APP-0057283,REQ-2025-00894,accepted,2026-01-15,2026-01-19,,,,,2026-02-23,184500,USD,2026-01-19T11:48:08Z,2026-05-31T23:59:59Z
APP-0057314,REQ-2025-01100,offer_withdrawn,2026-01-03,,,2026-01-11,,,2026-01-31,172500,USD,2026-01-11T17:55:49Z,2026-05-31T23:59:59Z
APP-0057341,REQ-2025-01126,accepted,2025-12-15,2025-12-20,,,,,2026-01-26,88000,USD,2025-12-30T09:57:03Z,2026-05-31T23:59:59Z
APP-0057347,REQ-2025-01133,accepted,2026-01-02,2026-01-04,,,,,2026-02-02,73000,USD,2026-01-04T16:53:46Z,2026-05-31T23:59:59Z
APP-0057364,REQ-2025-00595,offer_declined,2025-12-25,,2025-12-27,,,,2026-01-22,84500,USD,2025-12-27T19:53:06Z,2026-05-31T23:59:59Z
APP-0057401,REQ-2025-01105,offer_declined,2025-12-16,,2025-12-20,,,,2026-01-13,75500,USD,2025-12-20T13:38:54Z,2026-05-31T23:59:59Z
APP-0057409,REQ-2025-01114,offer_declined,2025-12-26,,2026-01-04,,,,2026-01-23,92000,USD,2026-01-04T11:02:52Z,2026-05-31T23:59:59Z
APP-0057411,REQ-2025-01115,offer_declined,2025-12-15,,2025-12-17,,,,2026-01-12,62500,USD,2025-12-17T13:29:19Z,2026-05-31T23:59:59Z
APP-0057432,REQ-2025-01139,accepted,2025-12-13,2025-12-15,,,,,2026-01-12,65000,USD,2025-12-15T10:53:11Z,2026-05-31T23:59:59Z
APP-0057454,REQ-2025-00385,offer_declined,2026-01-13,,2026-01-18,,,,2026-02-10,155500,USD,2026-01-18T18:38:28Z,2026-05-31T23:59:59Z
APP-0057466,REQ-2025-00951,accepted,2025-12-20,2025-12-22,,,,,2026-01-19,55500,USD,2026-01-02T13:59:39Z,2026-05-31T23:59:59Z
APP-0057537,REQ-2025-01150,accepted,2025-12-17,2025-12-18,,,,,2026-01-26,133500,USD,2025-12-18T10:31:11Z,2026-05-31T23:59:59Z
APP-0057555,REQ-2025-00688,offer_declined,2025-12-16,,2025-12-19,,,,2026-01-13,74000,USD,2025-12-19T17:49:57Z,2026-05-31T23:59:59Z
APP-0057596,REQ-2025-01102,accepted,2025-12-24,2025-12-25,,,,,2026-01-26,68500,USD,2025-12-25T15:48:03Z,2026-05-31T23:59:59Z
APP-0057609,REQ-2025-01122,accepted,2025-12-20,2025-12-22,,,,,2026-01-26,72000,USD,2025-12-22T15:39:30Z,2026-05-31T23:59:59Z
APP-0057614,REQ-2025-01126,accepted,2025-12-22,2025-12-25,,,,,2026-02-02,89000,USD,2025-12-25T17:54:22Z,2026-05-31T23:59:59Z
APP-0057650,REQ-2025-00902,accepted,2026-01-01,2026-01-07,,,,,2026-02-02,70500,USD,2026-01-07T14:14:43Z,2026-05-31T23:59:59Z
APP-0057673,REQ-2025-01110,accepted,2025-12-21,2025-12-25,,,,,2026-01-19,46500,USD,2025-12-25T14:43:55Z,2026-05-31T23:59:59Z
APP-0057680,REQ-2025-01113,accepted,2025-12-29,2026-01-06,,,,,2026-03-16,161000,USD,2026-01-06T19:09:18Z,2026-05-31T23:59:59Z
APP-0057695,REQ-2025-01126,accepted,2025-12-22,2025-12-24,,,,,2026-02-16,80000,USD,2026-01-03T18:48:48Z,2026-05-31T23:59:59Z
APP-0057697,REQ-2025-01130,accepted,2026-01-22,2026-02-01,,,,,2026-03-09,112500,USD,2026-02-14T09:10:20Z,2026-05-31T23:59:59Z
APP-0057739,REQ-2024-00927,offer_declined,2026-01-04,,2026-01-11,,,,2026-02-01,123500,USD,2026-01-11T14:43:18Z,2026-05-31T23:59:59Z
APP-0057759,REQ-2025-01072,accepted,2025-12-21,2025-12-22,,,,,2026-01-19,54000,USD,2025-12-22T14:34:40Z,2026-05-31T23:59:59Z
APP-0057762,REQ-2025-01086,accepted,2025-12-26,2026-01-02,,,,,2026-02-09,108000,USD,2026-01-07T10:19:55Z,2026-05-31T23:59:59Z
APP-0057797,REQ-2025-01132,accepted,2025-12-17,2025-12-20,,,,,2026-01-12,85500,USD,2025-12-20T18:01:47Z,2026-05-31T23:59:59Z
APP-0057798,REQ-2025-01136,accepted,2025-12-25,2025-12-30,,,,,2026-01-26,78500,USD,2025-12-30T16:40:58Z,2026-05-31T23:59:59Z
APP-0057824,REQ-2025-01156,offer_rescinded,2025-12-31,2026-01-03,,,2026-01-07,,2026-02-02,84000,USD,2026-01-07T18:10:15Z,2026-05-31T23:59:59Z
APP-0057836,REQ-2024-01144,offer_declined,2026-01-07,,2026-01-12,,,,2026-01-31,124500,USD,2026-01-12T08:40:10Z,2026-05-31T23:59:59Z
APP-0057842,REQ-2025-00862,accepted,2025-12-21,2025-12-23,,,,,2026-01-26,77500,USD,2025-12-23T19:06:28Z,2026-05-31T23:59:59Z
APP-0057869,REQ-2025-01107,accepted,2025-12-25,2025-12-28,,,,,2026-01-26,102500,USD,2025-12-28T12:05:18Z,2026-05-31T23:59:59Z
APP-0057885,REQ-2025-01128,accepted,2026-02-04,2026-02-06,,,,,2026-04-13,269500,USD,2026-02-06T14:58:35Z,2026-05-31T23:59:59Z
APP-0057890,REQ-2025-01142,accepted,2026-01-26,2026-01-29,,,,,2026-03-02,70000,USD,2026-01-29T11:51:49Z,2026-05-31T23:59:59Z
APP-0057895,REQ-2025-01144,accepted,2026-01-06,2026-01-09,,,,,2026-02-16,99000,USD,2026-01-21T09:21:30Z,2026-05-31T23:59:59Z
APP-0057919,REQ-2025-01163,accepted,2026-01-03,2026-01-09,,,,,2026-03-09,109500,USD,2026-01-23T08:14:06Z,2026-05-31T23:59:59Z
APP-0057952,REQ-2025-01106,accepted,2026-01-04,2026-01-09,,,,,2026-02-23,151500,USD,2026-01-09T10:35:46Z,2026-05-31T23:59:59Z
APP-0057954,REQ-2025-01110,offer_withdrawn,2025-12-25,,,2025-12-29,,,2026-01-22,47000,USD,2025-12-29T09:20:55Z,2026-05-31T23:59:59Z
APP-0057955,REQ-2025-01110,offer_withdrawn,2025-12-25,,,2025-12-27,,,2026-01-22,43000,USD,2025-12-27T17:18:25Z,2026-05-31T23:59:59Z
APP-0057956,REQ-2025-01110,offer_withdrawn,2025-12-24,,,2025-12-28,,,2026-01-21,47000,USD,2025-12-28T15:42:19Z,2026-05-31T23:59:59Z
APP-0057957,REQ-2025-01110,accepted,2025-12-20,2025-12-22,,,,,2026-01-12,51000,USD,2025-12-22T13:38:21Z,2026-05-31T23:59:59Z
APP-0057966,REQ-2025-01120,accepted,2026-01-08,2026-01-11,,,,,2026-02-23,143000,USD,2026-01-11T14:06:16Z,2026-05-31T23:59:59Z
APP-0057970,REQ-2025-01122,accepted,2025-12-31,2026-01-03,,,,,2026-02-02,75500,USD,2026-01-03T10:00:12Z,2026-05-31T23:59:59Z
APP-0057985,REQ-2025-01143,accepted,2026-01-22,2026-01-25,,,,,2026-03-02,137000,USD,2026-01-25T19:59:40Z,2026-05-31T23:59:59Z
APP-0058003,REQ-2025-01156,offer_rescinded,2025-12-29,2025-12-31,,,2026-01-07,,2026-02-02,81800,USD,2026-01-07T18:18:48Z,2026-05-31T23:59:59Z
APP-0058015,REQ-2025-01167,accepted,2025-12-25,2025-12-31,,,,,2026-02-02,89000,USD,2026-01-05T13:51:56Z,2026-05-31T23:59:59Z
APP-0058017,REQ-2025-01170,offer_declined,2025-12-30,,2026-01-03,,,,2026-01-27,99000,USD,2026-01-03T10:31:44Z,2026-05-31T23:59:59Z
APP-0058068,REQ-2025-01131,offer_withdrawn,2025-12-23,,,2025-12-28,,,2026-01-20,67000,USD,2025-12-28T13:55:18Z,2026-05-31T23:59:59Z
APP-0058071,REQ-2025-01136,offer_declined,2025-12-22,,2025-12-30,,,,2026-01-19,80500,USD,2025-12-30T11:25:23Z,2026-05-31T23:59:59Z
APP-0058075,REQ-2025-01141,accepted,2026-01-26,2026-01-31,,,,,2026-03-30,175500,USD,2026-01-31T19:43:54Z,2026-05-31T23:59:59Z
APP-0058125,REQ-2025-01041,offer_withdrawn,2026-01-11,,,2026-01-18,,,2026-02-08,123500,USD,2026-01-18T14:34:48Z,2026-05-31T23:59:59Z
APP-0058146,REQ-2025-01120,offer_withdrawn,2026-01-09,,,2026-01-12,,,2026-02-03,139500,USD,2026-01-12T16:54:12Z,2026-05-31T23:59:59Z
APP-0058163,REQ-2025-01138,accepted,2026-01-28,2026-01-29,,,,,2026-02-23,51000,USD,2026-01-29T13:52:57Z,2026-05-31T23:59:59Z
APP-0058174,REQ-2025-01145,accepted,2025-12-23,2025-12-26,,,,,2026-01-19,76500,USD,2025-12-26T16:30:19Z,2026-05-31T23:59:59Z
APP-0058191,REQ-2025-01166,accepted,2026-01-04,2026-01-12,,,,,2026-03-02,104000,USD,2026-01-22T12:27:06Z,2026-05-31T23:59:59Z
APP-0058209,REQ-2025-00544,accepted,2025-12-21,2025-12-26,,,,,2026-01-12,54000,USD,2025-12-26T11:21:28Z,2026-05-31T23:59:59Z
APP-0058238,REQ-2025-01111,accepted,2025-12-26,2025-12-27,,,,,2026-01-19,53000,USD,2025-12-27T13:50:37Z,2026-05-31T23:59:59Z
APP-0058251,REQ-2025-01137,offer_declined,2026-01-08,,2026-01-13,,,,2026-02-05,67500,USD,2026-01-13T09:53:19Z,2026-05-31T23:59:59Z
APP-0058265,REQ-2025-01153,candidate_renege,2026-01-05,2026-01-07,,,,2026-01-09,2026-02-09,101000,USD,2026-01-09T16:33:25Z,2026-05-31T23:59:59Z
APP-0058301,REQ-2025-01180,accepted,2025-12-30,2026-01-02,,,,,2026-01-26,50000,USD,2026-01-02T16:02:05Z,2026-05-31T23:59:59Z
APP-0058318,REQ-2025-01014,accepted,2026-01-09,2026-01-11,,,,,2026-02-02,67500,USD,2026-01-11T18:39:20Z,2026-05-31T23:59:59Z
APP-0058328,REQ-2025-01103,accepted,2026-01-06,2026-01-13,,,,,2026-02-09,83000,USD,2026-01-13T16:44:11Z,2026-05-31T23:59:59Z
APP-0058377,REQ-2025-01162,accepted,2026-01-02,2026-01-03,,,,,2026-02-02,71500,USD,2026-01-03T15:45:19Z,2026-05-31T23:59:59Z
APP-0058391,REQ-2025-01176,accepted,2026-01-05,2026-01-06,,,,,2026-02-09,114500,USD,2026-01-06T18:59:00Z,2026-05-31T23:59:59Z
APP-0058411,REQ-2025-01025,accepted,2025-12-27,2025-12-29,,,,,2026-01-12,53500,USD,2025-12-29T10:12:09Z,2026-05-31T23:59:59Z
APP-0058457,REQ-2025-01162,offer_withdrawn,2026-01-02,,,2026-01-07,,,2026-01-30,60500,USD,2026-01-07T12:38:32Z,2026-05-31T23:59:59Z
APP-0058458,REQ-2025-01162,accepted,2025-12-26,2025-12-30,,,,,2026-01-26,66000,USD,2025-12-30T12:13:13Z,2026-05-31T23:59:59Z
APP-0058487,REQ-2025-00965,offer_declined,2026-01-14,,2026-01-16,,,,2026-02-11,91000,USD,2026-01-16T17:51:01Z,2026-05-31T23:59:59Z
APP-0058514,REQ-2025-01126,offer_withdrawn,2025-12-24,,,2025-12-26,,,2026-01-21,89500,USD,2025-12-26T14:44:17Z,2026-05-31T23:59:59Z
APP-0058526,REQ-2025-01142,accepted,2026-01-01,2026-01-03,,,,,2026-01-26,69500,USD,2026-01-03T19:51:10Z,2026-05-31T23:59:59Z
APP-0058546,REQ-2025-01171,accepted,2026-01-10,2026-01-14,,,,,2026-02-16,103000,USD,2026-01-14T11:20:08Z,2026-05-31T23:59:59Z
APP-0058566,REQ-2025-01029,accepted,2026-01-16,2026-01-17,,,,,2026-02-16,78000,USD,2026-01-17T18:17:14Z,2026-05-31T23:59:59Z
APP-0058579,REQ-2025-01101,accepted,2026-01-02,2026-01-03,,,,,2026-03-02,160000,USD,2026-01-03T09:15:38Z,2026-05-31T23:59:59Z
APP-0058584,REQ-2025-01116,offer_declined,2026-01-18,,2026-01-21,,,,2026-02-15,93000,USD,2026-01-21T11:01:28Z,2026-05-31T23:59:59Z
APP-0058598,REQ-2025-01144,accepted,2026-01-14,2026-01-17,,,,,2026-03-02,106000,USD,2026-01-17T15:42:26Z,2026-05-31T23:59:59Z
APP-0058599,REQ-2025-01145,accepted,2026-01-05,2026-01-07,,,,,2026-02-02,74000,USD,2026-01-07T12:10:28Z,2026-05-31T23:59:59Z
APP-0058619,REQ-2025-01167,accepted,2026-01-06,2026-01-10,,,,,2026-02-16,98000,USD,2026-01-10T10:05:25Z,2026-05-31T23:59:59Z
APP-0058625,REQ-2025-01176,accepted,2026-01-02,2026-01-08,,,,,2026-02-09,97500,USD,2026-01-08T18:34:53Z,2026-05-31T23:59:59Z
APP-0058626,REQ-2025-01177,accepted,2026-01-12,2026-01-16,,,,,2026-02-23,177500,USD,2026-01-16T13:04:55Z,2026-05-31T23:59:59Z
APP-0058647,REQ-2025-00987,accepted,2025-12-28,2025-12-31,,,,,2026-01-26,52500,USD,2025-12-31T17:03:35Z,2026-05-31T23:59:59Z
APP-0058653,REQ-2025-01054,candidate_renege,2026-01-08,2026-01-09,,,,2026-01-13,2026-02-02,72500,USD,2026-01-13T15:52:31Z,2026-05-31T23:59:59Z
APP-0058674,REQ-2025-01124,accepted,2026-01-03,2026-01-06,,,,,2026-01-26,80500,USD,2026-01-17T11:18:54Z,2026-05-31T23:59:59Z
APP-0058708,REQ-2025-01165,offer_declined,2026-01-02,,2026-01-04,,,,2026-01-30,83500,USD,2026-01-04T11:12:05Z,2026-05-31T23:59:59Z
APP-0058710,REQ-2025-01165,accepted,2026-01-02,2026-01-03,,,,,2026-02-16,86500,USD,2026-01-06T18:03:34Z,2026-05-31T23:59:59Z
APP-0058721,REQ-2025-01180,offer_declined,2025-12-31,,2026-01-01,,,,2026-01-27,56500,USD,2026-01-01T12:37:55Z,2026-05-31T23:59:59Z
APP-0058750,REQ-2025-01106,offer_withdrawn,2026-01-08,,,2026-01-09,,,2026-02-05,155500,USD,2026-01-09T18:41:54Z,2026-05-31T23:59:59Z
APP-0058767,REQ-2025-01146,accepted,2026-01-20,2026-01-24,,,,,2026-02-16,67500,USD,2026-01-24T16:02:26Z,2026-05-31T23:59:59Z
APP-0058772,REQ-2025-01155,accepted,2026-01-12,2026-01-15,,,,,2026-02-23,84000,USD,2026-01-15T18:54:20Z,2026-05-31T23:59:59Z
APP-0058778,REQ-2025-01162,accepted,2026-01-04,2026-01-06,,,,,2026-01-26,68000,USD,2026-01-06T18:41:06Z,2026-05-31T23:59:59Z
APP-0058790,REQ-2025-01172,accepted,2026-01-20,2026-01-23,,,,,2026-02-16,89500,USD,2026-01-23T12:30:54Z,2026-05-31T23:59:59Z
APP-0058803,REQ-2025-01203,offer_declined,2025-12-30,,2026-01-02,,,,2026-01-27,64000,USD,2026-01-02T19:38:24Z,2026-05-31T23:59:59Z
APP-0058824,REQ-2025-01097,accepted,2026-01-11,2026-01-13,,,,,2026-02-16,113500,USD,2026-01-13T11:49:37Z,2026-05-31T23:59:59Z
APP-0058854,REQ-2025-01154,accepted,2026-01-21,2026-01-23,,,,,2026-03-02,114500,USD,2026-01-23T09:24:38Z,2026-05-31T23:59:59Z
APP-0058858,REQ-2025-01156,offer_withdrawn,2026-01-03,,,2026-01-07,,,2026-01-31,91000,USD,2026-01-07T14:52:45Z,2026-05-31T23:59:59Z
APP-0058870,REQ-2025-01167,offer_declined,2026-01-02,,2026-01-04,,,,2026-01-30,93500,USD,2026-01-04T18:47:41Z,2026-05-31T23:59:59Z
APP-0058883,REQ-2025-01188,accepted,2026-01-18,2026-01-21,,,,,2026-03-02,112000,USD,2026-01-21T18:00:24Z,2026-05-31T23:59:59Z
APP-0058888,REQ-2025-01204,accepted,2026-01-07,2026-01-08,,,,,2026-02-09,61500,USD,2026-01-08T11:33:04Z,2026-05-31T23:59:59Z
APP-0058892,REQ-2025-00288,accepted,2026-01-17,2026-01-21,,,,,2026-02-16,74000,USD,2026-02-01T13:27:11Z,2026-05-31T23:59:59Z
APP-0058895,REQ-2025-00499,accepted,2026-01-15,2026-01-18,,,,,2026-02-23,123000,USD,2026-01-18T11:48:28Z,2026-05-31T23:59:59Z
APP-0058906,REQ-2025-00960,accepted,2026-01-11,2026-01-16,,,,,2026-02-09,100000,USD,2026-01-16T18:12:24Z,2026-05-31T23:59:59Z
APP-0058907,REQ-2025-00979,accepted,2026-02-21,2026-02-23,,,,,2026-03-30,182500,USD,2026-02-23T09:33:18Z,2026-05-31T23:59:59Z
APP-0058911,REQ-2025-01029,offer_withdrawn,2026-01-14,,,2026-01-18,,,2026-02-11,72500,USD,2026-01-18T08:14:34Z,2026-05-31T23:59:59Z
APP-0058929,REQ-2025-01135,accepted,2026-01-23,2026-01-27,,,,,2026-02-23,78000,USD,2026-01-27T08:08:59Z,2026-05-31T23:59:59Z
APP-0058930,REQ-2025-01137,offer_declined,2026-01-09,,2026-01-14,,,,2026-02-06,67000,USD,2026-01-14T09:03:58Z,2026-05-31T23:59:59Z
APP-0058960,REQ-2025-01166,accepted,2026-01-13,2026-01-17,,,,,2026-02-23,102500,USD,2026-01-17T19:58:51Z,2026-05-31T23:59:59Z
APP-0058973,REQ-2025-01200,accepted,2026-01-30,2026-02-15,,,,,2026-03-30,173500,USD,2026-02-15T13:31:44Z,2026-05-31T23:59:59Z
APP-0058978,REQ-2025-01203,accepted,2026-01-11,2026-01-13,,,,,2026-02-09,59000,USD,2026-01-13T14:58:16Z,2026-05-31T23:59:59Z
APP-0058993,REQ-2025-00812,accepted,2026-01-31,2026-02-01,,,,,2026-03-09,142000,USD,2026-02-01T12:15:10Z,2026-05-31T23:59:59Z
APP-0059002,REQ-2025-00994,accepted,2026-01-11,2026-01-16,,,,,2026-02-02,59500,USD,2026-01-16T08:04:11Z,2026-05-31T23:59:59Z
APP-0059017,REQ-2025-01117,accepted,2026-01-18,2026-01-20,,,,,2026-02-09,77500,USD,2026-01-20T19:35:17Z,2026-05-31T23:59:59Z
APP-0059030,REQ-2025-01144,offer_withdrawn,2026-01-14,,,2026-01-18,,,2026-02-11,99500,USD,2026-01-18T15:47:32Z,2026-05-31T23:59:59Z
APP-0059031,REQ-2025-01144,accepted,2026-01-09,2026-01-12,,,,,2026-02-23,99000,USD,2026-01-12T15:15:14Z,2026-05-31T23:59:59Z
APP-0059049,REQ-2025-01162,offer_withdrawn,2026-01-04,,,2026-01-06,,,2026-02-01,68500,USD,2026-01-06T11:40:39Z,2026-05-31T23:59:59Z
APP-0059052,REQ-2025-01165,accepted,2026-01-07,2026-01-15,,,,,2026-02-16,85000,USD,2026-01-15T10:12:14Z,2026-05-31T23:59:59Z
APP-0059063,REQ-2025-01178,accepted,2026-01-09,2026-01-12,,,,,2026-02-09,125500,USD,2026-01-12T17:35:39Z,2026-05-31T23:59:59Z
APP-0059079,REQ-2025-01196,accepted,2026-01-12,2026-01-14,,,,,2026-02-23,107500,USD,2026-01-14T17:47:32Z,2026-05-31T23:59:59Z
APP-0059107,REQ-2025-01078,accepted,2026-01-14,2026-01-22,,,,,2026-02-09,58500,USD,2026-01-22T12:12:51Z,2026-05-31T23:59:59Z
APP-0059120,REQ-2025-01144,accepted,2026-01-02,2026-01-06,,,,,2026-02-16,88000,USD,2026-01-11T15:05:06Z,2026-05-31T23:59:59Z
APP-0059127,REQ-2025-01160,accepted,2026-01-07,2026-01-09,,,,,2026-03-02,113000,USD,2026-01-15T09:09:21Z,2026-05-31T23:59:59Z
APP-0059136,REQ-2025-01174,offer_declined,2026-01-07,,2026-01-09,,,,2026-02-04,174000,USD,2026-01-09T19:43:18Z,2026-05-31T23:59:59Z
APP-0059171,REQ-2025-00627,accepted,2026-01-03,2026-01-05,,,,,2026-02-02,76500,USD,2026-01-05T17:26:09Z,2026-05-31T23:59:59Z
APP-0059199,REQ-2025-01122,offer_rescinded,2026-01-12,2026-01-17,,,2026-01-27,,2026-02-16,66200,USD,2026-01-27T10:45:33Z,2026-05-31T23:59:59Z
APP-0059261,REQ-2025-01098,accepted,2026-01-24,2026-01-25,,,,,2026-03-02,95000,USD,2026-01-25T15:11:37Z,2026-05-31T23:59:59Z
APP-0059274,REQ-2025-01144,accepted,2026-01-09,2026-01-14,,,,,2026-02-23,89000,USD,2026-01-14T17:57:59Z,2026-05-31T23:59:59Z
APP-0059324,REQ-2025-01222,accepted,2026-01-03,2026-01-04,,,,,2026-01-19,46500,USD,2026-01-04T19:12:21Z,2026-05-31T23:59:59Z
APP-0059365,REQ-2025-01144,accepted,2026-01-11,2026-01-15,,,,,2026-02-23,91000,USD,2026-01-25T11:12:07Z,2026-05-31T23:59:59Z
APP-0059385,REQ-2025-01170,accepted,2026-01-08,2026-01-14,,,,,2026-03-16,100000,USD,2026-01-24T19:34:33Z,2026-05-31T23:59:59Z
APP-0059386,REQ-2025-01173,accepted,2026-01-09,2026-01-13,,,,,2026-03-02,122000,USD,2026-01-13T13:50:43Z,2026-05-31T23:59:59Z
APP-0059394,REQ-2025-01187,accepted,2026-01-29,2026-01-31,,,,,2026-03-09,103500,USD,2026-01-31T10:02:06Z,2026-05-31T23:59:59Z
APP-0059398,REQ-2025-01205,offer_declined,2026-01-22,,2026-01-29,,,,2026-02-19,76000,USD,2026-01-29T10:19:33Z,2026-05-31T23:59:59Z
APP-0059409,REQ-2025-01222,accepted,2026-01-09,2026-01-11,,,,,2026-02-02,45500,USD,2026-01-11T14:08:47Z,2026-05-31T23:59:59Z
APP-0059412,REQ-2025-01225,offer_declined,2026-01-26,,2026-02-06,,,,2026-02-23,142000,USD,2026-02-06T12:34:46Z,2026-05-31T23:59:59Z
APP-0059421,REQ-2024-01203,accepted,2026-01-27,2026-01-31,,,,,2026-02-23,80000,USD,2026-01-31T18:19:11Z,2026-05-31T23:59:59Z
APP-0059423,REQ-2025-00524,accepted,2026-01-23,2026-01-26,,,,,2026-03-02,120500,USD,2026-01-26T08:39:15Z,2026-05-31T23:59:59Z
APP-0059432,REQ-2025-00870,candidate_renege,2026-01-18,2026-01-23,,,,2026-01-28,2026-02-16,72500,USD,2026-01-28T17:36:36Z,2026-05-31T23:59:59Z
APP-0059510,REQ-2025-01228,accepted,2026-01-13,2026-01-16,,,,,2026-03-02,85000,USD,2026-01-16T10:29:17Z,2026-05-31T23:59:59Z
APP-0059541,REQ-2025-01142,accepted,2026-01-18,2026-01-22,,,,,2026-02-16,65000,USD,2026-01-22T11:02:06Z,2026-05-31T23:59:59Z
APP-0059560,REQ-2025-01209,accepted,2026-01-12,2026-01-18,,,,,2026-02-23,85500,USD,2026-01-18T12:21:14Z,2026-05-31T23:59:59Z
APP-0059576,REQ-2025-01228,accepted,2026-01-12,2026-01-15,,,,,2026-02-23,86500,USD,2026-01-27T19:06:54Z,2026-05-31T23:59:59Z
APP-0059588,REQ-2025-00669,accepted,2026-01-13,2026-01-21,,,,,2026-02-23,146000,USD,2026-01-21T13:43:34Z,2026-05-31T23:59:59Z
APP-0059602,REQ-2025-01083,offer_declined,2026-01-15,,2026-01-17,,,,2026-02-12,81500,USD,2026-01-17T18:02:49Z,2026-05-31T23:59:59Z
APP-0059610,REQ-2025-01154,accepted,2026-01-16,2026-01-22,,,,,2026-03-02,98000,USD,2026-01-22T15:13:40Z,2026-05-31T23:59:59Z
APP-0059623,REQ-2025-01187,accepted,2026-01-28,2026-01-30,,,,,2026-03-09,104500,USD,2026-01-30T17:01:17Z,2026-05-31T23:59:59Z
APP-0059634,REQ-2025-01203,accepted,2026-01-18,2026-01-20,,,,,2026-02-16,62000,USD,2026-01-26T09:15:43Z,2026-05-31T23:59:59Z
APP-0059653,REQ-2025-01222,accepted,2026-01-14,2026-01-17,,,,,2026-02-09,46000,USD,2026-01-17T13:46:02Z,2026-05-31T23:59:59Z
APP-0059681,REQ-2025-00855,offer_declined,2026-01-22,,2026-01-26,,,,2026-02-19,76000,USD,2026-01-26T14:39:55Z,2026-05-31T23:59:59Z
APP-0059691,REQ-2025-01140,accepted,2026-01-20,2026-01-29,,,,,2026-03-02,103500,USD,2026-01-29T13:58:18Z,2026-05-31T23:59:59Z
APP-0059714,REQ-2025-01185,accepted,2026-01-26,2026-01-29,,,,,2026-03-09,106000,USD,2026-01-29T12:32:10Z,2026-05-31T23:59:59Z
APP-0059720,REQ-2025-01198,accepted,2026-01-17,2026-01-20,,,,,2026-02-23,127000,USD,2026-01-20T16:45:04Z,2026-05-31T23:59:59Z
APP-0059726,REQ-2025-01206,accepted,2026-02-10,2026-02-16,,,,,2026-04-20,193000,USD,2026-02-16T14:32:05Z,2026-05-31T23:59:59Z
APP-0059731,REQ-2025-01211,offer_declined,2026-02-01,,2026-02-02,,,,2026-02-27,116000,USD,2026-02-02T10:46:31Z,2026-05-31T23:59:59Z
APP-0059746,REQ-2025-01227,accepted,2026-01-12,2026-01-19,,,,,2026-02-16,75500,USD,2026-01-19T13:35:31Z,2026-05-31T23:59:59Z
APP-0059755,REQ-2025-01244,accepted,2026-01-18,2026-01-21,,,,,2026-02-09,66000,USD,2026-01-21T11:54:00Z,2026-05-31T23:59:59Z
APP-0059793,REQ-2025-01187,offer_declined,2026-01-22,,2026-01-25,,,,2026-02-19,97000,USD,2026-01-25T08:21:53Z,2026-05-31T23:59:59Z
APP-0059804,REQ-2025-01206,offer_withdrawn,2026-02-06,,,2026-02-20,,,2026-03-06,181000,USD,2026-02-20T18:08:54Z,2026-05-31T23:59:59Z
APP-0059809,REQ-2025-01209,accepted,2026-01-24,2026-01-27,,,,,2026-03-09,88000,USD,2026-01-27T12:24:43Z,2026-05-31T23:59:59Z
APP-0059818,REQ-2025-01218,accepted,2026-01-19,2026-01-21,,,,,2026-03-02,99500,USD,2026-01-21T13:21:32Z,2026-05-31T23:59:59Z
APP-0059836,REQ-2025-01228,accepted,2026-01-23,2026-01-24,,,,,2026-03-02,78500,USD,2026-01-24T10:34:01Z,2026-05-31T23:59:59Z
APP-0059837,REQ-2025-01228,accepted,2026-01-30,2026-02-01,,,,,2026-03-09,86000,USD,2026-02-01T15:51:43Z,2026-05-31T23:59:59Z
APP-0059838,REQ-2025-01228,accepted,2026-01-21,2026-01-22,,,,,2026-02-23,84500,USD,2026-01-22T10:27:42Z,2026-05-31T23:59:59Z
APP-0059850,REQ-2025-01244,offer_declined,2026-01-18,,2026-01-22,,,,2026-02-15,62500,USD,2026-01-22T13:11:06Z,2026-05-31T23:59:59Z
APP-0059852,REQ-2025-01244,accepted,2026-01-23,2026-01-28,,,,,2026-02-23,64500,USD,2026-01-28T17:56:22Z,2026-05-31T23:59:59Z
APP-0059853,REQ-2025-01245,accepted,2026-01-15,2026-01-16,,,,,2026-02-16,94000,USD,2026-01-16T11:11:12Z,2026-05-31T23:59:59Z
APP-0059854,REQ-2025-01246,offer_withdrawn,2026-01-23,,,2026-01-28,,,2026-02-20,112500,USD,2026-01-28T12:13:39Z,2026-05-31T23:59:59Z
APP-0059857,REQ-2024-00760,offer_declined,2026-02-12,,2026-02-21,,,,2026-03-12,84000,USD,2026-02-21T13:28:41Z,2026-05-31T23:59:59Z
APP-0059873,REQ-2025-01129,accepted,2026-01-25,2026-01-28,,,,,2026-02-23,67500,USD,2026-01-28T12:08:50Z,2026-05-31T23:59:59Z
APP-0059899,REQ-2025-01194,accepted,2026-01-14,2026-01-20,,,,,2026-02-16,70500,USD,2026-01-20T15:50:26Z,2026-05-31T23:59:59Z
APP-0059906,REQ-2025-01203,offer_withdrawn,2026-01-19,,,2026-01-20,,,2026-02-16,64500,USD,2026-01-20T17:59:09Z,2026-05-31T23:59:59Z
APP-0059921,REQ-2025-01215,accepted,2026-02-08,2026-02-09,,,,,2026-03-23,123500,USD,2026-02-09T12:57:48Z,2026-05-31T23:59:59Z
APP-0059930,REQ-2025-01222,accepted,2026-01-15,2026-01-24,,,,,2026-02-16,52500,USD,2026-01-24T15:15:39Z,2026-05-31T23:59:59Z
APP-0059931,REQ-2025-01222,accepted,2026-01-17,2026-01-20,,,,,2026-02-09,49500,USD,2026-01-24T15:17:33Z,2026-05-31T23:59:59Z
APP-0059934,REQ-2025-01228,offer_declined,2026-01-13,,2026-01-18,,,,2026-02-10,83500,USD,2026-01-18T17:25:22Z,2026-05-31T23:59:59Z
APP-0059961,REQ-2025-00664,accepted,2026-01-11,2026-01-14,,,,,2026-02-23,105000,USD,2026-01-14T13:44:40Z,2026-05-31T23:59:59Z
APP-0059968,REQ-2025-00994,offer_declined,2026-01-16,,2026-01-17,,,,2026-02-13,54500,USD,2026-01-17T15:53:16Z,2026-05-31T23:59:59Z
APP-0059990,REQ-2025-01184,candidate_renege,2026-01-24,2026-01-25,,,,2026-02-26,2026-03-02,108500,USD,2026-02-26T16:10:57Z,2026-05-31T23:59:59Z
APP-0060005,REQ-2025-01209,accepted,2026-01-24,2026-01-31,,,,,2026-03-02,87000,USD,2026-01-31T13:22:10Z,2026-05-31T23:59:59Z
APP-0060025,REQ-2025-01228,candidate_renege,2026-01-25,2026-01-27,,,,2026-02-27,2026-03-02,83000,USD,2026-02-27T09:56:16Z,2026-05-31T23:59:59Z
APP-0060027,REQ-2025-01234,accepted,2026-01-22,2026-01-26,,,,,2026-02-16,44500,USD,2026-01-26T10:39:40Z,2026-05-31T23:59:59Z
APP-0060029,REQ-2025-01241,offer_declined,2026-01-25,,2026-01-28,,,,2026-02-22,74000,USD,2026-01-28T14:50:19Z,2026-05-31T23:59:59Z
APP-0060067,REQ-2025-01159,offer_withdrawn,2026-01-31,,,2026-02-03,,,2026-02-28,87000,USD,2026-02-03T18:42:48Z,2026-05-31T23:59:59Z
APP-0060078,REQ-2025-01203,offer_withdrawn,2026-01-18,,,2026-01-20,,,2026-02-15,68000,USD,2026-01-20T12:04:08Z,2026-05-31T23:59:59Z
APP-0060084,REQ-2025-01209,candidate_renege,2026-01-23,2026-01-27,,,,2026-02-20,2026-03-02,86500,USD,2026-02-20T13:08:44Z,2026-05-31T23:59:59Z
APP-0060099,REQ-2025-01222,accepted,2026-01-14,2026-01-17,,,,,2026-02-16,50000,USD,2026-02-01T10:16:00Z,2026-05-31T23:59:59Z
APP-0060108,REQ-2025-01237,accepted,2026-01-28,2026-01-30,,,,,2026-03-16,145500,USD,2026-01-30T19:44:08Z,2026-05-31T23:59:59Z
APP-0060116,REQ-2025-01244,offer_withdrawn,2026-01-27,,,2026-01-28,,,2026-02-24,58500,USD,2026-01-28T17:02:06Z,2026-05-31T23:59:59Z
APP-0060122,REQ-2025-01254,accepted,2026-01-27,2026-02-01,,,,,2026-02-23,54000,USD,2026-02-01T09:12:52Z,2026-05-31T23:59:59Z
APP-0060133,REQ-2024-00850,accepted,2026-01-30,2026-02-05,,,,,2026-03-02,96000,USD,2026-02-17T15:14:11Z,2026-05-31T23:59:59Z
APP-0060159,REQ-2025-01161,candidate_renege,2026-01-22,2026-01-27,,,,2026-01-31,2026-03-02,136500,USD,2026-01-31T10:25:31Z,2026-05-31T23:59:59Z
APP-0060161,REQ-2025-01165,accepted,2026-01-25,2026-01-26,,,,,2026-03-02,83000,USD,2026-01-26T08:39:06Z,2026-05-31T23:59:59Z
APP-0060163,REQ-2025-01174,accepted,2026-01-24,2026-01-26,,,,,2026-03-16,179500,USD,2026-01-26T10:47:34Z,2026-05-31T23:59:59Z
APP-0060180,REQ-2025-01210,candidate_renege,2026-01-27,2026-01-28,,,,2026-02-02,2026-03-02,98000,USD,2026-02-02T12:25:22Z,2026-05-31T23:59:59Z
APP-0060182,REQ-2025-01211,accepted,2026-01-14,2026-01-17,,,,,2026-03-09,111500,USD,2026-02-01T08:36:46Z,2026-05-31T23:59:59Z
APP-0060190,REQ-2025-01226,offer_declined,2026-02-03,,2026-02-04,,,,2026-03-03,93500,USD,2026-02-04T18:40:51Z,2026-05-31T23:59:59Z
APP-0060192,REQ-2025-01228,offer_withdrawn,2026-01-29,,,2026-02-05,,,2026-02-26,88000,USD,2026-02-05T15:30:39Z,2026-05-31T23:59:59Z
APP-0060203,REQ-2025-01242,accepted,2026-01-25,2026-01-29,,,,,2026-02-23,81500,USD,2026-01-29T15:49:45Z,2026-05-31T23:59:59Z
APP-0060235,REQ-2025-00897,offer_declined,2026-01-30,,2026-02-04,,,,2026-02-27,129500,USD,2026-02-04T19:22:23Z,2026-05-31T23:59:59Z
APP-0060242,REQ-2025-01056,offer_declined,2026-01-27,,2026-01-28,,,,2026-02-22,64500,USD,2026-01-28T15:43:07Z,2026-05-31T23:59:59Z
APP-0060256,REQ-2025-01159,accepted,2026-01-30,2026-02-02,,,,,2026-03-02,75300,USD,2026-02-08T12:45:07Z,2026-05-31T23:59:59Z
APP-0060273,REQ-2025-01213,offer_declined,2026-02-02,,2026-02-04,,,,2026-03-02,82000,USD,2026-02-04T13:47:10Z,2026-05-31T23:59:59Z
APP-0060285,REQ-2025-01222,offer_withdrawn,2026-01-25,,,2026-01-28,,,2026-02-22,51000,USD,2026-01-28T14:41:40Z,2026-05-31T23:59:59Z
APP-0060292,REQ-2025-01222,accepted,2026-01-15,2026-01-22,,,,,2026-02-09,43000,USD,2026-02-03T17:43:34Z,2026-05-31T23:59:59Z
APP-0060305,REQ-2025-01228,accepted,2026-01-18,2026-01-20,,,,,2026-02-16,86000,USD,2026-01-20T13:26:51Z,2026-05-31T23:59:59Z
APP-0060316,REQ-2025-01244,offer_withdrawn,2026-01-24,,,2026-01-28,,,2026-02-21,62500,USD,2026-01-28T18:13:52Z,2026-05-31T23:59:59Z
APP-0060320,REQ-2025-01246,accepted,2026-01-23,2026-01-26,,,,,2026-03-02,114000,USD,2026-01-26T13:19:18Z,2026-05-31T23:59:59Z
APP-0060326,REQ-2025-01256,accepted,2026-01-22,2026-01-24,,,,,2026-03-02,77500,USD,2026-01-24T15:34:59Z,2026-05-31T23:59:59Z
APP-0060328,REQ-2025-01257,accepted,2026-01-27,2026-01-28,,,,,2026-03-02,61500,USD,2026-01-28T10:50:12Z,2026-05-31T23:59:59Z
APP-0060337,REQ-2025-00350,accepted,2026-01-29,2026-02-04,,,,,2026-03-16,126500,USD,2026-02-04T11:37:24Z,2026-05-31T23:59:59Z
APP-0060363,REQ-2025-01105,accepted,2026-01-31,2026-02-01,,,,,2026-02-23,80000,USD,2026-02-01T11:05:12Z,2026-05-31T23:59:59Z
APP-0060374,REQ-2025-01185,offer_withdrawn,2026-01-29,,,2026-01-29,,,2026-02-26,105500,USD,2026-01-29T11:54:50Z,2026-05-31T23:59:59Z
APP-0060398,REQ-2025-01223,accepted,2026-01-12,2026-01-15,,,,,2026-02-09,61000,USD,2026-01-15T18:36:31Z,2026-05-31T23:59:59Z
APP-0060493,REQ-2025-01222,offer_declined,2026-01-17,,2026-01-21,,,,2026-02-14,50000,USD,2026-01-21T15:28:34Z,2026-05-31T23:59:59Z
APP-0060495,REQ-2025-01222,offer_withdrawn,2026-01-22,,,2026-01-29,,,2026-02-19,50500,USD,2026-01-29T16:45:11Z,2026-05-31T23:59:59Z
APP-0060517,REQ-2025-01243,accepted,2026-01-19,2026-01-26,,,,,2026-03-02,132000,USD,2026-01-26T13:56:20Z,2026-05-31T23:59:59Z
APP-0060518,REQ-2025-01244,offer_withdrawn,2026-01-26,,,2026-01-28,,,2026-02-23,68500,USD,2026-01-28T17:26:45Z,2026-05-31T23:59:59Z
APP-0060539,REQ-2026-00012,accepted,2026-01-23,2026-01-26,,,,,2026-02-09,49000,USD,2026-01-26T11:02:25Z,2026-05-31T23:59:59Z
APP-0060550,REQ-2025-00956,accepted,2026-01-30,2026-02-04,,,,,2026-03-30,104500,USD,2026-02-18T17:24:51Z,2026-05-31T23:59:59Z
APP-0060551,REQ-2025-00962,accepted,2026-02-02,2026-02-07,,,,,2026-03-02,66500,USD,2026-02-07T16:57:25Z,2026-05-31T23:59:59Z
APP-0060593,REQ-2025-01208,accepted,2026-02-08,2026-02-16,,,,,2026-03-23,147000,USD,2026-02-16T08:40:53Z,2026-05-31T23:59:59Z
APP-0060597,REQ-2025-01214,accepted,2026-01-29,2026-02-03,,,,,2026-02-23,52500,USD,2026-02-03T19:59:08Z,2026-05-31T23:59:59Z
APP-0060638,REQ-2025-01262,accepted,2026-02-12,2026-02-16,,,,,2026-03-23,86000,USD,2026-02-16T15:38:54Z,2026-05-31T23:59:59Z
APP-0060664,REQ-2025-00965,accepted,2026-03-09,2026-03-14,,,,,2026-04-20,91500,USD,2026-03-14T14:32:00Z,2026-05-31T23:59:59Z
APP-0060705,REQ-2025-01223,accepted,2026-01-24,2026-01-26,,,,,2026-03-09,57500,USD,2026-02-06T18:16:39Z,2026-05-31T23:59:59Z
APP-0060713,REQ-2025-01232,accepted,2026-01-21,2026-01-26,,,,,2026-03-02,139000,USD,2026-01-26T08:07:15Z,2026-05-31T23:59:59Z
APP-0060734,REQ-2025-01260,accepted,2026-01-20,2026-01-22,,,,,2026-02-16,50500,USD,2026-01-22T17:42:42Z,2026-05-31T23:59:59Z
APP-0060739,REQ-2026-00009,accepted,2026-01-23,2026-01-25,,,,,2026-02-23,60000,USD,2026-01-25T18:08:47Z,2026-05-31T23:59:59Z
APP-0060767,REQ-2025-01109,accepted,2026-02-16,2026-02-18,,,,,2026-03-23,139500,USD,2026-02-20T08:35:57Z,2026-05-31T23:59:59Z
APP-0060779,REQ-2025-01187,accepted,2026-02-09,2026-02-15,,,,,2026-03-30,93500,USD,2026-02-15T19:39:23Z,2026-05-31T23:59:59Z
APP-0060785,REQ-2025-01211,accepted,2026-02-05,2026-02-16,,,,,2026-03-23,99500,USD,2026-02-16T17:21:19Z,2026-05-31T23:59:59Z
APP-0060812,REQ-2025-01244,offer_withdrawn,2026-01-24,,,2026-01-28,,,2026-02-21,67000,USD,2026-01-28T17:21:28Z,2026-05-31T23:59:59Z
APP-0060847,REQ-2025-00688,accepted,2026-02-06,2026-02-07,,,,,2026-03-23,80500,USD,2026-02-20T08:28:02Z,2026-05-31T23:59:59Z
APP-0060854,REQ-2025-01060,accepted,2026-01-28,2026-02-07,,,,,2026-03-09,80000,USD,2026-02-07T11:08:25Z,2026-05-31T23:59:59Z
APP-0060856,REQ-2025-01072,candidate_renege,2026-01-24,2026-01-25,,,,2026-01-26,2026-02-09,59000,USD,2026-01-26T18:37:57Z,2026-05-31T23:59:59Z
APP-0060896,REQ-2025-01233,accepted,2026-02-12,2026-02-17,,,,,2026-04-13,153500,USD,2026-03-04T12:19:21Z,2026-05-31T23:59:59Z
APP-0060919,REQ-2026-00001,accepted,2026-02-02,2026-02-06,,,,,2026-04-13,119500,USD,2026-02-12T10:35:19Z,2026-05-31T23:59:59Z
APP-0060992,REQ-2025-01244,offer_withdrawn,2026-01-24,,,2026-01-28,,,2026-02-21,65000,USD,2026-01-28T14:03:19Z,2026-05-31T23:59:59Z
APP-0061027,REQ-2025-00923,accepted,2026-02-13,2026-02-14,,,,,2026-03-30,137500,USD,2026-02-14T11:15:21Z,2026-05-31T23:59:59Z
APP-0061075,REQ-2025-01241,accepted,2026-02-11,2026-02-13,,,,,2026-03-16,75000,USD,2026-02-13T19:15:44Z,2026-05-31T23:59:59Z
APP-0061082,REQ-2025-01255,accepted,2026-01-26,2026-01-28,,,,,2026-03-09,89500,USD,2026-01-28T16:15:08Z,2026-05-31T23:59:59Z
APP-0061101,REQ-2026-00014,offer_declined,2026-02-10,,2026-02-11,,,,2026-03-07,74500,USD,2026-02-11T08:33:13Z,2026-05-31T23:59:59Z
APP-0061111,REQ-2025-00440,accepted,2026-02-02,2026-02-04,,,,,2026-03-09,155400,USD,2026-02-06T13:07:20Z,2026-05-31T23:59:59Z
APP-0061121,REQ-2025-00965,offer_declined,2026-02-11,,2026-02-14,,,,2026-03-11,89500,USD,2026-02-14T16:52:27Z,2026-05-31T23:59:59Z
APP-0061134,REQ-2025-01202,accepted,2026-02-04,2026-02-07,,,,,2026-03-16,119500,USD,2026-02-07T19:13:09Z,2026-05-31T23:59:59Z
APP-0061141,REQ-2025-01209,offer_withdrawn,2026-01-28,,,2026-02-01,,,2026-02-25,84000,USD,2026-02-01T17:10:37Z,2026-05-31T23:59:59Z
APP-0061151,REQ-2025-01228,accepted,2026-01-28,2026-01-30,,,,,2026-03-09,79500,USD,2026-01-30T12:52:28Z,2026-05-31T23:59:59Z
APP-0061158,REQ-2025-01244,offer_withdrawn,2026-01-28,,,2026-01-28,,,2026-02-25,60500,USD,2026-01-28T14:24:40Z,2026-05-31T23:59:59Z
APP-0061179,REQ-2024-00129,candidate_renege,2026-03-25,2026-04-04,,,,2026-05-21,2026-05-25,176000,USD,2026-05-21T13:46:36Z,2026-05-31T23:59:59Z
APP-0061182,REQ-2025-00362,offer_declined,2026-02-12,,2026-02-13,,,,2026-03-12,91500,USD,2026-02-13T09:29:31Z,2026-05-31T23:59:59Z
APP-0061198,REQ-2025-01135,offer_withdrawn,2026-02-11,,,2026-02-12,,,2026-03-08,91500,USD,2026-02-12T11:14:44Z,2026-05-31T23:59:59Z
APP-0061209,REQ-2025-01193,offer_declined,2026-02-04,,2026-02-06,,,,2026-03-04,60000,USD,2026-02-06T11:24:18Z,2026-05-31T23:59:59Z
APP-0061210,REQ-2025-01206,offer_withdrawn,2026-02-15,,,2026-02-19,,,2026-03-15,195500,USD,2026-02-19T10:39:03Z,2026-05-31T23:59:59Z
APP-0061218,REQ-2025-01222,accepted,2026-01-24,2026-01-27,,,,,2026-02-16,45500,USD,2026-01-27T19:10:45Z,2026-05-31T23:59:59Z
APP-0061220,REQ-2025-01228,offer_declined,2026-01-29,,2026-02-01,,,,2026-02-26,80000,USD,2026-02-01T13:21:08Z,2026-05-31T23:59:59Z
APP-0061250,REQ-2026-00021,offer_withdrawn,2026-02-18,,,2026-02-18,,,2026-03-18,134500,USD,2026-02-18T11:40:51Z,2026-05-31T23:59:59Z
APP-0061253,REQ-2026-00027,accepted,2026-02-11,2026-02-14,,,,,2026-03-02,56000,USD,2026-02-14T15:36:25Z,2026-05-31T23:59:59Z
APP-0061259,REQ-2025-00723,accepted,2026-03-03,2026-03-05,,,,,2026-04-20,186000,USD,2026-03-20T14:08:39Z,2026-05-31T23:59:59Z
APP-0061287,REQ-2025-01220,offer_declined,2026-02-12,,2026-02-16,,,,2026-03-12,77500,USD,2026-02-16T19:55:25Z,2026-05-31T23:59:59Z
APP-0061293,REQ-2025-01222,offer_withdrawn,2026-01-26,,,2026-01-28,,,2026-02-23,46000,USD,2026-01-28T16:22:13Z,2026-05-31T23:59:59Z
APP-0061295,REQ-2025-01222,offer_withdrawn,2026-01-26,,,2026-01-30,,,2026-02-23,43500,USD,2026-01-30T14:50:40Z,2026-05-31T23:59:59Z
APP-0061305,REQ-2025-01253,accepted,2026-02-05,2026-02-07,,,,,2026-03-23,75500,USD,2026-02-11T13:18:54Z,2026-05-31T23:59:59Z
APP-0061320,REQ-2026-00014,accepted,2026-01-31,2026-02-01,,,,,2026-03-02,72500,USD,2026-02-01T11:46:59Z,2026-05-31T23:59:59Z
APP-0061321,REQ-2026-00016,accepted,2026-02-12,2026-02-15,,,,,2026-03-09,80000,USD,2026-02-15T14:58:45Z,2026-05-31T23:59:59Z
APP-0061327,REQ-2026-00022,candidate_renege,2026-02-10,2026-02-12,,,,2026-02-27,2026-03-30,141500,USD,2026-02-27T17:44:48Z,2026-05-31T23:59:59Z
APP-0061329,REQ-2026-00024,accepted,2026-02-06,2026-02-08,,,,,2026-03-16,85000,USD,2026-02-08T12:17:27Z,2026-05-31T23:59:59Z
APP-0061346,REQ-2025-00931,accepted,2026-02-24,2026-02-27,,,,,2026-03-30,102000,USD,2026-02-27T11:38:40Z,2026-05-31T23:59:59Z
APP-0061347,REQ-2025-00939,accepted,2026-01-31,2026-02-02,,,,,2026-02-23,79500,USD,2026-02-02T09:35:18Z,2026-05-31T23:59:59Z
APP-0061349,REQ-2025-01026,accepted,2026-02-17,2026-02-18,,,,,2026-03-02,77000,USD,2026-02-18T18:41:21Z,2026-05-31T23:59:59Z
APP-0061409,REQ-2026-00021,accepted,2026-02-14,2026-02-18,,,,,2026-03-30,155000,USD,2026-02-26T14:25:20Z,2026-05-31T23:59:59Z
APP-0061424,REQ-2025-00594,accepted,2026-02-20,2026-02-21,,,,,2026-04-06,129500,USD,2026-02-21T18:00:15Z,2026-05-31T23:59:59Z
APP-0061483,REQ-2026-00022,offer_withdrawn,2026-02-09,,,2026-02-15,,,2026-03-09,138000,USD,2026-02-15T18:01:42Z,2026-05-31T23:59:59Z
APP-0061510,REQ-2025-00990,accepted,2026-04-02,2026-04-11,,,,,2026-05-25,179500,USD,2026-04-11T15:34:26Z,2026-05-31T23:59:59Z
APP-0061557,REQ-2025-01259,accepted,2026-02-13,2026-02-17,,,,,2026-03-09,53500,USD,2026-02-17T10:11:49Z,2026-05-31T23:59:59Z
APP-0061577,REQ-2026-00029,accepted,2026-03-04,2026-03-07,,,,,2026-04-20,92500,USD,2026-03-18T10:04:23Z,2026-05-31T23:59:59Z
APP-0061604,REQ-2025-01064,accepted,2026-02-06,2026-02-08,,,,,2026-03-23,132500,USD,2026-02-08T09:12:35Z,2026-05-31T23:59:59Z
APP-0061641,REQ-2025-01257,offer_declined,2026-02-08,,2026-02-11,,,,2026-03-08,67000,USD,2026-02-11T09:42:32Z,2026-05-31T23:59:59Z
APP-0061648,REQ-2026-00004,accepted,2026-03-25,2026-04-05,,,,,2026-06-15,240000,USD,2026-04-05T16:40:12Z,2026-05-31T23:59:59Z
APP-0061649,REQ-2026-00007,offer_declined,2026-02-04,,2026-02-05,,,,2026-03-04,126500,USD,2026-02-05T08:50:02Z,2026-05-31T23:59:59Z
APP-0061655,REQ-2026-00023,accepted,2026-02-04,2026-02-08,,,,,2026-03-16,83000,USD,2026-02-08T13:36:16Z,2026-05-31T23:59:59Z
APP-0061667,REQ-2026-00030,accepted,2026-02-10,2026-02-11,,,,,2026-03-16,105500,USD,2026-02-11T19:34:23Z,2026-05-31T23:59:59Z
APP-0061675,REQ-2026-00035,accepted,2026-01-31,2026-02-06,,,,,2026-03-09,59500,USD,2026-02-06T12:29:06Z,2026-05-31T23:59:59Z
APP-0061681,REQ-2026-00044,accepted,2026-02-22,2026-02-23,,,,,2026-03-30,136500,USD,2026-02-23T15:33:24Z,2026-05-31T23:59:59Z
APP-0061755,REQ-2026-00042,accepted,2026-02-10,2026-02-14,,,,,2026-03-09,57500,USD,2026-02-14T19:27:35Z,2026-05-31T23:59:59Z
APP-0061769,REQ-2025-00461,accepted,2026-02-18,2026-02-20,,,,,2026-03-23,83000,USD,2026-02-22T10:55:11Z,2026-05-31T23:59:59Z
APP-0061804,REQ-2025-01250,accepted,2026-02-07,2026-02-10,,,,,2026-03-16,82500,USD,2026-02-10T11:46:17Z,2026-05-31T23:59:59Z
APP-0061806,REQ-2025-01254,accepted,2026-02-18,2026-02-19,,,,,2026-03-09,56500,USD,2026-02-19T12:13:25Z,2026-05-31T23:59:59Z
APP-0061821,REQ-2026-00017,accepted,2026-02-08,2026-02-11,,,,,2026-03-02,50000,USD,2026-02-11T18:12:20Z,2026-05-31T23:59:59Z
APP-0061831,REQ-2026-00024,accepted,2026-02-07,2026-02-10,,,,,2026-03-23,82500,USD,2026-02-10T09:29:41Z,2026-05-31T23:59:59Z
APP-0061839,REQ-2026-00035,accepted,2026-02-08,2026-02-09,,,,,2026-03-30,61500,USD,2026-02-23T13:09:11Z,2026-05-31T23:59:59Z
APP-0061876,REQ-2025-01092,accepted,2026-02-17,2026-02-22,,,,,2026-04-06,86500,USD,2026-02-22T10:55:30Z,2026-05-31T23:59:59Z
APP-0061886,REQ-2025-01200,offer_withdrawn,2026-02-15,,,2026-02-16,,,2026-03-14,169000,USD,2026-02-16T11:31:57Z,2026-05-31T23:59:59Z
APP-0061914,REQ-2026-00034,offer_declined,2026-02-28,,2026-03-04,,,,2026-03-28,120000,USD,2026-03-04T15:08:47Z,2026-05-31T23:59:59Z
APP-0061918,REQ-2026-00041,accepted,2026-02-24,2026-02-26,,,,,2026-04-06,138500,USD,2026-02-26T10:38:12Z,2026-05-31T23:59:59Z
APP-0061955,REQ-2025-01211,accepted,2026-02-03,2026-02-05,,,,,2026-03-16,101000,USD,2026-02-05T12:08:13Z,2026-05-31T23:59:59Z
APP-0061987,REQ-2026-00035,offer_withdrawn,2026-02-18,,,2026-02-20,,,2026-03-18,66500,USD,2026-02-20T10:58:20Z,2026-05-31T23:59:59Z
APP-0061994,REQ-2026-00042,accepted,2026-02-02,2026-02-06,,,,,2026-03-09,63000,USD,2026-02-06T15:45:59Z,2026-05-31T23:59:59Z
APP-0062028,REQ-2025-01153,accepted,2026-03-01,2026-03-04,,,,,2026-04-06,105000,USD,2026-03-04T18:14:14Z,2026-05-31T23:59:59Z
APP-0062072,REQ-2026-00031,offer_declined,2026-02-11,,2026-02-12,,,,2026-03-11,59500,USD,2026-02-12T19:31:57Z,2026-05-31T23:59:59Z
APP-0062080,REQ-2026-00050,accepted,2026-03-01,2026-03-03,,,,,2026-04-13,133000,USD,2026-03-03T18:46:38Z,2026-05-31T23:59:59Z
APP-0062089,REQ-2026-00067,accepted,2026-02-08,2026-02-13,,,,,2026-03-16,75000,USD,2026-02-13T14:42:50Z,2026-05-31T23:59:59Z
APP-0062103,REQ-2025-01083,candidate_renege,2026-02-11,2026-02-12,,,,2026-03-10,2026-03-23,89500,USD,2026-03-10T19:30:19Z,2026-05-31T23:59:59Z
APP-0062106,REQ-2025-01105,accepted,2026-02-08,2026-02-10,,,,,2026-03-09,76000,USD,2026-02-10T09:46:44Z,2026-05-31T23:59:59Z
APP-0062107,REQ-2025-01140,accepted,2026-02-11,2026-02-13,,,,,2026-04-06,105000,USD,2026-02-23T16:22:42Z,2026-05-31T23:59:59Z
APP-0062111,REQ-2025-01158,accepted,2026-02-16,2026-02-20,,,,,2026-03-23,139000,USD,2026-03-02T19:37:10Z,2026-05-31T23:59:59Z
APP-0062131,REQ-2025-01259,offer_declined,2026-02-03,,2026-02-06,,,,2026-03-03,49500,USD,2026-02-06T11:04:04Z,2026-05-31T23:59:59Z
APP-0062145,REQ-2026-00024,accepted,2026-02-18,2026-02-21,,,,,2026-03-23,87500,USD,2026-02-21T16:07:22Z,2026-05-31T23:59:59Z
APP-0062159,REQ-2026-00042,accepted,2026-02-11,2026-02-13,,,,,2026-03-16,62500,USD,2026-02-13T18:17:52Z,2026-05-31T23:59:59Z
APP-0062181,REQ-2026-00072,offer_declined,2026-02-14,,2026-02-16,,,,2026-03-11,101000,USD,2026-02-16T12:45:35Z,2026-05-31T23:59:59Z
APP-0062198,REQ-2025-01013,accepted,2026-02-09,2026-02-13,,,,,2026-03-09,104000,USD,2026-02-13T14:27:22Z,2026-05-31T23:59:59Z
APP-0062205,REQ-2025-01121,offer_declined,2026-03-02,,2026-03-03,,,,2026-03-29,140000,USD,2026-03-03T09:18:31Z,2026-05-31T23:59:59Z
APP-0062237,REQ-2026-00017,accepted,2026-02-05,2026-02-08,,,,,2026-03-02,54000,USD,2026-02-08T09:44:40Z,2026-05-31T23:59:59Z
APP-0062289,REQ-2026-00072,accepted,2026-02-12,2026-02-16,,,,,2026-03-23,112000,USD,2026-02-16T15:48:20Z,2026-05-31T23:59:59Z
APP-0062297,REQ-2025-00780,accepted,2026-02-15,2026-02-19,,,,,2026-03-23,88000,USD,2026-02-19T15:31:14Z,2026-05-31T23:59:59Z
APP-0062302,REQ-2025-00968,accepted,2026-02-15,2026-02-21,,,,,2026-03-16,73500,USD,2026-02-21T12:41:23Z,2026-05-31T23:59:59Z
APP-0062360,REQ-2026-00062,offer_declined,2026-02-18,,2026-02-20,,,,2026-03-18,74500,USD,2026-02-20T13:10:49Z,2026-05-31T23:59:59Z
APP-0062400,REQ-2025-01247,accepted,2026-02-24,2026-02-28,,,,,2026-03-16,70500,USD,2026-02-28T11:42:18Z,2026-05-31T23:59:59Z
APP-0062419,REQ-2026-00029,offer_declined,2026-03-22,,2026-03-24,,,,2026-04-13,99000,USD,2026-03-24T17:26:23Z,2026-05-31T23:59:59Z
APP-0062434,REQ-2026-00042,accepted,2026-02-15,2026-02-16,,,,,2026-03-16,70500,USD,2026-02-16T18:47:28Z,2026-05-31T23:59:59Z
APP-0062446,REQ-2026-00062,accepted,2026-02-14,2026-02-22,,,,,2026-04-06,71000,USD,2026-03-01T15:03:07Z,2026-05-31T23:59:59Z
APP-0062469,REQ-2025-01108,accepted,2026-02-23,2026-02-27,,,,,2026-03-23,56500,USD,2026-02-27T08:36:08Z,2026-05-31T23:59:59Z
APP-0062492,REQ-2026-00031,accepted,2026-02-15,2026-02-16,,,,,2026-03-16,59000,USD,2026-02-16T16:30:55Z,2026-05-31T23:59:59Z
APP-0062494,REQ-2026-00033,accepted,2026-02-26,2026-03-02,,,,,2026-04-06,109500,USD,2026-03-02T16:52:26Z,2026-05-31T23:59:59Z
APP-0062508,REQ-2026-00052,accepted,2026-02-27,2026-03-06,,,,,2026-03-23,61500,USD,2026-03-21T14:53:19Z,2026-05-31T23:59:59Z
APP-0062522,REQ-2026-00065,accepted,2026-03-01,2026-03-03,,,,,2026-03-30,63000,USD,2026-03-03T09:53:07Z,2026-05-31T23:59:59Z
APP-0062530,REQ-2026-00068,accepted,2026-02-21,2026-02-24,,,,,2026-03-30,98000,USD,2026-02-24T09:17:34Z,2026-05-31T23:59:59Z
APP-0062551,REQ-2025-00596,accepted,2026-02-23,2026-03-01,,,,,2026-04-06,137500,USD,2026-03-01T10:10:06Z,2026-05-31T23:59:59Z
APP-0062558,REQ-2025-01056,accepted,2026-02-13,2026-02-15,,,,,2026-03-09,60000,USD,2026-02-15T17:20:26Z,2026-05-31T23:59:59Z
APP-0062583,REQ-2026-00025,offer_rescinded,2026-02-27,2026-03-01,,,2026-03-05,,2026-03-30,72000,USD,2026-03-05T19:08:15Z,2026-05-31T23:59:59Z
APP-0062586,REQ-2026-00030,offer_withdrawn,2026-02-16,,,2026-02-23,,,2026-03-16,105000,USD,2026-02-23T17:59:44Z,2026-05-31T23:59:59Z
APP-0062587,REQ-2026-00030,accepted,2026-02-18,2026-02-19,,,,,2026-03-30,104500,USD,2026-02-19T13:06:14Z,2026-05-31T23:59:59Z
APP-0062590,REQ-2026-00035,accepted,2026-02-15,2026-02-18,,,,,2026-03-23,58000,USD,2026-03-02T12:48:36Z,2026-05-31T23:59:59Z
APP-0062599,REQ-2026-00048,accepted,2026-02-25,2026-02-28,,,,,2026-04-06,120000,USD,2026-02-28T15:46:08Z,2026-05-31T23:59:59Z
APP-0062610,REQ-2026-00067,accepted,2026-02-11,2026-02-13,,,,,2026-03-09,78500,USD,2026-02-26T13:46:29Z,2026-05-31T23:59:59Z
APP-0062624,REQ-2026-00077,accepted,2026-03-06,2026-03-10,,,,,2026-04-06,104500,USD,2026-03-10T16:49:51Z,2026-05-31T23:59:59Z
APP-0062625,REQ-2026-00077,accepted,2026-02-16,2026-02-27,,,,,2026-03-30,97500,USD,2026-03-12T08:11:37Z,2026-05-31T23:59:59Z
APP-0062626,REQ-2026-00077,accepted,2026-02-28,2026-03-06,,,,,2026-04-06,96000,USD,2026-03-06T18:02:43Z,2026-05-31T23:59:59Z
APP-0062632,REQ-2025-00471,accepted,2026-02-26,2026-03-03,,,,,2026-03-30,61000,USD,2026-03-03T10:20:11Z,2026-05-31T23:59:59Z
APP-0062676,REQ-2026-00035,offer_withdrawn,2026-02-17,,,2026-02-18,,,2026-03-17,61000,USD,2026-02-18T17:13:42Z,2026-05-31T23:59:59Z
APP-0062690,REQ-2026-00057,candidate_renege,2026-02-23,2026-02-26,,,,2026-03-23,2026-03-30,107000,USD,2026-03-23T10:28:13Z,2026-05-31T23:59:59Z
APP-0062721,REQ-2025-00484,accepted,2026-02-26,2026-03-06,,,,,2026-04-20,97500,USD,2026-03-08T19:48:39Z,2026-05-31T23:59:59Z
APP-0062730,REQ-2025-01007,candidate_renege,2026-03-07,2026-03-11,,,,2026-03-17,2026-04-27,137500,USD,2026-03-17T08:55:28Z,2026-05-31T23:59:59Z
APP-0062733,REQ-2025-01063,accepted,2026-02-22,2026-02-27,,,,,2026-04-06,78500,USD,2026-02-27T10:01:30Z,2026-05-31T23:59:59Z
APP-0062734,REQ-2025-01082,accepted,2026-03-05,2026-03-20,,,,,2026-05-11,154000,USD,2026-03-20T18:20:09Z,2026-05-31T23:59:59Z
APP-0062736,REQ-2025-01151,accepted,2026-02-22,2026-02-24,,,,,2026-03-16,72000,USD,2026-02-24T16:28:37Z,2026-05-31T23:59:59Z
APP-0062781,REQ-2026-00067,accepted,2026-02-24,2026-02-26,,,,,2026-03-23,74000,USD,2026-02-26T15:21:01Z,2026-05-31T23:59:59Z
APP-0062783,REQ-2026-00069,candidate_renege,2026-02-18,2026-02-23,,,,2026-04-04,2026-03-31,73000,USD,2026-04-04T16:33:53Z,2026-05-31T23:59:59Z
APP-0062805,REQ-2025-01087,accepted,2026-03-14,2026-03-18,,,,,2026-04-13,96000,USD,2026-03-18T16:48:49Z,2026-05-31T23:59:59Z
APP-0062822,REQ-2026-00014,accepted,2026-02-17,2026-02-18,,,,,2026-03-16,75000,USD,2026-02-18T11:59:12Z,2026-05-31T23:59:59Z
APP-0062858,REQ-2026-00067,accepted,2026-02-22,2026-02-24,,,,,2026-03-16,79500,USD,2026-02-24T08:20:25Z,2026-05-31T23:59:59Z
APP-0062861,REQ-2026-00072,accepted,2026-03-07,2026-03-08,,,,,2026-04-06,104000,USD,2026-03-08T08:47:42Z,2026-05-31T23:59:59Z
APP-0062869,REQ-2026-00081,accepted,2026-03-02,2026-03-06,,,,,2026-03-23,67500,USD,2026-03-06T08:29:16Z,2026-05-31T23:59:59Z
APP-0062891,REQ-2025-00999,candidate_renege,2026-03-17,2026-03-21,,,,2026-04-02,2026-04-20,98500,USD,2026-04-02T17:20:33Z,2026-05-31T23:59:59Z
APP-0062910,REQ-2026-00039,offer_declined,2026-02-25,,2026-02-28,,,,2026-03-25,103500,USD,2026-02-28T11:19:36Z,2026-05-31T23:59:59Z
APP-0062911,REQ-2026-00040,offer_declined,2026-02-20,,2026-02-23,,,,2026-03-20,103500,USD,2026-02-23T08:13:18Z,2026-05-31T23:59:59Z
APP-0062915,REQ-2026-00042,offer_declined,2026-02-18,,2026-02-20,,,,2026-03-18,63000,USD,2026-02-20T18:46:31Z,2026-05-31T23:59:59Z
APP-0062923,REQ-2026-00056,accepted,2026-02-25,2026-02-26,,,,,2026-04-06,116500,USD,2026-02-26T11:09:37Z,2026-05-31T23:59:59Z
APP-0062931,REQ-2026-00063,offer_declined,2026-02-24,,2026-02-25,,,,2026-03-23,92000,USD,2026-02-25T12:37:48Z,2026-05-31T23:59:59Z
APP-0062951,REQ-2026-00093,accepted,2026-02-22,2026-02-23,,,,,2026-03-09,62500,USD,2026-02-23T15:23:06Z,2026-05-31T23:59:59Z
APP-0062953,REQ-2024-00496,offer_declined,2026-04-16,,2026-04-25,,,,2026-05-14,158500,USD,2026-04-25T13:02:46Z,2026-05-31T23:59:59Z
APP-0062970,REQ-2025-00982,accepted,2026-03-11,2026-03-15,,,,,2026-04-20,125500,USD,2026-03-15T17:53:18Z,2026-05-31T23:59:59Z
APP-0063040,REQ-2026-00100,accepted,2026-02-24,2026-02-26,,,,,2026-04-20,62000,USD,2026-03-12T08:26:15Z,2026-05-31T23:59:59Z
APP-0063060,REQ-2025-01054,accepted,2026-03-01,2026-03-02,,,,,2026-03-30,79500,USD,2026-03-02T17:27:01Z,2026-05-31T23:59:59Z
APP-0063081,REQ-2026-00024,offer_withdrawn,2026-02-21,,,2026-02-26,,,2026-03-21,78500,USD,2026-02-26T08:59:41Z,2026-05-31T23:59:59Z
APP-0063097,REQ-2026-00060,accepted,2026-02-27,2026-03-01,,,,,2026-04-13,106500,USD,2026-03-01T13:08:25Z,2026-05-31T23:59:59Z
APP-0063103,REQ-2026-00065,accepted,2026-02-22,2026-02-24,,,,,2026-03-23,62000,USD,2026-02-24T10:21:34Z,2026-05-31T23:59:59Z
APP-0063105,REQ-2026-00067,offer_declined,2026-02-18,,2026-03-03,,,,2026-03-18,72500,USD,2026-03-03T14:44:43Z,2026-05-31T23:59:59Z
APP-0063112,REQ-2026-00087,offer_declined,2026-02-24,,2026-02-27,,,,2026-03-24,88000,USD,2026-02-27T15:23:37Z,2026-05-31T23:59:59Z
APP-0063119,REQ-2026-00093,candidate_renege,2026-02-15,2026-02-19,,,,2026-02-25,2026-03-09,58500,USD,2026-02-25T10:22:41Z,2026-05-31T23:59:59Z
APP-0063120,REQ-2026-00093,accepted,2026-02-26,2026-02-27,,,,,2026-03-23,61000,USD,2026-02-27T11:09:10Z,2026-05-31T23:59:59Z
APP-0063138,REQ-2025-00908,accepted,2026-03-18,2026-03-19,,,,,2026-04-20,111000,USD,2026-03-19T09:41:57Z,2026-05-31T23:59:59Z
APP-0063140,REQ-2025-00963,accepted,2026-03-23,2026-03-26,,,,,2026-05-11,219500,USD,2026-03-26T12:54:40Z,2026-05-31T23:59:59Z
APP-0063149,REQ-2025-01194,offer_rescinded,2026-02-25,2026-03-03,,,2026-03-17,,2026-04-06,64500,USD,2026-03-17T09:12:20Z,2026-05-31T23:59:59Z
APP-0063165,REQ-2026-00034,accepted,2026-02-27,2026-03-04,,,,,2026-04-13,112500,USD,2026-03-04T08:41:01Z,2026-05-31T23:59:59Z
APP-0063203,REQ-2026-00094,accepted,2026-03-30,2026-04-06,,,,,2026-05-11,157000,USD,2026-04-06T09:37:59Z,2026-05-31T23:59:59Z
APP-0063214,REQ-2026-00103,offer_declined,2026-03-12,,2026-03-13,,,,2026-04-09,75500,USD,2026-03-13T19:13:25Z,2026-05-31T23:59:59Z
APP-0063218,REQ-2026-00109,accepted,2026-02-23,2026-02-25,,,,,2026-03-30,82500,USD,2026-02-25T17:59:26Z,2026-05-31T23:59:59Z
APP-0063228,REQ-2025-00907,accepted,2026-03-31,2026-04-03,,,,,2026-05-11,126000,USD,2026-04-03T10:02:37Z,2026-05-31T23:59:59Z
APP-0063246,REQ-2025-01213,accepted,2026-02-24,2026-03-01,,,,,2026-03-23,73500,USD,2026-03-01T19:01:16Z,2026-05-31T23:59:59Z
APP-0063256,REQ-2026-00047,accepted,2026-02-25,2026-02-27,,,,,2026-04-06,92500,USD,2026-02-27T14:13:17Z,2026-05-31T23:59:59Z
APP-0063262,REQ-2026-00060,accepted,2026-03-06,2026-03-07,,,,,2026-04-13,103000,USD,2026-03-07T10:38:31Z,2026-05-31T23:59:59Z
APP-0063277,REQ-2026-00074,offer_declined,2026-02-24,,2026-02-27,,,,2026-03-24,100000,USD,2026-02-27T14:51:21Z,2026-05-31T23:59:59Z
APP-0063282,REQ-2026-00082,accepted,2026-02-25,2026-02-27,,,,,2026-03-23,82500,USD,2026-02-27T10:27:53Z,2026-05-31T23:59:59Z
APP-0063302,REQ-2026-00102,accepted,2026-03-04,2026-03-11,,,,,2026-04-13,99000,USD,2026-03-11T18:46:46Z,2026-05-31T23:59:59Z
APP-0063309,REQ-2024-00331,offer_declined,2026-03-10,,2026-03-15,,,,2026-04-07,153000,USD,2026-03-15T08:57:02Z,2026-05-31T23:59:59Z
APP-0063332,REQ-2025-01202,accepted,2026-03-28,2026-04-08,,,,,2026-05-11,121500,USD,2026-04-08T18:54:13Z,2026-05-31T23:59:59Z
APP-0063335,REQ-2025-01224,accepted,2026-03-20,2026-03-23,,,,,2026-05-18,160500,USD,2026-03-23T17:04:54Z,2026-05-31T23:59:59Z
APP-0063345,REQ-2026-00024,offer_withdrawn,2026-02-21,,,2026-02-26,,,2026-03-21,88500,USD,2026-02-26T11:44:49Z,2026-05-31T23:59:59Z
APP-0063378,REQ-2026-00096,offer_declined,2026-02-27,,2026-03-01,,,,2026-03-27,80500,USD,2026-03-01T08:51:27Z,2026-05-31T23:59:59Z
APP-0063399,REQ-2025-00858,accepted,2026-03-02,2026-03-08,,,,,2026-04-20,141500,USD,2026-03-08T12:35:35Z,2026-05-31T23:59:59Z
APP-0063453,REQ-2026-00076,accepted,2026-03-24,2026-03-28,,,,,2026-05-04,140000,USD,2026-03-28T18:44:16Z,2026-05-31T23:59:59Z
APP-0063462,REQ-2026-00088,accepted,2026-03-03,2026-03-10,,,,,2026-04-13,132500,USD,2026-03-10T15:55:01Z,2026-05-31T23:59:59Z
APP-0063469,REQ-2026-00093,accepted,2026-02-26,2026-03-01,,,,,2026-03-23,59500,USD,2026-03-01T18:22:21Z,2026-05-31T23:59:59Z
APP-0063480,REQ-2026-00100,accepted,2026-03-11,2026-03-17,,,,,2026-04-06,66000,USD,2026-03-17T15:11:51Z,2026-05-31T23:59:59Z
APP-0063505,REQ-2025-01122,accepted,2026-02-28,2026-03-01,,,,,2026-03-23,75500,USD,2026-03-01T16:55:35Z,2026-05-31T23:59:59Z
APP-0063534,REQ-2026-00072,accepted,2026-03-02,2026-03-03,,,,,2026-04-06,117500,USD,2026-03-03T15:02:42Z,2026-05-31T23:59:59Z
APP-0063552,REQ-2026-00093,accepted,2026-02-24,2026-02-27,,,,,2026-03-23,60500,USD,2026-02-27T11:16:49Z,2026-05-31T23:59:59Z
APP-0063574,REQ-2025-00344,accepted,2026-03-13,2026-03-16,,,,,2026-04-27,114000,USD,2026-03-28T14:04:06Z,2026-05-31T23:59:59Z
APP-0063605,REQ-2026-00058,accepted,2026-03-10,2026-03-17,,,,,2026-04-20,131500,USD,2026-03-20T19:15:42Z,2026-05-31T23:59:59Z
APP-0063621,REQ-2026-00095,accepted,2026-02-28,2026-03-03,,,,,2026-04-06,73500,USD,2026-03-03T15:06:45Z,2026-05-31T23:59:59Z
APP-0063622,REQ-2026-00096,accepted,2026-02-27,2026-03-02,,,,,2026-03-30,80000,USD,2026-03-02T08:44:47Z,2026-05-31T23:59:59Z
APP-0063643,REQ-2026-00109,accepted,2026-03-19,2026-03-20,,,,,2026-04-13,83000,USD,2026-03-20T14:16:15Z,2026-05-31T23:59:59Z
APP-0063646,REQ-2026-00115,accepted,2026-02-25,2026-02-28,,,,,2026-03-23,46500,USD,2026-02-28T19:45:36Z,2026-05-31T23:59:59Z
APP-0063653,REQ-2025-00615,accepted,2026-03-20,2026-03-28,,,,,2026-05-11,153000,USD,2026-03-28T15:20:14Z,2026-05-31T23:59:59Z
APP-0063654,REQ-2025-00843,accepted,2026-03-31,2026-04-01,,,,,2026-04-27,94000,USD,2026-04-01T17:33:01Z,2026-05-31T23:59:59Z
APP-0063659,REQ-2025-00949,accepted,2026-03-22,2026-03-24,,,,,2026-05-04,122500,USD,2026-03-24T16:28:32Z,2026-05-31T23:59:59Z
APP-0063671,REQ-2025-01213,accepted,2026-03-14,2026-03-15,,,,,2026-04-20,77500,USD,2026-03-15T10:46:24Z,2026-05-31T23:59:59Z
APP-0063703,REQ-2026-00096,accepted,2026-02-27,2026-03-09,,,,,2026-04-13,85500,USD,2026-03-12T08:32:28Z,2026-05-31T23:59:59Z
APP-0063725,REQ-2026-00115,accepted,2026-03-01,2026-03-04,,,,,2026-03-30,50000,USD,2026-03-04T15:50:03Z,2026-05-31T23:59:59Z
APP-0063805,REQ-2026-00109,accepted,2026-03-08,2026-03-09,,,,,2026-04-06,75500,USD,2026-03-09T11:49:40Z,2026-05-31T23:59:59Z
APP-0063839,REQ-2025-01089,offer_declined,2026-03-20,,2026-03-24,,,,2026-04-17,126500,USD,2026-03-24T11:19:24Z,2026-05-31T23:59:59Z
APP-0063872,REQ-2026-00067,accepted,2026-02-26,2026-03-04,,,,,2026-03-30,84700,USD,2026-03-16T11:13:52Z,2026-05-31T23:59:59Z
APP-0063879,REQ-2026-00085,offer_declined,2026-03-27,,2026-04-03,,,,2026-04-24,130000,USD,2026-04-03T10:39:52Z,2026-05-31T23:59:59Z
APP-0063884,REQ-2026-00093,accepted,2026-02-28,2026-03-01,,,,,2026-03-16,54500,USD,2026-03-01T15:53:46Z,2026-05-31T23:59:59Z
APP-0063889,REQ-2026-00096,accepted,2026-03-03,2026-03-08,,,,,2026-04-13,89000,USD,2026-03-10T09:40:07Z,2026-05-31T23:59:59Z
APP-0063895,REQ-2026-00103,accepted,2026-02-25,2026-02-28,,,,,2026-03-23,75000,USD,2026-02-28T19:40:13Z,2026-05-31T23:59:59Z
APP-0063910,REQ-2026-00121,accepted,2026-03-10,2026-03-13,,,,,2026-05-04,177000,USD,2026-03-22T12:27:25Z,2026-05-31T23:59:59Z
APP-0063912,REQ-2026-00126,accepted,2026-03-15,2026-03-16,,,,,2026-05-04,124500,USD,2026-03-16T11:22:41Z,2026-05-31T23:59:59Z
APP-0063926,REQ-2024-01204,accepted,2026-03-17,2026-03-23,,,,,2026-04-27,114500,USD,2026-03-23T12:32:27Z,2026-05-31T23:59:59Z
APP-0063928,REQ-2025-00436,offer_declined,2026-03-26,,2026-03-30,,,,2026-04-23,90000,USD,2026-03-30T18:37:16Z,2026-05-31T23:59:59Z
APP-0063943,REQ-2025-01186,accepted,2026-03-15,2026-03-18,,,,,2026-05-11,148000,USD,2026-03-18T14:34:58Z,2026-05-31T23:59:59Z
APP-0063947,REQ-2025-01257,accepted,2026-03-05,2026-03-07,,,,,2026-03-30,65500,USD,2026-03-07T19:38:51Z,2026-05-31T23:59:59Z
APP-0063957,REQ-2026-00043,offer_declined,2026-03-27,,2026-03-30,,,,2026-04-24,126500,USD,2026-03-30T16:12:58Z,2026-05-31T23:59:59Z
APP-0063988,REQ-2026-00105,accepted,2026-03-06,2026-03-09,,,,,2026-04-06,78000,USD,2026-03-09T17:09:42Z,2026-05-31T23:59:59Z
APP-0063997,REQ-2026-00109,accepted,2026-03-07,2026-03-10,,,,,2026-04-06,74000,USD,2026-03-10T08:44:54Z,2026-05-31T23:59:59Z
APP-0063998,REQ-2026-00109,accepted,2026-03-01,2026-03-04,,,,,2026-03-30,89000,USD,2026-03-04T12:18:31Z,2026-05-31T23:59:59Z
APP-0064047,REQ-2026-00039,offer_withdrawn,2026-03-17,,,2026-03-24,,,2026-04-14,100000,USD,2026-03-24T14:15:25Z,2026-05-31T23:59:59Z
APP-0064056,REQ-2026-00067,accepted,2026-03-14,2026-03-19,,,,,2026-04-13,74000,USD,2026-03-19T17:59:06Z,2026-05-31T23:59:59Z
APP-0064059,REQ-2026-00073,accepted,2026-03-07,2026-03-09,,,,,2026-04-27,102500,USD,2026-03-20T19:15:07Z,2026-05-31T23:59:59Z
APP-0064083,REQ-2026-00107,accepted,2026-03-30,2026-03-31,,,,,2026-05-04,101000,USD,2026-03-31T10:16:08Z,2026-05-31T23:59:59Z
APP-0064124,REQ-2025-01075,candidate_renege,2026-03-19,2026-03-21,,,,2026-04-01,2026-05-18,154500,USD,2026-04-01T08:46:46Z,2026-05-31T23:59:59Z
APP-0064135,REQ-2026-00040,accepted,2026-03-01,2026-03-06,,,,,2026-04-06,112000,USD,2026-03-06T17:16:17Z,2026-05-31T23:59:59Z
APP-0064158,REQ-2026-00096,accepted,2026-03-08,2026-03-12,,,,,2026-04-20,90500,USD,2026-03-12T09:54:34Z,2026-05-31T23:59:59Z
APP-0064173,REQ-2026-00108,accepted,2026-03-09,2026-03-10,,,,,2026-04-06,81500,USD,2026-03-10T18:14:40Z,2026-05-31T23:59:59Z
APP-0064186,REQ-2026-00120,accepted,2026-03-06,2026-03-08,,,,,2026-03-30,53500,USD,2026-03-08T11:04:48Z,2026-05-31T23:59:59Z
APP-0064233,REQ-2026-00072,offer_withdrawn,2026-03-08,,,2026-03-09,,,2026-04-05,113500,USD,2026-03-09T08:35:25Z,2026-05-31T23:59:59Z
APP-0064246,REQ-2026-00104,accepted,2026-04-24,2026-04-28,,,,,2026-06-01,122000,USD,2026-04-28T14:35:49Z,2026-05-31T23:59:59Z
APP-0064248,REQ-2026-00106,accepted,2026-03-12,2026-03-13,,,,,2026-04-13,95500,USD,2026-03-13T19:39:46Z,2026-05-31T23:59:59Z
APP-0064266,REQ-2026-00140,accepted,2026-03-14,2026-03-17,,,,,2026-04-06,69000,USD,2026-03-22T11:14:15Z,2026-05-31T23:59:59Z
APP-0064268,REQ-2026-00143,accepted,2026-03-15,2026-03-20,,,,,2026-05-04,82000,USD,2026-03-20T14:20:48Z,2026-05-31T23:59:59Z
APP-0064276,REQ-2025-00402,offer_declined,2026-04-03,,2026-04-05,,,,2026-04-28,77000,USD,2026-04-05T10:29:26Z,2026-05-31T23:59:59Z
APP-0064277,REQ-2025-00752,accepted,2026-03-17,2026-03-19,,,,,2026-05-04,131500,USD,2026-03-26T08:39:44Z,2026-05-31T23:59:59Z
APP-0064278,REQ-2025-00841,offer_withdrawn,2026-03-10,,,2026-03-17,,,2026-04-07,57500,USD,2026-03-17T11:24:49Z,2026-05-31T23:59:59Z
APP-0064300,REQ-2026-00055,accepted,2026-04-06,2026-04-11,,,,,2026-06-01,165500,USD,2026-04-11T09:49:55Z,2026-05-31T23:59:59Z
APP-0064311,REQ-2026-00087,accepted,2026-03-12,2026-03-14,,,,,2026-04-20,81500,USD,2026-03-14T19:39:00Z,2026-05-31T23:59:59Z
APP-0064343,REQ-2026-00140,accepted,2026-03-06,2026-03-08,,,,,2026-04-06,66000,USD,2026-03-08T19:21:33Z,2026-05-31T23:59:59Z
APP-0064362,REQ-2025-00958,accepted,2026-03-19,2026-03-22,,,,,2026-04-27,128500,USD,2026-03-22T09:40:57Z,2026-05-31T23:59:59Z
APP-0064411,REQ-2026-00109,offer_declined,2026-03-03,,2026-03-06,,,,2026-03-31,83000,USD,2026-03-06T11:11:13Z,2026-05-31T23:59:59Z
APP-0064420,REQ-2026-00115,accepted,2026-03-05,2026-03-12,,,,,2026-03-30,50000,USD,2026-03-12T13:45:40Z,2026-05-31T23:59:59Z
APP-0064428,REQ-2026-00125,accepted,2026-03-10,2026-03-12,,,,,2026-03-30,50000,USD,2026-03-12T17:23:02Z,2026-05-31T23:59:59Z
APP-0064447,REQ-2026-00149,accepted,2026-03-28,2026-03-30,,,,,2026-04-27,78000,USD,2026-03-30T13:17:21Z,2026-05-31T23:59:59Z
APP-0064456,REQ-2025-01040,accepted,2026-03-13,2026-03-15,,,,,2026-03-30,68000,USD,2026-03-15T12:14:46Z,2026-05-31T23:59:59Z
APP-0064468,REQ-2026-00018,accepted,2026-03-12,2026-03-14,,,,,2026-04-06,62500,USD,2026-03-14T09:37:54Z,2026-05-31T23:59:59Z
APP-0064489,REQ-2026-00106,offer_withdrawn,2026-03-11,,,2026-03-16,,,2026-04-08,106000,USD,2026-03-16T11:44:42Z,2026-05-31T23:59:59Z
APP-0064516,REQ-2026-00139,offer_withdrawn,2026-04-01,,,2026-04-03,,,2026-04-25,129000,USD,2026-04-03T14:37:57Z,2026-05-31T23:59:59Z
APP-0064534,REQ-2025-00801,accepted,2026-04-04,2026-04-07,,,,,2026-05-04,101500,USD,2026-04-10T08:22:03Z,2026-05-31T23:59:59Z
APP-0064548,REQ-2026-00039,accepted,2026-03-17,2026-03-21,,,,,2026-04-20,104000,USD,2026-03-21T14:40:07Z,2026-05-31T23:59:59Z
APP-0064580,REQ-2026-00121,offer_declined,2026-03-13,,2026-03-15,,,,2026-04-10,169500,USD,2026-03-15T08:04:09Z,2026-05-31T23:59:59Z
APP-0064607,REQ-2024-00836,accepted,2026-03-13,2026-03-23,,,,,2026-04-20,75500,USD,2026-03-23T08:59:55Z,2026-05-31T23:59:59Z
APP-0064615,REQ-2025-00340,offer_declined,2026-03-28,,2026-04-05,,,,2026-04-25,78500,USD,2026-04-05T19:12:38Z,2026-05-31T23:59:59Z
APP-0064622,REQ-2025-01073,accepted,2026-04-16,2026-04-18,,,,,2026-06-01,136000,USD,2026-04-18T15:37:42Z,2026-05-31T23:59:59Z
APP-0064657,REQ-2026-00115,accepted,2026-03-08,2026-03-11,,,,,2026-03-30,46000,USD,2026-03-11T18:54:06Z,2026-05-31T23:59:59Z
APP-0064676,REQ-2026-00146,offer_declined,2026-04-02,,2026-04-11,,,,2026-04-30,112000,USD,2026-04-11T12:17:30Z,2026-05-31T23:59:59Z
APP-0064679,REQ-2026-00148,accepted,2026-03-10,2026-03-12,,,,,2026-04-06,73000,USD,2026-03-12T15:38:51Z,2026-05-31T23:59:59Z
APP-0064707,REQ-2026-00006,accepted,2026-04-25,2026-04-29,,,,,2026-06-01,133500,USD,2026-04-29T15:27:56Z,2026-05-31T23:59:59Z
APP-0064739,REQ-2026-00115,offer_declined,2026-03-14,,2026-03-15,,,,2026-04-11,44500,USD,2026-03-15T18:08:56Z,2026-05-31T23:59:59Z
APP-0064740,REQ-2026-00116,accepted,2026-03-15,2026-03-18,,,,,2026-04-20,87000,USD,2026-03-21T16:18:35Z,2026-05-31T23:59:59Z
APP-0064748,REQ-2026-00132,accepted,2026-03-17,2026-03-19,,,,,2026-04-27,99000,USD,2026-03-19T19:05:13Z,2026-05-31T23:59:59Z
APP-0064756,REQ-2026-00142,accepted,2026-03-10,2026-03-12,,,,,2026-04-13,89000,USD,2026-03-12T13:47:27Z,2026-05-31T23:59:59Z
APP-0064773,REQ-2026-00166,accepted,2026-03-11,2026-03-13,,,,,2026-04-27,83000,USD,2026-03-20T14:23:30Z,2026-05-31T23:59:59Z
APP-0064774,REQ-2026-00166,accepted,2026-03-25,2026-03-27,,,,,2026-04-20,75500,USD,2026-03-27T13:04:01Z,2026-05-31T23:59:59Z
APP-0064781,REQ-2025-00594,accepted,2026-03-17,2026-03-19,,,,,2026-04-20,142000,USD,2026-03-19T09:49:53Z,2026-05-31T23:59:59Z
APP-0064845,REQ-2026-00149,offer_declined,2026-03-13,,2026-03-15,,,,2026-04-10,72500,USD,2026-03-15T12:14:33Z,2026-05-31T23:59:59Z
APP-0064872,REQ-2025-01164,accepted,2026-03-24,2026-03-28,,,,,2026-05-11,134000,USD,2026-04-08T09:03:05Z,2026-05-31T23:59:59Z
APP-0064874,REQ-2025-01197,accepted,2026-03-18,2026-03-22,,,,,2026-05-04,95500,USD,2026-03-22T09:26:20Z,2026-05-31T23:59:59Z
APP-0064897,REQ-2026-00116,accepted,2026-04-01,2026-04-05,,,,,2026-05-11,98500,USD,2026-04-05T13:14:48Z,2026-05-31T23:59:59Z
APP-0064909,REQ-2026-00130,accepted,2026-04-06,2026-04-14,,,,,2026-06-22,233000,USD,2026-04-14T17:30:25Z,2026-05-31T23:59:59Z
APP-0064912,REQ-2026-00132,accepted,2026-03-25,2026-03-26,,,,,2026-04-27,99600,USD,2026-04-09T13:03:52Z,2026-05-31T23:59:59Z
APP-0064913,REQ-2026-00132,accepted,2026-03-17,2026-03-24,,,,,2026-05-11,110500,USD,2026-03-30T14:42:54Z,2026-05-31T23:59:59Z
APP-0064938,REQ-2026-00163,accepted,2026-03-18,2026-03-19,,,,,2026-04-13,65000,USD,2026-03-19T14:53:24Z,2026-05-31T23:59:59Z
APP-0064954,REQ-2025-00841,accepted,2026-03-13,2026-03-15,,,,,2026-04-13,62500,USD,2026-03-15T12:38:33Z,2026-05-31T23:59:59Z
APP-0065004,REQ-2026-00123,accepted,2026-03-11,2026-03-14,,,,,2026-03-30,51000,USD,2026-03-14T13:11:02Z,2026-05-31T23:59:59Z
APP-0065020,REQ-2026-00149,offer_declined,2026-03-12,,2026-03-14,,,,2026-04-09,72000,USD,2026-03-14T12:26:37Z,2026-05-31T23:59:59Z
APP-0065027,REQ-2026-00158,accepted,2026-03-23,2026-03-26,,,,,2026-05-11,94000,USD,2026-04-04T17:10:54Z,2026-05-31T23:59:59Z
APP-0065029,REQ-2026-00159,accepted,2026-03-19,2026-03-20,,,,,2026-05-04,130300,USD,2026-03-24T17:05:29Z,2026-05-31T23:59:59Z
APP-0065034,REQ-2026-00162,accepted,2026-03-21,2026-03-23,,,,,2026-04-27,57500,USD,2026-03-31T12:29:25Z,2026-05-31T23:59:59Z
APP-0065068,REQ-2026-00032,accepted,2026-03-16,2026-03-20,,,,,2026-04-27,113500,USD,2026-03-20T12:31:07Z,2026-05-31T23:59:59Z
APP-0065092,REQ-2026-00129,accepted,2026-04-14,2026-04-17,,,,,2026-05-11,69100,USD,2026-04-27T09:47:06Z,2026-05-31T23:59:59Z
APP-0065096,REQ-2026-00132,offer_declined,2026-03-15,,2026-03-18,,,,2026-04-12,110000,USD,2026-03-18T14:26:11Z,2026-05-31T23:59:59Z
APP-0065099,REQ-2026-00136,offer_withdrawn,2026-03-27,,,2026-03-28,,,2026-04-24,111000,USD,2026-03-28T16:53:38Z,2026-05-31T23:59:59Z
APP-0065100,REQ-2026-00136,accepted,2026-03-27,2026-03-28,,,,,2026-05-04,126500,USD,2026-03-28T14:03:52Z,2026-05-31T23:59:59Z
APP-0065117,REQ-2026-00149,accepted,2026-03-13,2026-03-18,,,,,2026-04-13,76500,USD,2026-03-18T13:29:14Z,2026-05-31T23:59:59Z
APP-0065147,REQ-2025-01072,accepted,2026-03-19,2026-03-20,,,,,2026-04-13,63000,USD,2026-03-20T09:53:51Z,2026-05-31T23:59:59Z
APP-0065193,REQ-2026-00148,accepted,2026-03-18,2026-03-21,,,,,2026-04-13,75500,USD,2026-03-21T18:56:59Z,2026-05-31T23:59:59Z
APP-0065204,REQ-2026-00162,accepted,2026-03-12,2026-03-15,,,,,2026-03-30,63500,USD,2026-03-15T14:18:48Z,2026-05-31T23:59:59Z
APP-0065222,REQ-2024-00201,offer_declined,2026-04-12,,2026-04-15,,,,2026-05-10,208000,USD,2026-04-15T12:56:31Z,2026-05-31T23:59:59Z
APP-0065268,REQ-2026-00127,offer_withdrawn,2026-03-27,,,2026-03-30,,,2026-04-24,66500,USD,2026-03-30T13:03:33Z,2026-05-31T23:59:59Z
APP-0065275,REQ-2026-00140,accepted,2026-03-14,2026-03-16,,,,,2026-04-13,63000,USD,2026-03-16T11:40:09Z,2026-05-31T23:59:59Z
APP-0065280,REQ-2026-00149,accepted,2026-03-18,2026-03-21,,,,,2026-04-13,80500,USD,2026-03-21T16:49:29Z,2026-05-31T23:59:59Z
APP-0065281,REQ-2026-00151,accepted,2026-03-17,2026-03-18,,,,,2026-04-06,53000,USD,2026-03-18T09:29:51Z,2026-05-31T23:59:59Z
APP-0065304,REQ-2026-00175,accepted,2026-03-19,2026-03-25,,,,,2026-04-20,90500,USD,2026-03-25T17:17:51Z,2026-05-31T23:59:59Z
APP-0065366,REQ-2026-00139,accepted,2026-03-31,2026-04-02,,,,,2026-05-04,137500,USD,2026-04-02T13:24:37Z,2026-05-31T23:59:59Z
APP-0065387,REQ-2026-00178,offer_withdrawn,2026-04-04,,,2026-04-10,,,2026-05-01,70500,USD,2026-04-10T17:42:37Z,2026-05-31T23:59:59Z
APP-0065469,REQ-2026-00162,offer_declined,2026-03-15,,2026-03-16,,,,2026-04-11,56000,USD,2026-03-16T12:56:33Z,2026-05-31T23:59:59Z
APP-0065470,REQ-2026-00162,accepted,2026-03-19,2026-03-22,,,,,2026-04-06,59500,USD,2026-03-22T19:51:00Z,2026-05-31T23:59:59Z
APP-0065474,REQ-2026-00164,accepted,2026-03-15,2026-03-18,,,,,2026-04-20,44500,USD,2026-03-23T16:58:37Z,2026-05-31T23:59:59Z
APP-0065481,REQ-2026-00174,offer_declined,2026-03-26,,2026-03-28,,,,2026-04-23,43000,USD,2026-03-28T14:14:21Z,2026-05-31T23:59:59Z
APP-0065484,REQ-2026-00176,accepted,2026-04-22,2026-04-28,,,,,2026-06-08,149000,USD,2026-04-28T11:33:06Z,2026-05-31T23:59:59Z
APP-0065491,REQ-2026-00183,accepted,2026-03-15,2026-03-16,,,,,2026-04-06,60500,USD,2026-03-16T13:10:20Z,2026-05-31T23:59:59Z
APP-0065492,REQ-2026-00186,candidate_renege,2026-04-02,2026-04-14,,,,2026-04-30,2026-05-04,74500,USD,2026-04-30T17:00:54Z,2026-05-31T23:59:59Z
APP-0065494,REQ-2026-00191,offer_withdrawn,2026-04-08,,,2026-04-10,,,2026-05-06,102000,USD,2026-04-10T19:06:27Z,2026-05-31T23:59:59Z
APP-0065500,REQ-2025-00236,accepted,2026-03-27,2026-04-04,,,,,2026-04-20,70000,USD,2026-04-04T13:53:24Z,2026-05-31T23:59:59Z
APP-0065514,REQ-2025-01229,accepted,2026-04-07,2026-04-22,,,,,2026-05-25,101000,USD,2026-04-22T10:03:56Z,2026-05-31T23:59:59Z
APP-0065545,REQ-2026-00140,accepted,2026-03-24,2026-03-28,,,,,2026-04-27,61500,USD,2026-03-28T18:47:59Z,2026-05-31T23:59:59Z
APP-0065559,REQ-2026-00166,accepted,2026-04-04,2026-04-07,,,,,2026-04-27,81000,USD,2026-04-07T12:30:45Z,2026-05-31T23:59:59Z
APP-0065572,REQ-2026-00186,offer_declined,2026-03-21,,2026-03-24,,,,2026-04-18,83000,USD,2026-03-24T18:36:47Z,2026-05-31T23:59:59Z
APP-0065574,REQ-2026-00191,accepted,2026-03-31,2026-04-03,,,,,2026-05-11,100500,USD,2026-04-03T14:48:42Z,2026-05-31T23:59:59Z
APP-0065598,REQ-2025-01261,accepted,2026-04-16,2026-04-17,,,,,2026-05-18,87000,USD,2026-04-17T09:10:07Z,2026-05-31T23:59:59Z
APP-0065600,REQ-2026-00054,accepted,2026-03-29,2026-03-31,,,,,2026-05-25,163500,USD,2026-04-07T16:25:49Z,2026-05-31T23:59:59Z
APP-0065615,REQ-2026-00127,accepted,2026-03-25,2026-03-29,,,,,2026-04-20,72000,USD,2026-03-29T18:47:31Z,2026-05-31T23:59:59Z
APP-0065625,REQ-2026-00148,accepted,2026-03-21,2026-03-25,,,,,2026-04-20,69000,USD,2026-03-25T19:37:36Z,2026-05-31T23:59:59Z
APP-0065649,REQ-2026-00182,accepted,2026-04-06,2026-04-08,,,,,2026-05-11,144500,USD,2026-04-14T12:02:53Z,2026-05-31T23:59:59Z
APP-0065653,REQ-2026-00183,accepted,2026-03-25,2026-03-28,,,,,2026-04-13,63500,USD,2026-03-28T08:15:46Z,2026-05-31T23:59:59Z
APP-0065654,REQ-2026-00183,accepted,2026-03-21,2026-03-23,,,,,2026-04-27,62500,USD,2026-03-25T18:53:05Z,2026-05-31T23:59:59Z
APP-0065670,REQ-2025-00594,accepted,2026-03-26,2026-03-31,,,,,2026-05-31,129000,USD,2026-04-14T10:26:18Z,2026-05-31T23:59:59Z
APP-0065715,REQ-2026-00149,accepted,2026-03-17,2026-03-19,,,,,2026-05-04,79000,USD,2026-03-21T12:45:40Z,2026-05-31T23:59:59Z
APP-0065744,REQ-2026-00183,offer_declined,2026-03-26,,2026-03-30,,,,2026-04-23,59500,USD,2026-03-30T13:19:35Z,2026-05-31T23:59:59Z
APP-0065750,REQ-2026-00200,accepted,2026-04-07,2026-04-10,,,,,2026-05-18,59500,USD,2026-04-12T17:06:07Z,2026-05-31T23:59:59Z
APP-0065820,REQ-2026-00174,accepted,2026-03-31,2026-04-03,,,,,2026-04-27,45000,USD,2026-04-03T19:28:05Z,2026-05-31T23:59:59Z
APP-0065840,REQ-2025-00402,offer_declined,2026-04-17,,2026-04-24,,,,2026-05-15,66500,USD,2026-04-24T14:41:07Z,2026-05-31T23:59:59Z
APP-0065872,REQ-2026-00116,offer_withdrawn,2026-04-01,,,2026-04-05,,,2026-04-29,94500,USD,2026-04-05T10:07:40Z,2026-05-31T23:59:59Z
APP-0065883,REQ-2026-00149,accepted,2026-03-29,2026-03-30,,,,,2026-04-20,83500,USD,2026-03-30T13:27:17Z,2026-05-31T23:59:59Z
APP-0065897,REQ-2026-00174,offer_withdrawn,2026-04-01,,,2026-04-03,,,2026-04-28,46000,USD,2026-04-03T15:05:17Z,2026-05-31T23:59:59Z
APP-0065911,REQ-2026-00189,accepted,2026-03-30,2026-04-04,,,,,2026-05-11,99500,USD,2026-04-04T15:52:07Z,2026-05-31T23:59:59Z
APP-0065912,REQ-2026-00190,candidate_renege,2026-04-02,2026-04-10,,,,2026-04-20,2026-05-11,96500,USD,2026-04-20T12:11:09Z,2026-05-31T23:59:59Z
APP-0065930,REQ-2025-00758,accepted,2026-04-09,2026-04-16,,,,,2026-05-18,168500,USD,2026-04-16T14:56:51Z,2026-05-31T23:59:59Z
APP-0065948,REQ-2026-00052,accepted,2026-04-06,2026-04-10,,,,,2026-04-27,58500,USD,2026-04-10T18:16:38Z,2026-05-31T23:59:59Z
APP-0065974,REQ-2026-00169,accepted,2026-04-03,2026-04-05,,,,,2026-05-11,95000,USD,2026-04-05T16:34:54Z,2026-05-31T23:59:59Z
APP-0065984,REQ-2026-00191,accepted,2026-04-04,2026-04-09,,,,,2026-05-25,96200,USD,2026-04-24T17:51:29Z,2026-05-31T23:59:59Z
APP-0065998,REQ-2024-01021,offer_declined,2026-04-26,,2026-05-03,,,,2026-05-24,95500,USD,2026-05-03T17:44:43Z,2026-05-31T23:59:59Z
APP-0066001,REQ-2025-00248,accepted,2026-04-23,2026-04-26,,,,,2026-06-01,129500,USD,2026-04-26T17:08:23Z,2026-05-31T23:59:59Z
APP-0066017,REQ-2026-00055,offer_declined,2026-04-03,,2026-04-06,,,,2026-05-01,159500,USD,2026-04-06T09:56:03Z,2026-05-31T23:59:59Z
APP-0066023,REQ-2026-00078,accepted,2026-04-04,2026-04-05,,,,,2026-05-11,105500,USD,2026-04-05T14:47:05Z,2026-05-31T23:59:59Z
APP-0066051,REQ-2026-00185,offer_declined,2026-05-15,,2026-05-20,,,,2026-06-12,103500,USD,2026-05-20T09:36:02Z,2026-05-31T23:59:59Z
APP-0066057,REQ-2026-00191,accepted,2026-03-28,2026-03-31,,,,,2026-05-04,92000,USD,2026-03-31T13:27:19Z,2026-05-31T23:59:59Z
APP-0066059,REQ-2026-00202,accepted,2026-03-30,2026-04-06,,,,,2026-05-04,82000,USD,2026-04-06T18:57:52Z,2026-05-31T23:59:59Z
APP-0066129,REQ-2026-00184,accepted,2026-04-02,2026-04-06,,,,,2026-05-04,70000,USD,2026-04-06T12:10:40Z,2026-05-31T23:59:59Z
APP-0066138,REQ-2026-00195,accepted,2026-04-07,2026-04-11,,,,,2026-05-18,121000,USD,2026-04-11T09:56:39Z,2026-05-31T23:59:59Z
APP-0066139,REQ-2026-00201,accepted,2026-04-23,2026-04-25,,,,,2026-06-22,131000,USD,2026-05-01T15:20:33Z,2026-05-31T23:59:59Z
APP-0066142,REQ-2026-00202,accepted,2026-03-29,2026-04-01,,,,,2026-05-04,73500,USD,2026-04-01T08:02:22Z,2026-05-31T23:59:59Z
APP-0066159,REQ-2025-00893,accepted,2026-04-16,2026-04-20,,,,,2026-06-15,159000,USD,2026-04-23T08:26:47Z,2026-05-31T23:59:59Z
APP-0066168,REQ-2025-01226,accepted,2026-04-06,2026-04-08,,,,,2026-05-18,100500,USD,2026-04-08T10:17:54Z,2026-05-31T23:59:59Z
APP-0066182,REQ-2026-00109,accepted,2026-03-25,2026-03-28,,,,,2026-04-20,78500,USD,2026-03-28T10:45:22Z,2026-05-31T23:59:59Z
APP-0066211,REQ-2026-00183,accepted,2026-04-01,2026-04-03,,,,,2026-05-04,59500,USD,2026-04-14T16:38:00Z,2026-05-31T23:59:59Z
APP-0066219,REQ-2026-00193,accepted,2026-04-10,2026-04-14,,,,,2026-05-04,86000,USD,2026-04-14T17:06:34Z,2026-05-31T23:59:59Z
APP-0066229,REQ-2026-00212,offer_rescinded,2026-04-14,2026-04-20,,,2026-05-16,,2026-05-25,132500,USD,2026-05-16T14:30:49Z,2026-05-31T23:59:59Z
APP-0066231,REQ-2026-00214,accepted,2026-03-30,2026-04-01,,,,,2026-05-04,89000,USD,2026-04-01T16:04:58Z,2026-05-31T23:59:59Z
APP-0066234,REQ-2026-00217,offer_declined,2026-03-25,,2026-03-27,,,,2026-04-22,58000,USD,2026-03-27T18:34:13Z,2026-05-31T23:59:59Z
APP-0066247,REQ-2025-01157,accepted,2026-04-17,2026-04-18,,,,,2026-06-01,99500,USD,2026-04-18T11:15:36Z,2026-05-31T23:59:59Z
APP-0066284,REQ-2026-00166,accepted,2026-03-28,2026-03-30,,,,,2026-04-27,82500,USD,2026-03-30T18:58:54Z,2026-05-31T23:59:59Z
APP-0066288,REQ-2026-00174,offer_withdrawn,2026-03-31,,,2026-04-03,,,2026-04-27,48000,USD,2026-04-03T17:56:21Z,2026-05-31T23:59:59Z
APP-0066298,REQ-2026-00194,accepted,2026-04-15,2026-04-17,,,,,2026-05-25,145000,USD,2026-04-17T11:41:56Z,2026-05-31T23:59:59Z
APP-0066310,REQ-2026-00202,candidate_renege,2026-04-09,2026-04-12,,,,2026-04-19,2026-05-04,77000,USD,2026-04-19T11:55:53Z,2026-05-31T23:59:59Z
APP-0066333,REQ-2025-00030,accepted,2026-04-19,2026-04-23,,,,,2026-06-08,178500,USD,2026-04-23T12:06:09Z,2026-05-31T23:59:59Z
APP-0066354,REQ-2025-01228,accepted,2026-04-08,2026-04-10,,,,,2026-05-11,84500,USD,2026-04-10T11:51:48Z,2026-05-31T23:59:59Z
APP-0066364,REQ-2026-00079,accepted,2026-04-07,2026-04-09,,,,,2026-05-18,101500,USD,2026-04-09T11:47:35Z,2026-05-31T23:59:59Z
APP-0066387,REQ-2026-00177,offer_declined,2026-04-05,,2026-04-09,,,,2026-05-03,58000,USD,2026-04-09T18:03:15Z,2026-05-31T23:59:59Z
APP-0066403,REQ-2026-00203,accepted,2026-03-26,2026-03-29,,,,,2026-05-11,92000,USD,2026-03-29T17:26:15Z,2026-05-31T23:59:59Z
APP-0066443,REQ-2026-00025,accepted,2026-04-13,2026-04-15,,,,,2026-05-04,67500,USD,2026-04-15T16:47:47Z,2026-05-31T23:59:59Z
APP-0066471,REQ-2026-00170,accepted,2026-04-11,2026-04-15,,,,,2026-05-25,115500,USD,2026-04-15T19:56:12Z,2026-05-31T23:59:59Z
APP-0066499,REQ-2026-00230,accepted,2026-04-17,2026-04-21,,,,,2026-05-18,101500,USD,2026-04-21T13:00:16Z,2026-05-31T23:59:59Z
APP-0066500,REQ-2026-00231,candidate_renege,2026-04-14,2026-04-16,,,,2026-05-06,2026-05-11,70500,USD,2026-05-06T16:00:58Z,2026-05-31T23:59:59Z
APP-0066506,REQ-2024-01021,accepted,2026-05-14,2026-05-18,,,,,2026-06-15,93500,USD,2026-05-18T19:33:35Z,2026-05-31T23:59:59Z
APP-0066507,REQ-2025-00203,accepted,2026-04-16,2026-04-18,,,,,2026-05-18,89700,USD,2026-04-28T10:08:25Z,2026-05-31T23:59:59Z
APP-0066510,REQ-2025-00670,accepted,2026-04-05,2026-04-07,,,,,2026-05-11,88000,USD,2026-04-07T18:14:19Z,2026-05-31T23:59:59Z
APP-0066521,REQ-2025-01231,accepted,2026-04-01,2026-04-02,,,,,2026-05-11,90500,USD,2026-04-02T16:56:14Z,2026-05-31T23:59:59Z
APP-0066573,REQ-2026-00217,accepted,2026-04-10,2026-04-12,,,,,2026-05-04,55000,USD,2026-04-22T17:52:07Z,2026-05-31T23:59:59Z
APP-0066579,REQ-2026-00227,accepted,2026-04-03,2026-04-13,,,,,2026-05-11,79500,USD,2026-04-13T19:17:45Z,2026-05-31T23:59:59Z
APP-0066586,REQ-2024-01223,accepted,2026-04-12,2026-04-16,,,,,2026-05-18,126500,USD,2026-04-16T08:51:19Z,2026-05-31T23:59:59Z
APP-0066587,REQ-2025-00291,accepted,2026-04-26,2026-04-29,,,,,2026-07-13,276000,USD,2026-04-29T19:47:29Z,2026-05-31T23:59:59Z
APP-0066593,REQ-2025-01238,accepted,2026-05-10,2026-05-16,,,,,2026-06-15,108000,USD,2026-05-16T16:11:53Z,2026-05-31T23:59:59Z
APP-0066594,REQ-2025-01239,accepted,2026-04-22,2026-04-25,,,,,2026-06-21,139000,USD,2026-05-07T16:11:22Z,2026-05-31T23:59:59Z
APP-0066634,REQ-2026-00208,offer_declined,2026-04-12,,2026-04-16,,,,2026-05-10,75000,USD,2026-04-16T11:44:57Z,2026-05-31T23:59:59Z
APP-0066638,REQ-2026-00211,accepted,2026-04-10,2026-04-11,,,,,2026-05-04,76500,USD,2026-04-11T14:53:06Z,2026-05-31T23:59:59Z
APP-0066652,REQ-2026-00220,offer_declined,2026-04-08,,2026-04-10,,,,2026-05-06,158500,USD,2026-04-10T12:36:26Z,2026-05-31T23:59:59Z
APP-0066659,REQ-2026-00228,accepted,2026-04-06,2026-04-15,,,,,2026-06-01,184000,USD,2026-04-15T14:57:06Z,2026-05-31T23:59:59Z
APP-0066660,REQ-2026-00229,accepted,2026-05-28,2026-05-31,,,,,2026-07-06,112000,USD,2026-05-31T10:06:29Z,2026-05-31T23:59:59Z
APP-0066669,REQ-2026-00232,accepted,2026-03-29,2026-03-31,,,,,2026-05-04,92700,USD,2026-04-13T14:52:49Z,2026-05-31T23:59:59Z
APP-0066680,REQ-2025-00819,accepted,2026-04-13,2026-04-15,,,,,2026-05-18,170500,USD,2026-04-15T08:54:03Z,2026-05-31T23:59:59Z
APP-0066684,REQ-2025-00896,offer_withdrawn,2026-05-01,,,2026-05-05,,,2026-05-29,172500,USD,2026-05-05T17:05:54Z,2026-05-31T23:59:59Z
APP-0066697,REQ-2025-01238,offer_declined,2026-04-20,,2026-04-25,,,,2026-05-18,104000,USD,2026-04-25T15:14:17Z,2026-05-31T23:59:59Z
APP-0066707,REQ-2026-00090,accepted,2026-04-08,2026-04-11,,,,,2026-05-04,51500,USD,2026-04-11T11:16:07Z,2026-05-31T23:59:59Z
APP-0066716,REQ-2026-00134,accepted,2026-05-01,2026-05-03,,,,,2026-06-15,137500,USD,2026-05-03T17:38:40Z,2026-05-31T23:59:59Z
APP-0066737,REQ-2026-00192,accepted,2026-04-03,2026-04-06,,,,,2026-04-27,75500,USD,2026-04-06T17:00:36Z,2026-05-31T23:59:59Z
APP-0066741,REQ-2026-00197,accepted,2026-05-04,2026-05-10,,,,,2026-06-08,112500,USD,2026-05-10T18:43:18Z,2026-05-31T23:59:59Z
APP-0066747,REQ-2026-00205,offer_declined,2026-04-02,,2026-04-04,,,,2026-04-30,77500,USD,2026-04-04T19:10:43Z,2026-05-31T23:59:59Z
APP-0066772,REQ-2026-00246,accepted,2026-03-31,2026-04-02,,,,,2026-05-11,79000,USD,2026-04-02T16:27:43Z,2026-05-31T23:59:59Z
APP-0066782,REQ-2025-01041,offer_declined,2026-05-09,,2026-05-10,,,,2026-05-31,145500,USD,2026-05-10T10:47:12Z,2026-05-31T23:59:59Z
APP-0066787,REQ-2025-01116,accepted,2026-04-20,2026-04-21,,,,,2026-05-18,104500,USD,2026-04-21T10:22:55Z,2026-05-31T23:59:59Z
APP-0066806,REQ-2026-00169,accepted,2026-04-04,2026-04-07,,,,,2026-05-11,78500,USD,2026-04-07T17:53:32Z,2026-05-31T23:59:59Z
APP-0066818,REQ-2026-00198,offer_declined,2026-04-06,,2026-04-08,,,,2026-05-04,59500,USD,2026-04-08T12:58:02Z,2026-05-31T23:59:59Z
APP-0066822,REQ-2026-00202,offer_declined,2026-04-06,,2026-04-11,,,,2026-05-04,80500,USD,2026-04-11T12:05:27Z,2026-05-31T23:59:59Z
APP-0066829,REQ-2026-00215,accepted,2026-04-12,2026-04-15,,,,,2026-05-18,107500,USD,2026-04-15T12:32:15Z,2026-05-31T23:59:59Z
APP-0066832,REQ-2026-00216,offer_declined,2026-04-09,,2026-04-10,,,,2026-05-07,48500,USD,2026-04-10T18:52:54Z,2026-05-31T23:59:59Z
APP-0066868,REQ-2025-01157,offer_withdrawn,2026-04-17,,,2026-04-18,,,2026-05-15,108500,USD,2026-04-18T08:54:53Z,2026-05-31T23:59:59Z
APP-0066876,REQ-2026-00025,offer_withdrawn,2026-04-11,,,2026-04-15,,,2026-05-09,62000,USD,2026-04-15T10:27:39Z,2026-05-31T23:59:59Z
APP-0066881,REQ-2026-00131,accepted,2026-04-04,2026-04-07,,,,,2026-05-11,81500,USD,2026-04-07T11:55:35Z,2026-05-31T23:59:59Z
APP-0066889,REQ-2026-00160,accepted,2026-04-12,2026-04-16,,,,,2026-05-25,97500,USD,2026-04-16T08:18:13Z,2026-05-31T23:59:59Z
APP-0066892,REQ-2026-00178,accepted,2026-04-02,2026-04-07,,,,,2026-05-11,61500,USD,2026-04-07T12:41:48Z,2026-05-31T23:59:59Z
APP-0066911,REQ-2026-00202,offer_withdrawn,2026-04-10,,,2026-04-12,,,2026-05-08,75500,USD,2026-04-12T12:59:53Z,2026-05-31T23:59:59Z
APP-0066937,REQ-2026-00230,accepted,2026-04-21,2026-04-23,,,,,2026-06-17,89000,USD,2026-05-08T10:16:30Z,2026-05-31T23:59:59Z
APP-0066963,REQ-2025-01228,offer_withdrawn,2026-04-10,,,2026-04-11,,,2026-05-07,85000,USD,2026-04-11T13:03:30Z,2026-05-31T23:59:59Z
APP-0066978,REQ-2026-00145,offer_withdrawn,2026-04-19,,,2026-04-22,,,2026-05-17,82000,USD,2026-04-22T10:38:35Z,2026-05-31T23:59:59Z
APP-0066990,REQ-2026-00177,accepted,2026-04-28,2026-05-03,,,,,2026-06-01,58500,USD,2026-05-03T13:22:31Z,2026-05-31T23:59:59Z
APP-0067001,REQ-2026-00200,offer_declined,2026-04-07,,2026-04-09,,,,2026-05-04,61000,USD,2026-04-09T19:30:42Z,2026-05-31T23:59:59Z
APP-0067004,REQ-2026-00202,accepted,2026-04-05,2026-04-06,,,,,2026-05-18,75500,USD,2026-04-13T13:52:45Z,2026-05-31T23:59:59Z
APP-0067024,REQ-2026-00230,accepted,2026-04-13,2026-04-21,,,,,2026-06-01,88500,USD,2026-04-21T08:43:27Z,2026-05-31T23:59:59Z
APP-0067035,REQ-2026-00242,accepted,2026-04-23,2026-04-26,,,,,2026-06-18,84000,USD,2026-05-11T15:26:48Z,2026-05-31T23:59:59Z
APP-0067039,REQ-2026-00246,offer_declined,2026-04-10,,2026-04-12,,,,2026-05-08,81500,USD,2026-04-12T13:09:39Z,2026-05-31T23:59:59Z
APP-0067106,REQ-2026-00222,offer_declined,2026-04-22,,2026-04-25,,,,2026-05-20,110500,USD,2026-04-25T18:46:14Z,2026-05-31T23:59:59Z
APP-0067109,REQ-2026-00229,offer_declined,2026-04-14,,2026-04-18,,,,2026-05-12,105000,USD,2026-04-18T10:31:03Z,2026-05-31T23:59:59Z
APP-0067117,REQ-2026-00233,offer_withdrawn,2026-04-15,,,2026-04-16,,,2026-05-13,99000,USD,2026-04-16T18:38:25Z,2026-05-31T23:59:59Z
APP-0067118,REQ-2026-00235,accepted,2026-04-15,2026-04-18,,,,,2026-05-18,74000,USD,2026-04-18T14:00:16Z,2026-05-31T23:59:59Z
APP-0067145,REQ-2025-01062,accepted,2026-04-20,2026-04-24,,,,,2026-06-01,136000,USD,2026-04-24T10:44:24Z,2026-05-31T23:59:59Z
APP-0067148,REQ-2026-00015,offer_declined,2026-04-17,,2026-04-21,,,,2026-05-15,78500,USD,2026-04-21T11:33:09Z,2026-05-31T23:59:59Z
APP-0067152,REQ-2026-00063,accepted,2026-04-20,2026-05-03,,,,,2026-05-25,86000,USD,2026-05-03T13:55:54Z,2026-05-31T23:59:59Z
APP-0067161,REQ-2026-00173,offer_declined,2026-04-27,,2026-04-29,,,,2026-05-22,142500,USD,2026-04-29T14:25:23Z,2026-05-31T23:59:59Z
APP-0067200,REQ-2026-00230,accepted,2026-04-14,2026-04-16,,,,,2026-05-25,102000,USD,2026-04-16T19:02:50Z,2026-05-31T23:59:59Z
APP-0067204,REQ-2026-00233,accepted,2026-04-15,2026-04-16,,,,,2026-05-18,117000,USD,2026-04-16T17:02:59Z,2026-05-31T23:59:59Z
APP-0067219,REQ-2026-00258,accepted,2026-04-15,2026-04-18,,,,,2026-05-25,101500,USD,2026-04-18T19:17:19Z,2026-05-31T23:59:59Z
APP-0067249,REQ-2026-00103,accepted,2026-04-14,2026-04-15,,,,,2026-05-11,67500,USD,2026-04-15T17:29:30Z,2026-05-31T23:59:59Z
APP-0067258,REQ-2026-00178,accepted,2026-04-07,2026-04-09,,,,,2026-05-04,64000,USD,2026-04-09T11:37:17Z,2026-05-31T23:59:59Z
APP-0067280,REQ-2026-00227,offer_withdrawn,2026-04-08,,,2026-04-09,,,2026-05-06,78000,USD,2026-04-09T13:06:26Z,2026-05-31T23:59:59Z
APP-0067292,REQ-2026-00246,accepted,2026-04-12,2026-04-15,,,,,2026-05-25,78500,USD,2026-04-15T13:54:07Z,2026-05-31T23:59:59Z
APP-0067329,REQ-2026-00145,accepted,2026-04-14,2026-04-21,,,,,2026-05-31,73500,USD,2026-05-03T13:00:59Z,2026-05-31T23:59:59Z
APP-0067333,REQ-2026-00170,offer_withdrawn,2026-04-11,,,2026-04-15,,,2026-05-09,122500,USD,2026-04-15T11:16:36Z,2026-05-31T23:59:59Z
APP-0067363,REQ-2026-00221,accepted,2026-04-05,2026-04-09,,,,,2026-05-04,47000,USD,2026-04-09T12:25:53Z,2026-05-31T23:59:59Z
APP-0067383,REQ-2026-00250,accepted,2026-04-17,2026-04-18,,,,,2026-06-01,96000,USD,2026-04-18T10:30:55Z,2026-05-31T23:59:59Z
APP-0067466,REQ-2026-00230,candidate_renege,2026-04-13,2026-04-17,,,,2026-05-22,2026-06-08,102500,USD,2026-05-22T10:10:35Z,2026-05-31T23:59:59Z
APP-0067467,REQ-2026-00231,offer_withdrawn,2026-04-18,,,2026-04-25,,,2026-05-16,77500,USD,2026-04-25T16:17:17Z,2026-05-31T23:59:59Z
APP-0067474,REQ-2026-00238,accepted,2026-04-10,2026-04-15,,,,,2026-06-15,125500,USD,2026-04-22T10:39:50Z,2026-05-31T23:59:59Z
APP-0067478,REQ-2026-00242,accepted,2026-04-17,2026-04-22,,,,,2026-06-01,80500,USD,2026-04-22T12:43:09Z,2026-05-31T23:59:59Z
APP-0067486,REQ-2026-00251,accepted,2026-04-22,2026-04-24,,,,,2026-06-08,90500,USD,2026-04-24T10:36:05Z,2026-05-31T23:59:59Z
APP-0067489,REQ-2026-00256,accepted,2026-04-21,2026-04-22,,,,,2026-06-01,78500,USD,2026-04-22T11:18:28Z,2026-05-31T23:59:59Z
APP-0067490,REQ-2026-00257,offer_withdrawn,2026-04-13,,,2026-04-18,,,2026-05-11,87500,USD,2026-04-18T18:38:25Z,2026-05-31T23:59:59Z
APP-0067493,REQ-2026-00258,accepted,2026-04-28,2026-04-29,,,,,2026-06-08,107500,USD,2026-04-29T14:26:35Z,2026-05-31T23:59:59Z
APP-0067506,REQ-2025-00826,accepted,2026-04-23,2026-04-27,,,,,2026-06-08,174500,USD,2026-04-27T13:35:38Z,2026-05-31T23:59:59Z
APP-0067527,REQ-2026-00145,offer_declined,2026-04-17,,2026-04-18,,,,2026-05-15,78500,USD,2026-04-18T12:34:06Z,2026-05-31T23:59:59Z
APP-0067530,REQ-2026-00171,offer_declined,2026-04-17,,2026-04-19,,,,2026-05-15,136500,USD,2026-04-19T17:24:44Z,2026-05-31T23:59:59Z
APP-0067534,REQ-2026-00188,accepted,2026-04-13,2026-04-16,,,,,2026-05-18,60000,USD,2026-04-16T15:11:01Z,2026-05-31T23:59:59Z
APP-0067589,REQ-2026-00275,offer_declined,2026-04-29,,2026-04-30,,,,2026-05-26,110500,USD,2026-04-30T18:10:59Z,2026-05-31T23:59:59Z
APP-0067595,REQ-2025-00689,accepted,2026-04-23,2026-04-24,,,,,2026-06-08,161500,USD,2026-04-24T10:13:45Z,2026-05-31T23:59:59Z
APP-0067613,REQ-2025-01261,offer_declined,2026-05-02,,2026-05-09,,,,2026-05-30,91500,USD,2026-05-09T08:46:53Z,2026-05-31T23:59:59Z
APP-0067639,REQ-2026-00221,accepted,2026-04-16,2026-04-18,,,,,2026-05-11,43500,USD,2026-04-18T19:27:29Z,2026-05-31T23:59:59Z
APP-0067643,REQ-2026-00230,offer_withdrawn,2026-04-25,,,2026-04-27,,,2026-05-23,101000,USD,2026-04-27T10:33:28Z,2026-05-31T23:59:59Z
APP-0067646,REQ-2026-00230,offer_declined,2026-04-19,,2026-04-20,,,,2026-05-17,90000,USD,2026-04-20T10:15:19Z,2026-05-31T23:59:59Z
APP-0067661,REQ-2026-00250,accepted,2026-04-11,2026-04-13,,,,,2026-06-07,79500,USD,2026-04-22T08:51:34Z,2026-05-31T23:59:59Z
APP-0067677,REQ-2026-00264,accepted,2026-04-14,2026-04-23,,,,,2026-05-25,93500,USD,2026-04-23T16:20:50Z,2026-05-31T23:59:59Z
APP-0067679,REQ-2026-00268,offer_withdrawn,2026-04-15,,,2026-04-19,,,2026-05-13,48500,USD,2026-04-19T18:24:37Z,2026-05-31T23:59:59Z
APP-0067685,REQ-2026-00280,accepted,2026-04-15,2026-04-16,,,,,2026-06-01,84000,USD,2026-04-16T19:15:13Z,2026-05-31T23:59:59Z
APP-0067696,REQ-2026-00022,accepted,2026-04-21,2026-04-25,,,,,2026-06-15,132500,USD,2026-05-04T13:40:10Z,2026-05-31T23:59:59Z
APP-0067723,REQ-2026-00231,offer_withdrawn,2026-04-23,,,2026-04-25,,,2026-05-21,76000,USD,2026-04-25T15:42:01Z,2026-05-31T23:59:59Z
APP-0067736,REQ-2026-00249,accepted,2026-05-09,2026-05-17,,,,,2026-06-29,157000,USD,2026-05-17T14:32:39Z,2026-05-31T23:59:59Z
APP-0067745,REQ-2026-00257,accepted,2026-04-16,2026-04-17,,,,,2026-06-01,96500,USD,2026-04-17T19:59:54Z,2026-05-31T23:59:59Z
APP-0067762,REQ-2026-00268,accepted,2026-04-16,2026-04-17,,,,,2026-05-04,44500,USD,2026-04-17T18:20:11Z,2026-05-31T23:59:59Z
APP-0067796,REQ-2026-00156,accepted,2026-04-14,2026-04-15,,,,,2026-05-18,75500,USD,2026-04-15T17:43:41Z,2026-05-31T23:59:59Z
APP-0067805,REQ-2026-00213,accepted,2026-04-29,2026-05-02,,,,,2026-06-05,86000,USD,2026-05-09T19:37:39Z,2026-05-31T23:59:59Z
APP-0067814,REQ-2026-00230,offer_withdrawn,2026-04-25,,,2026-04-27,,,2026-05-22,102500,USD,2026-04-27T13:44:52Z,2026-05-31T23:59:59Z
APP-0067825,REQ-2026-00242,accepted,2026-04-17,2026-04-20,,,,,2026-05-25,81000,USD,2026-04-20T17:39:13Z,2026-05-31T23:59:59Z
APP-0067831,REQ-2026-00248,offer_declined,2026-04-24,,2026-04-26,,,,2026-05-22,57000,USD,2026-04-26T11:42:17Z,2026-05-31T23:59:59Z
APP-0067833,REQ-2026-00248,accepted,2026-04-11,2026-04-14,,,,,2026-05-04,62500,USD,2026-04-14T17:28:21Z,2026-05-31T23:59:59Z
APP-0067845,REQ-2026-00268,accepted,2026-04-15,2026-04-16,,,,,2026-05-11,48500,USD,2026-04-16T18:33:43Z,2026-05-31T23:59:59Z
APP-0067846,REQ-2026-00268,accepted,2026-04-14,2026-04-15,,,,,2026-05-04,50000,USD,2026-04-15T18:52:45Z,2026-05-31T23:59:59Z
APP-0067901,REQ-2026-00226,offer_declined,2026-04-20,,2026-04-22,,,,2026-05-18,90500,USD,2026-04-22T08:40:13Z,2026-05-31T23:59:59Z
APP-0067906,REQ-2026-00234,accepted,2026-04-28,2026-05-01,,,,,2026-05-25,85000,USD,2026-05-01T12:11:58Z,2026-05-31T23:59:59Z
APP-0067911,REQ-2026-00242,offer_withdrawn,2026-04-24,,,2026-04-30,,,2026-05-22,89000,USD,2026-04-30T15:51:08Z,2026-05-31T23:59:59Z
APP-0067923,REQ-2026-00250,accepted,2026-04-14,2026-04-18,,,,,2026-05-18,89000,USD,2026-04-18T10:44:19Z,2026-05-31T23:59:59Z
APP-0067934,REQ-2026-00262,accepted,2026-04-15,2026-04-17,,,,,2026-05-25,79500,USD,2026-04-17T18:33:05Z,2026-05-31T23:59:59Z
APP-0067935,REQ-2026-00263,accepted,2026-04-15,2026-04-17,,,,,2026-05-18,62000,USD,2026-04-19T09:05:59Z,2026-05-31T23:59:59Z
APP-0067939,REQ-2026-00272,accepted,2026-05-14,2026-05-19,,,,,2026-07-06,140000,USD,2026-05-19T09:48:12Z,2026-05-31T23:59:59Z
APP-0067941,REQ-2026-00273,accepted,2026-04-11,2026-04-18,,,,,2026-05-25,74500,USD,2026-04-25T09:39:53Z,2026-05-31T23:59:59Z
APP-0067951,REQ-2026-00280,candidate_renege,2026-04-21,2026-04-25,,,,2026-05-27,2026-06-01,85500,USD,2026-05-27T13:26:00Z,2026-05-31T23:59:59Z
APP-0067962,REQ-2024-00331,accepted,2026-05-24,2026-05-28,,,,,2026-07-06,160500,USD,2026-05-31T08:54:41Z,2026-05-31T23:59:59Z
APP-0067965,REQ-2025-00256,accepted,2026-04-27,2026-05-02,,,,,2026-06-08,125500,USD,2026-05-09T13:30:26Z,2026-05-31T23:59:59Z
APP-0068004,REQ-2026-00232,accepted,2026-04-20,2026-04-21,,,,,2026-05-25,108500,USD,2026-04-21T08:04:11Z,2026-05-31T23:59:59Z
APP-0068009,REQ-2026-00245,accepted,2026-04-12,2026-04-15,,,,,2026-05-04,78500,USD,2026-04-15T10:44:22Z,2026-05-31T23:59:59Z
APP-0068019,REQ-2026-00258,accepted,2026-04-28,2026-04-30,,,,,2026-06-08,104000,USD,2026-04-30T10:28:23Z,2026-05-31T23:59:59Z
APP-0068042,REQ-2026-00287,accepted,2026-04-25,2026-04-28,,,,,2026-06-08,114000,USD,2026-04-28T18:30:34Z,2026-05-31T23:59:59Z
APP-0068048,REQ-2026-00288,accepted,2026-04-22,2026-05-04,,,,,2026-06-01,78500,USD,2026-05-06T08:35:32Z,2026-05-31T23:59:59Z
APP-0068078,REQ-2026-00045,accepted,2026-05-01,2026-05-06,,,,,2026-06-08,89000,USD,2026-05-06T15:56:07Z,2026-05-31T23:59:59Z
APP-0068104,REQ-2026-00239,accepted,2026-04-20,2026-04-29,,,,,2026-06-01,79000,USD,2026-04-29T12:15:08Z,2026-05-31T23:59:59Z
APP-0068124,REQ-2026-00274,accepted,2026-05-04,2026-05-07,,,,,2026-06-15,130000,USD,2026-05-07T18:12:30Z,2026-05-31T23:59:59Z
APP-0068125,REQ-2026-00275,accepted,2026-04-25,2026-04-28,,,,,2026-05-25,101500,USD,2026-04-28T10:27:36Z,2026-05-31T23:59:59Z
APP-0068190,REQ-2026-00230,accepted,2026-04-25,2026-04-27,,,,,2026-06-08,109000,USD,2026-04-27T14:56:28Z,2026-05-31T23:59:59Z
APP-0068214,REQ-2026-00262,accepted,2026-04-27,2026-05-02,,,,,2026-06-15,79000,USD,2026-05-02T19:18:44Z,2026-05-31T23:59:59Z
APP-0068232,REQ-2026-00279,accepted,2026-04-29,2026-05-08,,,,,2026-05-25,73000,USD,2026-05-08T14:09:39Z,2026-05-31T23:59:59Z
APP-0068236,REQ-2026-00286,accepted,2026-04-20,2026-04-24,,,,,2026-05-18,58000,USD,2026-04-24T12:02:02Z,2026-05-31T23:59:59Z
APP-0068242,REQ-2026-00288,offer_declined,2026-04-19,,2026-04-24,,,,2026-05-17,76500,USD,2026-04-24T18:15:00Z,2026-05-31T23:59:59Z
APP-0068255,REQ-2025-00378,accepted,2026-04-26,2026-04-28,,,,,2026-06-01,135500,USD,2026-04-28T14:28:22Z,2026-05-31T23:59:59Z
APP-0068262,REQ-2025-01007,accepted,2026-05-12,2026-05-17,,,,,2026-07-06,154000,USD,2026-05-17T09:28:06Z,2026-05-31T23:59:59Z
APP-0068293,REQ-2026-00222,offer_declined,2026-04-26,,2026-05-06,,,,2026-05-24,114000,USD,2026-05-06T09:16:47Z,2026-05-31T23:59:59Z
APP-0068295,REQ-2026-00224,accepted,2026-05-11,2026-05-13,,,,,2026-07-13,157000,USD,2026-05-13T08:16:10Z,2026-05-31T23:59:59Z
APP-0068303,REQ-2026-00231,accepted,2026-04-22,2026-04-24,,,,,2026-05-25,75500,USD,2026-04-24T09:44:33Z,2026-05-31T23:59:59Z
APP-0068306,REQ-2026-00240,accepted,2026-04-19,2026-04-22,,,,,2026-05-18,57500,USD,2026-04-22T13:53:18Z,2026-05-31T23:59:59Z
APP-0068340,REQ-2026-00282,accepted,2026-05-01,2026-05-05,,,,,2026-07-02,91000,USD,2026-05-09T17:54:07Z,2026-05-31T23:59:59Z
APP-0068348,REQ-2026-00296,accepted,2026-04-27,2026-04-30,,,,,2026-05-25,72000,USD,2026-04-30T15:48:29Z,2026-05-31T23:59:59Z
APP-0068352,REQ-2025-00854,offer_withdrawn,2026-04-23,,,2026-04-24,,,2026-05-20,103500,USD,2026-04-24T12:56:50Z,2026-05-31T23:59:59Z
APP-0068363,REQ-2026-00027,accepted,2026-04-23,2026-04-28,,,,,2026-05-18,63500,USD,2026-04-28T15:44:07Z,2026-05-31T23:59:59Z
APP-0068404,REQ-2026-00260,accepted,2026-05-12,2026-05-14,,,,,2026-06-15,79000,USD,2026-05-14T11:39:19Z,2026-05-31T23:59:59Z
APP-0068435,REQ-2026-00296,accepted,2026-04-27,2026-05-03,,,,,2026-05-25,72100,USD,2026-05-05T12:31:46Z,2026-05-31T23:59:59Z
APP-0068455,REQ-2026-00008,accepted,2026-05-15,2026-05-19,,,,,2026-06-22,96500,USD,2026-05-19T19:23:32Z,2026-05-31T23:59:59Z
APP-0068465,REQ-2026-00209,accepted,2026-05-14,2026-05-23,,,,,2026-07-13,167000,USD,2026-05-23T08:35:03Z,2026-05-31T23:59:59Z
APP-0068477,REQ-2026-00236,offer_declined,2026-05-02,,2026-05-09,,,,2026-05-30,92500,USD,2026-05-09T17:21:30Z,2026-05-31T23:59:59Z
APP-0068500,REQ-2026-00277,offer_withdrawn,2026-04-26,,,2026-05-02,,,2026-05-24,62000,USD,2026-05-02T09:08:25Z,2026-05-31T23:59:59Z
APP-0068507,REQ-2026-00283,accepted,2026-04-29,2026-05-01,,,,,2026-06-08,94000,USD,2026-05-01T19:29:46Z,2026-05-31T23:59:59Z
APP-0068508,REQ-2026-00284,pending,2026-05-26,,,,,,2026-06-23,255500,USD,2026-05-26T09:58:19Z,2026-05-31T23:59:59Z
APP-0068514,REQ-2026-00288,offer_declined,2026-04-28,,2026-05-03,,,,2026-05-26,66500,USD,2026-05-03T12:08:49Z,2026-05-31T23:59:59Z
APP-0068525,REQ-2026-00297,accepted,2026-05-07,2026-05-11,,,,,2026-06-15,140500,USD,2026-05-11T11:31:16Z,2026-05-31T23:59:59Z
APP-0068534,REQ-2026-00310,accepted,2026-04-26,2026-04-28,,,,,2026-06-17,87500,USD,2026-05-07T12:07:47Z,2026-05-31T23:59:59Z
APP-0068556,REQ-2026-00141,accepted,2026-04-28,2026-05-02,,,,,2026-06-13,69500,USD,2026-05-05T10:32:25Z,2026-05-31T23:59:59Z
APP-0068576,REQ-2026-00252,offer_declined,2026-05-12,,2026-05-17,,,,2026-06-09,128500,USD,2026-05-17T08:09:31Z,2026-05-31T23:59:59Z
APP-0068586,REQ-2026-00263,accepted,2026-04-23,2026-04-25,,,,,2026-05-25,63500,USD,2026-04-27T17:24:04Z,2026-05-31T23:59:59Z
APP-0068594,REQ-2026-00277,accepted,2026-04-30,2026-05-01,,,,,2026-05-25,58000,USD,2026-05-01T15:57:13Z,2026-05-31T23:59:59Z
APP-0068613,REQ-2026-00290,accepted,2026-05-11,2026-05-13,,,,,2026-06-22,97500,USD,2026-05-13T15:09:31Z,2026-05-31T23:59:59Z
APP-0068616,REQ-2026-00295,offer_declined,2026-05-04,,2026-05-11,,,,2026-06-01,84000,USD,2026-05-11T08:31:32Z,2026-05-31T23:59:59Z
APP-0068646,REQ-2026-00070,accepted,2026-04-30,2026-05-01,,,,,2026-06-15,132000,USD,2026-05-01T19:36:01Z,2026-05-31T23:59:59Z
APP-0068656,REQ-2026-00180,accepted,2026-05-05,2026-05-07,,,,,2026-06-15,132000,USD,2026-05-07T15:42:24Z,2026-05-31T23:59:59Z
APP-0068682,REQ-2026-00248,accepted,2026-04-23,2026-04-24,,,,,2026-05-18,63000,USD,2026-04-24T09:30:28Z,2026-05-31T23:59:59Z
APP-0068691,REQ-2026-00255,accepted,2026-04-17,2026-04-18,,,,,2026-05-04,48500,USD,2026-04-18T10:12:31Z,2026-05-31T23:59:59Z
APP-0068697,REQ-2026-00262,accepted,2026-04-30,2026-05-01,,,,,2026-06-08,85000,USD,2026-05-01T19:10:50Z,2026-05-31T23:59:59Z
APP-0068699,REQ-2026-00263,accepted,2026-04-24,2026-04-25,,,,,2026-05-25,68500,USD,2026-04-25T15:26:53Z,2026-05-31T23:59:59Z
APP-0068712,REQ-2026-00278,offer_declined,2026-05-11,,2026-05-12,,,,2026-06-05,127000,USD,2026-05-12T19:08:58Z,2026-05-31T23:59:59Z
APP-0068718,REQ-2026-00282,offer_declined,2026-04-22,,2026-04-26,,,,2026-05-20,84500,USD,2026-04-26T14:43:32Z,2026-05-31T23:59:59Z
APP-0068729,REQ-2026-00294,offer_withdrawn,2026-05-03,,,2026-05-09,,,2026-05-31,102500,USD,2026-05-09T16:23:29Z,2026-05-31T23:59:59Z
APP-0068735,REQ-2026-00296,offer_withdrawn,2026-05-03,,,2026-05-05,,,2026-05-31,70000,USD,2026-05-05T16:50:51Z,2026-05-31T23:59:59Z
APP-0068742,REQ-2026-00310,accepted,2026-05-10,2026-05-12,,,,,2026-06-15,106000,USD,2026-05-12T15:23:59Z,2026-05-31T23:59:59Z
APP-0068746,REQ-2026-00313,offer_declined,2026-04-19,,2026-04-22,,,,2026-05-17,56000,USD,2026-04-22T16:20:38Z,2026-05-31T23:59:59Z
APP-0068749,REQ-2026-00320,accepted,2026-05-05,2026-05-06,,,,,2026-06-15,101500,USD,2026-05-06T15:27:03Z,2026-05-31T23:59:59Z
APP-0068779,REQ-2026-00224,offer_withdrawn,2026-05-07,,,2026-05-15,,,2026-06-04,155000,USD,2026-05-15T12:50:12Z,2026-05-31T23:59:59Z
APP-0068804,REQ-2026-00262,accepted,2026-05-01,2026-05-02,,,,,2026-06-15,96500,USD,2026-05-02T14:43:15Z,2026-05-31T23:59:59Z
APP-0068828,REQ-2026-00288,accepted,2026-04-26,2026-04-28,,,,,2026-05-18,68500,USD,2026-04-28T08:17:46Z,2026-05-31T23:59:59Z
APP-0068836,REQ-2026-00298,accepted,2026-05-04,2026-05-09,,,,,2026-06-01,60000,USD,2026-05-09T16:06:04Z,2026-05-31T23:59:59Z
APP-0068838,REQ-2026-00299,accepted,2026-04-22,2026-04-25,,,,,2026-07-06,124500,USD,2026-05-07T14:54:35Z,2026-05-31T23:59:59Z
APP-0068848,REQ-2026-00316,accepted,2026-04-29,2026-05-01,,,,,2026-05-25,62500,USD,2026-05-01T08:23:08Z,2026-05-31T23:59:59Z
APP-0068852,REQ-2026-00320,offer_withdrawn,2026-05-03,,,2026-05-07,,,2026-05-31,100500,USD,2026-05-07T12:04:03Z,2026-05-31T23:59:59Z
APP-0068903,REQ-2026-00263,offer_withdrawn,2026-04-26,,,2026-04-27,,,2026-05-23,67000,USD,2026-04-27T10:56:23Z,2026-05-31T23:59:59Z
APP-0068905,REQ-2026-00263,accepted,2026-04-19,2026-04-23,,,,,2026-05-18,64000,USD,2026-04-23T12:54:58Z,2026-05-31T23:59:59Z
APP-0068911,REQ-2026-00280,accepted,2026-04-26,2026-04-27,,,,,2026-06-01,91000,USD,2026-04-27T12:07:22Z,2026-05-31T23:59:59Z
APP-0069003,REQ-2026-00271,candidate_renege,2026-05-05,2026-05-10,,,,2026-05-29,2026-06-08,76000,USD,2026-05-29T19:34:21Z,2026-05-31T23:59:59Z
APP-0069017,REQ-2026-00288,offer_declined,2026-04-28,,2026-05-01,,,,2026-05-26,74500,USD,2026-05-01T12:10:13Z,2026-05-31T23:59:59Z
APP-0069018,REQ-2026-00288,offer_withdrawn,2026-05-10,,,2026-05-13,,,2026-06-07,65500,USD,2026-05-13T18:56:52Z,2026-05-31T23:59:59Z
APP-0069019,REQ-2026-00288,accepted,2026-05-01,2026-05-02,,,,,2026-06-01,76000,USD,2026-05-02T09:58:58Z,2026-05-31T23:59:59Z
APP-0069027,REQ-2026-00298,offer_declined,2026-04-23,,2026-05-02,,,,2026-05-21,51000,USD,2026-05-02T13:40:54Z,2026-05-31T23:59:59Z
APP-0069054,REQ-2025-01209,accepted,2026-04-27,2026-04-29,,,,,2026-06-01,78000,USD,2026-05-10T13:05:31Z,2026-05-31T23:59:59Z
APP-0069068,REQ-2026-00216,accepted,2026-05-01,2026-05-04,,,,,2026-05-18,56000,USD,2026-05-04T12:27:31Z,2026-05-31T23:59:59Z
APP-0069076,REQ-2026-00249,offer_declined,2026-05-03,,2026-05-06,,,,2026-05-31,175500,USD,2026-05-06T12:57:25Z,2026-05-31T23:59:59Z
APP-0069080,REQ-2026-00253,accepted,2026-04-28,2026-04-29,,,,,2026-05-25,72500,USD,2026-04-29T11:50:39Z,2026-05-31T23:59:59Z
APP-0069086,REQ-2026-00262,offer_withdrawn,2026-05-02,,,2026-05-04,,,2026-05-30,92000,USD,2026-05-04T12:36:10Z,2026-05-31T23:59:59Z
APP-0069133,REQ-2026-00324,candidate_renege,2026-04-30,2026-05-03,,,,2026-05-13,2026-06-08,90000,USD,2026-05-13T16:41:45Z,2026-05-31T23:59:59Z
APP-0069136,REQ-2026-00330,accepted,2026-05-06,2026-05-12,,,,,2026-06-08,78500,USD,2026-05-12T09:57:26Z,2026-05-31T23:59:59Z
APP-0069137,REQ-2024-00894,pending,2026-05-30,,,,,,2026-06-27,88000,USD,2026-05-30T11:36:48Z,2026-05-31T23:59:59Z
APP-0069147,REQ-2025-00998,accepted,2026-05-05,2026-05-08,,,,,2026-06-08,98500,USD,2026-05-08T11:37:59Z,2026-05-31T23:59:59Z
APP-0069148,REQ-2025-00999,accepted,2026-05-02,2026-05-05,,,,,2026-05-25,94500,USD,2026-05-20T14:32:38Z,2026-05-31T23:59:59Z
APP-0069154,REQ-2025-01235,accepted,2026-05-13,2026-05-18,,,,,2026-06-08,105000,USD,2026-05-18T15:12:44Z,2026-05-31T23:59:59Z
APP-0069205,REQ-2026-00285,accepted,2026-04-29,2026-05-04,,,,,2026-06-15,115500,USD,2026-05-04T18:36:22Z,2026-05-31T23:59:59Z
APP-0069210,REQ-2026-00289,accepted,2026-05-16,2026-05-25,,,,,2026-07-13,172500,USD,2026-05-25T14:36:24Z,2026-05-31T23:59:59Z
APP-0069215,REQ-2026-00294,accepted,2026-04-29,2026-05-04,,,,,2026-06-08,101500,USD,2026-05-04T18:02:15Z,2026-05-31T23:59:59Z
APP-0069219,REQ-2026-00295,accepted,2026-05-05,2026-05-11,,,,,2026-06-22,96500,USD,2026-05-11T19:15:24Z,2026-05-31T23:59:59Z
APP-0069270,REQ-2026-00217,accepted,2026-05-03,2026-05-07,,,,,2026-06-01,55000,USD,2026-05-07T19:56:30Z,2026-05-31T23:59:59Z
APP-0069273,REQ-2026-00236,accepted,2026-05-06,2026-05-13,,,,,2026-06-15,92500,USD,2026-05-13T13:33:08Z,2026-05-31T23:59:59Z
APP-0069285,REQ-2026-00266,accepted,2026-05-09,2026-05-15,,,,,2026-06-08,104000,USD,2026-05-15T11:01:02Z,2026-05-31T23:59:59Z
APP-0069301,REQ-2026-00288,offer_declined,2026-05-13,,2026-05-17,,,,2026-06-10,77000,USD,2026-05-17T11:14:16Z,2026-05-31T23:59:59Z
APP-0069303,REQ-2026-00288,accepted,2026-05-07,2026-05-09,,,,,2026-06-01,70000,USD,2026-05-09T17:27:00Z,2026-05-31T23:59:59Z
APP-0069305,REQ-2026-00290,accepted,2026-05-07,2026-05-13,,,,,2026-06-22,92500,USD,2026-05-13T11:53:53Z,2026-05-31T23:59:59Z
APP-0069325,REQ-2026-00323,accepted,2026-05-14,2026-05-16,,,,,2026-06-15,132000,USD,2026-05-16T19:25:07Z,2026-05-31T23:59:59Z
APP-0069331,REQ-2026-00324,accepted,2026-05-07,2026-05-08,,,,,2026-06-19,81000,USD,2026-05-16T16:56:43Z,2026-05-31T23:59:59Z
APP-0069342,REQ-2026-00340,offer_withdrawn,2026-05-15,,,2026-05-22,,,2026-06-12,98500,USD,2026-05-22T09:42:14Z,2026-05-31T23:59:59Z
APP-0069350,REQ-2025-00877,accepted,2026-05-25,2026-05-28,,,,,2026-07-06,178000,USD,2026-05-28T16:14:19Z,2026-05-31T23:59:59Z
APP-0069362,REQ-2025-01194,accepted,2026-05-11,2026-05-15,,,,,2026-06-15,67500,USD,2026-05-19T11:16:04Z,2026-05-31T23:59:59Z
APP-0069366,REQ-2025-01240,accepted,2026-05-20,2026-05-24,,,,,2026-06-29,96000,USD,2026-05-24T10:03:25Z,2026-05-31T23:59:59Z
APP-0069375,REQ-2026-00217,offer_rescinded,2026-05-01,2026-05-04,,,2026-05-20,,2026-05-25,55500,USD,2026-05-20T08:12:06Z,2026-05-31T23:59:59Z
APP-0069388,REQ-2026-00254,accepted,2026-05-18,2026-05-21,,,,,2026-06-15,47000,USD,2026-05-21T18:02:12Z,2026-05-31T23:59:59Z
APP-0069446,REQ-2026-00324,accepted,2026-05-07,2026-05-08,,,,,2026-06-08,88500,USD,2026-05-08T11:39:22Z,2026-05-31T23:59:59Z
APP-0069464,REQ-2025-00983,accepted,2026-05-14,2026-05-16,,,,,2026-06-15,97500,USD,2026-05-16T17:11:32Z,2026-05-31T23:59:59Z
APP-0069468,REQ-2025-01027,pending,2026-05-27,,,,,,2026-06-24,104500,USD,2026-05-27T10:33:19Z,2026-05-31T23:59:59Z
APP-0069485,REQ-2026-00252,offer_declined,2026-05-26,,2026-05-29,,,,2026-06-23,136000,USD,2026-05-29T16:04:44Z,2026-05-31T23:59:59Z
APP-0069502,REQ-2026-00294,offer_declined,2026-04-30,,2026-05-02,,,,2026-05-28,92000,USD,2026-05-02T10:45:20Z,2026-05-31T23:59:59Z
APP-0069503,REQ-2026-00295,accepted,2026-05-10,2026-05-14,,,,,2026-06-22,92000,USD,2026-05-14T11:27:18Z,2026-05-31T23:59:59Z
APP-0069511,REQ-2026-00305,accepted,2026-05-06,2026-05-09,,,,,2026-06-01,67500,USD,2026-05-09T13:33:47Z,2026-05-31T23:59:59Z
APP-0069516,REQ-2026-00317,accepted,2026-05-08,2026-05-13,,,,,2026-06-15,141500,USD,2026-05-13T09:42:48Z,2026-05-31T23:59:59Z
APP-0069522,REQ-2026-00324,accepted,2026-04-30,2026-05-03,,,,,2026-06-01,85000,USD,2026-05-03T16:16:02Z,2026-05-31T23:59:59Z
APP-0069540,REQ-2026-00340,accepted,2026-05-03,2026-05-08,,,,,2026-06-08,99500,USD,2026-05-08T12:15:36Z,2026-05-31T23:59:59Z
APP-0069546,REQ-2025-00860,pending,2026-05-31,,,,,,2026-06-28,191000,USD,2026-05-31T19:27:25Z,2026-05-31T23:59:59Z
APP-0069556,REQ-2026-00097,offer_declined,2026-05-18,,2026-05-24,,,,2026-06-15,57000,USD,2026-05-24T12:12:12Z,2026-05-31T23:59:59Z
APP-0069571,REQ-2026-00248,accepted,2026-05-03,2026-05-05,,,,,2026-05-25,56000,USD,2026-05-05T10:36:45Z,2026-05-31T23:59:59Z
APP-0069583,REQ-2026-00282,offer_declined,2026-05-14,,2026-05-16,,,,2026-06-11,83000,USD,2026-05-16T17:27:58Z,2026-05-31T23:59:59Z
APP-0069598,REQ-2026-00308,offer_withdrawn,2026-05-03,,,2026-05-05,,,2026-05-31,65000,USD,2026-05-05T16:54:47Z,2026-05-31T23:59:59Z
APP-0069608,REQ-2026-00324,offer_declined,2026-05-05,,2026-05-07,,,,2026-06-02,82500,USD,2026-05-07T12:56:39Z,2026-05-31T23:59:59Z
APP-0069612,REQ-2026-00324,accepted,2026-05-03,2026-05-06,,,,,2026-06-08,86500,USD,2026-05-06T11:50:48Z,2026-05-31T23:59:59Z
APP-0069616,REQ-2026-00327,accepted,2026-05-22,2026-05-27,,,,,2026-06-29,76500,USD,2026-05-27T14:02:41Z,2026-05-31T23:59:59Z
APP-0069621,REQ-2026-00330,accepted,2026-05-03,2026-05-10,,,,,2026-06-08,74500,USD,2026-05-10T08:35:45Z,2026-05-31T23:59:59Z
APP-0069627,REQ-2026-00338,offer_withdrawn,2026-05-02,,,2026-05-03,,,2026-05-29,120500,USD,2026-05-03T17:33:08Z,2026-05-31T23:59:59Z
APP-0069629,REQ-2026-00339,offer_declined,2026-05-06,,2026-05-11,,,,2026-06-03,74000,USD,2026-05-11T14:18:59Z,2026-05-31T23:59:59Z
APP-0069722,REQ-2026-00338,accepted,2026-05-07,2026-05-14,,,,,2026-06-22,101000,USD,2026-05-14T17:38:52Z,2026-05-31T23:59:59Z
APP-0069724,REQ-2026-00339,accepted,2026-05-14,2026-05-18,,,,,2026-06-08,82000,USD,2026-05-18T09:25:45Z,2026-05-31T23:59:59Z
APP-0069725,REQ-2026-00340,offer_declined,2026-05-13,,2026-05-17,,,,2026-06-10,97000,USD,2026-05-17T08:29:03Z,2026-05-31T23:59:59Z
APP-0069727,REQ-2026-00343,offer_declined,2026-05-12,,2026-05-16,,,,2026-06-06,107500,USD,2026-05-16T10:28:51Z,2026-05-31T23:59:59Z
APP-0069734,REQ-2026-00344,candidate_renege,2026-05-05,2026-05-06,,,,2026-05-14,2026-06-01,62000,USD,2026-05-14T16:52:40Z,2026-05-31T23:59:59Z
APP-0069737,REQ-2026-00346,accepted,2026-05-09,2026-05-12,,,,,2026-06-15,102000,USD,2026-05-12T13:16:18Z,2026-05-31T23:59:59Z
APP-0069796,REQ-2026-00288,accepted,2026-05-04,2026-05-10,,,,,2026-06-08,74500,USD,2026-05-10T08:43:42Z,2026-05-31T23:59:59Z
APP-0069799,REQ-2026-00290,accepted,2026-05-06,2026-05-09,,,,,2026-06-22,91000,USD,2026-05-09T13:06:55Z,2026-05-31T23:59:59Z
APP-0069802,REQ-2026-00295,offer_withdrawn,2026-05-21,,,2026-05-22,,,2026-06-16,84000,USD,2026-05-22T11:58:11Z,2026-05-31T23:59:59Z
APP-0069807,REQ-2026-00300,accepted,2026-05-10,2026-05-11,,,,,2026-06-01,72000,USD,2026-05-11T15:16:44Z,2026-05-31T23:59:59Z
APP-0069808,REQ-2026-00301,offer_declined,2026-05-04,,2026-05-05,,,,2026-06-01,56000,USD,2026-05-05T12:02:21Z,2026-05-31T23:59:59Z
APP-0069811,REQ-2026-00308,offer_withdrawn,2026-04-29,,,2026-05-05,,,2026-05-27,61000,USD,2026-05-05T09:16:24Z,2026-05-31T23:59:59Z
APP-0069840,REQ-2026-00344,offer_declined,2026-05-04,,2026-05-18,,,,2026-05-29,60000,USD,2026-05-18T14:54:51Z,2026-05-31T23:59:59Z
APP-0069856,REQ-2025-00870,accepted,2026-05-22,2026-05-28,,,,,2026-06-15,73000,USD,2026-05-28T10:51:59Z,2026-05-31T23:59:59Z
APP-0069865,REQ-2025-01229,offer_declined,2026-05-14,,2026-05-16,,,,2026-06-11,107000,USD,2026-05-16T19:36:22Z,2026-05-31T23:59:59Z
APP-0069866,REQ-2025-01229,accepted,2026-05-18,2026-05-19,,,,,2026-06-21,97000,USD,2026-05-22T16:06:36Z,2026-05-31T23:59:59Z
APP-0069873,REQ-2026-00097,accepted,2026-05-17,2026-05-18,,,,,2026-06-15,62000,USD,2026-05-18T10:10:10Z,2026-05-31T23:59:59Z
APP-0069881,REQ-2026-00248,accepted,2026-05-04,2026-05-06,,,,,2026-06-01,62000,USD,2026-05-06T08:44:17Z,2026-05-31T23:59:59Z
APP-0069898,REQ-2026-00288,offer_withdrawn,2026-05-10,,,2026-05-16,,,2026-06-07,73000,USD,2026-05-16T15:11:00Z,2026-05-31T23:59:59Z
APP-0069910,REQ-2026-00306,accepted,2026-05-20,2026-05-26,,,,,2026-06-29,133000,USD,2026-05-26T15:38:49Z,2026-05-31T23:59:59Z
APP-0069927,REQ-2026-00330,accepted,2026-05-09,2026-05-14,,,,,2026-06-08,85500,USD,2026-05-14T17:58:01Z,2026-05-31T23:59:59Z
APP-0069930,REQ-2026-00333,accepted,2026-05-15,2026-05-17,,,,,2026-06-22,107500,USD,2026-05-17T19:13:15Z,2026-05-31T23:59:59Z
APP-0069933,REQ-2026-00338,accepted,2026-05-13,2026-05-15,,,,,2026-06-22,114900,USD,2026-05-19T13:11:13Z,2026-05-31T23:59:59Z
APP-0069939,REQ-2026-00343,accepted,2026-05-20,2026-05-23,,,,,2026-06-29,104700,USD,2026-05-28T11:59:43Z,2026-05-31T23:59:59Z
APP-0069945,REQ-2026-00348,accepted,2026-05-02,2026-05-06,,,,,2026-05-25,46000,USD,2026-05-06T08:19:15Z,2026-05-31T23:59:59Z
APP-0069972,REQ-2026-00069,accepted,2026-05-09,2026-05-14,,,,,2026-06-08,70500,USD,2026-05-14T17:42:59Z,2026-05-31T23:59:59Z
APP-0069976,REQ-2026-00227,offer_withdrawn,2026-05-22,,,2026-05-24,,,2026-06-18,77000,USD,2026-05-24T11:12:58Z,2026-05-31T23:59:59Z
APP-0069979,REQ-2026-00248,offer_withdrawn,2026-05-04,,,2026-05-06,,,2026-06-01,61500,USD,2026-05-06T09:19:39Z,2026-05-31T23:59:59Z
APP-0069980,REQ-2026-00248,offer_declined,2026-05-05,,2026-05-08,,,,2026-06-02,55000,USD,2026-05-08T16:37:20Z,2026-05-31T23:59:59Z
APP-0070000,REQ-2026-00302,accepted,2026-05-16,2026-05-21,,,,,2026-06-15,68000,USD,2026-05-21T12:27:41Z,2026-05-31T23:59:59Z
APP-0070005,REQ-2026-00310,accepted,2026-05-02,2026-05-06,,,,,2026-06-15,95000,USD,2026-05-06T13:56:02Z,2026-05-31T23:59:59Z
APP-0070016,REQ-2026-00324,accepted,2026-05-18,2026-05-20,,,,,2026-06-22,78000,USD,2026-05-20T19:24:57Z,2026-05-31T23:59:59Z
APP-0070028,REQ-2026-00338,accepted,2026-05-10,2026-05-12,,,,,2026-06-22,104500,USD,2026-05-12T13:53:17Z,2026-05-31T23:59:59Z
APP-0070038,REQ-2026-00345,accepted,2026-05-05,2026-05-08,,,,,2026-06-08,65500,USD,2026-05-08T10:58:20Z,2026-05-31T23:59:59Z
APP-0070062,REQ-2025-01075,offer_declined,2026-05-12,,2026-05-16,,,,2026-06-09,164000,USD,2026-05-16T19:03:51Z,2026-05-31T23:59:59Z
APP-0070070,REQ-2026-00157,accepted,2026-05-16,2026-05-21,,,,,2026-06-22,62500,USD,2026-05-21T18:11:06Z,2026-05-31T23:59:59Z
APP-0070085,REQ-2026-00276,accepted,2026-05-18,2026-05-23,,,,,2026-06-22,133000,USD,2026-05-23T17:18:50Z,2026-05-31T23:59:59Z
APP-0070103,REQ-2026-00308,accepted,2026-05-02,2026-05-04,,,,,2026-05-25,59500,USD,2026-05-04T18:16:16Z,2026-05-31T23:59:59Z
APP-0070105,REQ-2026-00310,accepted,2026-05-08,2026-05-12,,,,,2026-06-22,93500,USD,2026-05-12T11:12:05Z,2026-05-31T23:59:59Z
APP-0070117,REQ-2026-00333,offer_withdrawn,2026-05-14,,,2026-05-18,,,2026-06-11,115500,USD,2026-05-18T11:10:32Z,2026-05-31T23:59:59Z
APP-0070119,REQ-2026-00336,accepted,2026-05-11,2026-05-17,,,,,2026-06-22,164000,USD,2026-05-17T11:47:59Z,2026-05-31T23:59:59Z
APP-0070123,REQ-2026-00340,offer_declined,2026-05-18,,2026-05-24,,,,2026-06-15,100000,USD,2026-05-24T12:47:46Z,2026-05-31T23:59:59Z
APP-0070128,REQ-2026-00343,accepted,2026-05-08,2026-05-12,,,,,2026-06-15,112000,USD,2026-05-12T16:07:22Z,2026-05-31T23:59:59Z
APP-0070135,REQ-2026-00348,offer_withdrawn,2026-05-07,,,2026-05-08,,,2026-06-04,43500,USD,2026-05-08T16:07:34Z,2026-05-31T23:59:59Z
APP-0070159,REQ-2025-00855,accepted,2026-05-10,2026-05-13,,,,,2026-06-15,78500,USD,2026-05-13T19:10:35Z,2026-05-31T23:59:59Z
APP-0070166,REQ-2025-01236,offer_declined,2026-05-20,,2026-05-25,,,,2026-06-17,107000,USD,2026-05-25T19:00:09Z,2026-05-31T23:59:59Z
APP-0070209,REQ-2026-00322,offer_declined,2026-05-17,,2026-05-21,,,,2026-06-14,98500,USD,2026-05-21T11:05:27Z,2026-05-31T23:59:59Z
APP-0070226,REQ-2026-00340,accepted,2026-05-11,2026-05-13,,,,,2026-06-17,107000,USD,2026-05-19T10:25:40Z,2026-05-31T23:59:59Z
APP-0070232,REQ-2026-00343,accepted,2026-05-23,2026-05-24,,,,,2026-06-29,108500,USD,2026-05-24T13:39:08Z,2026-05-31T23:59:59Z
APP-0070258,REQ-2025-00999,candidate_renege,2026-05-18,2026-05-24,,,,2026-05-29,2026-06-22,104000,USD,2026-05-29T08:57:08Z,2026-05-31T23:59:59Z
APP-0070267,REQ-2026-00098,offer_declined,2026-05-06,,2026-05-07,,,,2026-06-01,54500,USD,2026-05-07T17:03:50Z,2026-05-31T23:59:59Z
APP-0070288,REQ-2026-00295,offer_withdrawn,2026-05-18,,,2026-05-20,,,2026-06-14,90000,USD,2026-05-20T15:15:53Z,2026-05-31T23:59:59Z
APP-0070291,REQ-2026-00295,accepted,2026-05-15,2026-05-19,,,,,2026-06-22,92500,USD,2026-05-19T10:46:36Z,2026-05-31T23:59:59Z
APP-0070313,REQ-2026-00330,offer_declined,2026-05-14,,2026-05-16,,,,2026-06-11,85000,USD,2026-05-16T17:46:07Z,2026-05-31T23:59:59Z
APP-0070339,REQ-2026-00359,accepted,2026-05-17,2026-05-22,,,,,2026-06-29,83800,USD,2026-05-28T18:13:23Z,2026-05-31T23:59:59Z
APP-0070340,REQ-2026-00364,offer_declined,2026-05-28,,2026-05-31,,,,2026-06-25,82000,USD,2026-05-31T15:20:00Z,2026-05-31T23:59:59Z
APP-0070345,REQ-2026-00369,accepted,2026-05-08,2026-05-14,,,,,2026-06-15,65500,USD,2026-05-14T17:41:03Z,2026-05-31T23:59:59Z
APP-0070377,REQ-2026-00282,accepted,2026-05-11,2026-05-12,,,,,2026-06-22,81000,USD,2026-05-12T08:24:32Z,2026-05-31T23:59:59Z
APP-0070385,REQ-2026-00302,offer_declined,2026-05-16,,2026-05-18,,,,2026-06-13,68500,USD,2026-05-18T19:18:59Z,2026-05-31T23:59:59Z
APP-0070409,REQ-2026-00333,offer_declined,2026-05-17,,2026-05-18,,,,2026-06-14,113000,USD,2026-05-18T12:49:09Z,2026-05-31T23:59:59Z
APP-0070410,REQ-2026-00333,accepted,2026-05-08,2026-05-13,,,,,2026-06-15,99000,USD,2026-05-13T10:21:20Z,2026-05-31T23:59:59Z
APP-0070412,REQ-2026-00338,offer_declined,2026-05-13,,2026-05-15,,,,2026-06-08,105500,USD,2026-05-15T19:43:08Z,2026-05-31T23:59:59Z
APP-0070431,REQ-2026-00348,accepted,2026-05-07,2026-05-08,,,,,2026-06-01,49500,USD,2026-05-08T17:49:40Z,2026-05-31T23:59:59Z
APP-0070442,REQ-2026-00359,accepted,2026-05-12,2026-05-15,,,,,2026-06-22,81000,USD,2026-05-15T17:59:37Z,2026-05-31T23:59:59Z
APP-0070443,REQ-2026-00359,accepted,2026-05-09,2026-05-13,,,,,2026-06-22,86000,USD,2026-05-13T18:08:31Z,2026-05-31T23:59:59Z
APP-0070455,REQ-2025-01095,accepted,2026-05-19,2026-05-26,,,,,2026-06-22,75000,USD,2026-05-26T10:50:19Z,2026-05-31T23:59:59Z
APP-0070460,REQ-2026-00062,accepted,2026-05-19,2026-05-21,,,,,2026-06-22,65500,USD,2026-05-21T18:43:51Z,2026-05-31T23:59:59Z
APP-0070484,REQ-2026-00301,accepted,2026-05-18,2026-05-19,,,,,2026-06-15,51500,USD,2026-05-19T13:08:00Z,2026-05-31T23:59:59Z
APP-0070507,REQ-2026-00338,accepted,2026-05-25,2026-05-28,,,,,2026-07-06,106000,USD,2026-05-28T14:32:21Z,2026-05-31T23:59:59Z
APP-0070512,REQ-2026-00341,accepted,2026-05-22,2026-05-24,,,,,2026-06-22,71000,USD,2026-05-24T19:30:03Z,2026-05-31T23:59:59Z
APP-0070515,REQ-2026-00343,accepted,2026-05-28,2026-05-30,,,,,2026-07-06,105500,USD,2026-05-30T11:26:16Z,2026-05-31T23:59:59Z
APP-0070521,REQ-2026-00345,accepted,2026-05-20,2026-05-24,,,,,2026-06-22,68500,USD,2026-05-24T08:07:30Z,2026-05-31T23:59:59Z
APP-0070538,REQ-2026-00359,accepted,2026-05-11,2026-05-14,,,,,2026-06-15,79000,USD,2026-05-14T15:03:03Z,2026-05-31T23:59:59Z
APP-0070539,REQ-2026-00362,accepted,2026-05-22,2026-05-28,,,,,2026-07-06,127000,USD,2026-05-28T08:07:13Z,2026-05-31T23:59:59Z
APP-0070544,REQ-2026-00366,accepted,2026-05-21,2026-05-25,,,,,2026-06-22,84000,USD,2026-05-25T09:41:31Z,2026-05-31T23:59:59Z
APP-0070551,REQ-2026-00373,accepted,2026-05-27,2026-05-29,,,,,2026-07-06,97000,USD,2026-05-29T12:58:45Z,2026-05-31T23:59:59Z
APP-0070552,REQ-2026-00373,accepted,2026-05-20,2026-05-22,,,,,2026-06-22,100500,USD,2026-05-22T18:41:03Z,2026-05-31T23:59:59Z
APP-0070565,REQ-2025-01083,accepted,2026-05-17,2026-05-19,,,,,2026-06-22,90000,USD,2026-05-26T11:26:23Z,2026-05-31T23:59:59Z
APP-0070573,REQ-2026-00062,offer_withdrawn,2026-05-20,,,2026-05-24,,,2026-06-17,75500,USD,2026-05-24T15:05:15Z,2026-05-31T23:59:59Z
APP-0070628,REQ-2026-00343,offer_declined,2026-05-15,,2026-05-24,,,,2026-06-12,107000,USD,2026-05-24T18:01:35Z,2026-05-31T23:59:59Z
APP-0070638,REQ-2026-00345,accepted,2026-05-11,2026-05-15,,,,,2026-06-08,77000,USD,2026-05-15T12:47:58Z,2026-05-31T23:59:59Z
APP-0070673,REQ-2026-00373,accepted,2026-05-15,2026-05-18,,,,,2026-06-15,100500,USD,2026-05-18T17:57:06Z,2026-05-31T23:59:59Z
APP-0070736,REQ-2026-00331,offer_declined,2026-05-22,,2026-05-23,,,,2026-06-19,99500,USD,2026-05-23T17:24:30Z,2026-05-31T23:59:59Z
APP-0070739,REQ-2026-00332,accepted,2026-05-25,2026-05-28,,,,,2026-06-29,105500,USD,2026-05-28T18:31:59Z,2026-05-31T23:59:59Z
APP-0070744,REQ-2026-00340,accepted,2026-05-16,2026-05-21,,,,,2026-06-22,101500,USD,2026-05-21T17:51:33Z,2026-05-31T23:59:59Z
APP-0070761,REQ-2026-00359,accepted,2026-05-15,2026-05-16,,,,,2026-06-29,89500,USD,2026-05-16T19:26:32Z,2026-05-31T23:59:59Z
APP-0070764,REQ-2026-00365,offer_declined,2026-05-19,,2026-05-22,,,,2026-06-15,109000,USD,2026-05-22T13:50:31Z,2026-05-31T23:59:59Z
APP-0070800,REQ-2026-00217,accepted,2026-05-23,2026-05-26,,,,,2026-06-15,63500,USD,2026-05-26T14:45:25Z,2026-05-31T23:59:59Z
APP-0070813,REQ-2026-00305,accepted,2026-05-22,2026-05-24,,,,,2026-06-22,66500,USD,2026-05-24T19:21:34Z,2026-05-31T23:59:59Z
APP-0070824,REQ-2026-00324,accepted,2026-05-26,2026-05-27,,,,,2026-07-06,93700,USD,2026-05-29T08:04:46Z,2026-05-31T23:59:59Z
APP-0070830,REQ-2026-00338,offer_declined,2026-05-28,,2026-05-30,,,,2026-06-23,112000,USD,2026-05-30T13:38:14Z,2026-05-31T23:59:59Z
APP-0070849,REQ-2026-00356,offer_declined,2026-05-22,,2026-05-26,,,,2026-06-19,60500,USD,2026-05-26T19:30:45Z,2026-05-31T23:59:59Z
APP-0070867,REQ-2026-00359,accepted,2026-05-09,2026-05-11,,,,,2026-06-26,82000,USD,2026-05-18T08:32:32Z,2026-05-31T23:59:59Z
APP-0070882,REQ-2026-00368,accepted,2026-05-11,2026-05-20,,,,,2026-06-29,91500,USD,2026-05-20T15:15:45Z,2026-05-31T23:59:59Z
APP-0070889,REQ-2026-00377,accepted,2026-05-30,2026-05-31,,,,,2026-07-13,149500,USD,2026-05-31T16:08:09Z,2026-05-31T23:59:59Z
APP-0070892,REQ-2026-00391,offer_declined,2026-05-25,,2026-05-27,,,,2026-06-22,46500,USD,2026-05-27T12:17:36Z,2026-05-31T23:59:59Z
APP-0070893,REQ-2026-00392,accepted,2026-05-14,2026-05-17,,,,,2026-06-08,75000,USD,2026-05-17T15:40:38Z,2026-05-31T23:59:59Z
APP-0070914,REQ-2026-00074,accepted,2026-05-24,2026-05-28,,,,,2026-07-06,116500,USD,2026-05-28T16:15:38Z,2026-05-31T23:59:59Z
APP-0070923,REQ-2026-00227,accepted,2026-05-16,2026-05-23,,,,,2026-06-29,76500,USD,2026-05-23T11:01:30Z,2026-05-31T23:59:59Z
APP-0070925,REQ-2026-00232,accepted,2026-05-20,2026-05-22,,,,,2026-07-06,87000,USD,2026-05-22T17:08:15Z,2026-05-31T23:59:59Z
APP-0070943,REQ-2026-00321,offer_withdrawn,2026-05-21,,,2026-05-28,,,2026-06-18,65000,USD,2026-05-28T09:27:40Z,2026-05-31T23:59:59Z
APP-0070957,REQ-2026-00344,accepted,2026-05-20,2026-05-21,,,,,2026-06-08,54000,USD,2026-05-21T15:25:08Z,2026-05-31T23:59:59Z
APP-0070962,REQ-2026-00358,pending,2026-05-30,,,,,,2026-06-27,106000,USD,2026-05-30T08:33:28Z,2026-05-31T23:59:59Z
APP-0070974,REQ-2026-00365,accepted,2026-05-28,2026-05-29,,,,,2026-07-06,106000,USD,2026-05-29T08:08:12Z,2026-05-31T23:59:59Z
APP-0070977,REQ-2026-00366,accepted,2026-05-16,2026-05-20,,,,,2026-06-15,85000,USD,2026-05-31T10:39:18Z,2026-05-31T23:59:59Z
APP-0070983,REQ-2026-00368,accepted,2026-05-29,2026-05-30,,,,,2026-06-29,85500,USD,2026-05-30T14:37:52Z,2026-05-31T23:59:59Z
APP-0070996,REQ-2026-00383,accepted,2026-05-22,2026-05-24,,,,,2026-06-15,70500,USD,2026-05-24T16:13:02Z,2026-05-31T23:59:59Z
APP-0071009,REQ-2025-01012,accepted,2026-05-24,2026-05-27,,,,,2026-06-29,129500,USD,2026-05-27T16:27:40Z,2026-05-31T23:59:59Z
APP-0071025,REQ-2026-00217,offer_declined,2026-05-19,,2026-05-21,,,,2026-06-16,61000,USD,2026-05-21T15:31:33Z,2026-05-31T23:59:59Z
APP-0071093,REQ-2026-00368,offer_declined,2026-05-19,,2026-05-22,,,,2026-06-14,87000,USD,2026-05-22T12:41:15Z,2026-05-31T23:59:59Z
APP-0071110,REQ-2026-00406,accepted,2026-05-16,2026-05-18,,,,,2026-06-08,56000,USD,2026-05-18T12:30:38Z,2026-05-31T23:59:59Z
APP-0071150,REQ-2026-00321,accepted,2026-05-22,2026-05-24,,,,,2026-06-15,74500,USD,2026-05-24T18:26:50Z,2026-05-31T23:59:59Z
APP-0071277,REQ-2026-00343,offer_declined,2026-05-24,,2026-05-27,,,,2026-06-21,106000,USD,2026-05-27T10:52:02Z,2026-05-31T23:59:59Z
APP-0071290,REQ-2026-00359,offer_withdrawn,2026-05-21,,,2026-05-24,,,2026-06-18,80000,USD,2026-05-24T09:25:19Z,2026-05-31T23:59:59Z
APP-0071346,REQ-2026-00100,accepted,2026-05-24,2026-05-26,,,,,2026-06-15,58500,USD,2026-05-26T15:45:52Z,2026-05-31T23:59:59Z
APP-0071398,REQ-2026-00368,accepted,2026-05-25,2026-05-28,,,,,2026-06-29,89500,USD,2026-05-28T08:55:22Z,2026-05-31T23:59:59Z
APP-0071406,REQ-2026-00379,accepted,2026-05-25,2026-05-28,,,,,2026-06-29,63500,USD,2026-05-28T08:25:21Z,2026-05-31T23:59:59Z
APP-0071433,REQ-2025-00995,accepted,2026-05-28,2026-05-31,,,,,2026-06-15,66500,USD,2026-05-31T15:17:17Z,2026-05-31T23:59:59Z
APP-0071511,REQ-2026-00381,offer_declined,2026-05-23,,2026-05-25,,,,2026-06-16,89500,USD,2026-05-25T12:41:08Z,2026-05-31T23:59:59Z
APP-0071518,REQ-2026-00391,accepted,2026-05-21,2026-05-23,,,,,2026-06-08,50000,USD,2026-05-23T09:40:16Z,2026-05-31T23:59:59Z
APP-0071535,REQ-2026-00412,accepted,2026-05-19,2026-05-23,,,,,2026-06-15,71000,USD,2026-05-23T13:15:43Z,2026-05-31T23:59:59Z
APP-0071612,REQ-2026-00385,offer_declined,2026-05-26,,2026-05-29,,,,2026-06-22,119500,USD,2026-05-29T18:44:23Z,2026-05-31T23:59:59Z
APP-0071624,REQ-2026-00403,accepted,2026-05-26,2026-05-28,,,,,2026-07-06,90000,USD,2026-05-28T15:50:09Z,2026-05-31T23:59:59Z
APP-0071628,REQ-2026-00409,accepted,2026-05-29,2026-05-30,,,,,2026-07-06,98000,USD,2026-05-30T16:37:46Z,2026-05-31T23:59:59Z
APP-0071636,REQ-2026-00417,accepted,2026-05-27,2026-05-30,,,,,2026-06-22,60500,USD,2026-05-30T14:33:00Z,2026-05-31T23:59:59Z
APP-0071743,REQ-2026-00421,offer_declined,2026-05-28,,2026-05-30,,,,2026-06-25,74500,USD,2026-05-30T10:04:19Z,2026-05-31T23:59:59Z
APP-0071802,REQ-2026-00359,offer_withdrawn,2026-05-22,,,2026-05-26,,,2026-06-19,81500,USD,2026-05-26T19:39:56Z,2026-05-31T23:59:59Z
APP-0071834,REQ-2026-00410,pending,2026-05-28,,,,,,2026-06-25,147000,USD,2026-05-28T14:47:22Z,2026-05-31T23:59:59Z
APP-0071835,REQ-2026-00412,pending,2026-05-31,,,,,,2026-06-28,72000,USD,2026-05-31T11:58:36Z,2026-05-31T23:59:59Z
APP-0071845,REQ-2026-00419,pending,2026-05-27,,,,,,2026-06-24,75000,USD,2026-05-27T12:44:27Z,2026-05-31T23:59:59Z
APP-0071892,REQ-2026-00364,accepted,2026-05-22,2026-05-30,,,,,2026-07-06,91500,USD,2026-05-30T13:39:17Z,2026-05-31T23:59:59Z
APP-0071922,REQ-2026-00403,pending,2026-05-31,,,,,,2026-06-28,92000,USD,2026-05-31T10:48:25Z,2026-05-31T23:59:59Z
APP-0071937,REQ-2026-00419,offer_declined,2026-05-27,,2026-05-29,,,,2026-06-24,68000,USD,2026-05-29T17:20:55Z,2026-05-31T23:59:59Z
APP-0072037,REQ-2026-00421,pending,2026-05-30,,,,,,2026-06-27,81000,USD,2026-05-30T14:52:06Z,2026-05-31T23:59:59Z
APP-0072085,REQ-2026-00344,offer_declined,2026-05-29,,2026-05-31,,,,2026-06-26,60500,USD,2026-05-31T12:48:49Z,2026-05-31T23:59:59Z
APP-0072142,REQ-2026-00417,accepted,2026-05-26,2026-05-28,,,,,2026-06-29,66000,USD,2026-05-28T13:49:29Z,2026-05-31T23:59:59Z
APP-0072222,REQ-2026-00373,offer_withdrawn,2026-05-29,,,2026-05-31,,,2026-06-26,107500,USD,2026-05-31T10:29:10Z,2026-05-31T23:59:59Z
APP-0072323,REQ-2026-00313,offer_declined,2026-05-27,,2026-05-28,,,,2026-06-24,51500,USD,2026-05-28T19:37:59Z,2026-05-31T23:59:59Z
APP-0072482,REQ-2026-00417,accepted,2026-05-30,2026-05-31,,,,,2026-06-29,63000,USD,2026-05-31T11:39:58Z,2026-05-31T23:59:59Z
APP-0072497,REQ-2026-00425,pending,2026-05-30,,,,,,2026-06-26,96500,USD,2026-05-30T08:03:12Z,2026-05-31T23:59:59Z
APP-0072504,REQ-2026-00428,accepted,2026-05-29,2026-05-30,,,,,2026-06-29,75500,USD,2026-05-30T08:31:00Z,2026-05-31T23:59:59Z
APP-0072505,REQ-2026-00433,pending,2026-05-31,,,,,,2026-06-28,66000,USD,2026-05-31T12:07:46Z,2026-05-31T23:59:59Z
APP-0072570,REQ-2026-00368,pending,2026-05-30,,,,,,2026-06-27,78000,USD,2026-05-30T18:47:54Z,2026-05-31T23:59:59Z
APP-0072574,REQ-2026-00376,pending,2026-05-30,,,,,,2026-06-27,97500,USD,2026-05-30T12:49:07Z,2026-05-31T23:59:59Z
APP-0072608,REQ-2026-00425,pending,2026-05-30,,,,,,2026-06-26,104000,USD,2026-05-30T17:00:38Z,2026-05-31T23:59:59Z
APP-0072614,REQ-2026-00428,pending,2026-05-27,,,,,,2026-06-24,79000,USD,2026-05-27T13:11:56Z,2026-05-31T23:59:59Z
APP-0072914,REQ-2026-00405,pending,2026-05-30,,,,,,2026-06-27,52500,USD,2026-05-30T11:02:57Z,2026-05-31T23:59:59Z
APP-0073029,REQ-2026-00425,pending,2026-05-31,,,,,,2026-06-28,89000,USD,2026-05-31T14:19:33Z,2026-05-31T23:59:59Z
