worker_event_id,worker_id,candidate_id,application_id,requisition_id,event_type,event_date,event_reason,record_created_date
WE-0000001,W-100001,CAND-0000189,APP-0000189,REQ-2024-00023,hire,2024-02-05,new_hire,2024-02-07
WE-0000002,W-100002,CAND-0000047,APP-0000047,REQ-2024-00008,hire,2024-02-12,new_hire,2024-02-12
WE-0000003,W-100003,CAND-0000237,APP-0000237,REQ-2024-00109,hire,2024-02-12,new_hire,2024-02-14
WE-0000004,W-100004,CAND-0000260,APP-0000260,REQ-2024-00021,hire,2024-02-12,new_hire,2024-02-14
WE-0000005,W-100005,CAND-0001177,APP-0001177,REQ-2024-00005,hire,2024-02-12,new_hire,2024-02-14
WE-0000006,W-100006,CAND-0000061,APP-0000061,REQ-2024-00025,hire,2024-02-19,new_hire,2024-02-19
WE-0000007,W-100007,CAND-0000079,APP-0000079,REQ-2024-00044,hire,2024-02-19,new_hire,2024-02-20
WE-0000008,W-100008,CAND-0000141,APP-0000141,REQ-2024-00054,hire,2024-02-19,new_hire,2024-02-21
WE-0000009,W-100009,CAND-0000354,APP-0000354,REQ-2024-00028,hire,2024-02-19,new_hire,2024-02-21
WE-0000010,W-100010,CAND-0000376,APP-0000376,REQ-2024-00040,hire,2024-02-19,new_hire,2024-02-21
WE-0000011,W-100011,CAND-0000421,APP-0000421,REQ-2024-00109,hire,2024-02-19,new_hire,2024-02-22
WE-0000012,W-100012,CAND-0000469,APP-0000469,REQ-2024-00044,hire,2024-02-19,new_hire,2024-02-19
WE-0000013,W-100013,CAND-0000966,APP-0000966,REQ-2024-00117,hire,2024-02-19,new_hire,2024-02-22
WE-0000014,W-100014,CAND-0001409,APP-0001409,REQ-2024-00054,hire,2024-02-19,new_hire,2024-02-20
WE-0000015,W-100015,CAND-0001609,APP-0001611,REQ-2024-00072,hire,2024-02-19,new_hire,2024-02-19
WE-0000016,W-100016,CAND-0001785,APP-0001787,REQ-2024-00053,hire,2024-02-19,new_hire,2024-02-21
WE-0000017,W-100017,CAND-0002347,APP-0002351,REQ-2024-00248,hire,2024-02-19,new_hire,2024-02-19
WE-0000018,W-100018,CAND-0000011,APP-0000011,REQ-2024-00033,hire,2024-02-26,new_hire,2024-02-29
WE-0000019,W-100019,CAND-0000085,APP-0000085,REQ-2024-00064,hire,2024-02-26,new_hire,2024-02-28
WE-0000020,W-100020,CAND-0000155,APP-0000155,REQ-2024-00077,hire,2024-02-26,new_hire,2024-02-29
WE-0000021,W-100021,CAND-0000195,APP-0000195,REQ-2024-00031,hire,2024-02-26,new_hire,2024-02-26
WE-0000022,W-100022,CAND-0000332,APP-0000332,REQ-2024-00008,hire,2024-02-26,new_hire,2024-02-26
WE-0000023,W-100023,CAND-0000670,APP-0000670,REQ-2024-00012,hire,2024-02-26,new_hire,2024-02-28
WE-0000024,W-100024,CAND-0001141,APP-0001141,REQ-2024-00169,hire,2024-02-26,new_hire,2024-02-28
WE-0000025,W-100025,CAND-0001259,APP-0001259,REQ-2024-00094,hire,2024-02-26,new_hire,2024-02-28
WE-0000026,W-100026,CAND-0001422,APP-0001422,REQ-2024-00064,hire,2024-02-26,new_hire,2024-02-26
WE-0000027,W-100027,CAND-0001549,APP-0001551,REQ-2024-00235,hire,2024-02-26,new_hire,2024-02-27
WE-0000028,W-100028,CAND-0001556,APP-0001558,REQ-2024-00254,hire,2024-02-26,new_hire,2024-02-27
WE-0000029,W-100029,CAND-0002156,APP-0002160,REQ-2024-00270,hire,2024-02-26,new_hire,2024-02-29
WE-0000030,W-100030,CAND-0002764,APP-0002772,REQ-2024-00312,hire,2024-02-26,new_hire,2024-02-26
WE-0000031,W-100011,CAND-0000421,APP-0000421,REQ-2024-00109,termination,2024-03-03,voluntary_resignation,2024-03-06
WE-0000032,W-100031,CAND-0000015,APP-0000015,REQ-2024-00035,hire,2024-03-04,new_hire,2024-03-07
WE-0000033,W-100032,CAND-0000036,APP-0000036,REQ-2024-00034,hire,2024-03-04,new_hire,2024-03-07
WE-0000034,W-100033,CAND-0000129,APP-0000129,REQ-2024-00042,hire,2024-03-04,new_hire,2024-03-04
WE-0000035,W-100034,CAND-0000185,APP-0000185,REQ-2024-00019,hire,2024-03-04,new_hire,2024-03-04
WE-0000036,W-100035,CAND-0000218,APP-0000218,REQ-2024-00055,hire,2024-03-04,new_hire,2024-03-05
WE-0000037,W-100036,CAND-0000262,APP-0000262,REQ-2024-00026,hire,2024-03-04,new_hire,2024-03-07
WE-0000038,W-100037,CAND-0000273,APP-0000273,REQ-2024-00034,hire,2024-03-04,new_hire,2024-03-06
WE-0000039,W-100038,CAND-0000276,APP-0000276,REQ-2024-00035,hire,2024-03-04,new_hire,2024-03-05
WE-0000040,W-100039,CAND-0000286,APP-0000286,REQ-2024-00054,hire,2024-03-04,new_hire,2024-03-06
WE-0000041,W-100040,CAND-0000308,APP-0000308,REQ-2024-00080,hire,2024-03-04,new_hire,2024-03-05
WE-0000042,W-100041,CAND-0000321,APP-0000321,REQ-2024-00114,hire,2024-03-04,new_hire,2024-03-04
WE-0000043,W-100042,CAND-0000360,APP-0000360,REQ-2024-00034,hire,2024-03-04,new_hire,2024-03-05
WE-0000044,W-100043,CAND-0000502,APP-0000502,REQ-2024-00092,hire,2024-03-04,new_hire,2024-03-06
WE-0000045,W-100044,CAND-0000608,APP-0000608,REQ-2024-00089,hire,2024-03-04,new_hire,2024-03-07
WE-0000046,W-100045,CAND-0000611,APP-0000611,REQ-2024-00091,hire,2024-03-04,new_hire,2024-03-04
WE-0000047,W-100046,CAND-0000646,APP-0000646,REQ-2024-00141,hire,2024-03-04,new_hire,2024-03-05
WE-0000048,W-100047,CAND-0000654,APP-0000654,REQ-2024-00153,hire,2024-03-04,new_hire,2024-03-04
WE-0000049,W-100048,CAND-0000687,APP-0000687,REQ-2024-00035,hire,2024-03-04,new_hire,2024-03-04
WE-0000050,W-100049,CAND-0000883,APP-0000883,REQ-2024-00177,hire,2024-03-04,new_hire,2024-03-07
WE-0000051,W-100050,CAND-0000905,APP-0000905,REQ-2024-00022,hire,2024-03-04,new_hire,2024-03-06
WE-0000052,W-100051,CAND-0001015,APP-0001015,REQ-2024-00185,hire,2024-03-04,new_hire,2024-03-06
WE-0000053,W-100052,CAND-0001140,APP-0001140,REQ-2024-00167,hire,2024-03-04,new_hire,2024-03-05
WE-0000054,W-100053,CAND-0001164,APP-0001164,REQ-2024-00214,hire,2024-03-04,new_hire,2024-03-06
WE-0000055,W-100054,CAND-0001313,APP-0001313,REQ-2024-00172,hire,2024-03-04,new_hire,2024-03-07
WE-0000056,W-100055,CAND-0001411,APP-0001411,REQ-2024-00057,hire,2024-03-04,new_hire,2024-03-04
WE-0000057,W-100056,CAND-0001450,APP-0001450,REQ-2024-00112,hire,2024-03-04,new_hire,2024-03-04
WE-0000058,W-100057,CAND-0001599,APP-0001601,REQ-2024-00054,hire,2024-03-04,new_hire,2024-03-06
WE-0000059,W-100058,CAND-0001696,APP-0001698,REQ-2024-00195,hire,2024-03-04,new_hire,2024-03-04
WE-0000060,W-100059,CAND-0001718,APP-0001720,REQ-2024-00217,hire,2024-03-04,new_hire,2024-03-06
WE-0000061,W-100060,CAND-0001835,APP-0001837,REQ-2024-00128,hire,2024-03-04,new_hire,2024-03-05
WE-0000062,W-100061,CAND-0001929,APP-0001931,REQ-2024-00235,hire,2024-03-04,new_hire,2024-03-04
WE-0000063,W-100061,CAND-0001929,APP-0001931,REQ-2024-00235,hire,2024-03-04,new_hire,2024-03-13
WE-0000064,W-100062,CAND-0001951,APP-0001953,REQ-2024-00266,hire,2024-03-04,new_hire,2024-03-05
WE-0000065,W-100063,CAND-0002122,APP-0002125,REQ-2024-00226,hire,2024-03-04,new_hire,2024-03-06
WE-0000066,W-100064,CAND-0002307,APP-0002311,REQ-2024-00214,hire,2024-03-04,new_hire,2024-03-06
WE-0000067,W-100065,CAND-0002442,APP-0002447,REQ-2024-00112,hire,2024-03-04,new_hire,2024-03-04
WE-0000068,W-100066,CAND-0002575,APP-0002580,REQ-2024-00012,hire,2024-03-04,new_hire,2024-03-04
WE-0000069,W-100067,CAND-0002582,APP-0002587,REQ-2024-00028,hire,2024-03-04,new_hire,2024-03-05
WE-0000070,W-100068,CAND-0002678,APP-0002684,REQ-2024-00207,hire,2024-03-04,new_hire,2024-03-06
WE-0000071,W-100069,CAND-0002719,APP-0002726,REQ-2024-00251,hire,2024-03-04,new_hire,2024-03-04
WE-0000072,W-100070,CAND-0003051,APP-0003059,REQ-2024-00204,hire,2024-03-04,new_hire,2024-03-04
WE-0000073,W-100071,CAND-0003143,APP-0003152,REQ-2024-00325,hire,2024-03-04,new_hire,2024-03-04
WE-0000074,W-100072,CAND-0003475,APP-0003486,REQ-2024-00214,hire,2024-03-04,new_hire,2024-03-05
WE-0000075,W-100073,CAND-0003603,APP-0003614,REQ-2024-00037,hire,2024-03-04,new_hire,2024-03-05
WE-0000076,W-100074,CAND-0003722,APP-0003736,REQ-2024-00266,hire,2024-03-04,new_hire,2024-03-07
WE-0000077,W-100075,CAND-0003764,APP-0003778,REQ-2024-00310,hire,2024-03-04,new_hire,2024-03-05
WE-0000078,W-100076,CAND-0003879,APP-0003893,REQ-2024-00209,hire,2024-03-04,new_hire,2024-03-05
WE-0000079,W-100077,CAND-0004331,APP-0004347,REQ-2024-00306,hire,2024-03-04,new_hire,2024-03-06
WE-0000080,W-100078,CAND-0004664,APP-0004680,REQ-2024-00306,hire,2024-03-04,new_hire,2024-03-05
WE-0000081,W-100079,CAND-0004682,APP-0004698,REQ-2024-00325,hire,2024-03-04,new_hire,2024-03-05
WE-0000082,W-100007,CAND-0000079,APP-0000079,REQ-2024-00044,termination,2024-03-09,voluntary_resignation,2024-03-11
WE-0000083,W-100080,CAND-0000350,APP-0000350,REQ-2024-00025,hire,2024-03-11,new_hire,2024-03-14
WE-0000084,W-100081,CAND-0000522,APP-0000522,REQ-2024-00123,hire,2024-03-11,new_hire,2024-03-12
WE-0000085,W-100082,CAND-0000564,APP-0000564,REQ-2024-00035,hire,2024-03-11,new_hire,2024-03-11
WE-0000086,W-100083,CAND-0000717,APP-0000717,REQ-2024-00084,hire,2024-03-11,new_hire,2024-03-12
WE-0000087,W-100083,CAND-0000717,APP-0000717,REQ-2024-00084,hire,2024-03-11,new_hire,2024-03-13
WE-0000088,W-100084,CAND-0000792,APP-0000792,REQ-2024-00034,hire,2024-03-11,new_hire,2024-03-11
WE-0000089,W-100085,CAND-0000857,APP-0000857,REQ-2024-00139,hire,2024-03-11,new_hire,2024-03-13
WE-0000090,W-100086,CAND-0000863,APP-0000863,REQ-2024-00147,hire,2024-03-11,new_hire,2024-03-12
WE-0000091,W-100087,CAND-0001024,APP-0001024,REQ-2024-00195,hire,2024-03-11,new_hire,2024-03-11
WE-0000092,W-100088,CAND-0001043,APP-0001043,REQ-2024-00007,hire,2024-03-11,new_hire,2024-03-12
WE-0000093,W-100089,CAND-0001060,APP-0001060,REQ-2024-00034,hire,2024-03-11,new_hire,2024-03-13
WE-0000094,W-100090,CAND-0001061,APP-0001061,REQ-2024-00034,hire,2024-03-11,new_hire,2024-03-13
WE-0000095,W-100091,CAND-0001335,APP-0001335,REQ-2024-00204,hire,2024-03-11,new_hire,2024-03-11
WE-0000096,W-100092,CAND-0001361,APP-0001361,REQ-2024-00223,hire,2024-03-11,new_hire,2024-03-14
WE-0000097,W-100093,CAND-0001567,APP-0001569,REQ-2024-00008,hire,2024-03-11,new_hire,2024-03-11
WE-0000098,W-100094,CAND-0001592,APP-0001594,REQ-2024-00035,hire,2024-03-11,new_hire,2024-03-13
WE-0000099,W-100095,CAND-0001595,APP-0001597,REQ-2024-00044,hire,2024-03-11,new_hire,2024-03-13
WE-0000100,W-100096,CAND-0001665,APP-0001667,REQ-2024-00139,hire,2024-03-11,new_hire,2024-03-12
WE-0000101,W-100097,CAND-0001713,APP-0001715,REQ-2024-00214,hire,2024-03-11,new_hire,2024-03-12
WE-0000102,W-100098,CAND-0001749,APP-0001751,REQ-2024-00262,hire,2024-03-11,new_hire,2024-03-14
WE-0000103,W-100099,CAND-0001846,APP-0001848,REQ-2024-00138,hire,2024-03-11,new_hire,2024-03-11
WE-0000104,W-100100,CAND-0001910,APP-0001912,REQ-2024-00217,hire,2024-03-11,new_hire,2024-03-12
WE-0000105,W-100101,CAND-0002092,APP-0002095,REQ-2024-00195,hire,2024-03-11,new_hire,2024-03-13
WE-0000106,W-100102,CAND-0002116,APP-0002119,REQ-2024-00222,hire,2024-03-11,new_hire,2024-03-14
WE-0000107,W-100103,CAND-0002142,APP-0002145,REQ-2024-00255,hire,2024-03-11,new_hire,2024-03-14
WE-0000108,W-100104,CAND-0002350,APP-0002354,REQ-2024-00262,hire,2024-03-11,new_hire,2024-03-13
WE-0000109,W-100105,CAND-0002468,APP-0002473,REQ-2024-00164,hire,2024-03-11,new_hire,2024-03-13
WE-0000110,W-100106,CAND-0002656,APP-0002662,REQ-2024-00173,hire,2024-03-11,new_hire,2024-03-12
WE-0000111,W-100107,CAND-0002734,APP-0002741,REQ-2024-00266,hire,2024-03-11,new_hire,2024-03-14
WE-0000112,W-100108,CAND-0002762,APP-0002770,REQ-2024-00309,hire,2024-03-11,new_hire,2024-03-13
WE-0000113,W-100109,CAND-0002854,APP-0002862,REQ-2024-00209,hire,2024-03-11,new_hire,2024-03-12
WE-0000114,W-100110,CAND-0003134,APP-0003143,REQ-2024-00309,hire,2024-03-11,new_hire,2024-03-13
WE-0000115,W-100111,CAND-0003138,APP-0003147,REQ-2024-00321,hire,2024-03-11,new_hire,2024-03-13
WE-0000116,W-100112,CAND-0003163,APP-0003172,REQ-2024-00034,hire,2024-03-11,new_hire,2024-03-11
WE-0000117,W-100113,CAND-0003212,APP-0003222,REQ-2024-00138,hire,2024-03-11,new_hire,2024-03-11
WE-0000118,W-100114,CAND-0003249,APP-0003259,REQ-2024-00197,hire,2024-03-11,new_hire,2024-03-13
WE-0000119,W-100115,CAND-0003405,APP-0003416,REQ-2024-00064,hire,2024-03-11,new_hire,2024-03-14
WE-0000120,W-100116,CAND-0003408,APP-0003419,REQ-2024-00072,hire,2024-03-11,new_hire,2024-03-13
WE-0000121,W-100117,CAND-0003566,APP-0003577,REQ-2024-00309,hire,2024-03-11,new_hire,2024-03-14
WE-0000122,W-100118,CAND-0004683,APP-0004699,REQ-2024-00325,hire,2024-03-11,new_hire,2024-03-13
WE-0000123,W-100119,CAND-0004753,APP-0004769,REQ-2024-00204,hire,2024-03-11,new_hire,2024-03-11
WE-0000124,W-100120,CAND-0005406,APP-0005428,REQ-2024-00039,hire,2024-03-11,new_hire,2024-03-14
WE-0000125,W-100121,CAND-0005508,APP-0005530,REQ-2024-00339,hire,2024-03-11,new_hire,2024-03-14
WE-0000126,W-100122,CAND-0000111,APP-0000111,REQ-2024-00029,hire,2024-03-18,new_hire,2024-03-19
WE-0000127,W-100123,CAND-0000227,APP-0000227,REQ-2024-00079,hire,2024-03-18,new_hire,2024-03-19
WE-0000128,W-100124,CAND-0000254,APP-0000254,REQ-2024-00014,hire,2024-03-18,new_hire,2024-03-19
WE-0000129,W-100125,CAND-0000258,APP-0000258,REQ-2024-00020,hire,2024-03-18,new_hire,2024-03-20
WE-0000130,W-100126,CAND-0000344,APP-0000344,REQ-2024-00019,hire,2024-03-18,new_hire,2024-03-18
WE-0000131,W-100127,CAND-0000386,APP-0000386,REQ-2024-00054,hire,2024-03-18,new_hire,2024-03-21
WE-0000132,W-100128,CAND-0000572,APP-0000572,REQ-2024-00047,hire,2024-03-18,new_hire,2024-03-18
WE-0000133,W-100129,CAND-0000664,APP-0000664,REQ-2024-00175,hire,2024-03-18,new_hire,2024-03-21
WE-0000134,W-100130,CAND-0000862,APP-0000862,REQ-2024-00145,hire,2024-03-18,new_hire,2024-03-18
WE-0000135,W-100131,CAND-0001038,APP-0001038,REQ-2024-00004,hire,2024-03-18,new_hire,2024-03-20
WE-0000136,W-100132,CAND-0001136,APP-0001136,REQ-2024-00154,hire,2024-03-18,new_hire,2024-03-21
WE-0000137,W-100133,CAND-0001142,APP-0001142,REQ-2024-00173,hire,2024-03-18,new_hire,2024-03-18
WE-0000138,W-100134,CAND-0001261,APP-0001261,REQ-2024-00098,hire,2024-03-18,new_hire,2024-03-20
WE-0000139,W-100135,CAND-0001294,APP-0001294,REQ-2024-00139,hire,2024-03-18,new_hire,2024-03-18
WE-0000140,W-100136,CAND-0001481,APP-0001481,REQ-2024-00150,hire,2024-03-18,new_hire,2024-03-18
WE-0000141,W-100137,CAND-0001546,APP-0001548,REQ-2024-00233,hire,2024-03-18,new_hire,2024-03-18
WE-0000142,W-100138,CAND-0001664,APP-0001666,REQ-2024-00139,hire,2024-03-18,new_hire,2024-03-19
WE-0000143,W-100139,CAND-0001731,APP-0001733,REQ-2024-00231,hire,2024-03-18,new_hire,2024-03-18
WE-0000144,W-100140,CAND-0001832,APP-0001834,REQ-2024-00123,hire,2024-03-18,new_hire,2024-03-20
WE-0000145,W-100141,CAND-0001940,APP-0001942,REQ-2024-00244,hire,2024-03-18,new_hire,2024-03-18
WE-0000146,W-100142,CAND-0001952,APP-0001954,REQ-2024-00266,hire,2024-03-18,new_hire,2024-03-21
WE-0000147,W-100143,CAND-0002117,APP-0002120,REQ-2024-00222,hire,2024-03-18,new_hire,2024-03-19
WE-0000148,W-100144,CAND-0002120,APP-0002123,REQ-2024-00225,hire,2024-03-18,new_hire,2024-03-21
WE-0000149,W-100145,CAND-0002237,APP-0002241,REQ-2024-00139,hire,2024-03-18,new_hire,2024-03-18
WE-0000150,W-100146,CAND-0002327,APP-0002331,REQ-2024-00228,hire,2024-03-18,new_hire,2024-03-18
WE-0000151,W-100147,CAND-0002354,APP-0002358,REQ-2024-00264,hire,2024-03-18,new_hire,2024-03-18
WE-0000152,W-100148,CAND-0002375,APP-0002379,REQ-2024-00296,hire,2024-03-18,new_hire,2024-03-18
WE-0000153,W-100149,CAND-0002404,APP-0002408,REQ-2024-00041,hire,2024-03-18,new_hire,2024-03-20
WE-0000154,W-100150,CAND-0002509,APP-0002514,REQ-2024-00220,hire,2024-03-18,new_hire,2024-03-21
WE-0000155,W-100151,CAND-0002597,APP-0002602,REQ-2024-00063,hire,2024-03-18,new_hire,2024-03-18
WE-0000156,W-100152,CAND-0002673,APP-0002679,REQ-2024-00200,hire,2024-03-18,new_hire,2024-03-19
WE-0000157,W-100153,CAND-0002723,APP-0002730,REQ-2024-00258,hire,2024-03-18,new_hire,2024-03-20
WE-0000158,W-100154,CAND-0002824,APP-0002832,REQ-2024-00143,hire,2024-03-18,new_hire,2024-03-21
WE-0000159,W-100155,CAND-0002917,APP-0002925,REQ-2024-00269,hire,2024-03-18,new_hire,2024-03-19
WE-0000160,W-100156,CAND-0003018,APP-0003026,REQ-2024-00139,hire,2024-03-18,new_hire,2024-03-20
WE-0000161,W-100157,CAND-0003079,APP-0003087,REQ-2024-00242,hire,2024-03-18,new_hire,2024-03-20
WE-0000162,W-100158,CAND-0003084,APP-0003092,REQ-2024-00244,hire,2024-03-18,new_hire,2024-03-18
WE-0000163,W-100159,CAND-0003278,APP-0003288,REQ-2024-00224,hire,2024-03-18,new_hire,2024-03-18
WE-0000164,W-100160,CAND-0003339,APP-0003349,REQ-2024-00292,hire,2024-03-18,new_hire,2024-03-20
WE-0000165,W-100161,CAND-0003381,APP-0003392,REQ-2024-00340,hire,2024-03-18,new_hire,2024-03-21
WE-0000166,W-100162,CAND-0003681,APP-0003695,REQ-2024-00223,hire,2024-03-18,new_hire,2024-03-18
WE-0000167,W-100163,CAND-0003748,APP-0003762,REQ-2024-00292,hire,2024-03-18,new_hire,2024-03-20
WE-0000168,W-100164,CAND-0003756,APP-0003770,REQ-2024-00304,hire,2024-03-18,new_hire,2024-03-20
WE-0000169,W-100165,CAND-0003806,APP-0003820,REQ-2024-00036,hire,2024-03-18,new_hire,2024-03-21
WE-0000170,W-100166,CAND-0003820,APP-0003834,REQ-2024-00075,hire,2024-03-18,new_hire,2024-03-21
WE-0000171,W-100167,CAND-0003856,APP-0003870,REQ-2024-00178,hire,2024-03-18,new_hire,2024-03-21
WE-0000172,W-100168,CAND-0004055,APP-0004069,REQ-2024-00185,hire,2024-03-18,new_hire,2024-03-19
WE-0000173,W-100169,CAND-0004098,APP-0004112,REQ-2024-00242,hire,2024-03-18,new_hire,2024-03-20
WE-0000174,W-100170,CAND-0004360,APP-0004376,REQ-2024-00341,hire,2024-03-18,new_hire,2024-03-20
WE-0000175,W-100171,CAND-0004869,APP-0004885,REQ-2024-00157,hire,2024-03-18,new_hire,2024-03-20
WE-0000176,W-100172,CAND-0005389,APP-0005411,REQ-2024-00339,hire,2024-03-18,new_hire,2024-03-20
WE-0000177,W-100173,CAND-0005697,APP-0005721,REQ-2024-00325,hire,2024-03-18,new_hire,2024-03-19
WE-0000178,W-100174,CAND-0005723,APP-0005748,REQ-2024-00359,hire,2024-03-18,new_hire,2024-03-18
WE-0000179,W-100175,CAND-0005725,APP-0005750,REQ-2024-00365,hire,2024-03-18,new_hire,2024-03-20
WE-0000180,W-100176,CAND-0005734,APP-0005759,REQ-2024-00081,hire,2024-03-18,new_hire,2024-03-21
WE-0000181,W-100177,CAND-0005970,APP-0005997,REQ-2024-00213,hire,2024-03-18,new_hire,2024-03-21
WE-0000182,W-100178,CAND-0006225,APP-0006256,REQ-2024-00381,hire,2024-03-18,new_hire,2024-03-19
WE-0000183,W-100179,CAND-0006527,APP-0006563,REQ-2024-00369,hire,2024-03-18,new_hire,2024-03-19
WE-0000184,W-100101,CAND-0002092,APP-0002095,REQ-2024-00195,termination,2024-03-24,involuntary_probation,2024-03-24
WE-0000185,W-100180,CAND-0000518,APP-0000518,REQ-2024-00115,hire,2024-03-25,new_hire,2024-03-28
WE-0000186,W-100181,CAND-0000770,APP-0000770,REQ-2024-00189,hire,2024-03-25,new_hire,2024-03-27
WE-0000187,W-100182,CAND-0001268,APP-0001268,REQ-2024-00110,hire,2024-03-25,new_hire,2024-03-25
WE-0000188,W-100183,CAND-0001372,APP-0001372,REQ-2024-00003,hire,2024-03-25,new_hire,2024-03-26
WE-0000189,W-100184,CAND-0001496,APP-0001496,REQ-2024-00183,hire,2024-03-25,new_hire,2024-03-27
WE-0000190,W-100185,CAND-0001659,APP-0001661,REQ-2024-00136,hire,2024-03-25,new_hire,2024-03-28
WE-0000191,W-100186,CAND-0001840,APP-0001842,REQ-2024-00132,hire,2024-03-25,new_hire,2024-03-27
WE-0000192,W-100187,CAND-0001937,APP-0001939,REQ-2024-00242,hire,2024-03-25,new_hire,2024-03-28
WE-0000193,W-100188,CAND-0002169,APP-0002173,REQ-2024-00019,hire,2024-03-25,new_hire,2024-03-26
WE-0000194,W-100189,CAND-0002285,APP-0002289,REQ-2024-00195,hire,2024-03-25,new_hire,2024-03-28
WE-0000195,W-100190,CAND-0002309,APP-0002313,REQ-2024-00215,hire,2024-03-25,new_hire,2024-03-26
WE-0000196,W-100191,CAND-0002460,APP-0002465,REQ-2024-00150,hire,2024-03-25,new_hire,2024-03-25
WE-0000197,W-100192,CAND-0001496,APP-0002633,REQ-2024-00130,hire,2024-03-25,new_hire,2024-03-28
WE-0000198,W-100193,CAND-0002633,APP-0002639,REQ-2024-00139,hire,2024-03-25,new_hire,2024-03-26
WE-0000199,W-100194,CAND-0002790,APP-0002798,REQ-2024-00063,hire,2024-03-25,new_hire,2024-03-27
WE-0000200,W-100195,CAND-0003233,APP-0003243,REQ-2024-00180,hire,2024-03-25,new_hire,2024-03-26
WE-0000201,W-100196,CAND-0003303,APP-0003313,REQ-2024-00259,hire,2024-03-25,new_hire,2024-03-26
WE-0000202,W-100197,CAND-0003323,APP-0003333,REQ-2024-00279,hire,2024-03-25,new_hire,2024-03-25
WE-0000203,W-100198,CAND-0003332,APP-0003342,REQ-2024-00287,hire,2024-03-25,new_hire,2024-03-27
WE-0000204,W-100199,CAND-0003354,APP-0003365,REQ-2024-00306,hire,2024-03-25,new_hire,2024-03-26
WE-0000205,W-100200,CAND-0003369,APP-0003380,REQ-2024-00324,hire,2024-03-25,new_hire,2024-03-26
WE-0000206,W-100201,CAND-0003404,APP-0003415,REQ-2024-00063,hire,2024-03-25,new_hire,2024-03-28
WE-0000207,W-100202,CAND-0003733,APP-0003747,REQ-2024-00274,hire,2024-03-25,new_hire,2024-03-27
WE-0000208,W-100203,CAND-0003788,APP-0003802,REQ-2024-00329,hire,2024-03-25,new_hire,2024-03-26
WE-0000209,W-100204,CAND-0003791,APP-0003805,REQ-2024-00331,hire,2024-03-25,new_hire,2024-03-25
WE-0000210,W-100205,CAND-0003926,APP-0003940,REQ-2024-00271,hire,2024-03-25,new_hire,2024-03-28
WE-0000211,W-100206,CAND-0003963,APP-0003977,REQ-2024-00324,hire,2024-03-25,new_hire,2024-03-26
WE-0000212,W-100207,CAND-0004176,APP-0004190,REQ-2024-00325,hire,2024-03-25,new_hire,2024-03-25
WE-0000213,W-100208,CAND-0004275,APP-0004290,REQ-2024-00222,hire,2024-03-25,new_hire,2024-03-27
WE-0000214,W-100209,CAND-0004342,APP-0004358,REQ-2024-00317,hire,2024-03-25,new_hire,2024-03-28
WE-0000215,W-100210,CAND-0004596,APP-0004612,REQ-2024-00204,hire,2024-03-25,new_hire,2024-03-26
WE-0000216,W-100211,CAND-0004761,APP-0004777,REQ-2024-00221,hire,2024-03-25,new_hire,2024-03-28
WE-0000217,W-100212,CAND-0004799,APP-0004815,REQ-2024-00287,hire,2024-03-25,new_hire,2024-03-25
WE-0000218,W-100213,CAND-0004839,APP-0004855,REQ-2024-00012,hire,2024-03-25,new_hire,2024-03-28
WE-0000219,W-100214,CAND-0004973,APP-0004990,REQ-2024-00326,hire,2024-03-25,new_hire,2024-03-28
WE-0000220,W-100215,CAND-0005142,APP-0005163,REQ-2024-00095,hire,2024-03-25,new_hire,2024-03-27
WE-0000221,W-100216,CAND-0005195,APP-0005216,REQ-2024-00242,hire,2024-03-25,new_hire,2024-03-26
WE-0000222,W-100217,CAND-0005337,APP-0005358,REQ-2024-00261,hire,2024-03-25,new_hire,2024-03-26
WE-0000223,W-100218,CAND-0005349,APP-0005370,REQ-2024-00278,hire,2024-03-25,new_hire,2024-03-27
WE-0000224,W-100219,CAND-0005376,APP-0005398,REQ-2024-00314,hire,2024-03-25,new_hire,2024-03-27
WE-0000225,W-100220,CAND-0005556,APP-0005578,REQ-2024-00209,hire,2024-03-25,new_hire,2024-03-27
WE-0000226,W-100221,CAND-0005602,APP-0005624,REQ-2024-00325,hire,2024-03-25,new_hire,2024-03-26
WE-0000227,W-100222,CAND-0005724,APP-0005749,REQ-2024-00359,hire,2024-03-25,new_hire,2024-03-25
WE-0000228,W-100223,CAND-0006084,APP-0006114,REQ-2024-00329,hire,2024-03-25,new_hire,2024-03-26
WE-0000229,W-100224,CAND-0006317,APP-0006349,REQ-2024-00381,hire,2024-03-25,new_hire,2024-03-25
WE-0000230,W-100225,CAND-0006319,APP-0006351,REQ-2024-00384,hire,2024-03-25,new_hire,2024-03-27
WE-0000231,W-100226,CAND-0006603,APP-0006640,REQ-2024-00369,hire,2024-03-25,new_hire,2024-03-28
WE-0000232,W-100227,CAND-0007051,APP-0007094,REQ-2024-00339,hire,2024-03-25,new_hire,2024-03-26
WE-0000233,W-100157,CAND-0003079,APP-0003087,REQ-2024-00242,termination,2024-03-29,voluntary_resignation,2024-03-30
WE-0000234,W-100153,CAND-0002723,APP-0002730,REQ-2024-00258,termination,2024-03-31,involuntary_probation,2024-04-04
WE-0000235,W-100228,CAND-0000411,APP-0000411,REQ-2024-00085,hire,2024-04-01,new_hire,2024-04-01
WE-0000236,W-100229,CAND-0000723,APP-0000723,REQ-2024-00097,hire,2024-04-01,new_hire,2024-04-03
WE-0000237,W-100230,CAND-0000739,APP-0000739,REQ-2024-00121,hire,2024-04-01,new_hire,2024-04-01
WE-0000238,W-100231,CAND-0000965,APP-0000965,REQ-2024-00114,hire,2024-04-01,new_hire,2024-04-02
WE-0000239,W-100232,CAND-0001018,APP-0001018,REQ-2024-00188,hire,2024-04-01,new_hire,2024-04-01
WE-0000240,W-100233,CAND-0001144,APP-0001144,REQ-2024-00181,hire,2024-04-01,new_hire,2024-04-04
WE-0000241,W-100233,CAND-0001144,APP-0001144,REQ-2024-00181,hire,2024-04-01,new_hire,2024-04-07
WE-0000242,W-100234,CAND-0001379,APP-0001379,REQ-2024-00019,hire,2024-04-01,new_hire,2024-04-03
WE-0000243,W-100235,CAND-0001550,APP-0001552,REQ-2024-00235,hire,2024-04-01,new_hire,2024-04-01
WE-0000244,W-100236,CAND-0001618,APP-0001620,REQ-2024-00083,hire,2024-04-01,new_hire,2024-04-01
WE-0000245,W-100237,CAND-0002006,APP-0002008,REQ-2024-00071,hire,2024-04-01,new_hire,2024-04-04
WE-0000246,W-100238,CAND-0002712,APP-0002719,REQ-2024-00242,hire,2024-04-01,new_hire,2024-04-01
WE-0000247,W-100239,CAND-0002751,APP-0002759,REQ-2024-00289,hire,2024-04-01,new_hire,2024-04-03
WE-0000248,W-100239,CAND-0002751,APP-0002759,REQ-2024-00289,hire,2024-04-01,new_hire,2024-04-15
WE-0000249,W-100240,CAND-0002771,APP-0002779,REQ-2024-00002,hire,2024-04-01,new_hire,2024-04-03
WE-0000250,W-100241,CAND-0002799,APP-0002807,REQ-2024-00080,hire,2024-04-01,new_hire,2024-04-03
WE-0000251,W-100242,CAND-0002882,APP-0002890,REQ-2024-00222,hire,2024-04-01,new_hire,2024-04-01
WE-0000252,W-100243,CAND-0003047,APP-0003055,REQ-2024-00196,hire,2024-04-01,new_hire,2024-04-03
WE-0000253,W-100244,CAND-0003333,APP-0003343,REQ-2024-00287,hire,2024-04-01,new_hire,2024-04-03
WE-0000254,W-100245,CAND-0003368,APP-0003379,REQ-2024-00324,hire,2024-04-01,new_hire,2024-04-01
WE-0000255,W-100246,CAND-0003385,APP-0003396,REQ-2024-00016,hire,2024-04-01,new_hire,2024-04-01
WE-0000256,W-100246,CAND-0003385,APP-0003396,REQ-2024-00016,hire,2024-04-01,new_hire,2024-04-12
WE-0000257,W-100247,CAND-0003492,APP-0003503,REQ-2024-00231,hire,2024-04-01,new_hire,2024-04-04
WE-0000258,W-100248,CAND-0003507,APP-0003518,REQ-2024-00253,hire,2024-04-01,new_hire,2024-04-01
WE-0000259,W-100249,CAND-0003728,APP-0003742,REQ-2024-00271,hire,2024-04-01,new_hire,2024-04-04
WE-0000260,W-100250,CAND-0003731,APP-0003745,REQ-2024-00273,hire,2024-04-01,new_hire,2024-04-03
WE-0000261,W-100251,CAND-0003772,APP-0003786,REQ-2024-00319,hire,2024-04-01,new_hire,2024-04-01
WE-0000262,W-100252,CAND-0004276,APP-0004291,REQ-2024-00222,hire,2024-04-01,new_hire,2024-04-01
WE-0000263,W-100253,CAND-0004299,APP-0004314,REQ-2024-00259,hire,2024-04-01,new_hire,2024-04-04
WE-0000264,W-100254,CAND-0004497,APP-0004513,REQ-2024-00304,hire,2024-04-01,new_hire,2024-04-02
WE-0000265,W-100255,CAND-0004608,APP-0004624,REQ-2024-00222,hire,2024-04-01,new_hire,2024-04-02
WE-0000266,W-100256,CAND-0004765,APP-0004781,REQ-2024-00222,hire,2024-04-01,new_hire,2024-04-04
WE-0000267,W-100257,CAND-0004821,APP-0004837,REQ-2024-00324,hire,2024-04-01,new_hire,2024-04-02
WE-0000268,W-100258,CAND-0005069,APP-0005087,REQ-2024-00259,hire,2024-04-01,new_hire,2024-04-02
WE-0000269,W-100259,CAND-0005102,APP-0005123,REQ-2024-00316,hire,2024-04-01,new_hire,2024-04-03
WE-0000270,W-100260,CAND-0005272,APP-0005293,REQ-2024-00075,hire,2024-04-01,new_hire,2024-04-01
WE-0000271,W-100261,CAND-0005353,APP-0005374,REQ-2024-00283,hire,2024-04-01,new_hire,2024-04-02
WE-0000272,W-100262,CAND-0005568,APP-0005590,REQ-2024-00242,hire,2024-04-01,new_hire,2024-04-01
WE-0000273,W-100263,CAND-0005950,APP-0005977,REQ-2024-00369,hire,2024-04-01,new_hire,2024-04-01
WE-0000274,W-100264,CAND-0006105,APP-0006135,REQ-2024-00369,hire,2024-04-01,new_hire,2024-04-04
WE-0000275,W-100265,CAND-0006145,APP-0006175,REQ-2024-00219,hire,2024-04-01,new_hire,2024-04-04
WE-0000276,W-100266,CAND-0006238,APP-0006269,REQ-2024-00112,hire,2024-04-01,new_hire,2024-04-04
WE-0000277,W-100267,CAND-0006693,APP-0006730,REQ-2024-00383,hire,2024-04-01,new_hire,2024-04-02
WE-0000278,W-100268,CAND-0007182,APP-0007226,REQ-2024-00257,hire,2024-04-01,new_hire,2024-04-01
WE-0000279,W-100269,CAND-0000594,APP-0007280,REQ-2024-00204,hire,2024-04-01,new_hire,2024-04-01
WE-0000280,W-100270,CAND-0007266,APP-0007312,REQ-2024-00381,hire,2024-04-01,new_hire,2024-04-04
WE-0000281,W-100271,CAND-0005176,APP-0007402,REQ-2024-00404,hire,2024-04-01,new_hire,2024-04-01
WE-0000282,W-100047,CAND-0000654,APP-0000654,REQ-2024-00153,termination,2024-04-02,voluntary_resignation,2024-04-06
WE-0000283,W-100038,CAND-0000276,APP-0000276,REQ-2024-00035,termination,2024-04-04,involuntary_probation,2024-04-09
WE-0000284,W-100088,CAND-0001043,APP-0001043,REQ-2024-00007,termination,2024-04-04,involuntary_performance,2024-04-08
WE-0000285,W-100092,CAND-0001361,APP-0001361,REQ-2024-00223,termination,2024-04-05,involuntary_probation,2024-04-06
WE-0000286,W-100104,CAND-0002350,APP-0002354,REQ-2024-00262,termination,2024-04-07,involuntary_probation,2024-04-12
WE-0000287,W-100162,CAND-0003681,APP-0003695,REQ-2024-00223,termination,2024-04-07,involuntary_probation,2024-04-09
WE-0000288,W-100272,CAND-0000392,APP-0000392,REQ-2024-00063,hire,2024-04-08,new_hire,2024-04-08
WE-0000289,W-100273,CAND-0000656,APP-0000656,REQ-2024-00159,hire,2024-04-08,new_hire,2024-04-09
WE-0000290,W-100274,CAND-0001069,APP-0001069,REQ-2024-00038,hire,2024-04-08,new_hire,2024-04-08
WE-0000291,W-100275,CAND-0001115,APP-0001115,REQ-2024-00129,hire,2024-04-08,new_hire,2024-04-08
WE-0000292,W-100276,CAND-0001444,APP-0001444,REQ-2024-00108,hire,2024-04-08,new_hire,2024-04-09
WE-0000293,W-100277,CAND-0002091,APP-0002094,REQ-2024-00195,hire,2024-04-08,new_hire,2024-04-11
WE-0000294,W-100278,CAND-0002160,APP-0002164,REQ-2024-00287,hire,2024-04-08,new_hire,2024-04-10
WE-0000295,W-100279,CAND-0002198,APP-0002202,REQ-2024-00081,hire,2024-04-08,new_hire,2024-04-11
WE-0000296,W-100280,CAND-0003376,APP-0003387,REQ-2024-00330,hire,2024-04-08,new_hire,2024-04-09
WE-0000297,W-100281,CAND-0003500,APP-0003511,REQ-2024-00241,hire,2024-04-08,new_hire,2024-04-09
WE-0000298,W-100282,CAND-0003610,APP-0003622,REQ-2024-00070,hire,2024-04-08,new_hire,2024-04-11
WE-0000299,W-100283,CAND-0003755,APP-0003769,REQ-2024-00304,hire,2024-04-08,new_hire,2024-04-09
WE-0000300,W-100284,CAND-0004138,APP-0004152,REQ-2024-00287,hire,2024-04-08,new_hire,2024-04-09
WE-0000301,W-100285,CAND-0004588,APP-0004604,REQ-2024-00190,hire,2024-04-08,new_hire,2024-04-11
WE-0000302,W-100286,CAND-0004776,APP-0004792,REQ-2024-00256,hire,2024-04-08,new_hire,2024-04-10
WE-0000303,W-100287,CAND-0004963,APP-0004979,REQ-2024-00318,hire,2024-04-08,new_hire,2024-04-08
WE-0000304,W-100288,CAND-0004966,APP-0004982,REQ-2024-00324,hire,2024-04-08,new_hire,2024-04-09
WE-0000305,W-100289,CAND-0004982,APP-0004999,REQ-2024-00338,hire,2024-04-08,new_hire,2024-04-10
WE-0000306,W-100290,CAND-0005202,APP-0005223,REQ-2024-00260,hire,2024-04-08,new_hire,2024-04-10
WE-0000307,W-100291,CAND-0005254,APP-0005275,REQ-2024-00342,hire,2024-04-08,new_hire,2024-04-09
WE-0000308,W-100292,CAND-0005256,APP-0005277,REQ-2024-00349,hire,2024-04-08,new_hire,2024-04-09
WE-0000309,W-100293,CAND-0005273,APP-0005294,REQ-2024-00081,hire,2024-04-08,new_hire,2024-04-08
WE-0000310,W-100294,CAND-0005516,APP-0005538,REQ-2024-00351,hire,2024-04-08,new_hire,2024-04-09
WE-0000311,W-100295,CAND-0005658,APP-0005681,REQ-2024-00222,hire,2024-04-08,new_hire,2024-04-08
WE-0000312,W-100296,CAND-0005710,APP-0005735,REQ-2024-00346,hire,2024-04-08,new_hire,2024-04-10
WE-0000313,W-100297,CAND-0006021,APP-0006049,REQ-2024-00358,hire,2024-04-08,new_hire,2024-04-11
WE-0000314,W-100298,CAND-0006180,APP-0006211,REQ-2024-00328,hire,2024-04-08,new_hire,2024-04-08
WE-0000315,W-100299,CAND-0006394,APP-0006429,REQ-2024-00380,hire,2024-04-08,new_hire,2024-04-10
WE-0000316,W-100300,CAND-0006413,APP-0006448,REQ-2024-00216,hire,2024-04-08,new_hire,2024-04-11
WE-0000317,W-100301,CAND-0006630,APP-0006667,REQ-2024-00037,hire,2024-04-08,new_hire,2024-04-09
WE-0000318,W-100302,CAND-0006772,APP-0006810,REQ-2024-00386,hire,2024-04-08,new_hire,2024-04-11
WE-0000319,W-100303,CAND-0006946,APP-0006987,REQ-2024-00403,hire,2024-04-08,new_hire,2024-04-08
WE-0000320,W-100303,CAND-0006946,APP-0006987,REQ-2024-00403,hire,2024-04-08,new_hire,2024-04-20
WE-0000321,W-100304,CAND-0007155,APP-0007198,REQ-2024-00404,hire,2024-04-08,new_hire,2024-04-08
WE-0000322,W-100305,CAND-0007171,APP-0007214,REQ-2024-00114,hire,2024-04-08,new_hire,2024-04-08
WE-0000323,W-100306,CAND-0007276,APP-0007322,REQ-2024-00393,hire,2024-04-08,new_hire,2024-04-08
WE-0000324,W-100307,CAND-0007291,APP-0007337,REQ-2024-00404,hire,2024-04-08,new_hire,2024-04-08
WE-0000325,W-100308,CAND-0007342,APP-0007390,REQ-2024-00389,hire,2024-04-08,new_hire,2024-04-09
WE-0000326,W-100309,CAND-0007428,APP-0007478,REQ-2024-00408,hire,2024-04-08,new_hire,2024-04-10
WE-0000327,W-100024,CAND-0001141,APP-0001141,REQ-2024-00169,termination,2024-04-09,voluntary_resignation,2024-04-12
WE-0000328,W-100070,CAND-0003051,APP-0003059,REQ-2024-00204,termination,2024-04-11,voluntary_resignation,2024-04-14
WE-0000329,W-100096,CAND-0001665,APP-0001667,REQ-2024-00139,termination,2024-04-11,voluntary_resignation,2024-04-16
WE-0000330,W-100310,CAND-0001660,APP-0001662,REQ-2024-00137,hire,2024-04-15,new_hire,2024-04-18
WE-0000331,W-100311,CAND-0002459,APP-0002464,REQ-2024-00144,hire,2024-04-15,new_hire,2024-04-16
WE-0000332,W-100312,CAND-0003226,APP-0003236,REQ-2024-00160,hire,2024-04-15,new_hire,2024-04-16
WE-0000333,W-100313,CAND-0004099,APP-0004113,REQ-2024-00242,hire,2024-04-15,new_hire,2024-04-15
WE-0000334,W-100314,CAND-0004641,APP-0004657,REQ-2024-00269,hire,2024-04-15,new_hire,2024-04-17
WE-0000335,W-100315,CAND-0004868,APP-0004884,REQ-2024-00153,hire,2024-04-15,new_hire,2024-04-16
WE-0000336,W-100316,CAND-0005552,APP-0005574,REQ-2024-00196,hire,2024-04-15,new_hire,2024-04-15
WE-0000337,W-100317,CAND-0005731,APP-0005756,REQ-2024-00063,hire,2024-04-15,new_hire,2024-04-18
WE-0000338,W-100318,CAND-0006068,APP-0006097,REQ-2024-00274,hire,2024-04-15,new_hire,2024-04-16
WE-0000339,W-100319,CAND-0006521,APP-0006557,REQ-2024-00364,hire,2024-04-15,new_hire,2024-04-17
WE-0000340,W-100320,CAND-0006632,APP-0006669,REQ-2024-00051,hire,2024-04-15,new_hire,2024-04-15
WE-0000341,W-100321,CAND-0006837,APP-0006878,REQ-2024-00386,hire,2024-04-15,new_hire,2024-04-16
WE-0000342,W-100322,CAND-0006850,APP-0006891,REQ-2024-00399,hire,2024-04-15,new_hire,2024-04-18
WE-0000343,W-100323,CAND-0007013,APP-0007055,REQ-2024-00399,hire,2024-04-15,new_hire,2024-04-18
WE-0000344,W-100324,CAND-0007134,APP-0007177,REQ-2024-00370,hire,2024-04-15,new_hire,2024-04-15
WE-0000345,W-100325,CAND-0007256,APP-0007302,REQ-2024-00362,hire,2024-04-15,new_hire,2024-04-17
WE-0000346,W-100326,CAND-0007290,APP-0007336,REQ-2024-00404,hire,2024-04-15,new_hire,2024-04-17
WE-0000347,W-100327,CAND-0007367,APP-0007416,REQ-2024-00064,hire,2024-04-15,new_hire,2024-04-15
WE-0000348,W-100328,CAND-0007368,APP-0007417,REQ-2024-00075,hire,2024-04-15,new_hire,2024-04-16
WE-0000349,W-100329,CAND-0007383,APP-0007432,REQ-2024-00208,hire,2024-04-15,new_hire,2024-04-15
WE-0000350,W-100330,CAND-0008111,APP-0008171,REQ-2024-00427,hire,2024-04-15,new_hire,2024-04-15
WE-0000351,W-100224,CAND-0006317,APP-0006349,REQ-2024-00381,termination,2024-04-16,involuntary_probation,2024-04-20
WE-0000352,W-100161,CAND-0003381,APP-0003392,REQ-2024-00340,termination,2024-04-17,voluntary_resignation,2024-04-17
WE-0000353,W-100257,CAND-0004821,APP-0004837,REQ-2024-00324,termination,2024-04-18,voluntary_resignation,2024-04-21
WE-0000354,W-100112,CAND-0003163,APP-0003172,REQ-2024-00034,termination,2024-04-20,voluntary_resignation,2024-04-22
WE-0000355,W-100253,CAND-0004299,APP-0004314,REQ-2024-00259,termination,2024-04-20,voluntary_resignation,2024-04-23
WE-0000356,W-100178,CAND-0006225,APP-0006256,REQ-2024-00381,termination,2024-04-21,voluntary_resignation,2024-04-24
WE-0000357,W-100217,CAND-0005337,APP-0005358,REQ-2024-00261,termination,2024-04-21,involuntary_performance,2024-04-22
WE-0000358,W-100331,CAND-0001458,APP-0001458,REQ-2024-00118,hire,2024-04-22,new_hire,2024-04-23
WE-0000359,W-100332,CAND-0001741,APP-0001743,REQ-2024-00246,hire,2024-04-22,new_hire,2024-04-24
WE-0000360,W-100333,CAND-0002192,APP-0002196,REQ-2024-00056,hire,2024-04-22,new_hire,2024-04-23
WE-0000361,W-100334,CAND-0002463,APP-0002468,REQ-2024-00158,hire,2024-04-22,new_hire,2024-04-22
WE-0000362,W-100335,CAND-0002560,APP-0002565,REQ-2024-00295,hire,2024-04-22,new_hire,2024-04-22
WE-0000363,W-100336,CAND-0004235,APP-0004249,REQ-2024-00148,hire,2024-04-22,new_hire,2024-04-23
WE-0000364,W-100337,CAND-0004804,APP-0004820,REQ-2024-00302,hire,2024-04-22,new_hire,2024-04-24
WE-0000365,W-100338,CAND-0005518,APP-0005540,REQ-2024-00354,hire,2024-04-22,new_hire,2024-04-25
WE-0000366,W-100339,CAND-0005913,APP-0005940,REQ-2024-00318,hire,2024-04-22,new_hire,2024-04-23
WE-0000367,W-100340,CAND-0005937,APP-0005964,REQ-2024-00355,hire,2024-04-22,new_hire,2024-04-24
WE-0000368,W-100341,CAND-0006183,APP-0006214,REQ-2024-00335,hire,2024-04-22,new_hire,2024-04-25
WE-0000369,W-100342,CAND-0006403,APP-0006438,REQ-2024-00030,hire,2024-04-22,new_hire,2024-04-25
WE-0000370,W-100343,CAND-0006489,APP-0006525,REQ-2024-00290,hire,2024-04-22,new_hire,2024-04-22
WE-0000371,W-100344,CAND-0006593,APP-0006630,REQ-2024-00333,hire,2024-04-22,new_hire,2024-04-25
WE-0000372,W-100345,CAND-0006666,APP-0006703,REQ-2024-00344,hire,2024-04-22,new_hire,2024-04-24
WE-0000373,W-100346,CAND-0006701,APP-0006738,REQ-2024-00396,hire,2024-04-22,new_hire,2024-04-22
WE-0000374,W-100347,CAND-0006760,APP-0006797,REQ-2024-00372,hire,2024-04-22,new_hire,2024-04-23
WE-0000375,W-100348,CAND-0006951,APP-0006992,REQ-2024-00052,hire,2024-04-22,new_hire,2024-04-24
WE-0000376,W-100349,CAND-0007151,APP-0007194,REQ-2024-00400,hire,2024-04-22,new_hire,2024-04-25
WE-0000377,W-100350,CAND-0007222,APP-0007266,REQ-2024-00088,hire,2024-04-22,new_hire,2024-04-22
WE-0000378,W-100351,CAND-0007279,APP-0007325,REQ-2024-00396,hire,2024-04-22,new_hire,2024-04-22
WE-0000379,W-100352,CAND-0007331,APP-0007377,REQ-2024-00358,hire,2024-04-22,new_hire,2024-04-23
WE-0000380,W-100353,CAND-0007354,APP-0007403,REQ-2024-00404,hire,2024-04-22,new_hire,2024-04-24
WE-0000381,W-100354,CAND-0007495,APP-0007546,REQ-2024-00409,hire,2024-04-22,new_hire,2024-04-23
WE-0000382,W-100355,CAND-0007619,APP-0007671,REQ-2024-00418,hire,2024-04-22,new_hire,2024-04-25
WE-0000383,W-100356,CAND-0008159,APP-0008221,REQ-2024-00418,hire,2024-04-22,new_hire,2024-04-23
WE-0000384,W-100357,CAND-0005814,APP-0005841,REQ-2024-00327,hire,2024-04-29,new_hire,2024-04-30
WE-0000385,W-100358,CAND-0006158,APP-0006189,REQ-2024-00272,hire,2024-04-29,new_hire,2024-05-01
WE-0000386,W-100359,CAND-0006389,APP-0006423,REQ-2024-00371,hire,2024-04-29,new_hire,2024-04-29
WE-0000387,W-100360,CAND-0007057,APP-0007100,REQ-2024-00364,hire,2024-04-29,new_hire,2024-04-30
WE-0000388,W-100361,CAND-0007161,APP-0007204,REQ-2024-00046,hire,2024-04-29,new_hire,2024-04-29
WE-0000389,W-100362,CAND-0007361,APP-0007410,REQ-2024-00412,hire,2024-04-29,new_hire,2024-05-02
WE-0000390,W-100363,CAND-0007775,APP-0007830,REQ-2024-00112,hire,2024-04-29,new_hire,2024-05-02
WE-0000391,W-100364,CAND-0007943,APP-0008000,REQ-2024-00026,hire,2024-04-29,new_hire,2024-04-30
WE-0000392,W-100365,CAND-0008061,APP-0008121,REQ-2024-00020,hire,2024-04-29,new_hire,2024-05-02
WE-0000393,W-100366,CAND-0008255,APP-0008318,REQ-2024-00390,hire,2024-04-29,new_hire,2024-04-30
WE-0000394,W-100367,CAND-0008552,APP-0008619,REQ-2024-00467,hire,2024-04-29,new_hire,2024-05-02
WE-0000395,W-100368,CAND-0008934,APP-0009007,REQ-2024-00467,hire,2024-04-29,new_hire,2024-04-29
WE-0000396,W-100062,CAND-0001951,APP-0001953,REQ-2024-00266,termination,2024-05-01,voluntary_resignation,2024-05-02
WE-0000397,W-100182,CAND-0001268,APP-0001268,REQ-2024-00110,termination,2024-05-05,voluntary_resignation,2024-05-08
WE-0000398,W-100369,CAND-0003378,APP-0003389,REQ-2024-00334,hire,2024-05-06,new_hire,2024-05-06
WE-0000399,W-100370,CAND-0004450,APP-0004466,REQ-2024-00230,hire,2024-05-06,new_hire,2024-05-06
WE-0000400,W-100371,CAND-0005264,APP-0005285,REQ-2024-00043,hire,2024-05-06,new_hire,2024-05-08
WE-0000401,W-100372,CAND-0006606,APP-0006643,REQ-2024-00378,hire,2024-05-06,new_hire,2024-05-07
WE-0000402,W-100373,CAND-0006904,APP-0006945,REQ-2024-00350,hire,2024-05-06,new_hire,2024-05-07
WE-0000403,W-100374,CAND-0006915,APP-0006956,REQ-2024-00361,hire,2024-05-06,new_hire,2024-05-06
WE-0000404,W-100375,CAND-0007121,APP-0007164,REQ-2024-00305,hire,2024-05-06,new_hire,2024-05-09
WE-0000405,W-100376,CAND-0007329,APP-0007375,REQ-2024-00357,hire,2024-05-06,new_hire,2024-05-06
WE-0000406,W-100377,CAND-0007604,APP-0007656,REQ-2024-00404,hire,2024-05-06,new_hire,2024-05-06
WE-0000407,W-100378,CAND-0007663,APP-0007717,REQ-2024-00396,hire,2024-05-06,new_hire,2024-05-09
WE-0000408,W-100379,CAND-0007674,APP-0007728,REQ-2024-00404,hire,2024-05-06,new_hire,2024-05-09
WE-0000409,W-100380,CAND-0007724,APP-0007779,REQ-2024-00380,hire,2024-05-06,new_hire,2024-05-06
WE-0000410,W-100381,CAND-0007762,APP-0007817,REQ-2024-00424,hire,2024-05-06,new_hire,2024-05-06
WE-0000411,W-100382,CAND-0007829,APP-0007885,REQ-2024-00099,hire,2024-05-06,new_hire,2024-05-06
WE-0000412,W-100383,CAND-0007875,APP-0007932,REQ-2024-00426,hire,2024-05-06,new_hire,2024-05-06
WE-0000413,W-100384,CAND-0007961,APP-0008018,REQ-2024-00379,hire,2024-05-06,new_hire,2024-05-08
WE-0000414,W-100385,CAND-0008305,APP-0008369,REQ-2024-00305,hire,2024-05-06,new_hire,2024-05-07
WE-0000415,W-100386,CAND-0008466,APP-0008532,REQ-2024-00448,hire,2024-05-06,new_hire,2024-05-08
WE-0000416,W-100387,CAND-0008774,APP-0008843,REQ-2024-00405,hire,2024-05-06,new_hire,2024-05-07
WE-0000417,W-100388,CAND-0008780,APP-0008849,REQ-2024-00432,hire,2024-05-06,new_hire,2024-05-07
WE-0000418,W-100389,CAND-0008836,APP-0008905,REQ-2024-00337,hire,2024-05-06,new_hire,2024-05-07
WE-0000419,W-100390,CAND-0008970,APP-0009044,REQ-2024-00363,hire,2024-05-06,new_hire,2024-05-07
WE-0000420,W-100391,CAND-0009435,APP-0009512,REQ-2024-00450,hire,2024-05-06,new_hire,2024-05-08
WE-0000421,W-100140,CAND-0001832,APP-0001834,REQ-2024-00123,termination,2024-05-09,voluntary_resignation,2024-05-09
WE-0000422,W-100392,CAND-0005612,APP-0005634,REQ-2024-00347,hire,2024-05-13,new_hire,2024-05-13
WE-0000423,W-100393,CAND-0007618,APP-0007670,REQ-2024-00417,hire,2024-05-13,new_hire,2024-05-15
WE-0000424,W-100394,CAND-0007654,APP-0007708,REQ-2024-00377,hire,2024-05-13,new_hire,2024-05-13
WE-0000425,W-100395,CAND-0007772,APP-0007827,REQ-2024-00064,hire,2024-05-13,new_hire,2024-05-16
WE-0000426,W-100396,CAND-0007999,APP-0008058,REQ-2024-00121,hire,2024-05-13,new_hire,2024-05-14
WE-0000427,W-100397,CAND-0008077,APP-0008137,REQ-2024-00283,hire,2024-05-13,new_hire,2024-05-15
WE-0000428,W-100398,CAND-0008212,APP-0008275,REQ-2024-00425,hire,2024-05-13,new_hire,2024-05-15
WE-0000429,W-100399,CAND-0008285,APP-0008348,REQ-2024-00448,hire,2024-05-13,new_hire,2024-05-15
WE-0000430,W-100400,CAND-0008397,APP-0008462,REQ-2024-00440,hire,2024-05-13,new_hire,2024-05-13
WE-0000431,W-100401,CAND-0008459,APP-0008525,REQ-2024-00439,hire,2024-05-13,new_hire,2024-05-16
WE-0000432,W-100402,CAND-0008917,APP-0008990,REQ-2024-00443,hire,2024-05-13,new_hire,2024-05-16
WE-0000433,W-100403,CAND-0009078,APP-0009152,REQ-2024-00480,hire,2024-05-13,new_hire,2024-05-13
WE-0000434,W-100404,CAND-0009202,APP-0009278,REQ-2024-00471,hire,2024-05-13,new_hire,2024-05-15
WE-0000435,W-100405,CAND-0009262,APP-0009338,REQ-2024-00471,hire,2024-05-13,new_hire,2024-05-13
WE-0000436,W-100406,CAND-0009389,APP-0009466,REQ-2024-00480,hire,2024-05-13,new_hire,2024-05-16
WE-0000437,W-100407,CAND-0009390,APP-0009467,REQ-2024-00480,hire,2024-05-13,new_hire,2024-05-14
WE-0000438,W-100408,CAND-0009771,APP-0009851,REQ-2024-00489,hire,2024-05-13,new_hire,2024-05-14
WE-0000439,W-100409,CAND-0010114,APP-0010203,REQ-2024-00498,hire,2024-05-13,new_hire,2024-05-14
WE-0000440,W-100203,CAND-0003788,APP-0003802,REQ-2024-00329,termination,2024-05-16,involuntary_performance,2024-05-16
WE-0000441,W-100247,CAND-0003492,APP-0003503,REQ-2024-00231,termination,2024-05-19,voluntary_resignation,2024-05-22
WE-0000442,W-100309,CAND-0007428,APP-0007478,REQ-2024-00408,termination,2024-05-19,voluntary_resignation,2024-05-24
WE-0000443,W-100410,CAND-0005847,APP-0005874,REQ-2024-00136,hire,2024-05-20,new_hire,2024-05-23
WE-0000444,W-100411,CAND-0007504,APP-0007555,REQ-2024-00011,hire,2024-05-20,new_hire,2024-05-22
WE-0000445,W-100412,CAND-0007708,APP-0007763,REQ-2024-00265,hire,2024-05-20,new_hire,2024-05-23
WE-0000446,W-100413,CAND-0008211,APP-0008274,REQ-2024-00423,hire,2024-05-20,new_hire,2024-05-20
WE-0000447,W-100414,CAND-0008366,APP-0008430,REQ-2024-00371,hire,2024-05-20,new_hire,2024-05-20
WE-0000448,W-100415,CAND-0008531,APP-0008597,REQ-2024-00429,hire,2024-05-20,new_hire,2024-05-21
WE-0000449,W-100416,CAND-0008698,APP-0008766,REQ-2024-00314,hire,2024-05-20,new_hire,2024-05-20
WE-0000450,W-100417,CAND-0008729,APP-0008797,REQ-2024-00446,hire,2024-05-20,new_hire,2024-05-21
WE-0000451,W-100418,CAND-0008796,APP-0008865,REQ-2024-00450,hire,2024-05-20,new_hire,2024-05-21
WE-0000452,W-100419,CAND-0008854,APP-0008924,REQ-2024-00447,hire,2024-05-20,new_hire,2024-05-21
WE-0000453,W-100420,CAND-0008990,APP-0009064,REQ-2024-00450,hire,2024-05-20,new_hire,2024-05-20
WE-0000454,W-100421,CAND-0009060,APP-0009134,REQ-2024-00466,hire,2024-05-20,new_hire,2024-05-23
WE-0000455,W-100422,CAND-0009066,APP-0009140,REQ-2024-00472,hire,2024-05-20,new_hire,2024-05-21
WE-0000456,W-100423,CAND-0009123,APP-0009197,REQ-2024-00447,hire,2024-05-20,new_hire,2024-05-23
WE-0000457,W-100424,CAND-0009143,APP-0009217,REQ-2024-00474,hire,2024-05-20,new_hire,2024-05-22
WE-0000458,W-100425,CAND-0009156,APP-0009230,REQ-2024-00139,hire,2024-05-20,new_hire,2024-05-21
WE-0000459,W-100426,CAND-0009343,APP-0009420,REQ-2024-00234,hire,2024-05-20,new_hire,2024-05-22
WE-0000460,W-100427,CAND-0009459,APP-0009537,REQ-2024-00485,hire,2024-05-20,new_hire,2024-05-20
WE-0000461,W-100428,CAND-0009508,APP-0009587,REQ-2024-00466,hire,2024-05-20,new_hire,2024-05-23
WE-0000462,W-100429,CAND-0009527,APP-0009606,REQ-2024-00486,hire,2024-05-20,new_hire,2024-05-22
WE-0000463,W-100430,CAND-0009947,APP-0010032,REQ-2024-00498,hire,2024-05-20,new_hire,2024-05-22
WE-0000464,W-100431,CAND-0010061,APP-0010149,REQ-2024-00498,hire,2024-05-20,new_hire,2024-05-20
WE-0000465,W-100432,CAND-0010077,APP-0010166,REQ-2024-00240,hire,2024-05-20,new_hire,2024-05-20
WE-0000466,W-100433,CAND-0010138,APP-0010227,REQ-2024-00516,hire,2024-05-20,new_hire,2024-05-23
WE-0000467,W-100434,CAND-0010412,APP-0010507,REQ-2024-00508,hire,2024-05-20,new_hire,2024-05-20
WE-0000468,W-100405,CAND-0009262,APP-0009338,REQ-2024-00471,termination,2024-05-22,involuntary_performance,2024-05-22
WE-0000469,W-100293,CAND-0005273,APP-0005294,REQ-2024-00081,termination,2024-05-24,voluntary_resignation,2024-05-25
WE-0000470,W-100394,CAND-0007654,APP-0007708,REQ-2024-00377,termination,2024-05-24,voluntary_resignation,2024-05-24
WE-0000471,W-100304,CAND-0007155,APP-0007198,REQ-2024-00404,termination,2024-05-25,involuntary_probation,2024-05-29
WE-0000472,W-100076,CAND-0003879,APP-0003893,REQ-2024-00209,termination,2024-05-27,voluntary_resignation,2024-05-30
WE-0000473,W-100293,CAND-0005273,APP-0005294,REQ-2024-00081,termination,2024-05-27,voluntary_resignation,2024-05-29
WE-0000474,W-100409,CAND-0010114,APP-0010203,REQ-2024-00498,termination,2024-05-27,involuntary_probation,2024-05-27
WE-0000475,W-100435,CAND-0000840,APP-0000840,REQ-2024-00122,hire,2024-05-27,new_hire,2024-05-27
WE-0000476,W-100436,CAND-0004565,APP-0004581,REQ-2024-00106,hire,2024-05-27,new_hire,2024-05-28
WE-0000477,W-100437,CAND-0004700,APP-0004716,REQ-2024-00010,hire,2024-05-27,new_hire,2024-05-28
WE-0000478,W-100438,CAND-0006064,APP-0006093,REQ-2024-00267,hire,2024-05-27,new_hire,2024-05-30
WE-0000479,W-100439,CAND-0008014,APP-0008073,REQ-2024-00308,hire,2024-05-27,new_hire,2024-05-27
WE-0000480,W-100440,CAND-0008166,APP-0008229,REQ-2024-00434,hire,2024-05-27,new_hire,2024-05-28
WE-0000481,W-100441,CAND-0008341,APP-0008405,REQ-2024-00453,hire,2024-05-27,new_hire,2024-05-30
WE-0000482,W-100442,CAND-0008816,APP-0008885,REQ-2024-00480,hire,2024-05-27,new_hire,2024-05-29
WE-0000483,W-100443,CAND-0008921,APP-0008994,REQ-2024-00446,hire,2024-05-27,new_hire,2024-05-30
WE-0000484,W-100444,CAND-0009068,APP-0009142,REQ-2024-00474,hire,2024-05-27,new_hire,2024-05-29
WE-0000485,W-100445,CAND-0009108,APP-0009182,REQ-2024-00412,hire,2024-05-27,new_hire,2024-05-27
WE-0000486,W-100446,CAND-0009328,APP-0009405,REQ-2024-00480,hire,2024-05-27,new_hire,2024-05-30
WE-0000487,W-100447,CAND-0009452,APP-0009529,REQ-2024-00475,hire,2024-05-27,new_hire,2024-05-29
WE-0000488,W-100448,CAND-0009559,APP-0009638,REQ-2024-00427,hire,2024-05-27,new_hire,2024-05-27
WE-0000489,W-100449,CAND-0009769,APP-0009849,REQ-2024-00482,hire,2024-05-27,new_hire,2024-05-30
WE-0000490,W-100450,CAND-0009779,APP-0009859,REQ-2024-00501,hire,2024-05-27,new_hire,2024-05-29
WE-0000491,W-100451,CAND-0010034,APP-0010120,REQ-2024-00408,hire,2024-05-27,new_hire,2024-05-29
WE-0000492,W-100452,CAND-0010193,APP-0010284,REQ-2024-00508,hire,2024-05-27,new_hire,2024-05-29
WE-0000493,W-100453,CAND-0010250,APP-0010342,REQ-2024-00516,hire,2024-05-27,new_hire,2024-05-28
WE-0000494,W-100454,CAND-0010292,APP-0010385,REQ-2024-00498,hire,2024-05-27,new_hire,2024-05-28
WE-0000495,W-100455,CAND-0010536,APP-0010635,REQ-2024-00184,hire,2024-05-27,new_hire,2024-05-27
WE-0000496,W-100456,CAND-0010699,APP-0010798,REQ-2024-00522,hire,2024-05-27,new_hire,2024-05-27
WE-0000497,W-100264,CAND-0006105,APP-0006135,REQ-2024-00369,termination,2024-05-30,voluntary_resignation,2024-06-03
WE-0000498,W-100453,CAND-0010250,APP-0010342,REQ-2024-00516,termination,2024-06-02,involuntary_performance,2024-06-05
WE-0000499,W-100457,CAND-0007237,APP-0007283,REQ-2024-00237,hire,2024-06-03,new_hire,2024-06-03
WE-0000500,W-100458,CAND-0007273,APP-0007319,REQ-2024-00392,hire,2024-06-03,new_hire,2024-06-06
WE-0000501,W-100459,CAND-0007316,APP-0007362,REQ-2024-00191,hire,2024-06-03,new_hire,2024-06-03
WE-0000502,W-100460,CAND-0008272,APP-0008335,REQ-2024-00433,hire,2024-06-03,new_hire,2024-06-06
WE-0000503,W-100461,CAND-0008309,APP-0008373,REQ-2024-00343,hire,2024-06-03,new_hire,2024-06-03
WE-0000504,W-100462,CAND-0008353,APP-0008417,REQ-2024-00192,hire,2024-06-03,new_hire,2024-06-06
WE-0000505,W-100463,CAND-0008491,APP-0008557,REQ-2024-00142,hire,2024-06-03,new_hire,2024-06-06
WE-0000506,W-100464,CAND-0008791,APP-0008860,REQ-2024-00448,hire,2024-06-03,new_hire,2024-06-05
WE-0000507,W-100465,CAND-0008882,APP-0008953,REQ-2024-00480,hire,2024-06-03,new_hire,2024-06-05
WE-0000508,W-100466,CAND-0009093,APP-0009167,REQ-2024-00201,hire,2024-06-03,new_hire,2024-06-06
WE-0000509,W-100467,CAND-0009289,APP-0009365,REQ-2024-00307,hire,2024-06-03,new_hire,2024-06-06
WE-0000510,W-100468,CAND-0009398,APP-0009475,REQ-2024-00487,hire,2024-06-03,new_hire,2024-06-06
WE-0000511,W-100469,CAND-0009621,APP-0009700,REQ-2024-00456,hire,2024-06-03,new_hire,2024-06-04
WE-0000512,W-100470,CAND-0009720,APP-0009800,REQ-2024-00024,hire,2024-06-03,new_hire,2024-06-05
WE-0000513,W-100471,CAND-0010082,APP-0010171,REQ-2024-00282,hire,2024-06-03,new_hire,2024-06-06
WE-0000514,W-100472,CAND-0010243,APP-0010334,REQ-2024-00507,hire,2024-06-03,new_hire,2024-06-04
WE-0000515,W-100473,CAND-0010258,APP-0010350,REQ-2024-00013,hire,2024-06-03,new_hire,2024-06-03
WE-0000516,W-100474,CAND-0010356,APP-0010450,REQ-2024-00508,hire,2024-06-03,new_hire,2024-06-06
WE-0000517,W-100475,CAND-0010522,APP-0010621,REQ-2024-00511,hire,2024-06-03,new_hire,2024-06-05
WE-0000518,W-100476,CAND-0010744,APP-0010844,REQ-2024-00508,hire,2024-06-03,new_hire,2024-06-05
WE-0000519,W-100477,CAND-0010903,APP-0011008,REQ-2024-00538,hire,2024-06-03,new_hire,2024-06-05
WE-0000520,W-100478,CAND-0010908,APP-0011013,REQ-2024-00542,hire,2024-06-03,new_hire,2024-06-04
WE-0000521,W-100479,CAND-0011166,APP-0011276,REQ-2024-00520,hire,2024-06-03,new_hire,2024-06-03
WE-0000522,W-100142,CAND-0001952,APP-0001954,REQ-2024-00266,termination,2024-06-06,involuntary_performance,2024-06-11
WE-0000523,W-100456,CAND-0010699,APP-0010798,REQ-2024-00522,termination,2024-06-08,voluntary_resignation,2024-06-11
WE-0000524,W-100448,CAND-0009559,APP-0009638,REQ-2024-00427,termination,2024-06-09,involuntary_probation,2024-06-10
WE-0000525,W-100450,CAND-0009779,APP-0009859,REQ-2024-00501,termination,2024-06-10,involuntary_performance,2024-06-10
WE-0000526,W-100480,CAND-0004921,APP-0004937,REQ-2024-00268,hire,2024-06-10,new_hire,2024-06-10
WE-0000527,W-100481,CAND-0006878,APP-0006919,REQ-2024-00202,hire,2024-06-10,new_hire,2024-06-11
WE-0000528,W-100482,CAND-0007159,APP-0007202,REQ-2024-00032,hire,2024-06-10,new_hire,2024-06-11
WE-0000529,W-100483,CAND-0008610,APP-0008677,REQ-2024-00452,hire,2024-06-10,new_hire,2024-06-10
WE-0000530,W-100484,CAND-0009324,APP-0009401,REQ-2024-00475,hire,2024-06-10,new_hire,2024-06-11
WE-0000531,W-100485,CAND-0009384,APP-0009461,REQ-2024-00477,hire,2024-06-10,new_hire,2024-06-11
WE-0000532,W-100486,CAND-0009762,APP-0009842,REQ-2024-00474,hire,2024-06-10,new_hire,2024-06-12
WE-0000533,W-100487,CAND-0009874,APP-0009957,REQ-2024-00485,hire,2024-06-10,new_hire,2024-06-10
WE-0000534,W-100488,CAND-0009954,APP-0010039,REQ-2024-00506,hire,2024-06-10,new_hire,2024-06-11
WE-0000535,W-100489,CAND-0010070,APP-0010159,REQ-2024-00104,hire,2024-06-10,new_hire,2024-06-13
WE-0000536,W-100490,CAND-0010096,APP-0010185,REQ-2024-00462,hire,2024-06-10,new_hire,2024-06-11
WE-0000537,W-100491,CAND-0010117,APP-0010206,REQ-2024-00499,hire,2024-06-10,new_hire,2024-06-10
WE-0000538,W-100492,CAND-0010357,APP-0010451,REQ-2024-00509,hire,2024-06-10,new_hire,2024-06-11
WE-0000539,W-100493,CAND-0010466,APP-0010563,REQ-2024-00508,hire,2024-06-10,new_hire,2024-06-13
WE-0000540,W-100494,CAND-0010552,APP-0010651,REQ-2024-00486,hire,2024-06-10,new_hire,2024-06-10
WE-0000541,W-100495,CAND-0010731,APP-0010831,REQ-2024-00414,hire,2024-06-10,new_hire,2024-06-11
WE-0000542,W-100496,CAND-0010761,APP-0010862,REQ-2024-00537,hire,2024-06-10,new_hire,2024-06-12
WE-0000543,W-100497,CAND-0010777,APP-0010879,REQ-2024-00275,hire,2024-06-10,new_hire,2024-06-12
WE-0000544,W-100498,CAND-0010822,APP-0010925,REQ-2024-00536,hire,2024-06-10,new_hire,2024-06-11
WE-0000545,W-100499,CAND-0011395,APP-0011510,REQ-2024-00547,hire,2024-06-10,new_hire,2024-06-12
WE-0000546,W-100352,CAND-0007331,APP-0007377,REQ-2024-00358,termination,2024-06-14,voluntary_resignation,2024-06-15
WE-0000547,W-100419,CAND-0008854,APP-0008924,REQ-2024-00447,termination,2024-06-15,voluntary_resignation,2024-06-17
WE-0000548,W-100500,CAND-0007163,APP-0007206,REQ-2024-00068,hire,2024-06-17,new_hire,2024-06-20
WE-0000549,W-100501,CAND-0007678,APP-0007732,REQ-2024-00407,hire,2024-06-17,new_hire,2024-06-17
WE-0000550,W-100502,CAND-0008295,APP-0008359,REQ-2024-00458,hire,2024-06-17,new_hire,2024-06-17
WE-0000551,W-100503,CAND-0009136,APP-0009210,REQ-2024-00465,hire,2024-06-17,new_hire,2024-06-17
WE-0000552,W-100504,CAND-0009256,APP-0009332,REQ-2024-00460,hire,2024-06-17,new_hire,2024-06-18
WE-0000553,W-100505,CAND-0009347,APP-0009424,REQ-2024-00332,hire,2024-06-17,new_hire,2024-06-20
WE-0000554,W-100506,CAND-0009444,APP-0009521,REQ-2024-00462,hire,2024-06-17,new_hire,2024-06-19
WE-0000555,W-100507,CAND-0009550,APP-0009629,REQ-2024-00388,hire,2024-06-17,new_hire,2024-06-17
WE-0000556,W-100508,CAND-0009668,APP-0009748,REQ-2024-00299,hire,2024-06-17,new_hire,2024-06-19
WE-0000557,W-100509,CAND-0009829,APP-0009911,REQ-2024-00496,hire,2024-06-17,new_hire,2024-06-17
WE-0000558,W-100510,CAND-0009975,APP-0010061,REQ-2024-00276,hire,2024-06-17,new_hire,2024-06-18
WE-0000559,W-100511,CAND-0010053,APP-0010140,REQ-2024-00485,hire,2024-06-17,new_hire,2024-06-17
WE-0000560,W-100512,CAND-0004864,APP-0010150,REQ-2024-00503,hire,2024-06-17,new_hire,2024-06-17
WE-0000561,W-100513,CAND-0010135,APP-0010224,REQ-2024-00512,hire,2024-06-17,new_hire,2024-06-20
WE-0000562,W-100514,CAND-0010586,APP-0010685,REQ-2024-00525,hire,2024-06-17,new_hire,2024-06-18
WE-0000563,W-100515,CAND-0010773,APP-0010874,REQ-2024-00152,hire,2024-06-17,new_hire,2024-06-20
WE-0000564,W-100516,CAND-0010804,APP-0010906,REQ-2024-00504,hire,2024-06-17,new_hire,2024-06-17
WE-0000565,W-100517,CAND-0010886,APP-0010991,REQ-2024-00517,hire,2024-06-17,new_hire,2024-06-18
WE-0000566,W-100518,CAND-0011126,APP-0011236,REQ-2024-00559,hire,2024-06-17,new_hire,2024-06-20
WE-0000567,W-100519,CAND-0011150,APP-0011260,REQ-2024-00479,hire,2024-06-17,new_hire,2024-06-18
WE-0000568,W-100520,CAND-0011246,APP-0011357,REQ-2024-00547,hire,2024-06-17,new_hire,2024-06-20
WE-0000569,W-100521,CAND-0011326,APP-0011440,REQ-2024-00551,hire,2024-06-17,new_hire,2024-06-17
WE-0000570,W-100522,CAND-0011479,APP-0011598,REQ-2024-00551,hire,2024-06-17,new_hire,2024-06-20
WE-0000571,W-100523,CAND-0011495,APP-0011614,REQ-2024-00574,hire,2024-06-17,new_hire,2024-06-19
WE-0000572,W-100524,CAND-0011611,APP-0011733,REQ-2024-00551,hire,2024-06-17,new_hire,2024-06-20
WE-0000573,W-100525,CAND-0011619,APP-0011741,REQ-2024-00559,hire,2024-06-17,new_hire,2024-06-18
WE-0000574,W-100526,CAND-0011621,APP-0011743,REQ-2024-00560,hire,2024-06-17,new_hire,2024-06-19
WE-0000575,W-100527,CAND-0011678,APP-0011801,REQ-2024-00563,hire,2024-06-17,new_hire,2024-06-20
WE-0000576,W-100528,CAND-0011804,APP-0011930,REQ-2024-00552,hire,2024-06-17,new_hire,2024-06-18
WE-0000577,W-100286,CAND-0004776,APP-0004792,REQ-2024-00256,termination,2024-06-23,involuntary_performance,2024-06-27
WE-0000578,W-100529,CAND-0008034,APP-0008093,REQ-2024-00401,hire,2024-06-24,new_hire,2024-06-25
WE-0000579,W-100530,CAND-0008146,APP-0008208,REQ-2024-00402,hire,2024-06-24,new_hire,2024-06-25
WE-0000580,W-100531,CAND-0008652,APP-0008719,REQ-2024-00411,hire,2024-06-24,new_hire,2024-06-26
WE-0000581,W-100532,CAND-0009134,APP-0009208,REQ-2024-00461,hire,2024-06-24,new_hire,2024-06-25
WE-0000582,W-100533,CAND-0009335,APP-0009412,REQ-2024-00096,hire,2024-06-24,new_hire,2024-06-24
WE-0000583,W-100534,CAND-0009357,APP-0009434,REQ-2024-00436,hire,2024-06-24,new_hire,2024-06-25
WE-0000584,W-100535,CAND-0009579,APP-0009658,REQ-2024-00490,hire,2024-06-24,new_hire,2024-06-25
WE-0000585,W-100536,CAND-0009712,APP-0009792,REQ-2024-00496,hire,2024-06-24,new_hire,2024-06-27
WE-0000586,W-100537,CAND-0010381,APP-0010475,REQ-2024-00265,hire,2024-06-24,new_hire,2024-06-24
WE-0000587,W-100538,CAND-0010577,APP-0010676,REQ-2024-00513,hire,2024-06-24,new_hire,2024-06-25
WE-0000588,W-100539,CAND-0010613,APP-0010712,REQ-2024-00412,hire,2024-06-24,new_hire,2024-06-24
WE-0000589,W-100540,CAND-0010696,APP-0010795,REQ-2024-00515,hire,2024-06-24,new_hire,2024-06-26
WE-0000590,W-100541,CAND-0010709,APP-0010808,REQ-2024-00535,hire,2024-06-24,new_hire,2024-06-24
WE-0000591,W-100542,CAND-0010985,APP-0011093,REQ-2024-00541,hire,2024-06-24,new_hire,2024-06-25
WE-0000592,W-100543,CAND-0011000,APP-0011109,REQ-2024-00551,hire,2024-06-24,new_hire,2024-06-27
WE-0000593,W-100544,CAND-0011260,APP-0011371,REQ-2024-00561,hire,2024-06-24,new_hire,2024-06-24
WE-0000594,W-100545,CAND-0011297,APP-0011409,REQ-2024-00518,hire,2024-06-24,new_hire,2024-06-25
WE-0000595,W-100546,CAND-0011478,APP-0011597,REQ-2024-00551,hire,2024-06-24,new_hire,2024-06-24
WE-0000596,W-100547,CAND-0011480,APP-0011599,REQ-2024-00551,hire,2024-06-24,new_hire,2024-06-25
WE-0000597,W-100548,CAND-0011825,APP-0011951,REQ-2024-00576,hire,2024-06-24,new_hire,2024-06-26
WE-0000598,W-100549,CAND-0011827,APP-0011953,REQ-2024-00581,hire,2024-06-24,new_hire,2024-06-27
WE-0000599,W-100550,CAND-0012183,APP-0012320,REQ-2024-00542,hire,2024-06-24,new_hire,2024-06-24
WE-0000600,W-100551,CAND-0012282,APP-0012423,REQ-2024-00360,hire,2024-06-24,new_hire,2024-06-24
WE-0000601,W-100499,CAND-0011395,APP-0011510,REQ-2024-00547,termination,2024-06-25,involuntary_probation,2024-06-28
WE-0000602,W-100134,CAND-0001261,APP-0001261,REQ-2024-00098,termination,2024-06-29,involuntary_performance,2024-07-01
WE-0000603,W-100290,CAND-0005202,APP-0005223,REQ-2024-00260,termination,2024-07-01,voluntary_resignation,2024-07-02
WE-0000604,W-100552,CAND-0006371,APP-0006404,REQ-2024-00336,hire,2024-07-01,new_hire,2024-07-03
WE-0000605,W-100553,CAND-0009329,APP-0009406,REQ-2024-00483,hire,2024-07-01,new_hire,2024-07-03
WE-0000606,W-100554,CAND-0009696,APP-0009776,REQ-2024-00476,hire,2024-07-01,new_hire,2024-07-03
WE-0000607,W-100555,CAND-0010365,APP-0010459,REQ-2024-00519,hire,2024-07-01,new_hire,2024-07-01
WE-0000608,W-100556,CAND-0010528,APP-0010627,REQ-2024-00523,hire,2024-07-01,new_hire,2024-07-04
WE-0000609,W-100557,CAND-0010585,APP-0010684,REQ-2024-00525,hire,2024-07-01,new_hire,2024-07-04
WE-0000610,W-100558,CAND-0010757,APP-0010858,REQ-2024-00532,hire,2024-07-01,new_hire,2024-07-02
WE-0000611,W-100559,CAND-0010762,APP-0010863,REQ-2024-00537,hire,2024-07-01,new_hire,2024-07-02
WE-0000612,W-100560,CAND-0011254,APP-0011365,REQ-2024-00555,hire,2024-07-01,new_hire,2024-07-03
WE-0000613,W-100561,CAND-0011407,APP-0011522,REQ-2024-00555,hire,2024-07-01,new_hire,2024-07-01
WE-0000614,W-100561,CAND-0011407,APP-0011522,REQ-2024-00555,hire,2024-07-01,new_hire,2024-07-11
WE-0000615,W-100562,CAND-0011562,APP-0011683,REQ-2024-00573,hire,2024-07-01,new_hire,2024-07-03
WE-0000616,W-100563,CAND-0011810,APP-0011936,REQ-2024-00564,hire,2024-07-01,new_hire,2024-07-04
WE-0000617,W-100564,CAND-0011896,APP-0012023,REQ-2024-00573,hire,2024-07-01,new_hire,2024-07-04
WE-0000618,W-100565,CAND-0011925,APP-0012054,REQ-2024-00451,hire,2024-07-01,new_hire,2024-07-04
WE-0000619,W-100566,CAND-0011965,APP-0012096,REQ-2024-00576,hire,2024-07-01,new_hire,2024-07-02
WE-0000620,W-100567,CAND-0011996,APP-0012127,REQ-2024-00544,hire,2024-07-01,new_hire,2024-07-04
WE-0000621,W-100568,CAND-0012093,APP-0012224,REQ-2024-00590,hire,2024-07-01,new_hire,2024-07-02
WE-0000622,W-100569,CAND-0012139,APP-0012273,REQ-2024-00565,hire,2024-07-01,new_hire,2024-07-02
WE-0000623,W-100570,CAND-0012337,APP-0012481,REQ-2024-00590,hire,2024-07-01,new_hire,2024-07-01
WE-0000624,W-100571,CAND-0012387,APP-0012531,REQ-2024-00569,hire,2024-07-01,new_hire,2024-07-02
WE-0000625,W-100572,CAND-0012464,APP-0012610,REQ-2024-00576,hire,2024-07-01,new_hire,2024-07-01
WE-0000626,W-100573,CAND-0012697,APP-0012845,REQ-2024-00006,hire,2024-07-01,new_hire,2024-07-03
WE-0000627,W-100574,CAND-0012702,APP-0012850,REQ-2024-00186,hire,2024-07-01,new_hire,2024-07-03
WE-0000628,W-100574,CAND-0012702,APP-0012850,REQ-2024-00186,hire,2024-07-01,new_hire,2024-07-15
WE-0000629,W-100575,CAND-0012707,APP-0012855,REQ-2024-00368,hire,2024-07-01,new_hire,2024-07-04
WE-0000630,W-100576,CAND-0012754,APP-0012906,REQ-2024-00615,hire,2024-07-01,new_hire,2024-07-03
WE-0000631,W-100465,CAND-0008882,APP-0008953,REQ-2024-00480,termination,2024-07-07,involuntary_probation,2024-07-08
WE-0000632,W-100577,CAND-0010386,APP-0010481,REQ-2024-00431,hire,2024-07-08,new_hire,2024-07-10
WE-0000633,W-100578,CAND-0010673,APP-0010772,REQ-2024-00470,hire,2024-07-08,new_hire,2024-07-10
WE-0000634,W-100579,CAND-0010854,APP-0010958,REQ-2024-00398,hire,2024-07-08,new_hire,2024-07-10
WE-0000635,W-100580,CAND-0010877,APP-0010982,REQ-2024-00495,hire,2024-07-08,new_hire,2024-07-09
WE-0000636,W-100581,CAND-0011425,APP-0011542,REQ-2024-00168,hire,2024-07-08,new_hire,2024-07-10
WE-0000637,W-100582,CAND-0011538,APP-0011659,REQ-2024-00545,hire,2024-07-08,new_hire,2024-07-09
WE-0000638,W-100583,CAND-0011573,APP-0011694,REQ-2024-00323,hire,2024-07-08,new_hire,2024-07-11
WE-0000639,W-100584,CAND-0011690,APP-0011813,REQ-2024-00573,hire,2024-07-08,new_hire,2024-07-11
WE-0000640,W-100585,CAND-0011776,APP-0011902,REQ-2024-00206,hire,2024-07-08,new_hire,2024-07-08
WE-0000641,W-100586,CAND-0011820,APP-0011946,REQ-2024-00574,hire,2024-07-08,new_hire,2024-07-11
WE-0000642,W-100587,CAND-0012037,APP-0012168,REQ-2024-00155,hire,2024-07-08,new_hire,2024-07-08
WE-0000643,W-100588,CAND-0012172,APP-0012309,REQ-2024-00475,hire,2024-07-08,new_hire,2024-07-11
WE-0000644,W-100589,CAND-0012205,APP-0012343,REQ-2024-00575,hire,2024-07-08,new_hire,2024-07-09
WE-0000645,W-100590,CAND-0012482,APP-0012628,REQ-2024-00082,hire,2024-07-08,new_hire,2024-07-09
WE-0000646,W-100591,CAND-0012540,APP-0012687,REQ-2024-00606,hire,2024-07-08,new_hire,2024-07-09
WE-0000647,W-100592,CAND-0012752,APP-0012904,REQ-2024-00612,hire,2024-07-08,new_hire,2024-07-09
WE-0000648,W-100593,CAND-0012988,APP-0013145,REQ-2024-00517,hire,2024-07-08,new_hire,2024-07-10
WE-0000649,W-100594,CAND-0013463,APP-0013624,REQ-2024-00630,hire,2024-07-08,new_hire,2024-07-08
WE-0000650,W-100595,CAND-0013635,APP-0013801,REQ-2024-00637,hire,2024-07-08,new_hire,2024-07-08
WE-0000651,W-100569,CAND-0012139,APP-0012273,REQ-2024-00565,termination,2024-07-10,voluntary_resignation,2024-07-12
WE-0000652,W-100494,CAND-0010552,APP-0010651,REQ-2024-00486,termination,2024-07-11,voluntary_resignation,2024-07-12
WE-0000653,W-100503,CAND-0009136,APP-0009210,REQ-2024-00465,termination,2024-07-14,involuntary_probation,2024-07-19
WE-0000654,W-100596,CAND-0010147,APP-0010236,REQ-2024-00218,hire,2024-07-15,new_hire,2024-07-15
WE-0000655,W-100597,CAND-0010598,APP-0010697,REQ-2024-00069,hire,2024-07-15,new_hire,2024-07-17
WE-0000656,W-100598,CAND-0010916,APP-0011021,REQ-2024-00550,hire,2024-07-15,new_hire,2024-07-17
WE-0000657,W-100599,CAND-0011264,APP-0011375,REQ-2024-00086,hire,2024-07-15,new_hire,2024-07-15
WE-0000658,W-100600,CAND-0011604,APP-0011725,REQ-2024-00545,hire,2024-07-15,new_hire,2024-07-16
WE-0000659,W-100601,CAND-0011636,APP-0011758,REQ-2024-00212,hire,2024-07-15,new_hire,2024-07-15
WE-0000660,W-100602,CAND-0011706,APP-0011829,REQ-2024-00238,hire,2024-07-15,new_hire,2024-07-16
WE-0000661,W-100603,CAND-0011958,APP-0012089,REQ-2024-00572,hire,2024-07-15,new_hire,2024-07-15
WE-0000662,W-100603,CAND-0011958,APP-0012089,REQ-2024-00572,hire,2024-07-15,new_hire,2024-07-17
WE-0000663,W-100604,CAND-0012124,APP-0012257,REQ-2024-00543,hire,2024-07-15,new_hire,2024-07-18
WE-0000664,W-100605,CAND-0012290,APP-0012432,REQ-2024-00463,hire,2024-07-15,new_hire,2024-07-15
WE-0000665,W-100606,CAND-0012305,APP-0012448,REQ-2024-00553,hire,2024-07-15,new_hire,2024-07-16
WE-0000666,W-100607,CAND-0012396,APP-0012540,REQ-2024-00574,hire,2024-07-15,new_hire,2024-07-18
WE-0000667,W-100608,CAND-0012571,APP-0012719,REQ-2024-00531,hire,2024-07-15,new_hire,2024-07-17
WE-0000668,W-100609,CAND-0012742,APP-0012893,REQ-2024-00603,hire,2024-07-15,new_hire,2024-07-18
WE-0000669,W-100610,CAND-0012910,APP-0013064,REQ-2024-00607,hire,2024-07-15,new_hire,2024-07-16
WE-0000670,W-100611,CAND-0013110,APP-0013267,REQ-2024-00451,hire,2024-07-15,new_hire,2024-07-18
WE-0000671,W-100612,CAND-0013152,APP-0013310,REQ-2024-00615,hire,2024-07-15,new_hire,2024-07-17
WE-0000672,W-100613,CAND-0013419,APP-0013579,REQ-2024-00292,hire,2024-07-15,new_hire,2024-07-15
WE-0000673,W-100614,CAND-0013821,APP-0013989,REQ-2024-00652,hire,2024-07-15,new_hire,2024-07-18
WE-0000674,W-100615,CAND-0013958,APP-0014134,REQ-2024-00427,hire,2024-07-15,new_hire,2024-07-16
WE-0000675,W-100355,CAND-0007619,APP-0007671,REQ-2024-00418,termination,2024-07-18,involuntary_performance,2024-07-20
WE-0000676,W-100611,CAND-0013110,APP-0013267,REQ-2024-00451,termination,2024-07-22,involuntary_performance,2024-07-27
WE-0000677,W-100616,CAND-0010142,APP-0010231,REQ-2024-00116,hire,2024-07-22,new_hire,2024-07-25
WE-0000678,W-100617,CAND-0011119,APP-0011229,REQ-2024-00549,hire,2024-07-22,new_hire,2024-07-23
WE-0000679,W-100618,CAND-0011741,APP-0011865,REQ-2024-00543,hire,2024-07-22,new_hire,2024-07-24
WE-0000680,W-100619,CAND-0011794,APP-0011920,REQ-2024-00543,hire,2024-07-22,new_hire,2024-07-22
WE-0000681,W-100620,CAND-0012005,APP-0012136,REQ-2024-00554,hire,2024-07-22,new_hire,2024-07-24
WE-0000682,W-100621,CAND-0012085,APP-0012216,REQ-2024-00576,hire,2024-07-22,new_hire,2024-07-24
WE-0000683,W-100622,CAND-0012244,APP-0012384,REQ-2024-00546,hire,2024-07-22,new_hire,2024-07-23
WE-0000684,W-100623,CAND-0012500,APP-0012647,REQ-2024-00543,hire,2024-07-22,new_hire,2024-07-24
WE-0000685,W-100624,CAND-0012586,APP-0012734,REQ-2024-00575,hire,2024-07-22,new_hire,2024-07-25
WE-0000686,W-100625,CAND-0005231,APP-0012881,REQ-2024-00587,hire,2024-07-22,new_hire,2024-07-24
WE-0000687,W-100625,CAND-0005231,APP-0012881,REQ-2024-00587,hire,2024-07-22,new_hire,2024-07-25
WE-0000688,W-100626,CAND-0012777,APP-0012929,REQ-2024-00568,hire,2024-07-22,new_hire,2024-07-24
WE-0000689,W-100627,CAND-0012825,APP-0012977,REQ-2024-00543,hire,2024-07-22,new_hire,2024-07-25
WE-0000690,W-100628,CAND-0012850,APP-0013002,REQ-2024-00597,hire,2024-07-22,new_hire,2024-07-25
WE-0000691,W-100629,CAND-0012920,APP-0013075,REQ-2024-00612,hire,2024-07-22,new_hire,2024-07-24
WE-0000692,W-100630,CAND-0009499,APP-0013113,REQ-2024-00597,hire,2024-07-22,new_hire,2024-07-22
WE-0000693,W-100631,CAND-0013005,APP-0013162,REQ-2024-00597,hire,2024-07-22,new_hire,2024-07-22
WE-0000694,W-100632,CAND-0013755,APP-0013921,REQ-2024-00630,hire,2024-07-22,new_hire,2024-07-25
WE-0000695,W-100633,CAND-0013771,APP-0013937,REQ-2024-00643,hire,2024-07-22,new_hire,2024-07-23
WE-0000696,W-100634,CAND-0014006,APP-0014183,REQ-2024-00655,hire,2024-07-22,new_hire,2024-07-22
WE-0000697,W-100635,CAND-0014143,APP-0014327,REQ-2024-00655,hire,2024-07-22,new_hire,2024-07-24
WE-0000698,W-100497,CAND-0010777,APP-0010879,REQ-2024-00275,termination,2024-07-23,voluntary_resignation,2024-07-23
WE-0000699,W-100558,CAND-0010757,APP-0010858,REQ-2024-00532,termination,2024-07-23,voluntary_resignation,2024-07-25
WE-0000700,W-100624,CAND-0012586,APP-0012734,REQ-2024-00575,termination,2024-07-27,involuntary_performance,2024-08-01
WE-0000701,W-100636,CAND-0011740,APP-0011864,REQ-2024-00543,hire,2024-07-29,new_hire,2024-07-30
WE-0000702,W-100637,CAND-0011894,APP-0012021,REQ-2024-00570,hire,2024-07-29,new_hire,2024-07-31
WE-0000703,W-100638,CAND-0012478,APP-0012624,REQ-2024-00599,hire,2024-07-29,new_hire,2024-07-31
WE-0000704,W-100639,CAND-0012608,APP-0012756,REQ-2024-00599,hire,2024-07-29,new_hire,2024-07-31
WE-0000705,W-100640,CAND-0012755,APP-0012907,REQ-2024-00060,hire,2024-07-29,new_hire,2024-07-30
WE-0000706,W-100641,CAND-0012802,APP-0012954,REQ-2024-00610,hire,2024-07-29,new_hire,2024-07-29
WE-0000707,W-100642,CAND-0012811,APP-0012963,REQ-2024-00062,hire,2024-07-29,new_hire,2024-07-30
WE-0000708,W-100643,CAND-0013138,APP-0013296,REQ-2024-00599,hire,2024-07-29,new_hire,2024-07-29
WE-0000709,W-100644,CAND-0013184,APP-0013342,REQ-2024-00567,hire,2024-07-29,new_hire,2024-07-30
WE-0000710,W-100645,CAND-0013444,APP-0013604,REQ-2024-00599,hire,2024-07-29,new_hire,2024-07-30
WE-0000711,W-100646,CAND-0013477,APP-0013639,REQ-2024-00494,hire,2024-07-29,new_hire,2024-07-31
WE-0000712,W-100647,CAND-0013710,APP-0013876,REQ-2024-00186,hire,2024-07-29,new_hire,2024-08-01
WE-0000713,W-100648,CAND-0013732,APP-0013898,REQ-2024-00592,hire,2024-07-29,new_hire,2024-07-30
WE-0000714,W-100649,CAND-0013880,APP-0014050,REQ-2024-00643,hire,2024-07-29,new_hire,2024-07-31
WE-0000715,W-100650,CAND-0014003,APP-0014180,REQ-2024-00649,hire,2024-07-29,new_hire,2024-08-01
WE-0000716,W-100651,CAND-0014211,APP-0014399,REQ-2024-00655,hire,2024-07-29,new_hire,2024-07-31
WE-0000717,W-100652,CAND-0004949,APP-0014450,REQ-2024-00652,hire,2024-07-29,new_hire,2024-07-29
WE-0000718,W-100653,CAND-0014540,APP-0014739,REQ-2024-00674,hire,2024-07-29,new_hire,2024-07-30
WE-0000719,W-100654,CAND-0014562,APP-0014762,REQ-2024-00566,hire,2024-07-29,new_hire,2024-08-01
WE-0000720,W-100655,CAND-0014684,APP-0014884,REQ-2024-00666,hire,2024-07-29,new_hire,2024-07-29
WE-0000721,W-100656,CAND-0014753,APP-0014955,REQ-2024-00673,hire,2024-07-29,new_hire,2024-07-29
WE-0000722,W-100558,CAND-0010757,APP-0010858,REQ-2024-00532,termination,2024-08-01,voluntary_resignation,2024-08-04
WE-0000723,W-100510,CAND-0009975,APP-0010061,REQ-2024-00276,termination,2024-08-02,involuntary_performance,2024-08-02
WE-0000724,W-100648,CAND-0013732,APP-0013898,REQ-2024-00592,termination,2024-08-02,involuntary_probation,2024-08-02
WE-0000725,W-100481,CAND-0006878,APP-0006919,REQ-2024-00202,termination,2024-08-03,voluntary_resignation,2024-08-06
WE-0000726,W-100496,CAND-0010761,APP-0010862,REQ-2024-00537,termination,2024-08-03,voluntary_resignation,2024-08-07
WE-0000727,W-100570,CAND-0012337,APP-0012481,REQ-2024-00590,termination,2024-08-03,involuntary_probation,2024-08-07
WE-0000728,W-100657,CAND-0010963,APP-0011071,REQ-2024-00510,hire,2024-08-05,new_hire,2024-08-08
WE-0000729,W-100658,CAND-0011011,APP-0011120,REQ-2024-00297,hire,2024-08-05,new_hire,2024-08-06
WE-0000730,W-100659,CAND-0012359,APP-0012503,REQ-2024-00354,hire,2024-08-05,new_hire,2024-08-05
WE-0000731,W-100660,CAND-0000820,APP-0012574,REQ-2024-00274,hire,2024-08-05,new_hire,2024-08-07
WE-0000732,W-100661,CAND-0012819,APP-0012971,REQ-2024-00416,hire,2024-08-05,new_hire,2024-08-05
WE-0000733,W-100662,CAND-0012843,APP-0012995,REQ-2024-00588,hire,2024-08-05,new_hire,2024-08-07
WE-0000734,W-100663,CAND-0012962,APP-0013119,REQ-2024-00610,hire,2024-08-05,new_hire,2024-08-08
WE-0000735,W-100664,CAND-0013114,APP-0013271,REQ-2024-00473,hire,2024-08-05,new_hire,2024-08-06
WE-0000736,W-100665,CAND-0013116,APP-0013273,REQ-2024-00514,hire,2024-08-05,new_hire,2024-08-05
WE-0000737,W-100666,CAND-0013150,APP-0013308,REQ-2024-00610,hire,2024-08-05,new_hire,2024-08-06
WE-0000738,W-100667,CAND-0013395,APP-0013555,REQ-2024-00610,hire,2024-08-05,new_hire,2024-08-06
WE-0000739,W-100668,CAND-0013441,APP-0013601,REQ-2024-00594,hire,2024-08-05,new_hire,2024-08-08
WE-0000740,W-100669,CAND-0013575,APP-0013740,REQ-2024-00632,hire,2024-08-05,new_hire,2024-08-06
WE-0000741,W-100670,CAND-0013696,APP-0013862,REQ-2024-00635,hire,2024-08-05,new_hire,2024-08-05
WE-0000742,W-100671,CAND-0013747,APP-0013913,REQ-2024-00624,hire,2024-08-05,new_hire,2024-08-07
WE-0000743,W-100672,CAND-0013773,APP-0013939,REQ-2024-00648,hire,2024-08-05,new_hire,2024-08-07
WE-0000744,W-100673,CAND-0013933,APP-0014109,REQ-2024-00644,hire,2024-08-05,new_hire,2024-08-08
WE-0000745,W-100674,CAND-0014044,APP-0014225,REQ-2024-00630,hire,2024-08-05,new_hire,2024-08-05
WE-0000746,W-100675,CAND-0014073,APP-0014255,REQ-2024-00659,hire,2024-08-05,new_hire,2024-08-05
WE-0000747,W-100676,CAND-0014185,APP-0014370,REQ-2024-00620,hire,2024-08-05,new_hire,2024-08-06
WE-0000748,W-100677,CAND-0014600,APP-0014800,REQ-2024-00666,hire,2024-08-05,new_hire,2024-08-08
WE-0000749,W-100678,CAND-0014811,APP-0015017,REQ-2024-00673,hire,2024-08-05,new_hire,2024-08-06
WE-0000750,W-100679,CAND-0014867,APP-0015075,REQ-2024-00666,hire,2024-08-05,new_hire,2024-08-07
WE-0000751,W-100680,CAND-0015211,APP-0015431,REQ-2024-00674,hire,2024-08-05,new_hire,2024-08-07
WE-0000752,W-100681,CAND-0015407,APP-0015631,REQ-2024-00689,hire,2024-08-05,new_hire,2024-08-08
WE-0000753,W-100682,CAND-0015652,APP-0015883,REQ-2024-00727,hire,2024-08-05,new_hire,2024-08-08
WE-0000754,W-100549,CAND-0011827,APP-0011953,REQ-2024-00581,termination,2024-08-08,voluntary_resignation,2024-08-08
WE-0000755,W-100610,CAND-0012910,APP-0013064,REQ-2024-00607,termination,2024-08-08,voluntary_resignation,2024-08-09
WE-0000756,W-100043,CAND-0000502,APP-0000502,REQ-2024-00092,termination,2024-08-09,involuntary_restructuring,2024-08-12
WE-0000757,W-100683,CAND-0011547,APP-0011668,REQ-2024-00558,hire,2024-08-12,new_hire,2024-08-13
WE-0000758,W-100684,CAND-0011838,APP-0011965,REQ-2024-00263,hire,2024-08-12,new_hire,2024-08-12
WE-0000759,W-100685,CAND-0012855,APP-0013008,REQ-2024-00600,hire,2024-08-12,new_hire,2024-08-15
WE-0000760,W-100686,CAND-0013108,APP-0013265,REQ-2024-00437,hire,2024-08-12,new_hire,2024-08-12
WE-0000761,W-100687,CAND-0013149,APP-0013307,REQ-2024-00610,hire,2024-08-12,new_hire,2024-08-15
WE-0000762,W-100687,CAND-0013149,APP-0013307,REQ-2024-00610,hire,2024-08-12,new_hire,2024-08-26
WE-0000763,W-100688,CAND-0013210,APP-0013368,REQ-2024-00613,hire,2024-08-12,new_hire,2024-08-13
WE-0000764,W-100689,CAND-0013526,APP-0013689,REQ-2024-00420,hire,2024-08-12,new_hire,2024-08-15
WE-0000765,W-100690,CAND-0013561,APP-0013725,REQ-2024-00625,hire,2024-08-12,new_hire,2024-08-13
WE-0000766,W-100691,CAND-0013636,APP-0013802,REQ-2024-00639,hire,2024-08-12,new_hire,2024-08-14
WE-0000767,W-100692,CAND-0013645,APP-0013811,REQ-2024-00645,hire,2024-08-12,new_hire,2024-08-12
WE-0000768,W-100693,CAND-0013682,APP-0013848,REQ-2024-00614,hire,2024-08-12,new_hire,2024-08-14
WE-0000769,W-100694,CAND-0013714,APP-0013880,REQ-2024-00414,hire,2024-08-12,new_hire,2024-08-12
WE-0000770,W-100695,CAND-0013894,APP-0014064,REQ-2024-00284,hire,2024-08-12,new_hire,2024-08-15
WE-0000771,W-100696,CAND-0014026,APP-0014206,REQ-2024-00524,hire,2024-08-12,new_hire,2024-08-12
WE-0000772,W-100697,CAND-0014071,APP-0014253,REQ-2024-00658,hire,2024-08-12,new_hire,2024-08-12
WE-0000773,W-100698,CAND-0014097,APP-0014279,REQ-2024-00575,hire,2024-08-12,new_hire,2024-08-15
WE-0000774,W-100699,CAND-0008126,APP-0014302,REQ-2024-00631,hire,2024-08-12,new_hire,2024-08-14
WE-0000775,W-100700,CAND-0014202,APP-0014387,REQ-2024-00643,hire,2024-08-12,new_hire,2024-08-12
WE-0000776,W-100701,CAND-0014348,APP-0014540,REQ-2024-00300,hire,2024-08-12,new_hire,2024-08-14
WE-0000777,W-100702,CAND-0014356,APP-0014549,REQ-2024-00525,hire,2024-08-12,new_hire,2024-08-13
WE-0000778,W-100703,CAND-0014368,APP-0014562,REQ-2024-00604,hire,2024-08-12,new_hire,2024-08-14
WE-0000779,W-100704,CAND-0014623,APP-0014823,REQ-2024-00680,hire,2024-08-12,new_hire,2024-08-12
WE-0000780,W-100705,CAND-0014810,APP-0015016,REQ-2024-00673,hire,2024-08-12,new_hire,2024-08-15
WE-0000781,W-100706,CAND-0014961,APP-0015170,REQ-2024-00676,hire,2024-08-12,new_hire,2024-08-15
WE-0000782,W-100707,CAND-0015026,APP-0015235,REQ-2024-00660,hire,2024-08-12,new_hire,2024-08-15
WE-0000783,W-100708,CAND-0015119,APP-0015335,REQ-2024-00366,hire,2024-08-12,new_hire,2024-08-14
WE-0000784,W-100708,CAND-0015119,APP-0015335,REQ-2024-00366,hire,2024-08-12,new_hire,2024-08-24
WE-0000785,W-100709,CAND-0015271,APP-0015493,REQ-2024-00680,hire,2024-08-12,new_hire,2024-08-12
WE-0000786,W-100710,CAND-0015572,APP-0015800,REQ-2024-00719,hire,2024-08-12,new_hire,2024-08-12
WE-0000787,W-100711,CAND-0015905,APP-0016139,REQ-2024-00720,hire,2024-08-12,new_hire,2024-08-13
WE-0000788,W-100712,CAND-0015913,APP-0016147,REQ-2024-00727,hire,2024-08-12,new_hire,2024-08-15
WE-0000789,W-100713,CAND-0015961,APP-0016196,REQ-2024-00710,hire,2024-08-12,new_hire,2024-08-15
WE-0000790,W-100135,CAND-0001294,APP-0001294,REQ-2024-00139,termination,2024-08-13,voluntary_resignation,2024-08-16
WE-0000791,W-100633,CAND-0013771,APP-0013937,REQ-2024-00643,termination,2024-08-13,voluntary_resignation,2024-08-18
WE-0000792,W-100095,CAND-0001595,APP-0001597,REQ-2024-00044,termination,2024-08-16,voluntary_resignation,2024-08-19
WE-0000793,W-100458,CAND-0007273,APP-0007319,REQ-2024-00392,termination,2024-08-17,voluntary_resignation,2024-08-20
WE-0000794,W-100517,CAND-0010886,APP-0010991,REQ-2024-00517,termination,2024-08-18,involuntary_restructuring,2024-08-22
WE-0000795,W-100714,CAND-0013234,APP-0013392,REQ-2024-00505,hire,2024-08-19,new_hire,2024-08-22
WE-0000796,W-100715,CAND-0013358,APP-0013518,REQ-2024-00629,hire,2024-08-19,new_hire,2024-08-20
WE-0000797,W-100716,CAND-0013457,APP-0013618,REQ-2024-00625,hire,2024-08-19,new_hire,2024-08-22
WE-0000798,W-100717,CAND-0013650,APP-0013816,REQ-2024-00170,hire,2024-08-19,new_hire,2024-08-20
WE-0000799,W-100718,CAND-0013669,APP-0013835,REQ-2024-00591,hire,2024-08-19,new_hire,2024-08-22
WE-0000800,W-100719,CAND-0013733,APP-0013899,REQ-2024-00595,hire,2024-08-19,new_hire,2024-08-19
WE-0000801,W-100720,CAND-0014036,APP-0014217,REQ-2024-00612,hire,2024-08-19,new_hire,2024-08-21
WE-0000802,W-100721,CAND-0014053,APP-0014234,REQ-2024-00641,hire,2024-08-19,new_hire,2024-08-20
WE-0000803,W-100722,CAND-0014547,APP-0014746,REQ-2024-00677,hire,2024-08-19,new_hire,2024-08-19
WE-0000804,W-100723,CAND-0014746,APP-0014948,REQ-2024-00659,hire,2024-08-19,new_hire,2024-08-20
WE-0000805,W-100724,CAND-0014850,APP-0015056,REQ-2024-00642,hire,2024-08-19,new_hire,2024-08-19
WE-0000806,W-100725,CAND-0014895,APP-0015103,REQ-2024-00700,hire,2024-08-19,new_hire,2024-08-21
WE-0000807,W-100726,CAND-0014965,APP-0015174,REQ-2024-00684,hire,2024-08-19,new_hire,2024-08-21
WE-0000808,W-100727,CAND-0015319,APP-0015542,REQ-2024-00631,hire,2024-08-19,new_hire,2024-08-21
WE-0000809,W-100728,CAND-0015359,APP-0015582,REQ-2024-00700,hire,2024-08-19,new_hire,2024-08-20
WE-0000810,W-100729,CAND-0015405,APP-0015629,REQ-2024-00688,hire,2024-08-19,new_hire,2024-08-21
WE-0000811,W-100730,CAND-0015612,APP-0015843,REQ-2024-00674,hire,2024-08-19,new_hire,2024-08-22
WE-0000812,W-100731,CAND-0015657,APP-0015888,REQ-2024-00730,hire,2024-08-19,new_hire,2024-08-20
WE-0000813,W-100732,CAND-0015737,APP-0015968,REQ-2024-00674,hire,2024-08-19,new_hire,2024-08-20
WE-0000814,W-100733,CAND-0016052,APP-0016290,REQ-2024-00727,hire,2024-08-19,new_hire,2024-08-20
WE-0000815,W-100734,CAND-0016071,APP-0016309,REQ-2024-00749,hire,2024-08-19,new_hire,2024-08-22
WE-0000816,W-100735,CAND-0016121,APP-0016362,REQ-2024-00727,hire,2024-08-19,new_hire,2024-08-21
WE-0000817,W-100583,CAND-0011573,APP-0011694,REQ-2024-00323,termination,2024-08-20,involuntary_probation,2024-08-23
WE-0000818,W-100705,CAND-0014810,APP-0015016,REQ-2024-00673,termination,2024-08-22,voluntary_resignation,2024-08-22
WE-0000819,W-100538,CAND-0010577,APP-0010676,REQ-2024-00513,termination,2024-08-23,involuntary_performance,2024-08-23
WE-0000820,W-100736,CAND-0013096,APP-0013253,REQ-2024-00211,hire,2024-08-26,new_hire,2024-08-26
WE-0000821,W-100737,CAND-0013909,APP-0014080,REQ-2024-00540,hire,2024-08-26,new_hire,2024-08-29
WE-0000822,W-100738,CAND-0014201,APP-0014386,REQ-2024-00643,hire,2024-08-26,new_hire,2024-08-29
WE-0000823,W-100739,CAND-0014215,APP-0014403,REQ-2024-00662,hire,2024-08-26,new_hire,2024-08-27
WE-0000824,W-100740,CAND-0012677,APP-0014692,REQ-2024-00580,hire,2024-08-26,new_hire,2024-08-28
WE-0000825,W-100741,CAND-0014649,APP-0014849,REQ-2024-00617,hire,2024-08-26,new_hire,2024-08-28
WE-0000826,W-100742,CAND-0014657,APP-0014857,REQ-2024-00632,hire,2024-08-26,new_hire,2024-08-26
WE-0000827,W-100743,CAND-0014704,APP-0014904,REQ-2024-00065,hire,2024-08-26,new_hire,2024-08-28
WE-0000828,W-100744,CAND-0014767,APP-0014969,REQ-2024-00683,hire,2024-08-26,new_hire,2024-08-28
WE-0000829,W-100745,CAND-0014804,APP-0015010,REQ-2024-00668,hire,2024-08-26,new_hire,2024-08-28
WE-0000830,W-100746,CAND-0014806,APP-0015012,REQ-2024-00670,hire,2024-08-26,new_hire,2024-08-27
WE-0000831,W-100747,CAND-0014825,APP-0015031,REQ-2024-00691,hire,2024-08-26,new_hire,2024-08-27
WE-0000832,W-100748,CAND-0014929,APP-0015138,REQ-2024-00626,hire,2024-08-26,new_hire,2024-08-26
WE-0000833,W-100749,CAND-0015042,APP-0015252,REQ-2024-00694,hire,2024-08-26,new_hire,2024-08-29
WE-0000834,W-100750,CAND-0015518,APP-0015744,REQ-2024-00430,hire,2024-08-26,new_hire,2024-08-27
WE-0000835,W-100751,CAND-0015577,APP-0015805,REQ-2024-00725,hire,2024-08-26,new_hire,2024-08-27
WE-0000836,W-100752,CAND-0015696,APP-0015927,REQ-2024-00702,hire,2024-08-26,new_hire,2024-08-27
WE-0000837,W-100753,CAND-0015886,APP-0016119,REQ-2024-00691,hire,2024-08-26,new_hire,2024-08-29
WE-0000838,W-100754,CAND-0016082,APP-0016320,REQ-2024-00605,hire,2024-08-26,new_hire,2024-08-28
WE-0000839,W-100755,CAND-0016177,APP-0016418,REQ-2024-00674,hire,2024-08-26,new_hire,2024-08-27
WE-0000840,W-100756,CAND-0016291,APP-0016536,REQ-2024-00739,hire,2024-08-26,new_hire,2024-08-26
WE-0000841,W-100686,CAND-0013108,APP-0013265,REQ-2024-00437,termination,2024-08-28,voluntary_resignation,2024-09-02
WE-0000842,W-100757,CAND-0012485,APP-0012632,REQ-2024-00227,hire,2024-09-02,new_hire,2024-09-02
WE-0000843,W-100758,CAND-0012954,APP-0013110,REQ-2024-00596,hire,2024-09-02,new_hire,2024-09-05
WE-0000844,W-100759,CAND-0013400,APP-0013560,REQ-2024-00618,hire,2024-09-02,new_hire,2024-09-04
WE-0000845,W-100760,CAND-0014325,APP-0014517,REQ-2024-00656,hire,2024-09-02,new_hire,2024-09-05
WE-0000846,W-100761,CAND-0014342,APP-0014534,REQ-2024-00099,hire,2024-09-02,new_hire,2024-09-03
WE-0000847,W-100762,CAND-0014534,APP-0014733,REQ-2024-00667,hire,2024-09-02,new_hire,2024-09-02
WE-0000848,W-100763,CAND-0014541,APP-0014740,REQ-2024-00675,hire,2024-09-02,new_hire,2024-09-02
WE-0000849,W-100764,CAND-0014737,APP-0014937,REQ-2024-00646,hire,2024-09-02,new_hire,2024-09-03
WE-0000850,W-100765,CAND-0015021,APP-0015230,REQ-2024-00654,hire,2024-09-02,new_hire,2024-09-04
WE-0000851,W-100766,CAND-0015036,APP-0015246,REQ-2024-00677,hire,2024-09-02,new_hire,2024-09-05
WE-0000852,W-100767,CAND-0015130,APP-0015346,REQ-2024-00600,hire,2024-09-02,new_hire,2024-09-02
WE-0000853,W-100767,CAND-0015130,APP-0015346,REQ-2024-00600,hire,2024-09-02,new_hire,2024-09-15
WE-0000854,W-100768,CAND-0015295,APP-0015517,REQ-2024-00707,hire,2024-09-02,new_hire,2024-09-05
WE-0000855,W-100768,CAND-0015295,APP-0015517,REQ-2024-00707,hire,2024-09-02,new_hire,2024-09-10
WE-0000856,W-100769,CAND-0015393,APP-0015617,REQ-2024-00666,hire,2024-09-02,new_hire,2024-09-02
WE-0000857,W-100770,CAND-0015506,APP-0015731,REQ-2024-00718,hire,2024-09-02,new_hire,2024-09-04
WE-0000858,W-100771,CAND-0015628,APP-0015859,REQ-2024-00699,hire,2024-09-02,new_hire,2024-09-03
WE-0000859,W-100772,CAND-0015713,APP-0015944,REQ-2024-00732,hire,2024-09-02,new_hire,2024-09-02
WE-0000860,W-100773,CAND-0015855,APP-0016088,REQ-2024-00272,hire,2024-09-02,new_hire,2024-09-03
WE-0000861,W-100774,CAND-0001296,APP-0016138,REQ-2024-00720,hire,2024-09-02,new_hire,2024-09-05
WE-0000862,W-100775,CAND-0015998,APP-0016233,REQ-2024-00165,hire,2024-09-02,new_hire,2024-09-03
WE-0000863,W-100776,CAND-0016045,APP-0016283,REQ-2024-00720,hire,2024-09-02,new_hire,2024-09-04
WE-0000864,W-100777,CAND-0016269,APP-0016514,REQ-2024-00717,hire,2024-09-02,new_hire,2024-09-04
WE-0000865,W-100778,CAND-0016303,APP-0016549,REQ-2024-00755,hire,2024-09-02,new_hire,2024-09-03
WE-0000866,W-100779,CAND-0016385,APP-0016634,REQ-2024-00751,hire,2024-09-02,new_hire,2024-09-02
WE-0000867,W-100780,CAND-0016459,APP-0016711,REQ-2024-00152,hire,2024-09-02,new_hire,2024-09-05
WE-0000868,W-100781,CAND-0016514,APP-0016768,REQ-2024-00741,hire,2024-09-02,new_hire,2024-09-02
WE-0000869,W-100782,CAND-0016818,APP-0017079,REQ-2024-00767,hire,2024-09-02,new_hire,2024-09-02
WE-0000870,W-100783,CAND-0016871,APP-0017134,REQ-2024-00746,hire,2024-09-02,new_hire,2024-09-02
WE-0000871,W-100784,CAND-0013841,APP-0014009,REQ-2024-00528,hire,2024-09-09,new_hire,2024-09-10
WE-0000872,W-100785,CAND-0015150,APP-0015367,REQ-2024-00679,hire,2024-09-09,new_hire,2024-09-10
WE-0000873,W-100786,CAND-0015565,APP-0015793,REQ-2024-00702,hire,2024-09-09,new_hire,2024-09-10
WE-0000874,W-100787,CAND-0015635,APP-0015866,REQ-2024-00708,hire,2024-09-09,new_hire,2024-09-12
WE-0000875,W-100788,CAND-0015659,APP-0015890,REQ-2024-00733,hire,2024-09-09,new_hire,2024-09-11
WE-0000876,W-100789,CAND-0015685,APP-0015916,REQ-2024-00690,hire,2024-09-09,new_hire,2024-09-11
WE-0000877,W-100790,CAND-0015687,APP-0015918,REQ-2024-00691,hire,2024-09-09,new_hire,2024-09-11
WE-0000878,W-100791,CAND-0015750,APP-0015981,REQ-2024-00688,hire,2024-09-09,new_hire,2024-09-11
WE-0000879,W-100792,CAND-0015776,APP-0016008,REQ-2024-00730,hire,2024-09-09,new_hire,2024-09-11
WE-0000880,W-100793,CAND-0015793,APP-0016026,REQ-2024-00589,hire,2024-09-09,new_hire,2024-09-10
WE-0000881,W-100794,CAND-0015955,APP-0016190,REQ-2024-00698,hire,2024-09-09,new_hire,2024-09-11
WE-0000882,W-100795,CAND-0016106,APP-0016347,REQ-2024-00706,hire,2024-09-09,new_hire,2024-09-09
WE-0000883,W-100796,CAND-0016110,APP-0016351,REQ-2024-00713,hire,2024-09-09,new_hire,2024-09-11
WE-0000884,W-100797,CAND-0016402,APP-0016651,REQ-2024-00626,hire,2024-09-09,new_hire,2024-09-12
WE-0000885,W-100798,CAND-0016523,APP-0016777,REQ-2024-00751,hire,2024-09-09,new_hire,2024-09-11
WE-0000886,W-100799,CAND-0016582,APP-0016838,REQ-2024-00736,hire,2024-09-09,new_hire,2024-09-10
WE-0000887,W-100800,CAND-0016592,APP-0016848,REQ-2024-00751,hire,2024-09-09,new_hire,2024-09-12
WE-0000888,W-100801,CAND-0016653,APP-0016911,REQ-2024-00735,hire,2024-09-09,new_hire,2024-09-12
WE-0000889,W-100802,CAND-0016811,APP-0017071,REQ-2024-00755,hire,2024-09-09,new_hire,2024-09-11
WE-0000890,W-100803,CAND-0016853,APP-0017115,REQ-2024-00717,hire,2024-09-09,new_hire,2024-09-09
WE-0000891,W-100804,CAND-0016943,APP-0017209,REQ-2024-00755,hire,2024-09-09,new_hire,2024-09-12
WE-0000892,W-100805,CAND-0016962,APP-0017230,REQ-2024-00481,hire,2024-09-09,new_hire,2024-09-11
WE-0000893,W-100806,CAND-0017032,APP-0017302,REQ-2024-00698,hire,2024-09-09,new_hire,2024-09-09
WE-0000894,W-100683,CAND-0011547,APP-0011668,REQ-2024-00558,termination,2024-09-12,involuntary_performance,2024-09-12
WE-0000895,W-100636,CAND-0011740,APP-0011864,REQ-2024-00543,termination,2024-09-13,involuntary_performance,2024-09-17
WE-0000896,W-100381,CAND-0007762,APP-0007817,REQ-2024-00424,termination,2024-09-14,voluntary_resignation,2024-09-18
WE-0000897,W-100684,CAND-0011838,APP-0011965,REQ-2024-00263,termination,2024-09-14,voluntary_resignation,2024-09-18
WE-0000898,W-100807,CAND-0014531,APP-0014730,REQ-2024-00662,hire,2024-09-16,new_hire,2024-09-17
WE-0000899,W-100808,CAND-0014780,APP-0014983,REQ-2024-00533,hire,2024-09-16,new_hire,2024-09-19
WE-0000900,W-100809,CAND-0014800,APP-0015005,REQ-2024-00663,hire,2024-09-16,new_hire,2024-09-18
WE-0000901,W-100810,CAND-0015352,APP-0015575,REQ-2024-00691,hire,2024-09-16,new_hire,2024-09-16
WE-0000902,W-100811,CAND-0015481,APP-0015706,REQ-2024-00685,hire,2024-09-16,new_hire,2024-09-17
WE-0000903,W-100812,CAND-0015595,APP-0015824,REQ-2024-00531,hire,2024-09-16,new_hire,2024-09-18
WE-0000904,W-100813,CAND-0015848,APP-0016081,REQ-2024-00741,hire,2024-09-16,new_hire,2024-09-18
WE-0000905,W-100814,CAND-0015859,APP-0016092,REQ-2024-00557,hire,2024-09-16,new_hire,2024-09-16
WE-0000906,W-100815,CAND-0015883,APP-0016116,REQ-2024-00688,hire,2024-09-16,new_hire,2024-09-18
WE-0000907,W-100816,CAND-0015888,APP-0016121,REQ-2024-00693,hire,2024-09-16,new_hire,2024-09-19
WE-0000908,W-100817,CAND-0015906,APP-0016140,REQ-2024-00722,hire,2024-09-16,new_hire,2024-09-16
WE-0000909,W-100818,CAND-0016003,APP-0016238,REQ-2024-00313,hire,2024-09-16,new_hire,2024-09-16
WE-0000910,W-100819,CAND-0016171,APP-0016412,REQ-2024-00643,hire,2024-09-16,new_hire,2024-09-17
WE-0000911,W-100820,CAND-0016215,APP-0016458,REQ-2024-00748,hire,2024-09-16,new_hire,2024-09-19
WE-0000912,W-100821,CAND-0016527,APP-0016781,REQ-2024-00762,hire,2024-09-16,new_hire,2024-09-18
WE-0000913,W-100822,CAND-0016657,APP-0016915,REQ-2024-00747,hire,2024-09-16,new_hire,2024-09-17
WE-0000914,W-100823,CAND-0017247,APP-0017519,REQ-2024-00755,hire,2024-09-16,new_hire,2024-09-17
WE-0000915,W-100824,CAND-0014098,APP-0014280,REQ-2024-00582,hire,2024-09-23,new_hire,2024-09-24
WE-0000916,W-100825,CAND-0015133,APP-0015349,REQ-2024-00634,hire,2024-09-23,new_hire,2024-09-26
WE-0000917,W-100826,CAND-0015748,APP-0015979,REQ-2024-00687,hire,2024-09-23,new_hire,2024-09-23
WE-0000918,W-100827,CAND-0016194,APP-0016435,REQ-2024-00715,hire,2024-09-23,new_hire,2024-09-23
WE-0000919,W-100828,CAND-0016800,APP-0017059,REQ-2024-00748,hire,2024-09-23,new_hire,2024-09-26
WE-0000920,W-100829,CAND-0017014,APP-0017284,REQ-2024-00773,hire,2024-09-23,new_hire,2024-09-26
WE-0000921,W-100830,CAND-0017016,APP-0017286,REQ-2024-00406,hire,2024-09-23,new_hire,2024-09-25
WE-0000922,W-100831,CAND-0017114,APP-0017384,REQ-2024-00743,hire,2024-09-23,new_hire,2024-09-24
WE-0000923,W-100832,CAND-0017127,APP-0017397,REQ-2024-00756,hire,2024-09-23,new_hire,2024-09-25
WE-0000924,W-100833,CAND-0017194,APP-0017464,REQ-2024-00773,hire,2024-09-23,new_hire,2024-09-24
WE-0000925,W-100834,CAND-0017215,APP-0017486,REQ-2024-00632,hire,2024-09-23,new_hire,2024-09-24
WE-0000926,W-100835,CAND-0017965,APP-0018253,REQ-2024-00730,hire,2024-09-23,new_hire,2024-09-25
WE-0000927,W-100836,CAND-0018501,APP-0018810,REQ-2024-00840,hire,2024-09-23,new_hire,2024-09-26
WE-0000928,W-100837,CAND-0018555,APP-0018867,REQ-2024-00846,hire,2024-09-23,new_hire,2024-09-23
WE-0000929,W-100816,CAND-0015888,APP-0016121,REQ-2024-00693,termination,2024-09-24,voluntary_resignation,2024-09-26
WE-0000930,W-100473,CAND-0010258,APP-0010350,REQ-2024-00013,termination,2024-09-25,voluntary_resignation,2024-09-29
WE-0000931,W-100474,CAND-0010356,APP-0010450,REQ-2024-00508,termination,2024-09-28,involuntary_performance,2024-09-29
WE-0000932,W-100819,CAND-0016171,APP-0016412,REQ-2024-00643,termination,2024-09-28,voluntary_resignation,2024-10-02
WE-0000933,W-100687,CAND-0013149,APP-0013307,REQ-2024-00610,termination,2024-09-29,voluntary_resignation,2024-10-03
WE-0000934,W-100838,CAND-0014289,APP-0014480,REQ-2024-00578,hire,2024-09-30,new_hire,2024-10-02
WE-0000935,W-100839,CAND-0015139,APP-0015355,REQ-2024-00665,hire,2024-09-30,new_hire,2024-10-01
WE-0000936,W-100840,CAND-0015375,APP-0015598,REQ-2024-00455,hire,2024-09-30,new_hire,2024-10-02
WE-0000937,W-100841,CAND-0016218,APP-0016461,REQ-2024-00750,hire,2024-09-30,new_hire,2024-10-01
WE-0000938,W-100842,CAND-0016580,APP-0016836,REQ-2024-00730,hire,2024-09-30,new_hire,2024-09-30
WE-0000939,W-100843,CAND-0017433,APP-0017709,REQ-2024-00784,hire,2024-09-30,new_hire,2024-10-01
WE-0000940,W-100844,CAND-0017462,APP-0017740,REQ-2024-00499,hire,2024-09-30,new_hire,2024-10-02
WE-0000941,W-100845,CAND-0017536,APP-0017818,REQ-2024-00716,hire,2024-09-30,new_hire,2024-10-02
WE-0000942,W-100846,CAND-0017612,APP-0017896,REQ-2024-00790,hire,2024-09-30,new_hire,2024-10-02
WE-0000943,W-100847,CAND-0017622,APP-0017906,REQ-2024-00803,hire,2024-09-30,new_hire,2024-10-01
WE-0000944,W-100848,CAND-0017682,APP-0017966,REQ-2024-00805,hire,2024-09-30,new_hire,2024-09-30
WE-0000945,W-100849,CAND-0017932,APP-0018219,REQ-2024-00805,hire,2024-09-30,new_hire,2024-10-01
WE-0000946,W-100545,CAND-0011297,APP-0011409,REQ-2024-00518,termination,2024-10-01,involuntary_performance,2024-10-04
WE-0000947,W-100850,CAND-0015463,APP-0015688,REQ-2024-00672,hire,2024-10-07,new_hire,2024-10-10
WE-0000948,W-100850,CAND-0015463,APP-0015688,REQ-2024-00672,hire,2024-10-07,new_hire,2024-10-17
WE-0000949,W-100851,CAND-0015589,APP-0015817,REQ-2024-00320,hire,2024-10-07,new_hire,2024-10-08
WE-0000950,W-100852,CAND-0015973,APP-0016208,REQ-2024-00726,hire,2024-10-07,new_hire,2024-10-09
WE-0000951,W-100853,CAND-0016708,APP-0016967,REQ-2024-00728,hire,2024-10-07,new_hire,2024-10-08
WE-0000952,W-100854,CAND-0016820,APP-0017081,REQ-2024-00170,hire,2024-10-07,new_hire,2024-10-08
WE-0000953,W-100855,CAND-0016839,APP-0017100,REQ-2024-00653,hire,2024-10-07,new_hire,2024-10-07
WE-0000954,W-100856,CAND-0017083,APP-0017353,REQ-2024-00616,hire,2024-10-07,new_hire,2024-10-09
WE-0000955,W-100857,CAND-0017212,APP-0017483,REQ-2024-00592,hire,2024-10-07,new_hire,2024-10-09
WE-0000956,W-100858,CAND-0017600,APP-0017884,REQ-2024-00773,hire,2024-10-07,new_hire,2024-10-10
WE-0000957,W-100859,CAND-0017642,APP-0017926,REQ-2024-00650,hire,2024-10-07,new_hire,2024-10-07
WE-0000958,W-100860,CAND-0017681,APP-0017965,REQ-2024-00805,hire,2024-10-07,new_hire,2024-10-08
WE-0000959,W-100861,CAND-0017728,APP-0018012,REQ-2024-00790,hire,2024-10-07,new_hire,2024-10-10
WE-0000960,W-100862,CAND-0018307,APP-0018609,REQ-2024-00809,hire,2024-10-07,new_hire,2024-10-08
WE-0000961,W-100863,CAND-0018357,APP-0018659,REQ-2024-00807,hire,2024-10-07,new_hire,2024-10-09
WE-0000962,W-100864,CAND-0018421,APP-0018727,REQ-2024-00810,hire,2024-10-07,new_hire,2024-10-07
WE-0000963,W-100865,CAND-0018517,APP-0018826,REQ-2024-00685,hire,2024-10-07,new_hire,2024-10-07
WE-0000964,W-100866,CAND-0018077,APP-0018865,REQ-2024-00845,hire,2024-10-07,new_hire,2024-10-10
WE-0000965,W-100867,CAND-0018605,APP-0018919,REQ-2024-00843,hire,2024-10-07,new_hire,2024-10-07
WE-0000966,W-100868,CAND-0019020,APP-0019339,REQ-2024-00861,hire,2024-10-07,new_hire,2024-10-09
WE-0000967,W-100869,CAND-0019066,APP-0019386,REQ-2024-00838,hire,2024-10-07,new_hire,2024-10-08
WE-0000968,W-100760,CAND-0014325,APP-0014517,REQ-2024-00656,termination,2024-10-09,voluntary_resignation,2024-10-11
WE-0000969,W-100795,CAND-0016106,APP-0016347,REQ-2024-00706,termination,2024-10-09,voluntary_resignation,2024-10-12
WE-0000970,W-100846,CAND-0017612,APP-0017896,REQ-2024-00790,termination,2024-10-11,involuntary_probation,2024-10-16
WE-0000971,W-100280,CAND-0003376,APP-0003387,REQ-2024-00330,termination,2024-10-13,voluntary_resignation,2024-10-17
WE-0000972,W-100773,CAND-0015855,APP-0016088,REQ-2024-00272,termination,2024-10-14,voluntary_resignation,2024-10-17
WE-0000973,W-100870,CAND-0016626,APP-0016883,REQ-2024-00681,hire,2024-10-14,new_hire,2024-10-16
WE-0000974,W-100871,CAND-0017025,APP-0017295,REQ-2024-00621,hire,2024-10-14,new_hire,2024-10-17
WE-0000975,W-100872,CAND-0017658,APP-0017942,REQ-2024-00779,hire,2024-10-14,new_hire,2024-10-16
WE-0000976,W-100873,CAND-0017670,APP-0017954,REQ-2024-00794,hire,2024-10-14,new_hire,2024-10-15
WE-0000977,W-100874,CAND-0017975,APP-0018263,REQ-2024-00787,hire,2024-10-14,new_hire,2024-10-17
WE-0000978,W-100875,CAND-0018027,APP-0018316,REQ-2024-00744,hire,2024-10-14,new_hire,2024-10-15
WE-0000979,W-100876,CAND-0018049,APP-0018340,REQ-2024-00796,hire,2024-10-14,new_hire,2024-10-15
WE-0000980,W-100877,CAND-0018090,APP-0018383,REQ-2024-00757,hire,2024-10-14,new_hire,2024-10-14
WE-0000981,W-100878,CAND-0018124,APP-0018417,REQ-2024-00810,hire,2024-10-14,new_hire,2024-10-14
WE-0000982,W-100879,CAND-0018125,APP-0018418,REQ-2024-00814,hire,2024-10-14,new_hire,2024-10-16
WE-0000983,W-100880,CAND-0018294,APP-0018595,REQ-2024-00793,hire,2024-10-14,new_hire,2024-10-16
WE-0000984,W-100881,CAND-0018413,APP-0018719,REQ-2024-00790,hire,2024-10-14,new_hire,2024-10-15
WE-0000985,W-100882,CAND-0018475,APP-0018782,REQ-2024-00801,hire,2024-10-14,new_hire,2024-10-14
WE-0000986,W-100883,CAND-0018680,APP-0018994,REQ-2024-00735,hire,2024-10-14,new_hire,2024-10-16
WE-0000987,W-100884,CAND-0018736,APP-0019051,REQ-2024-00735,hire,2024-10-14,new_hire,2024-10-17
WE-0000988,W-100885,CAND-0018968,APP-0019285,REQ-2024-00508,hire,2024-10-14,new_hire,2024-10-15
WE-0000989,W-100886,CAND-0019255,APP-0019579,REQ-2024-00864,hire,2024-10-14,new_hire,2024-10-15
WE-0000990,W-100768,CAND-0015295,APP-0015517,REQ-2024-00707,termination,2024-10-16,voluntary_resignation,2024-10-21
WE-0000991,W-100344,CAND-0006593,APP-0006630,REQ-2024-00333,termination,2024-10-17,voluntary_resignation,2024-10-21
WE-0000992,W-100508,CAND-0009668,APP-0009748,REQ-2024-00299,termination,2024-10-19,voluntary_resignation,2024-10-24
WE-0000993,W-100319,CAND-0006521,APP-0006557,REQ-2024-00364,termination,2024-10-20,voluntary_resignation,2024-10-23
WE-0000994,W-100887,CAND-0016196,APP-0016438,REQ-2024-00724,hire,2024-10-21,new_hire,2024-10-22
WE-0000995,W-100888,CAND-0016958,APP-0017226,REQ-2024-00375,hire,2024-10-21,new_hire,2024-10-23
WE-0000996,W-100889,CAND-0017128,APP-0017398,REQ-2024-00758,hire,2024-10-21,new_hire,2024-10-22
WE-0000997,W-100890,CAND-0017195,APP-0017465,REQ-2024-00773,hire,2024-10-21,new_hire,2024-10-23
WE-0000998,W-100891,CAND-0017204,APP-0017475,REQ-2024-00496,hire,2024-10-21,new_hire,2024-10-24
WE-0000999,W-100892,CAND-0018248,APP-0018548,REQ-2024-00833,hire,2024-10-21,new_hire,2024-10-24
WE-0001000,W-100893,CAND-0018324,APP-0018626,REQ-2024-00834,hire,2024-10-21,new_hire,2024-10-23
WE-0001001,W-100894,CAND-0018444,APP-0018751,REQ-2024-00459,hire,2024-10-21,new_hire,2024-10-22
WE-0001002,W-100895,CAND-0018528,APP-0018839,REQ-2024-00790,hire,2024-10-21,new_hire,2024-10-21
WE-0001003,W-100896,CAND-0018678,APP-0018992,REQ-2024-00657,hire,2024-10-21,new_hire,2024-10-23
WE-0001004,W-100897,CAND-0018795,APP-0019110,REQ-2024-00685,hire,2024-10-21,new_hire,2024-10-24
WE-0001005,W-100898,CAND-0018818,APP-0019133,REQ-2024-00810,hire,2024-10-21,new_hire,2024-10-23
WE-0001006,W-100899,CAND-0018877,APP-0019193,REQ-2024-00831,hire,2024-10-21,new_hire,2024-10-23
WE-0001007,W-100900,CAND-0019048,APP-0019367,REQ-2024-00790,hire,2024-10-21,new_hire,2024-10-21
WE-0001008,W-100901,CAND-0019174,APP-0019498,REQ-2024-00850,hire,2024-10-21,new_hire,2024-10-24
WE-0001009,W-100902,CAND-0019409,APP-0019737,REQ-2024-00854,hire,2024-10-21,new_hire,2024-10-24
WE-0001010,W-100903,CAND-0019651,APP-0019989,REQ-2024-00387,hire,2024-10-21,new_hire,2024-10-23
WE-0001011,W-100904,CAND-0019726,APP-0020066,REQ-2024-00832,hire,2024-10-21,new_hire,2024-10-21
WE-0001012,W-100905,CAND-0019831,APP-0020173,REQ-2024-00776,hire,2024-10-21,new_hire,2024-10-23
WE-0001013,W-100376,CAND-0007329,APP-0007375,REQ-2024-00357,termination,2024-10-28,involuntary_restructuring,2024-10-28
WE-0001014,W-100906,CAND-0016338,APP-0016586,REQ-2024-00714,hire,2024-10-28,new_hire,2024-10-29
WE-0001015,W-100907,CAND-0018596,APP-0018910,REQ-2024-00825,hire,2024-10-28,new_hire,2024-10-31
WE-0001016,W-100908,CAND-0018607,APP-0018921,REQ-2024-00844,hire,2024-10-28,new_hire,2024-10-28
WE-0001017,W-100909,CAND-0018630,APP-0018944,REQ-2024-00685,hire,2024-10-28,new_hire,2024-10-30
WE-0001018,W-100910,CAND-0018733,APP-0019048,REQ-2024-00732,hire,2024-10-28,new_hire,2024-10-29
WE-0001019,W-100911,CAND-0018816,APP-0019131,REQ-2024-00808,hire,2024-10-28,new_hire,2024-10-31
WE-0001020,W-100912,CAND-0018841,APP-0019156,REQ-2024-00862,hire,2024-10-28,new_hire,2024-10-29
WE-0001021,W-100913,CAND-0019131,APP-0019454,REQ-2024-00857,hire,2024-10-28,new_hire,2024-10-29
WE-0001022,W-100914,CAND-0019142,APP-0019465,REQ-2024-00863,hire,2024-10-28,new_hire,2024-10-31
WE-0001023,W-100915,CAND-0019178,APP-0019502,REQ-2024-00859,hire,2024-10-28,new_hire,2024-10-30
WE-0001024,W-100916,CAND-0019254,APP-0019578,REQ-2024-00863,hire,2024-10-28,new_hire,2024-10-29
WE-0001025,W-100917,CAND-0019294,APP-0019619,REQ-2024-00829,hire,2024-10-28,new_hire,2024-10-31
WE-0001026,W-100918,CAND-0019386,APP-0019712,REQ-2024-00618,hire,2024-10-28,new_hire,2024-10-31
WE-0001027,W-100919,CAND-0019408,APP-0019736,REQ-2024-00852,hire,2024-10-28,new_hire,2024-10-29
WE-0001028,W-100920,CAND-0019459,APP-0019790,REQ-2024-00837,hire,2024-10-28,new_hire,2024-10-30
WE-0001029,W-100921,CAND-0019490,APP-0019824,REQ-2024-00498,hire,2024-10-28,new_hire,2024-10-30
WE-0001030,W-100922,CAND-0019491,APP-0019825,REQ-2024-00661,hire,2024-10-28,new_hire,2024-10-28
WE-0001031,W-100923,CAND-0019772,APP-0020113,REQ-2024-00620,hire,2024-10-28,new_hire,2024-10-31
WE-0001032,W-100924,CAND-0019784,APP-0020125,REQ-2024-00837,hire,2024-10-28,new_hire,2024-10-30
WE-0001033,W-100925,CAND-0019850,APP-0020193,REQ-2024-00883,hire,2024-10-28,new_hire,2024-10-29
WE-0001034,W-100926,CAND-0019905,APP-0020251,REQ-2024-00865,hire,2024-10-28,new_hire,2024-10-30
WE-0001035,W-100927,CAND-0019921,APP-0020268,REQ-2024-00895,hire,2024-10-28,new_hire,2024-10-28
WE-0001036,W-100928,CAND-0020083,APP-0020434,REQ-2024-00892,hire,2024-10-28,new_hire,2024-10-30
WE-0001037,W-100929,CAND-0020238,APP-0020597,REQ-2024-00917,hire,2024-10-28,new_hire,2024-10-28
WE-0001038,W-100930,CAND-0020484,APP-0020853,REQ-2024-00911,hire,2024-10-28,new_hire,2024-10-30
WE-0001039,W-100931,CAND-0014551,APP-0020954,REQ-2024-00911,hire,2024-10-28,new_hire,2024-10-30
WE-0001040,W-100932,CAND-0020646,APP-0021021,REQ-2024-00911,hire,2024-10-28,new_hire,2024-10-29
WE-0001041,W-100933,CAND-0020868,APP-0021249,REQ-2024-00941,hire,2024-10-28,new_hire,2024-10-29
WE-0001042,W-100934,CAND-0020869,APP-0021250,REQ-2024-00941,hire,2024-10-28,new_hire,2024-10-30
WE-0001043,W-100854,CAND-0016820,APP-0017081,REQ-2024-00170,termination,2024-10-29,voluntary_resignation,2024-11-03
WE-0001044,W-100868,CAND-0019020,APP-0019339,REQ-2024-00861,termination,2024-10-30,voluntary_resignation,2024-10-31
WE-0001045,W-100810,CAND-0015352,APP-0015575,REQ-2024-00691,termination,2024-11-01,involuntary_performance,2024-11-01
WE-0001046,W-100015,CAND-0001609,APP-0001611,REQ-2024-00072,termination,2024-11-02,involuntary_restructuring,2024-11-04
WE-0001047,W-100752,CAND-0015696,APP-0015927,REQ-2024-00702,termination,2024-11-03,voluntary_resignation,2024-11-08
WE-0001048,W-100935,CAND-0018073,APP-0018365,REQ-2024-00373,hire,2024-11-04,new_hire,2024-11-06
WE-0001049,W-100936,CAND-0018468,APP-0018775,REQ-2024-00788,hire,2024-11-04,new_hire,2024-11-06
WE-0001050,W-100937,CAND-0018618,APP-0018932,REQ-2024-00414,hire,2024-11-04,new_hire,2024-11-04
WE-0001051,W-100938,CAND-0018626,APP-0018940,REQ-2024-00618,hire,2024-11-04,new_hire,2024-11-05
WE-0001052,W-100939,CAND-0018894,APP-0019210,REQ-2024-00856,hire,2024-11-04,new_hire,2024-11-06
WE-0001053,W-100940,CAND-0019104,APP-0019427,REQ-2024-00798,hire,2024-11-04,new_hire,2024-11-05
WE-0001054,W-100941,CAND-0019112,APP-0019435,REQ-2024-00817,hire,2024-11-04,new_hire,2024-11-04
WE-0001055,W-100942,CAND-0019471,APP-0019804,REQ-2024-00863,hire,2024-11-04,new_hire,2024-11-06
WE-0001056,W-100943,CAND-0019478,APP-0019812,REQ-2024-00880,hire,2024-11-04,new_hire,2024-11-04
WE-0001057,W-100944,CAND-0019522,APP-0019857,REQ-2024-00875,hire,2024-11-04,new_hire,2024-11-05
WE-0001058,W-100945,CAND-0019580,APP-0019916,REQ-2024-00863,hire,2024-11-04,new_hire,2024-11-05
WE-0001059,W-100946,CAND-0019656,APP-0019994,REQ-2024-00619,hire,2024-11-04,new_hire,2024-11-06
WE-0001060,W-100947,CAND-0019661,APP-0019999,REQ-2024-00761,hire,2024-11-04,new_hire,2024-11-07
WE-0001061,W-100948,CAND-0019666,APP-0020005,REQ-2024-00818,hire,2024-11-04,new_hire,2024-11-04
WE-0001062,W-100949,CAND-0019687,APP-0020026,REQ-2024-00879,hire,2024-11-04,new_hire,2024-11-07
WE-0001063,W-100950,CAND-0019724,APP-0020064,REQ-2024-00828,hire,2024-11-04,new_hire,2024-11-05
WE-0001064,W-100951,CAND-0019932,APP-0020279,REQ-2024-00356,hire,2024-11-04,new_hire,2024-11-06
WE-0001065,W-100952,CAND-0019967,APP-0020315,REQ-2024-00892,hire,2024-11-04,new_hire,2024-11-07
WE-0001066,W-100953,CAND-0020143,APP-0020497,REQ-2024-00892,hire,2024-11-04,new_hire,2024-11-07
WE-0001067,W-100954,CAND-0020155,APP-0020510,REQ-2024-00908,hire,2024-11-04,new_hire,2024-11-06
WE-0001068,W-100954,CAND-0020155,APP-0020510,REQ-2024-00908,hire,2024-11-04,new_hire,2024-11-20
WE-0001069,W-100955,CAND-0020516,APP-0020885,REQ-2024-00892,hire,2024-11-04,new_hire,2024-11-04
WE-0001070,W-100956,CAND-0020591,APP-0020963,REQ-2024-00926,hire,2024-11-04,new_hire,2024-11-06
WE-0001071,W-100957,CAND-0021057,APP-0021446,REQ-2024-00911,hire,2024-11-04,new_hire,2024-11-05
WE-0001072,W-100035,CAND-0000218,APP-0000218,REQ-2024-00055,termination,2024-11-05,voluntary_resignation,2024-11-06
WE-0001073,W-100817,CAND-0015906,APP-0016140,REQ-2024-00722,termination,2024-11-11,involuntary_probation,2024-11-16
WE-0001074,W-100958,CAND-0018326,APP-0018628,REQ-2024-00066,hire,2024-11-11,new_hire,2024-11-11
WE-0001075,W-100959,CAND-0018377,APP-0018679,REQ-2024-00830,hire,2024-11-11,new_hire,2024-11-12
WE-0001076,W-100960,CAND-0018676,APP-0018990,REQ-2024-00633,hire,2024-11-11,new_hire,2024-11-12
WE-0001077,W-100961,CAND-0019026,APP-0019345,REQ-2024-00869,hire,2024-11-11,new_hire,2024-11-12
WE-0001078,W-100962,CAND-0019245,APP-0019569,REQ-2024-00860,hire,2024-11-11,new_hire,2024-11-14
WE-0001079,W-100963,CAND-0019286,APP-0019611,REQ-2024-00815,hire,2024-11-11,new_hire,2024-11-12
WE-0001080,W-100964,CAND-0019330,APP-0019655,REQ-2024-00881,hire,2024-11-11,new_hire,2024-11-14
WE-0001081,W-100965,CAND-0019332,APP-0019657,REQ-2024-00242,hire,2024-11-11,new_hire,2024-11-12
WE-0001082,W-100966,CAND-0019438,APP-0019767,REQ-2024-00651,hire,2024-11-11,new_hire,2024-11-13
WE-0001083,W-100967,CAND-0019439,APP-0019768,REQ-2024-00653,hire,2024-11-11,new_hire,2024-11-13
WE-0001084,W-100968,CAND-0019553,APP-0019888,REQ-2024-00800,hire,2024-11-11,new_hire,2024-11-13
WE-0001085,W-100969,CAND-0019558,APP-0019893,REQ-2024-00820,hire,2024-11-11,new_hire,2024-11-12
WE-0001086,W-100970,CAND-0019764,APP-0020104,REQ-2024-00239,hire,2024-11-11,new_hire,2024-11-11
WE-0001087,W-100971,CAND-0019797,APP-0020138,REQ-2024-00863,hire,2024-11-11,new_hire,2024-11-11
WE-0001088,W-100972,CAND-0019890,APP-0020235,REQ-2024-00822,hire,2024-11-11,new_hire,2024-11-12
WE-0001089,W-100973,CAND-0019919,APP-0020266,REQ-2024-00894,hire,2024-11-11,new_hire,2024-11-14
WE-0001090,W-100974,CAND-0019968,APP-0020316,REQ-2024-00892,hire,2024-11-11,new_hire,2024-11-14
WE-0001091,W-100975,CAND-0020035,APP-0020385,REQ-2024-00901,hire,2024-11-11,new_hire,2024-11-13
WE-0001092,W-100976,CAND-0020302,APP-0020665,REQ-2024-00923,hire,2024-11-11,new_hire,2024-11-14
WE-0001093,W-100977,CAND-0020342,APP-0020706,REQ-2024-00892,hire,2024-11-11,new_hire,2024-11-11
WE-0001094,W-100978,CAND-0020604,APP-0020976,REQ-2024-00497,hire,2024-11-11,new_hire,2024-11-12
WE-0001095,W-100979,CAND-0020661,APP-0021037,REQ-2024-00938,hire,2024-11-11,new_hire,2024-11-13
WE-0001096,W-100980,CAND-0020702,APP-0021078,REQ-2024-00905,hire,2024-11-11,new_hire,2024-11-12
WE-0001097,W-100981,CAND-0020828,APP-0021209,REQ-2024-00843,hire,2024-11-11,new_hire,2024-11-11
WE-0001098,W-100982,CAND-0020835,APP-0021216,REQ-2024-00878,hire,2024-11-11,new_hire,2024-11-13
WE-0001099,W-100983,CAND-0021014,APP-0021401,REQ-2024-00938,hire,2024-11-11,new_hire,2024-11-14
WE-0001100,W-100984,CAND-0021088,APP-0021478,REQ-2024-00957,hire,2024-11-11,new_hire,2024-11-14
WE-0001101,W-100985,CAND-0021231,APP-0021627,REQ-2024-00700,hire,2024-11-11,new_hire,2024-11-12
WE-0001102,W-100986,CAND-0022221,APP-0022650,REQ-2024-01000,hire,2024-11-11,new_hire,2024-11-11
WE-0001103,W-100929,CAND-0020238,APP-0020597,REQ-2024-00917,termination,2024-11-12,involuntary_probation,2024-11-12
WE-0001104,W-100428,CAND-0009508,APP-0009587,REQ-2024-00466,termination,2024-11-16,voluntary_resignation,2024-11-19
WE-0001105,W-100626,CAND-0012777,APP-0012929,REQ-2024-00568,termination,2024-11-16,voluntary_resignation,2024-11-18
WE-0001106,W-100651,CAND-0014211,APP-0014399,REQ-2024-00655,termination,2024-11-16,involuntary_performance,2024-11-19
WE-0001107,W-100719,CAND-0013733,APP-0013899,REQ-2024-00595,termination,2024-11-18,voluntary_resignation,2024-11-19
WE-0001108,W-100923,CAND-0019772,APP-0020113,REQ-2024-00620,termination,2024-11-18,voluntary_resignation,2024-11-22
WE-0001109,W-100987,CAND-0018446,APP-0018753,REQ-2024-00495,hire,2024-11-18,new_hire,2024-11-20
WE-0001110,W-100988,CAND-0019780,APP-0020121,REQ-2024-00789,hire,2024-11-18,new_hire,2024-11-19
WE-0001111,W-100989,CAND-0019902,APP-0020248,REQ-2024-00860,hire,2024-11-18,new_hire,2024-11-19
WE-0001112,W-100990,CAND-0020421,APP-0020788,REQ-2024-00911,hire,2024-11-18,new_hire,2024-11-20
WE-0001113,W-100991,CAND-0020716,APP-0021092,REQ-2024-00919,hire,2024-11-18,new_hire,2024-11-18
WE-0001114,W-100992,CAND-0020754,APP-0021132,REQ-2024-00818,hire,2024-11-18,new_hire,2024-11-18
WE-0001115,W-100993,CAND-0020977,APP-0021361,REQ-2024-00946,hire,2024-11-18,new_hire,2024-11-20
WE-0001116,W-100994,CAND-0020998,APP-0021384,REQ-2024-00901,hire,2024-11-18,new_hire,2024-11-20
WE-0001117,W-100995,CAND-0021079,APP-0021469,REQ-2024-00941,hire,2024-11-18,new_hire,2024-11-18
WE-0001118,W-100996,CAND-0021124,APP-0021514,REQ-2024-00911,hire,2024-11-18,new_hire,2024-11-18
WE-0001119,W-100997,CAND-0021198,APP-0021593,REQ-2024-00938,hire,2024-11-18,new_hire,2024-11-19
WE-0001120,W-100998,CAND-0021207,APP-0021602,REQ-2024-00943,hire,2024-11-18,new_hire,2024-11-18
WE-0001121,W-100999,CAND-0021323,APP-0021723,REQ-2024-00908,hire,2024-11-18,new_hire,2024-11-19
WE-0001122,W-101000,CAND-0021399,APP-0021802,REQ-2024-00935,hire,2024-11-18,new_hire,2024-11-21
WE-0001123,W-101001,CAND-0021402,APP-0021805,REQ-2024-00938,hire,2024-11-18,new_hire,2024-11-19
WE-0001124,W-101002,CAND-0021577,APP-0021986,REQ-2024-00832,hire,2024-11-18,new_hire,2024-11-21
WE-0001125,W-101003,CAND-0021763,APP-0022178,REQ-2024-00971,hire,2024-11-18,new_hire,2024-11-19
WE-0001126,W-101004,CAND-0021794,APP-0022210,REQ-2024-00832,hire,2024-11-18,new_hire,2024-11-18
WE-0001127,W-101004,CAND-0021794,APP-0022210,REQ-2024-00832,hire,2024-11-18,new_hire,2024-11-19
WE-0001128,W-100857,CAND-0017212,APP-0017483,REQ-2024-00592,termination,2024-11-20,involuntary_performance,2024-11-24
WE-0001129,W-100861,CAND-0017728,APP-0018012,REQ-2024-00790,termination,2024-11-23,involuntary_performance,2024-11-28
WE-0001130,W-100560,CAND-0011254,APP-0011365,REQ-2024-00555,termination,2024-11-24,voluntary_resignation,2024-11-29
WE-0001131,W-100446,CAND-0009328,APP-0009405,REQ-2024-00480,termination,2024-11-25,involuntary_restructuring,2024-11-27
WE-0001132,W-101005,CAND-0018874,APP-0019190,REQ-2024-00813,hire,2024-11-25,new_hire,2024-11-28
WE-0001133,W-101006,CAND-0019538,APP-0019873,REQ-2024-00457,hire,2024-11-25,new_hire,2024-11-27
WE-0001134,W-101007,CAND-0019608,APP-0019944,REQ-2024-00718,hire,2024-11-25,new_hire,2024-11-26
WE-0001135,W-101008,CAND-0019823,APP-0020165,REQ-2024-00732,hire,2024-11-25,new_hire,2024-11-26
WE-0001136,W-101009,CAND-0019926,APP-0020273,REQ-2024-00903,hire,2024-11-25,new_hire,2024-11-26
WE-0001137,W-101010,CAND-0020524,APP-0020893,REQ-2024-00907,hire,2024-11-25,new_hire,2024-11-27
WE-0001138,W-101010,CAND-0020524,APP-0020893,REQ-2024-00907,hire,2024-11-25,new_hire,2024-12-01
WE-0001139,W-101011,CAND-0013935,APP-0020900,REQ-2024-00915,hire,2024-11-25,new_hire,2024-11-26
WE-0001140,W-101012,CAND-0020708,APP-0021084,REQ-2024-00908,hire,2024-11-25,new_hire,2024-11-26
WE-0001141,W-101013,CAND-0020891,APP-0021273,REQ-2024-00863,hire,2024-11-25,new_hire,2024-11-28
WE-0001142,W-101014,CAND-0020981,APP-0021366,REQ-2024-00602,hire,2024-11-25,new_hire,2024-11-27
WE-0001143,W-101015,CAND-0021017,APP-0021404,REQ-2024-00940,hire,2024-11-25,new_hire,2024-11-25
WE-0001144,W-101016,CAND-0021217,APP-0021612,REQ-2024-00952,hire,2024-11-25,new_hire,2024-11-27
WE-0001145,W-101017,CAND-0021303,APP-0021702,REQ-2024-00760,hire,2024-11-25,new_hire,2024-11-26
WE-0001146,W-101018,CAND-0021344,APP-0021745,REQ-2024-00938,hire,2024-11-25,new_hire,2024-11-25
WE-0001147,W-101019,CAND-0021421,APP-0021824,REQ-2024-00954,hire,2024-11-25,new_hire,2024-11-28
WE-0001148,W-101020,CAND-0021494,APP-0021898,REQ-2024-00963,hire,2024-11-25,new_hire,2024-11-25
WE-0001149,W-101021,CAND-0021558,APP-0021965,REQ-2024-00978,hire,2024-11-25,new_hire,2024-11-26
WE-0001150,W-101022,CAND-0015904,APP-0022152,REQ-2024-00917,hire,2024-11-25,new_hire,2024-11-25
WE-0001151,W-101023,CAND-0022036,APP-0022459,REQ-2024-00971,hire,2024-11-25,new_hire,2024-11-25
WE-0001152,W-101024,CAND-0022545,APP-0022979,REQ-2024-01000,hire,2024-11-25,new_hire,2024-11-26
WE-0001153,W-100018,CAND-0000011,APP-0000011,REQ-2024-00033,termination,2024-11-26,involuntary_restructuring,2024-12-01
WE-0001154,W-100995,CAND-0021079,APP-0021469,REQ-2024-00941,termination,2024-11-26,involuntary_performance,2024-11-29
WE-0001155,W-100039,CAND-0000286,APP-0000286,REQ-2024-00054,termination,2024-11-28,involuntary_performance,2024-12-01
WE-0001156,W-100728,CAND-0015359,APP-0015582,REQ-2024-00700,termination,2024-11-29,voluntary_resignation,2024-12-01
WE-0001157,W-101025,CAND-0019424,APP-0019752,REQ-2024-00867,hire,2024-12-02,new_hire,2024-12-02
WE-0001158,W-101026,CAND-0019704,APP-0020044,REQ-2024-00247,hire,2024-12-02,new_hire,2024-12-02
WE-0001159,W-101027,CAND-0020272,APP-0020634,REQ-2024-00876,hire,2024-12-02,new_hire,2024-12-04
WE-0001160,W-101028,CAND-0020277,APP-0020639,REQ-2024-00888,hire,2024-12-02,new_hire,2024-12-05
WE-0001161,W-101029,CAND-0020346,APP-0020710,REQ-2024-00895,hire,2024-12-02,new_hire,2024-12-05
WE-0001162,W-101030,CAND-0020855,APP-0021236,REQ-2024-00924,hire,2024-12-02,new_hire,2024-12-03
WE-0001163,W-101031,CAND-0021304,APP-0021704,REQ-2024-00786,hire,2024-12-02,new_hire,2024-12-04
WE-0001164,W-101031,CAND-0021304,APP-0021704,REQ-2024-00786,hire,2024-12-02,new_hire,2024-12-16
WE-0001165,W-101032,CAND-0021512,APP-0021917,REQ-2024-00770,hire,2024-12-02,new_hire,2024-12-03
WE-0001166,W-101033,CAND-0021561,APP-0021968,REQ-2024-00979,hire,2024-12-02,new_hire,2024-12-05
WE-0001167,W-101034,CAND-0021689,APP-0022103,REQ-2024-00971,hire,2024-12-02,new_hire,2024-12-04
WE-0001168,W-101035,CAND-0021751,APP-0022166,REQ-2024-00950,hire,2024-12-02,new_hire,2024-12-05
WE-0001169,W-101036,CAND-0021869,APP-0022288,REQ-2024-00808,hire,2024-12-02,new_hire,2024-12-03
WE-0001170,W-101037,CAND-0021886,APP-0022305,REQ-2024-00944,hire,2024-12-02,new_hire,2024-12-03
WE-0001171,W-101038,CAND-0021969,APP-0022391,REQ-2024-00968,hire,2024-12-02,new_hire,2024-12-04
WE-0001172,W-101039,CAND-0022007,APP-0022429,REQ-2024-00896,hire,2024-12-02,new_hire,2024-12-02
WE-0001173,W-101040,CAND-0022113,APP-0022537,REQ-2024-00971,hire,2024-12-02,new_hire,2024-12-05
WE-0001174,W-100973,CAND-0019919,APP-0020266,REQ-2024-00894,termination,2024-12-03,voluntary_resignation,2024-12-06
WE-0001175,W-100956,CAND-0020591,APP-0020963,REQ-2024-00926,termination,2024-12-07,voluntary_resignation,2024-12-09
WE-0001176,W-101041,CAND-0016510,APP-0016764,REQ-2024-00738,hire,2024-12-09,new_hire,2024-12-10
WE-0001177,W-101042,CAND-0019276,APP-0019601,REQ-2024-00740,hire,2024-12-09,new_hire,2024-12-12
WE-0001178,W-101043,CAND-0019429,APP-0019757,REQ-2024-00345,hire,2024-12-09,new_hire,2024-12-09
WE-0001179,W-101044,CAND-0020411,APP-0020777,REQ-2024-00900,hire,2024-12-09,new_hire,2024-12-11
WE-0001180,W-101045,CAND-0020884,APP-0021266,REQ-2024-00744,hire,2024-12-09,new_hire,2024-12-09
WE-0001181,W-101046,CAND-0021381,APP-0021783,REQ-2024-00868,hire,2024-12-09,new_hire,2024-12-09
WE-0001182,W-101047,CAND-0021455,APP-0021858,REQ-2024-00906,hire,2024-12-09,new_hire,2024-12-11
WE-0001183,W-101048,CAND-0021571,APP-0021980,REQ-2024-00781,hire,2024-12-09,new_hire,2024-12-12
WE-0001184,W-101049,CAND-0021816,APP-0022234,REQ-2024-00940,hire,2024-12-09,new_hire,2024-12-12
WE-0001185,W-101049,CAND-0021816,APP-0022234,REQ-2024-00940,hire,2024-12-09,new_hire,2024-12-20
WE-0001186,W-101050,CAND-0021962,APP-0022384,REQ-2024-00950,hire,2024-12-09,new_hire,2024-12-10
WE-0001187,W-101051,CAND-0021981,APP-0022403,REQ-2024-00982,hire,2024-12-09,new_hire,2024-12-09
WE-0001188,W-101052,CAND-0022135,APP-0022559,REQ-2024-00995,hire,2024-12-09,new_hire,2024-12-09
WE-0001189,W-101053,CAND-0022138,APP-0022562,REQ-2024-01000,hire,2024-12-09,new_hire,2024-12-09
WE-0001190,W-101054,CAND-0022214,APP-0022643,REQ-2024-00996,hire,2024-12-09,new_hire,2024-12-10
WE-0001191,W-101055,CAND-0022350,APP-0022779,REQ-2024-00962,hire,2024-12-09,new_hire,2024-12-11
WE-0001192,W-101056,CAND-0022470,APP-0022903,REQ-2024-01000,hire,2024-12-09,new_hire,2024-12-12
WE-0001193,W-101057,CAND-0022554,APP-0022989,REQ-2024-01005,hire,2024-12-09,new_hire,2024-12-11
WE-0001194,W-101058,CAND-0022994,APP-0023444,REQ-2024-00984,hire,2024-12-09,new_hire,2024-12-12
WE-0001195,W-101059,CAND-0023139,APP-0023593,REQ-2024-01014,hire,2024-12-09,new_hire,2024-12-10
WE-0001196,W-100717,CAND-0013650,APP-0013816,REQ-2024-00170,termination,2024-12-10,involuntary_performance,2024-12-14
WE-0001197,W-100036,CAND-0000262,APP-0000262,REQ-2024-00026,termination,2024-12-11,voluntary_resignation,2024-12-14
WE-0001198,W-100209,CAND-0004342,APP-0004358,REQ-2024-00317,termination,2024-12-13,voluntary_resignation,2024-12-15
WE-0001199,W-100340,CAND-0005937,APP-0005964,REQ-2024-00355,termination,2024-12-15,voluntary_resignation,2024-12-20
WE-0001200,W-101060,CAND-0020230,APP-0020589,REQ-2024-00907,hire,2024-12-16,new_hire,2024-12-16
WE-0001201,W-101061,CAND-0020546,APP-0020917,REQ-2024-00495,hire,2024-12-16,new_hire,2024-12-17
WE-0001202,W-101062,CAND-0020940,APP-0021323,REQ-2024-00848,hire,2024-12-16,new_hire,2024-12-17
WE-0001203,W-101063,CAND-0021058,APP-0021447,REQ-2024-00914,hire,2024-12-16,new_hire,2024-12-16
WE-0001204,W-101064,CAND-0021111,APP-0021501,REQ-2024-00866,hire,2024-12-16,new_hire,2024-12-18
WE-0001205,W-101065,CAND-0021216,APP-0021611,REQ-2024-00952,hire,2024-12-16,new_hire,2024-12-16
WE-0001206,W-101066,CAND-0022053,APP-0022476,REQ-2024-00983,hire,2024-12-16,new_hire,2024-12-16
WE-0001207,W-101067,CAND-0022307,APP-0022736,REQ-2024-01000,hire,2024-12-16,new_hire,2024-12-16
WE-0001208,W-101068,CAND-0022447,APP-0022879,REQ-2024-00983,hire,2024-12-16,new_hire,2024-12-16
WE-0001209,W-101069,CAND-0022611,APP-0023048,REQ-2024-00995,hire,2024-12-16,new_hire,2024-12-17
WE-0001210,W-101070,CAND-0022614,APP-0023051,REQ-2024-00999,hire,2024-12-16,new_hire,2024-12-19
WE-0001211,W-101071,CAND-0022808,APP-0023252,REQ-2024-01003,hire,2024-12-16,new_hire,2024-12-17
WE-0001212,W-101072,CAND-0022891,APP-0023338,REQ-2024-01023,hire,2024-12-16,new_hire,2024-12-18
WE-0001213,W-101073,CAND-0022892,APP-0023339,REQ-2024-01023,hire,2024-12-16,new_hire,2024-12-17
WE-0001214,W-101074,CAND-0022942,APP-0023391,REQ-2024-01001,hire,2024-12-16,new_hire,2024-12-18
WE-0001215,W-101075,CAND-0023071,APP-0023523,REQ-2024-01005,hire,2024-12-16,new_hire,2024-12-18
WE-0001216,W-101076,CAND-0023375,APP-0023837,REQ-2024-01014,hire,2024-12-16,new_hire,2024-12-16
WE-0001217,W-101077,CAND-0023441,APP-0023904,REQ-2024-01014,hire,2024-12-16,new_hire,2024-12-17
WE-0001218,W-101077,CAND-0023441,APP-0023904,REQ-2024-01014,hire,2024-12-16,new_hire,2024-12-30
WE-0001219,W-101078,CAND-0023490,APP-0023955,REQ-2024-00987,hire,2024-12-16,new_hire,2024-12-18
WE-0001220,W-101079,CAND-0023560,APP-0024026,REQ-2024-00897,hire,2024-12-16,new_hire,2024-12-18
WE-0001221,W-101080,CAND-0023577,APP-0024046,REQ-2024-00991,hire,2024-12-16,new_hire,2024-12-18
WE-0001222,W-101081,CAND-0023721,APP-0024197,REQ-2024-00904,hire,2024-12-16,new_hire,2024-12-19
WE-0001223,W-101082,CAND-0008882,APP-0024287,REQ-2024-01014,hire,2024-12-16,new_hire,2024-12-18
WE-0001224,W-100975,CAND-0020035,APP-0020385,REQ-2024-00901,termination,2024-12-17,involuntary_performance,2024-12-19
WE-0001225,W-100585,CAND-0011776,APP-0011902,REQ-2024-00206,termination,2024-12-21,involuntary_performance,2024-12-25
WE-0001226,W-100977,CAND-0020342,APP-0020706,REQ-2024-00892,termination,2024-12-21,voluntary_resignation,2024-12-24
WE-0001227,W-100083,CAND-0000717,APP-0000717,REQ-2024-00084,termination,2024-12-22,involuntary_restructuring,2024-12-27
WE-0001228,W-100948,CAND-0019666,APP-0020005,REQ-2024-00818,termination,2024-12-23,involuntary_probation,2024-12-28
WE-0001229,W-101083,CAND-0018218,APP-0018515,REQ-2024-00754,hire,2024-12-23,new_hire,2024-12-26
WE-0001230,W-101084,CAND-0019633,APP-0019971,REQ-2024-00870,hire,2024-12-23,new_hire,2024-12-24
WE-0001231,W-101085,CAND-0020597,APP-0020969,REQ-2024-00171,hire,2024-12-23,new_hire,2024-12-25
WE-0001232,W-101086,CAND-0020966,APP-0021349,REQ-2024-00932,hire,2024-12-23,new_hire,2024-12-25
WE-0001233,W-101087,CAND-0021632,APP-0022043,REQ-2024-00623,hire,2024-12-23,new_hire,2024-12-26
WE-0001234,W-101088,CAND-0022055,APP-0022478,REQ-2024-00984,hire,2024-12-23,new_hire,2024-12-26
WE-0001235,W-101089,CAND-0022127,APP-0022551,REQ-2024-00981,hire,2024-12-23,new_hire,2024-12-24
WE-0001236,W-101090,CAND-0022276,APP-0022705,REQ-2024-00969,hire,2024-12-23,new_hire,2024-12-26
WE-0001237,W-101091,CAND-0022619,APP-0023056,REQ-2024-01001,hire,2024-12-23,new_hire,2024-12-26
WE-0001238,W-101092,CAND-0022637,APP-0023074,REQ-2024-00895,hire,2024-12-23,new_hire,2024-12-23
WE-0001239,W-101093,CAND-0022731,APP-0023171,REQ-2024-00989,hire,2024-12-23,new_hire,2024-12-25
WE-0001240,W-101094,CAND-0022835,APP-0023280,REQ-2024-00820,hire,2024-12-23,new_hire,2024-12-24
WE-0001241,W-101095,CAND-0022915,APP-0023362,REQ-2024-00924,hire,2024-12-23,new_hire,2024-12-26
WE-0001242,W-101096,CAND-0023324,APP-0023782,REQ-2024-01041,hire,2024-12-23,new_hire,2024-12-23
WE-0001243,W-101097,CAND-0023361,APP-0023823,REQ-2024-00998,hire,2024-12-23,new_hire,2024-12-25
WE-0001244,W-101098,CAND-0023364,APP-0023826,REQ-2024-01001,hire,2024-12-23,new_hire,2024-12-23
WE-0001245,W-101099,CAND-0023380,APP-0023842,REQ-2024-01021,hire,2024-12-23,new_hire,2024-12-24
WE-0001246,W-101100,CAND-0023390,APP-0023852,REQ-2024-01035,hire,2024-12-23,new_hire,2024-12-23
WE-0001247,W-101101,CAND-0023446,APP-0023909,REQ-2024-01025,hire,2024-12-23,new_hire,2024-12-26
WE-0001248,W-101102,CAND-0023779,APP-0024259,REQ-2024-01069,hire,2024-12-23,new_hire,2024-12-24
WE-0001249,W-100315,CAND-0004868,APP-0004884,REQ-2024-00153,termination,2024-12-27,involuntary_restructuring,2024-12-28
WE-0001250,W-101103,CAND-0020630,APP-0021004,REQ-2024-00891,hire,2024-12-30,new_hire,2024-12-30
WE-0001251,W-101104,CAND-0022022,APP-0022445,REQ-2024-00952,hire,2024-12-30,new_hire,2025-01-02
WE-0001252,W-101105,CAND-0022208,APP-0022636,REQ-2024-00989,hire,2024-12-30,new_hire,2024-12-30
WE-0001253,W-101106,CAND-0022294,APP-0022723,REQ-2024-00989,hire,2024-12-30,new_hire,2025-01-02
WE-0001254,W-101107,CAND-0022689,APP-0023128,REQ-2024-01011,hire,2024-12-30,new_hire,2025-01-02
WE-0001255,W-101108,CAND-0022799,APP-0023240,REQ-2024-00989,hire,2024-12-30,new_hire,2024-12-30
WE-0001256,W-101109,CAND-0022853,APP-0023299,REQ-2024-00975,hire,2024-12-30,new_hire,2024-12-30
WE-0001257,W-101110,CAND-0023057,APP-0023509,REQ-2024-00988,hire,2024-12-30,new_hire,2025-01-02
WE-0001258,W-101111,CAND-0023087,APP-0023540,REQ-2024-00298,hire,2024-12-30,new_hire,2025-01-01
WE-0001259,W-101112,CAND-0023221,APP-0023677,REQ-2024-01016,hire,2024-12-30,new_hire,2024-12-30
WE-0001260,W-101113,CAND-0023319,APP-0023777,REQ-2024-01035,hire,2024-12-30,new_hire,2024-12-31
WE-0001261,W-101114,CAND-0023391,APP-0023853,REQ-2024-01035,hire,2024-12-30,new_hire,2025-01-02
WE-0001262,W-101115,CAND-0023553,APP-0024019,REQ-2024-00686,hire,2024-12-30,new_hire,2024-12-30
WE-0001263,W-101116,CAND-0023574,APP-0024043,REQ-2024-00989,hire,2024-12-30,new_hire,2025-01-01
WE-0001264,W-101117,CAND-0023741,APP-0024220,REQ-2024-01005,hire,2024-12-30,new_hire,2025-01-01
WE-0001265,W-101118,CAND-0023842,APP-0024328,REQ-2024-01065,hire,2024-12-30,new_hire,2025-01-01
WE-0001266,W-101119,CAND-0023969,APP-0024462,REQ-2024-01035,hire,2024-12-30,new_hire,2025-01-02
WE-0001267,W-101120,CAND-0024052,APP-0024549,REQ-2024-01035,hire,2024-12-30,new_hire,2025-01-01
WE-0001268,W-101121,CAND-0024395,APP-0024905,REQ-2024-01067,hire,2024-12-30,new_hire,2025-01-01
WE-0001269,W-101122,CAND-0024529,APP-0025044,REQ-2024-00941,hire,2024-12-30,new_hire,2024-12-30
WE-0001270,W-101123,CAND-0024613,APP-0025130,REQ-2024-00917,hire,2024-12-30,new_hire,2025-01-01
WE-0001271,W-100985,CAND-0021231,APP-0021627,REQ-2024-00700,termination,2025-01-03,voluntary_resignation,2025-01-04
WE-0001272,W-101124,CAND-0022497,APP-0022930,REQ-2024-00839,hire,2025-01-06,new_hire,2025-01-09
WE-0001273,W-101125,CAND-0022928,APP-0023375,REQ-2024-00979,hire,2025-01-06,new_hire,2025-01-09
WE-0001274,W-101126,CAND-0023140,APP-0023594,REQ-2024-01017,hire,2025-01-06,new_hire,2025-01-09
WE-0001275,W-101127,CAND-0015672,APP-0024138,REQ-2024-01005,hire,2025-01-06,new_hire,2025-01-06
WE-0001276,W-101128,CAND-0023751,APP-0024230,REQ-2024-01035,hire,2025-01-06,new_hire,2025-01-07
WE-0001277,W-101129,CAND-0023772,APP-0024252,REQ-2024-01063,hire,2025-01-06,new_hire,2025-01-06
WE-0001278,W-101130,CAND-0023882,APP-0024370,REQ-2024-01018,hire,2025-01-06,new_hire,2025-01-07
WE-0001279,W-101131,CAND-0023904,APP-0024393,REQ-2024-01057,hire,2025-01-06,new_hire,2025-01-07
WE-0001280,W-101132,CAND-0023923,APP-0024414,REQ-2024-01069,hire,2025-01-06,new_hire,2025-01-07
WE-0001281,W-101133,CAND-0023986,APP-0024480,REQ-2024-01058,hire,2025-01-06,new_hire,2025-01-08
WE-0001282,W-101134,CAND-0024006,APP-0024501,REQ-2024-01072,hire,2025-01-06,new_hire,2025-01-09
WE-0001283,W-101135,CAND-0024120,APP-0024620,REQ-2024-01049,hire,2025-01-06,new_hire,2025-01-06
WE-0001284,W-101136,CAND-0003682,APP-0024904,REQ-2024-01067,hire,2025-01-06,new_hire,2025-01-09
WE-0001285,W-101137,CAND-0024401,APP-0024911,REQ-2024-01069,hire,2025-01-06,new_hire,2025-01-08
WE-0001286,W-101138,CAND-0024443,APP-0024955,REQ-2024-01026,hire,2025-01-06,new_hire,2025-01-07
WE-0001287,W-101139,CAND-0024500,APP-0025015,REQ-2024-01087,hire,2025-01-06,new_hire,2025-01-08
WE-0001288,W-101140,CAND-0024762,APP-0025281,REQ-2024-01100,hire,2025-01-06,new_hire,2025-01-06
WE-0001289,W-101141,CAND-0025122,APP-0025658,REQ-2024-01046,hire,2025-01-06,new_hire,2025-01-08
WE-0001290,W-101142,CAND-0025173,APP-0025713,REQ-2024-01115,hire,2025-01-06,new_hire,2025-01-07
WE-0001291,W-101143,CAND-0025416,APP-0025973,REQ-2024-01117,hire,2025-01-06,new_hire,2025-01-08
WE-0001292,W-101144,CAND-0025480,APP-0026041,REQ-2024-01105,hire,2025-01-06,new_hire,2025-01-07
WE-0001293,W-101145,CAND-0025637,APP-0026205,REQ-2024-01105,hire,2025-01-06,new_hire,2025-01-09
WE-0001294,W-101146,CAND-0025642,APP-0026210,REQ-2024-01111,hire,2025-01-06,new_hire,2025-01-06
WE-0001295,W-101147,CAND-0025766,APP-0026338,REQ-2024-01053,hire,2025-01-06,new_hire,2025-01-07
WE-0001296,W-101080,CAND-0023577,APP-0024046,REQ-2024-00991,termination,2025-01-07,voluntary_resignation,2025-01-12
WE-0001297,W-100308,CAND-0007342,APP-0007390,REQ-2024-00389,termination,2025-01-08,involuntary_performance,2025-01-11
WE-0001298,W-101081,CAND-0023721,APP-0024197,REQ-2024-00904,termination,2025-01-09,voluntary_resignation,2025-01-09
WE-0001299,W-100005,CAND-0001177,APP-0001177,REQ-2024-00005,termination,2025-01-10,voluntary_resignation,2025-01-12
WE-0001300,W-100133,CAND-0001142,APP-0001142,REQ-2024-00173,termination,2025-01-12,involuntary_restructuring,2025-01-14
WE-0001301,W-101002,CAND-0021577,APP-0021986,REQ-2024-00832,termination,2025-01-13,voluntary_resignation,2025-01-14
WE-0001302,W-101148,CAND-0021584,APP-0021993,REQ-2024-00899,hire,2025-01-13,new_hire,2025-01-16
WE-0001303,W-101149,CAND-0021680,APP-0022094,REQ-2024-00961,hire,2025-01-13,new_hire,2025-01-15
WE-0001304,W-101150,CAND-0022140,APP-0022564,REQ-2024-00050,hire,2025-01-13,new_hire,2025-01-13
WE-0001305,W-101151,CAND-0022917,APP-0023364,REQ-2024-00934,hire,2025-01-13,new_hire,2025-01-16
WE-0001306,W-101152,CAND-0023583,APP-0024053,REQ-2024-01001,hire,2025-01-13,new_hire,2025-01-14
WE-0001307,W-101153,CAND-0022018,APP-0024243,REQ-2024-01053,hire,2025-01-13,new_hire,2025-01-15
WE-0001308,W-101154,CAND-0004727,APP-0024396,REQ-2024-01058,hire,2025-01-13,new_hire,2025-01-15
WE-0001309,W-101155,CAND-0005227,APP-0024439,REQ-2024-00974,hire,2025-01-13,new_hire,2025-01-16
WE-0001310,W-101156,CAND-0024119,APP-0024619,REQ-2024-01049,hire,2025-01-13,new_hire,2025-01-14
WE-0001311,W-101157,CAND-0024187,APP-0024688,REQ-2024-01019,hire,2025-01-13,new_hire,2025-01-15
WE-0001312,W-101158,CAND-0024291,APP-0024795,REQ-2024-01056,hire,2025-01-13,new_hire,2025-01-16
WE-0001313,W-101159,CAND-0024501,APP-0025016,REQ-2024-01087,hire,2025-01-13,new_hire,2025-01-16
WE-0001314,W-101160,CAND-0024570,APP-0025086,REQ-2024-01067,hire,2025-01-13,new_hire,2025-01-13
WE-0001315,W-101160,CAND-0024570,APP-0025086,REQ-2024-01067,hire,2025-01-13,new_hire,2025-01-22
WE-0001316,W-101161,CAND-0024801,APP-0025322,REQ-2024-01061,hire,2025-01-13,new_hire,2025-01-16
WE-0001317,W-101162,CAND-0024823,APP-0025344,REQ-2024-01092,hire,2025-01-13,new_hire,2025-01-13
WE-0001318,W-101163,CAND-0024826,APP-0025349,REQ-2024-01094,hire,2025-01-13,new_hire,2025-01-13
WE-0001319,W-101164,CAND-0024840,APP-0025363,REQ-2024-00232,hire,2025-01-13,new_hire,2025-01-14
WE-0001320,W-101165,CAND-0025054,APP-0025587,REQ-2024-01087,hire,2025-01-13,new_hire,2025-01-15
WE-0001321,W-101166,CAND-0025055,APP-0025588,REQ-2024-01087,hire,2025-01-13,new_hire,2025-01-13
WE-0001322,W-101167,CAND-0025064,APP-0025597,REQ-2024-01094,hire,2025-01-13,new_hire,2025-01-16
WE-0001323,W-101168,CAND-0025250,APP-0025795,REQ-2024-00776,hire,2025-01-13,new_hire,2025-01-14
WE-0001324,W-101169,CAND-0025447,APP-0026005,REQ-2024-01053,hire,2025-01-13,new_hire,2025-01-13
WE-0001325,W-101170,CAND-0025559,APP-0026125,REQ-2024-01113,hire,2025-01-13,new_hire,2025-01-14
WE-0001326,W-101171,CAND-0025690,APP-0026260,REQ-2024-01087,hire,2025-01-13,new_hire,2025-01-15
WE-0001327,W-101172,CAND-0025714,APP-0026284,REQ-2024-01113,hire,2025-01-13,new_hire,2025-01-16
WE-0001328,W-101173,CAND-0026047,APP-0026629,REQ-2024-01124,hire,2025-01-13,new_hire,2025-01-13
WE-0001329,W-100111,CAND-0003138,APP-0003147,REQ-2024-00321,termination,2025-01-14,involuntary_performance,2025-01-18
WE-0001330,W-100365,CAND-0008061,APP-0008121,REQ-2024-00020,termination,2025-01-15,involuntary_performance,2025-01-16
WE-0001331,W-100397,CAND-0008077,APP-0008137,REQ-2024-00283,termination,2025-01-16,voluntary_resignation,2025-01-17
WE-0001332,W-100202,CAND-0003733,APP-0003747,REQ-2024-00274,termination,2025-01-19,involuntary_restructuring,2025-01-24
WE-0001333,W-100281,CAND-0003500,APP-0003511,REQ-2024-00241,termination,2025-01-20,voluntary_resignation,2025-01-20
WE-0001334,W-101174,CAND-0022711,APP-0023151,REQ-2024-00924,hire,2025-01-20,new_hire,2025-01-20
WE-0001335,W-101175,CAND-0023506,APP-0023971,REQ-2024-01002,hire,2025-01-20,new_hire,2025-01-22
WE-0001336,W-101176,CAND-0023534,APP-0024000,REQ-2024-01054,hire,2025-01-20,new_hire,2025-01-22
WE-0001337,W-101177,CAND-0023778,APP-0024258,REQ-2024-01067,hire,2025-01-20,new_hire,2025-01-22
WE-0001338,W-101178,CAND-0023871,APP-0024358,REQ-2024-00991,hire,2025-01-20,new_hire,2025-01-21
WE-0001339,W-101179,CAND-0024221,APP-0024723,REQ-2024-01063,hire,2025-01-20,new_hire,2025-01-21
WE-0001340,W-101179,CAND-0024221,APP-0024723,REQ-2024-01063,hire,2025-01-20,new_hire,2025-01-22
WE-0001341,W-101180,CAND-0024304,APP-0024809,REQ-2024-01067,hire,2025-01-20,new_hire,2025-01-23
WE-0001342,W-101181,CAND-0024587,APP-0025103,REQ-2024-01092,hire,2025-01-20,new_hire,2025-01-23
WE-0001343,W-101182,CAND-0024594,APP-0025110,REQ-2024-01094,hire,2025-01-20,new_hire,2025-01-22
WE-0001344,W-101183,CAND-0024748,APP-0025267,REQ-2024-01088,hire,2025-01-20,new_hire,2025-01-23
WE-0001345,W-101184,CAND-0024844,APP-0025367,REQ-2024-00418,hire,2025-01-20,new_hire,2025-01-21
WE-0001346,W-101185,CAND-0024852,APP-0025375,REQ-2024-00826,hire,2025-01-20,new_hire,2025-01-21
WE-0001347,W-101186,CAND-0025032,APP-0025565,REQ-2024-01063,hire,2025-01-20,new_hire,2025-01-20
WE-0001348,W-101187,CAND-0025036,APP-0025569,REQ-2024-01065,hire,2025-01-20,new_hire,2025-01-20
WE-0001349,W-101188,CAND-0025209,APP-0025751,REQ-2024-01071,hire,2025-01-20,new_hire,2025-01-21
WE-0001350,W-101189,CAND-0025308,APP-0025860,REQ-2024-01096,hire,2025-01-20,new_hire,2025-01-20
WE-0001351,W-101190,CAND-0025333,APP-0025886,REQ-2024-00421,hire,2025-01-20,new_hire,2025-01-20
WE-0001352,W-101191,CAND-0025336,APP-0025890,REQ-2024-00763,hire,2025-01-20,new_hire,2025-01-21
WE-0001353,W-101192,CAND-0025414,APP-0025971,REQ-2024-01114,hire,2025-01-20,new_hire,2025-01-21
WE-0001354,W-101193,CAND-0025786,APP-0026358,REQ-2024-01094,hire,2025-01-20,new_hire,2025-01-23
WE-0001355,W-101194,CAND-0025799,APP-0026371,REQ-2024-01112,hire,2025-01-20,new_hire,2025-01-20
WE-0001356,W-101195,CAND-0025884,APP-0026460,REQ-2024-01114,hire,2025-01-20,new_hire,2025-01-22
WE-0001357,W-101196,CAND-0025934,APP-0026510,REQ-2024-01091,hire,2025-01-20,new_hire,2025-01-21
WE-0001358,W-101197,CAND-0025946,APP-0026522,REQ-2024-01098,hire,2025-01-20,new_hire,2025-01-23
WE-0001359,W-101198,CAND-0026058,APP-0026641,REQ-2024-01139,hire,2025-01-20,new_hire,2025-01-21
WE-0001360,W-101199,CAND-0026099,APP-0026686,REQ-2024-01094,hire,2025-01-20,new_hire,2025-01-23
WE-0001361,W-101200,CAND-0026183,APP-0026774,REQ-2024-01120,hire,2025-01-20,new_hire,2025-01-21
WE-0001362,W-101201,CAND-0022625,APP-0026851,REQ-2024-01126,hire,2025-01-20,new_hire,2025-01-20
WE-0001363,W-101202,CAND-0026314,APP-0026911,REQ-2024-01039,hire,2025-01-20,new_hire,2025-01-20
WE-0001364,W-101203,CAND-0026374,APP-0026974,REQ-2024-01159,hire,2025-01-20,new_hire,2025-01-22
WE-0001365,W-101204,CAND-0026435,APP-0027037,REQ-2024-01105,hire,2025-01-20,new_hire,2025-01-21
WE-0001366,W-101205,CAND-0027265,APP-0027910,REQ-2024-01120,hire,2025-01-20,new_hire,2025-01-21
WE-0001367,W-100187,CAND-0001937,APP-0001939,REQ-2024-00242,termination,2025-01-23,involuntary_restructuring,2025-01-25
WE-0001368,W-101056,CAND-0022470,APP-0022903,REQ-2024-01000,termination,2025-01-23,voluntary_resignation,2025-01-23
WE-0001369,W-101094,CAND-0022835,APP-0023280,REQ-2024-00820,termination,2025-01-24,voluntary_resignation,2025-01-27
WE-0001370,W-100197,CAND-0003323,APP-0003333,REQ-2024-00279,termination,2025-01-25,voluntary_resignation,2025-01-26
WE-0001371,W-101206,CAND-0019708,APP-0020048,REQ-2024-00468,hire,2025-01-27,new_hire,2025-01-27
WE-0001372,W-101207,CAND-0023766,APP-0024246,REQ-2024-01060,hire,2025-01-27,new_hire,2025-01-29
WE-0001373,W-101208,CAND-0024378,APP-0024886,REQ-2024-01058,hire,2025-01-27,new_hire,2025-01-30
WE-0001374,W-101209,CAND-0025261,APP-0025806,REQ-2024-01006,hire,2025-01-27,new_hire,2025-01-30
WE-0001375,W-101210,CAND-0025454,APP-0026012,REQ-2024-01067,hire,2025-01-27,new_hire,2025-01-27
WE-0001376,W-101211,CAND-0025534,APP-0026099,REQ-2024-01078,hire,2025-01-27,new_hire,2025-01-30
WE-0001377,W-101212,CAND-0025548,APP-0026113,REQ-2024-01096,hire,2025-01-27,new_hire,2025-01-30
WE-0001378,W-101213,CAND-0025565,APP-0026131,REQ-2024-01121,hire,2025-01-27,new_hire,2025-01-27
WE-0001379,W-101214,CAND-0025767,APP-0026339,REQ-2024-01053,hire,2025-01-27,new_hire,2025-01-29
WE-0001380,W-101215,CAND-0025774,APP-0026346,REQ-2024-01063,hire,2025-01-27,new_hire,2025-01-29
WE-0001381,W-101216,CAND-0025873,APP-0026449,REQ-2024-01105,hire,2025-01-27,new_hire,2025-01-30
WE-0001382,W-101217,CAND-0025941,APP-0026517,REQ-2024-01094,hire,2025-01-27,new_hire,2025-01-28
WE-0001383,W-101218,CAND-0026024,APP-0026604,REQ-2024-01096,hire,2025-01-27,new_hire,2025-01-27
WE-0001384,W-101219,CAND-0026105,APP-0026692,REQ-2024-01111,hire,2025-01-27,new_hire,2025-01-30
WE-0001385,W-101220,CAND-0026188,APP-0026779,REQ-2024-01124,hire,2025-01-27,new_hire,2025-01-30
WE-0001386,W-101221,CAND-0026280,APP-0026877,REQ-2024-01156,hire,2025-01-27,new_hire,2025-01-30
WE-0001387,W-101222,CAND-0026375,APP-0026975,REQ-2024-01163,hire,2025-01-27,new_hire,2025-01-28
WE-0001388,W-101223,CAND-0026579,APP-0027194,REQ-2024-01115,hire,2025-01-27,new_hire,2025-01-29
WE-0001389,W-101224,CAND-0026661,APP-0027279,REQ-2024-01105,hire,2025-01-27,new_hire,2025-01-27
WE-0001390,W-101225,CAND-0026701,APP-0027321,REQ-2024-01159,hire,2025-01-27,new_hire,2025-01-29
WE-0001391,W-101226,CAND-0026774,APP-0027395,REQ-2024-01124,hire,2025-01-27,new_hire,2025-01-30
WE-0001392,W-101227,CAND-0026778,APP-0027400,REQ-2024-01130,hire,2025-01-27,new_hire,2025-01-30
WE-0001393,W-101228,CAND-0026789,APP-0027412,REQ-2024-01156,hire,2025-01-27,new_hire,2025-01-30
WE-0001394,W-101229,CAND-0026848,APP-0027472,REQ-2024-01115,hire,2025-01-27,new_hire,2025-01-28
WE-0001395,W-101230,CAND-0026881,APP-0027506,REQ-2024-01159,hire,2025-01-27,new_hire,2025-01-30
WE-0001396,W-101231,CAND-0027039,APP-0027674,REQ-2024-01155,hire,2025-01-27,new_hire,2025-01-28
WE-0001397,W-101232,CAND-0027418,APP-0028072,REQ-2024-01040,hire,2025-01-27,new_hire,2025-01-30
WE-0001398,W-100862,CAND-0018307,APP-0018609,REQ-2024-00809,termination,2025-01-29,voluntary_resignation,2025-02-02
WE-0001399,W-100724,CAND-0014850,APP-0015056,REQ-2024-00642,termination,2025-02-01,involuntary_restructuring,2025-02-06
WE-0001400,W-100688,CAND-0013210,APP-0013368,REQ-2024-00613,termination,2025-02-03,voluntary_resignation,2025-02-06
WE-0001401,W-101233,CAND-0022196,APP-0022624,REQ-2024-00980,hire,2025-02-03,new_hire,2025-02-03
WE-0001402,W-101234,CAND-0024092,APP-0024589,REQ-2024-00740,hire,2025-02-03,new_hire,2025-02-06
WE-0001403,W-101235,CAND-0024814,APP-0025335,REQ-2024-01070,hire,2025-02-03,new_hire,2025-02-05
WE-0001404,W-101236,CAND-0024822,APP-0025343,REQ-2024-01092,hire,2025-02-03,new_hire,2025-02-06
WE-0001405,W-101237,CAND-0024850,APP-0025373,REQ-2024-00769,hire,2025-02-03,new_hire,2025-02-05
WE-0001406,W-101238,CAND-0025403,APP-0025959,REQ-2024-01108,hire,2025-02-03,new_hire,2025-02-03
WE-0001407,W-101239,CAND-0025490,APP-0026053,REQ-2024-01119,hire,2025-02-03,new_hire,2025-02-04
WE-0001408,W-101240,CAND-0025549,APP-0026114,REQ-2024-01096,hire,2025-02-03,new_hire,2025-02-03
WE-0001409,W-101241,CAND-0025869,APP-0026444,REQ-2024-01094,hire,2025-02-03,new_hire,2025-02-05
WE-0001410,W-101242,CAND-0026065,APP-0026648,REQ-2024-01148,hire,2025-02-03,new_hire,2025-02-06
WE-0001411,W-101243,CAND-0026136,APP-0026726,REQ-2024-00889,hire,2025-02-03,new_hire,2025-02-03
WE-0001412,W-101244,CAND-0026182,APP-0026773,REQ-2024-01120,hire,2025-02-03,new_hire,2025-02-06
WE-0001413,W-101245,CAND-0026222,APP-0026815,REQ-2024-00964,hire,2025-02-03,new_hire,2025-02-05
WE-0001414,W-101246,CAND-0026287,APP-0026884,REQ-2024-01159,hire,2025-02-03,new_hire,2025-02-03
WE-0001415,W-101247,CAND-0026511,APP-0027118,REQ-2024-01114,hire,2025-02-03,new_hire,2025-02-06
WE-0001416,W-101248,CAND-0026544,APP-0027156,REQ-2024-01166,hire,2025-02-03,new_hire,2025-02-03
WE-0001417,W-101249,CAND-0026623,APP-0027239,REQ-2024-00576,hire,2025-02-03,new_hire,2025-02-05
WE-0001418,W-101250,CAND-0026744,APP-0027365,REQ-2024-01027,hire,2025-02-03,new_hire,2025-02-06
WE-0001419,W-101251,CAND-0026898,APP-0027526,REQ-2024-01183,hire,2025-02-03,new_hire,2025-02-03
WE-0001420,W-101252,CAND-0027176,APP-0027820,REQ-2024-01114,hire,2025-02-03,new_hire,2025-02-05
WE-0001421,W-101253,CAND-0027278,APP-0027923,REQ-2024-01146,hire,2025-02-03,new_hire,2025-02-05
WE-0001422,W-101254,CAND-0027635,APP-0028298,REQ-2024-01207,hire,2025-02-03,new_hire,2025-02-05
WE-0001423,W-101255,CAND-0027636,APP-0028299,REQ-2024-01217,hire,2025-02-03,new_hire,2025-02-05
WE-0001424,W-101086,CAND-0020966,APP-0021349,REQ-2024-00932,termination,2025-02-04,involuntary_probation,2025-02-05
WE-0001425,W-101144,CAND-0025480,APP-0026041,REQ-2024-01105,termination,2025-02-04,involuntary_performance,2025-02-04
WE-0001426,W-100068,CAND-0002678,APP-0002684,REQ-2024-00207,termination,2025-02-05,voluntary_resignation,2025-02-06
WE-0001427,W-100126,CAND-0000344,APP-0000344,REQ-2024-00019,termination,2025-02-06,involuntary_performance,2025-02-11
WE-0001428,W-100548,CAND-0011825,APP-0011951,REQ-2024-00576,termination,2025-02-06,involuntary_performance,2025-02-10
WE-0001429,W-100423,CAND-0009123,APP-0009197,REQ-2024-00447,termination,2025-02-10,involuntary_performance,2025-02-13
WE-0001430,W-101256,CAND-0018231,APP-0018530,REQ-2024-00792,hire,2025-02-10,new_hire,2025-02-12
WE-0001431,W-101257,CAND-0024964,APP-0025494,REQ-2024-01067,hire,2025-02-10,new_hire,2025-02-13
WE-0001432,W-101258,CAND-0024978,APP-0025508,REQ-2024-01090,hire,2025-02-10,new_hire,2025-02-12
WE-0001433,W-101259,CAND-0025133,APP-0025669,REQ-2024-01065,hire,2025-02-10,new_hire,2025-02-10
WE-0001434,W-101260,CAND-0025823,APP-0026396,REQ-2024-00322,hire,2025-02-10,new_hire,2025-02-10
WE-0001435,W-101261,CAND-0026243,APP-0026838,REQ-2024-01112,hire,2025-02-10,new_hire,2025-02-10
WE-0001436,W-101262,CAND-0026265,APP-0026862,REQ-2024-01145,hire,2025-02-10,new_hire,2025-02-13
WE-0001437,W-101263,CAND-0026365,APP-0026965,REQ-2024-01154,hire,2025-02-10,new_hire,2025-02-11
WE-0001438,W-101264,CAND-0026398,APP-0026998,REQ-2024-00925,hire,2025-02-10,new_hire,2025-02-11
WE-0001439,W-101265,CAND-0024335,APP-0027003,REQ-2024-00979,hire,2025-02-10,new_hire,2025-02-13
WE-0001440,W-101266,CAND-0026424,APP-0027026,REQ-2024-01084,hire,2025-02-10,new_hire,2025-02-13
WE-0001441,W-101267,CAND-0026464,APP-0027067,REQ-2024-01148,hire,2025-02-10,new_hire,2025-02-12
WE-0001442,W-101268,CAND-0026568,APP-0027183,REQ-2024-01089,hire,2025-02-10,new_hire,2025-02-11
WE-0001443,W-101269,CAND-0026689,APP-0027309,REQ-2024-01150,hire,2025-02-10,new_hire,2025-02-10
WE-0001444,W-101270,CAND-0026835,APP-0027459,REQ-2024-01045,hire,2025-02-10,new_hire,2025-02-12
WE-0001445,W-101271,CAND-0026910,APP-0027538,REQ-2024-00795,hire,2025-02-10,new_hire,2025-02-13
WE-0001446,W-101272,CAND-0026965,APP-0027594,REQ-2024-01168,hire,2025-02-10,new_hire,2025-02-10
WE-0001447,W-101273,CAND-0026968,APP-0027597,REQ-2024-01174,hire,2025-02-10,new_hire,2025-02-10
WE-0001448,W-101274,CAND-0027013,APP-0027647,REQ-2024-01096,hire,2025-02-10,new_hire,2025-02-11
WE-0001449,W-101275,CAND-0027019,APP-0027653,REQ-2024-01126,hire,2025-02-10,new_hire,2025-02-12
WE-0001450,W-101276,CAND-0027085,APP-0027724,REQ-2024-00970,hire,2025-02-10,new_hire,2025-02-10
WE-0001451,W-101277,CAND-0027222,APP-0027866,REQ-2024-01197,hire,2025-02-10,new_hire,2025-02-13
WE-0001452,W-101278,CAND-0027313,APP-0027959,REQ-2024-01202,hire,2025-02-10,new_hire,2025-02-10
WE-0001453,W-101279,CAND-0027326,APP-0027972,REQ-2024-00918,hire,2025-02-10,new_hire,2025-02-10
WE-0001454,W-101280,CAND-0000351,APP-0027999,REQ-2024-01140,hire,2025-02-10,new_hire,2025-02-13
WE-0001455,W-101281,CAND-0027380,APP-0028029,REQ-2024-01173,hire,2025-02-10,new_hire,2025-02-11
WE-0001456,W-101282,CAND-0027706,APP-0028374,REQ-2024-01209,hire,2025-02-10,new_hire,2025-02-12
WE-0001457,W-101283,CAND-0028102,APP-0028788,REQ-2024-01042,hire,2025-02-10,new_hire,2025-02-11
WE-0001458,W-101284,CAND-0028106,APP-0028792,REQ-2024-01083,hire,2025-02-10,new_hire,2025-02-13
WE-0001459,W-101285,CAND-0028226,APP-0028918,REQ-2024-01213,hire,2025-02-10,new_hire,2025-02-10
WE-0001460,W-101286,CAND-0028515,APP-0029223,REQ-2024-01228,hire,2025-02-10,new_hire,2025-02-13
WE-0001461,W-101158,CAND-0024291,APP-0024795,REQ-2024-01056,termination,2025-02-14,voluntary_resignation,2025-02-18
WE-0001462,W-101121,CAND-0024395,APP-0024905,REQ-2024-01067,termination,2025-02-15,voluntary_resignation,2025-02-15
WE-0001463,W-100265,CAND-0006145,APP-0006175,REQ-2024-00219,termination,2025-02-16,involuntary_restructuring,2025-02-17
WE-0001464,W-100198,CAND-0003332,APP-0003342,REQ-2024-00287,termination,2025-02-17,voluntary_resignation,2025-02-18
WE-0001465,W-100228,CAND-0000411,APP-0000411,REQ-2024-00085,termination,2025-02-17,involuntary_performance,2025-02-19
WE-0001466,W-101287,CAND-0022270,APP-0022699,REQ-2024-00953,hire,2025-02-17,new_hire,2025-02-18
WE-0001467,W-101288,CAND-0023410,APP-0023872,REQ-2024-00836,hire,2025-02-17,new_hire,2025-02-19
WE-0001468,W-101289,CAND-0025838,APP-0026412,REQ-2024-00898,hire,2025-02-17,new_hire,2025-02-20
WE-0001469,W-101290,CAND-0026289,APP-0026886,REQ-2024-01167,hire,2025-02-17,new_hire,2025-02-17
WE-0001470,W-101291,CAND-0026687,APP-0027307,REQ-2024-01148,hire,2025-02-17,new_hire,2025-02-20
WE-0001471,W-101292,CAND-0026723,APP-0027343,REQ-2024-00120,hire,2025-02-17,new_hire,2025-02-18
WE-0001472,W-101293,CAND-0026781,APP-0027404,REQ-2024-01145,hire,2025-02-17,new_hire,2025-02-20
WE-0001473,W-101294,CAND-0026783,APP-0027406,REQ-2024-01148,hire,2025-02-17,new_hire,2025-02-19
WE-0001474,W-101295,CAND-0026805,APP-0027428,REQ-2024-01180,hire,2025-02-17,new_hire,2025-02-20
WE-0001475,W-101296,CAND-0026808,APP-0027431,REQ-2024-01183,hire,2025-02-17,new_hire,2025-02-20
WE-0001476,W-101297,CAND-0026880,APP-0027505,REQ-2024-01159,hire,2025-02-17,new_hire,2025-02-17
WE-0001477,W-101298,CAND-0026948,APP-0027577,REQ-2024-01148,hire,2025-02-17,new_hire,2025-02-19
WE-0001478,W-101299,CAND-0023804,APP-0027614,REQ-2024-00127,hire,2025-02-17,new_hire,2025-02-18
WE-0001479,W-101300,CAND-0026988,APP-0027620,REQ-2024-00527,hire,2025-02-17,new_hire,2025-02-18
WE-0001480,W-101301,CAND-0027026,APP-0027661,REQ-2024-01147,hire,2025-02-17,new_hire,2025-02-18
WE-0001481,W-101302,CAND-0027282,APP-0027927,REQ-2024-01153,hire,2025-02-17,new_hire,2025-02-17
WE-0001482,W-101303,CAND-0027544,APP-0028201,REQ-2024-01185,hire,2025-02-17,new_hire,2025-02-18
WE-0001483,W-101304,CAND-0027662,APP-0028329,REQ-2024-01138,hire,2025-02-17,new_hire,2025-02-19
WE-0001484,W-101305,CAND-0027856,APP-0028532,REQ-2024-01218,hire,2025-02-17,new_hire,2025-02-20
WE-0001485,W-101306,CAND-0028094,APP-0028780,REQ-2024-00712,hire,2025-02-17,new_hire,2025-02-20
WE-0001486,W-101307,CAND-0028303,APP-0029001,REQ-2024-01220,hire,2025-02-17,new_hire,2025-02-17
WE-0001487,W-101308,CAND-0028393,APP-0029094,REQ-2025-00003,hire,2025-02-17,new_hire,2025-02-18
WE-0001488,W-101309,CAND-0028742,APP-0029460,REQ-2025-00003,hire,2025-02-17,new_hire,2025-02-18
WE-0001489,W-101309,CAND-0028742,APP-0029460,REQ-2025-00003,hire,2025-02-17,new_hire,2025-02-26
WE-0001490,W-101226,CAND-0026774,APP-0027395,REQ-2024-01124,termination,2025-02-18,voluntary_resignation,2025-02-22
WE-0001491,W-100848,CAND-0017682,APP-0017966,REQ-2024-00805,termination,2025-02-20,voluntary_resignation,2025-02-25
WE-0001492,W-101135,CAND-0024120,APP-0024620,REQ-2024-01049,termination,2025-02-21,voluntary_resignation,2025-02-24
WE-0001493,W-101253,CAND-0027278,APP-0027923,REQ-2024-01146,termination,2025-02-21,voluntary_resignation,2025-02-24
WE-0001494,W-100051,CAND-0001015,APP-0001015,REQ-2024-00185,termination,2025-02-23,involuntary_performance,2025-02-27
WE-0001495,W-101242,CAND-0026065,APP-0026648,REQ-2024-01148,termination,2025-02-23,voluntary_resignation,2025-02-27
WE-0001496,W-101243,CAND-0026136,APP-0026726,REQ-2024-00889,termination,2025-02-23,voluntary_resignation,2025-02-23
WE-0001497,W-101268,CAND-0026568,APP-0027183,REQ-2024-01089,termination,2025-02-23,involuntary_probation,2025-02-24
WE-0001498,W-101310,CAND-0026947,APP-0027575,REQ-2024-01146,hire,2025-02-24,new_hire,2025-02-24
WE-0001499,W-101311,CAND-0027288,APP-0027933,REQ-2024-01157,hire,2025-02-24,new_hire,2025-02-24
WE-0001500,W-101312,CAND-0027384,APP-0028034,REQ-2024-01182,hire,2025-02-24,new_hire,2025-02-25
WE-0001501,W-101313,CAND-0027396,APP-0028047,REQ-2024-01198,hire,2025-02-24,new_hire,2025-02-24
WE-0001502,W-101314,CAND-0027535,APP-0028192,REQ-2024-01169,hire,2025-02-24,new_hire,2025-02-27
WE-0001503,W-101315,CAND-0027899,APP-0028578,REQ-2024-01183,hire,2025-02-24,new_hire,2025-02-26
WE-0001504,W-101316,CAND-0027981,APP-0028661,REQ-2024-01193,hire,2025-02-24,new_hire,2025-02-26
WE-0001505,W-101317,CAND-0028163,APP-0028853,REQ-2024-00067,hire,2025-02-24,new_hire,2025-02-27
WE-0001506,W-101318,CAND-0028241,APP-0028936,REQ-2025-00002,hire,2025-02-24,new_hire,2025-02-26
WE-0001507,W-101319,CAND-0028315,APP-0029015,REQ-2024-01232,hire,2025-02-24,new_hire,2025-02-25
WE-0001508,W-101320,CAND-0028325,APP-0029025,REQ-2025-00006,hire,2025-02-24,new_hire,2025-02-26
WE-0001509,W-101321,CAND-0028408,APP-0029110,REQ-2024-00983,hire,2025-02-24,new_hire,2025-02-25
WE-0001510,W-101322,CAND-0028458,APP-0029163,REQ-2024-01226,hire,2025-02-24,new_hire,2025-02-26
WE-0001511,W-101323,CAND-0028578,APP-0029287,REQ-2024-01206,hire,2025-02-24,new_hire,2025-02-25
WE-0001512,W-101324,CAND-0028703,APP-0029419,REQ-2024-01179,hire,2025-02-24,new_hire,2025-02-27
WE-0001513,W-101325,CAND-0028875,APP-0029595,REQ-2025-00004,hire,2025-02-24,new_hire,2025-02-27
WE-0001514,W-101326,CAND-0028922,APP-0029643,REQ-2024-01098,hire,2025-02-24,new_hire,2025-02-25
WE-0001515,W-101327,CAND-0028950,APP-0029673,REQ-2025-00005,hire,2025-02-24,new_hire,2025-02-24
WE-0001516,W-101328,CAND-0029096,APP-0029826,REQ-2025-00003,hire,2025-02-24,new_hire,2025-02-25
WE-0001517,W-101329,CAND-0029099,APP-0029829,REQ-2025-00004,hire,2025-02-24,new_hire,2025-02-24
WE-0001518,W-101330,CAND-0029503,APP-0030253,REQ-2024-01083,hire,2025-02-24,new_hire,2025-02-25
WE-0001519,W-101331,CAND-0029579,APP-0030333,REQ-2024-01030,hire,2025-02-24,new_hire,2025-02-26
WE-0001520,W-101332,CAND-0030066,APP-0030844,REQ-2025-00073,hire,2025-02-24,new_hire,2025-02-24
WE-0001521,W-100400,CAND-0008397,APP-0008462,REQ-2024-00440,termination,2025-02-25,involuntary_restructuring,2025-03-02
WE-0001522,W-100607,CAND-0012396,APP-0012540,REQ-2024-00574,termination,2025-02-25,involuntary_restructuring,2025-03-01
WE-0001523,W-101172,CAND-0025714,APP-0026284,REQ-2024-01113,termination,2025-02-26,voluntary_resignation,2025-03-01
WE-0001524,W-101283,CAND-0028102,APP-0028788,REQ-2024-01042,termination,2025-02-27,involuntary_performance,2025-03-03
WE-0001525,W-100421,CAND-0009060,APP-0009134,REQ-2024-00466,termination,2025-02-28,involuntary_restructuring,2025-03-04
WE-0001526,W-101045,CAND-0020884,APP-0021266,REQ-2024-00744,termination,2025-02-28,voluntary_resignation,2025-03-05
WE-0001527,W-100215,CAND-0005142,APP-0005163,REQ-2024-00095,termination,2025-03-02,voluntary_resignation,2025-03-05
WE-0001528,W-101254,CAND-0027635,APP-0028298,REQ-2024-01207,termination,2025-03-02,involuntary_probation,2025-03-07
WE-0001529,W-101231,CAND-0027039,APP-0027674,REQ-2024-01155,termination,2025-03-03,voluntary_resignation,2025-03-07
WE-0001530,W-101333,CAND-0024815,APP-0025336,REQ-2024-01073,hire,2025-03-03,new_hire,2025-03-05
WE-0001531,W-101334,CAND-0008574,APP-0026653,REQ-2024-00548,hire,2025-03-03,new_hire,2025-03-05
WE-0001532,W-101335,CAND-0026430,APP-0027032,REQ-2024-01101,hire,2025-03-03,new_hire,2025-03-04
WE-0001533,W-101336,CAND-0015764,APP-0027261,REQ-2024-01044,hire,2025-03-03,new_hire,2025-03-04
WE-0001534,W-101337,CAND-0026818,APP-0027442,REQ-2024-00285,hire,2025-03-03,new_hire,2025-03-05
WE-0001535,W-101338,CAND-0027146,APP-0027789,REQ-2024-00992,hire,2025-03-03,new_hire,2025-03-04
WE-0001536,W-101339,CAND-0027276,APP-0027921,REQ-2024-01144,hire,2025-03-03,new_hire,2025-03-06
WE-0001537,W-101340,CAND-0027779,APP-0028451,REQ-2024-00166,hire,2025-03-03,new_hire,2025-03-03
WE-0001538,W-101341,CAND-0027902,APP-0028581,REQ-2024-01189,hire,2025-03-03,new_hire,2025-03-03
WE-0001539,W-101342,CAND-0028006,APP-0028687,REQ-2024-01214,hire,2025-03-03,new_hire,2025-03-03
WE-0001540,W-101343,CAND-0028290,APP-0028987,REQ-2024-01200,hire,2025-03-03,new_hire,2025-03-04
WE-0001541,W-101344,CAND-0028308,APP-0029007,REQ-2024-01222,hire,2025-03-03,new_hire,2025-03-05
WE-0001542,W-101345,CAND-0028313,APP-0029012,REQ-2024-01230,hire,2025-03-03,new_hire,2025-03-05
WE-0001543,W-101346,CAND-0028355,APP-0029055,REQ-2024-01160,hire,2025-03-03,new_hire,2025-03-03
WE-0001544,W-101347,CAND-0028436,APP-0029141,REQ-2024-01203,hire,2025-03-03,new_hire,2025-03-05
WE-0001545,W-101348,CAND-0028518,APP-0029226,REQ-2024-01232,hire,2025-03-03,new_hire,2025-03-04
WE-0001546,W-101349,CAND-0028560,APP-0029269,REQ-2024-01151,hire,2025-03-03,new_hire,2025-03-04
WE-0001547,W-101350,CAND-0028581,APP-0029292,REQ-2024-01209,hire,2025-03-03,new_hire,2025-03-05
WE-0001548,W-101351,CAND-0028615,APP-0029327,REQ-2024-00577,hire,2025-03-03,new_hire,2025-03-05
WE-0001549,W-101352,CAND-0028689,APP-0029405,REQ-2024-00966,hire,2025-03-03,new_hire,2025-03-06
WE-0001550,W-101353,CAND-0029084,APP-0029813,REQ-2024-01211,hire,2025-03-03,new_hire,2025-03-03
WE-0001551,W-101354,CAND-0029134,APP-0029866,REQ-2024-01196,hire,2025-03-03,new_hire,2025-03-06
WE-0001552,W-101355,CAND-0029161,APP-0029893,REQ-2025-00003,hire,2025-03-03,new_hire,2025-03-04
WE-0001553,W-101356,CAND-0029279,APP-0030023,REQ-2024-01061,hire,2025-03-03,new_hire,2025-03-03
WE-0001554,W-101357,CAND-0029995,APP-0030767,REQ-2025-00067,hire,2025-03-03,new_hire,2025-03-06
WE-0001555,W-101358,CAND-0030430,APP-0031221,REQ-2025-00073,hire,2025-03-03,new_hire,2025-03-05
WE-0001556,W-100331,CAND-0001458,APP-0001458,REQ-2024-00118,termination,2025-03-04,involuntary_performance,2025-03-09
WE-0001557,W-101224,CAND-0026661,APP-0027279,REQ-2024-01105,termination,2025-03-06,involuntary_probation,2025-03-06
WE-0001558,W-101231,CAND-0027039,APP-0027674,REQ-2024-01155,termination,2025-03-07,voluntary_resignation,2025-03-12
WE-0001559,W-100215,CAND-0005142,APP-0005163,REQ-2024-00095,termination,2025-03-09,voluntary_resignation,2025-03-13
WE-0001560,W-100909,CAND-0018630,APP-0018944,REQ-2024-00685,termination,2025-03-09,involuntary_restructuring,2025-03-09
WE-0001561,W-101359,CAND-0026293,APP-0026890,REQ-2024-00534,hire,2025-03-10,new_hire,2025-03-10
WE-0001562,W-101360,CAND-0027089,APP-0027729,REQ-2024-01052,hire,2025-03-10,new_hire,2025-03-11
WE-0001563,W-101361,CAND-0027206,APP-0027850,REQ-2024-01171,hire,2025-03-10,new_hire,2025-03-11
WE-0001564,W-101362,CAND-0027319,APP-0027965,REQ-2024-00581,hire,2025-03-10,new_hire,2025-03-13
WE-0001565,W-101363,CAND-0027321,APP-0027967,REQ-2024-00752,hire,2025-03-10,new_hire,2025-03-10
WE-0001566,W-101364,CAND-0028070,APP-0028754,REQ-2024-01215,hire,2025-03-10,new_hire,2025-03-10
WE-0001567,W-101365,CAND-0028332,APP-0029032,REQ-2024-00636,hire,2025-03-10,new_hire,2025-03-11
WE-0001568,W-101366,CAND-0028409,APP-0029111,REQ-2024-01008,hire,2025-03-10,new_hire,2025-03-12
WE-0001569,W-101366,CAND-0028409,APP-0029111,REQ-2024-01008,hire,2025-03-10,new_hire,2025-03-13
WE-0001570,W-101367,CAND-0028462,APP-0029167,REQ-2024-01233,hire,2025-03-10,new_hire,2025-03-11
WE-0001571,W-101368,CAND-0028489,APP-0029195,REQ-2024-01152,hire,2025-03-10,new_hire,2025-03-13
WE-0001572,W-101369,CAND-0005881,APP-0029332,REQ-2024-00892,hire,2025-03-10,new_hire,2025-03-10
WE-0001573,W-101370,CAND-0028676,APP-0029392,REQ-2025-00014,hire,2025-03-10,new_hire,2025-03-12
WE-0001574,W-101371,CAND-0028887,APP-0029607,REQ-2025-00014,hire,2025-03-10,new_hire,2025-03-13
WE-0001575,W-101372,CAND-0029043,APP-0029771,REQ-2025-00028,hire,2025-03-10,new_hire,2025-03-11
WE-0001576,W-101373,CAND-0029208,APP-0029945,REQ-2024-00943,hire,2025-03-10,new_hire,2025-03-11
WE-0001577,W-101374,CAND-0029447,APP-0030197,REQ-2025-00001,hire,2025-03-10,new_hire,2025-03-10
WE-0001578,W-101375,CAND-0029479,APP-0030229,REQ-2025-00045,hire,2025-03-10,new_hire,2025-03-12
WE-0001579,W-101376,CAND-0029536,APP-0030290,REQ-2025-00019,hire,2025-03-10,new_hire,2025-03-10
WE-0001580,W-101377,CAND-0029578,APP-0030332,REQ-2024-00996,hire,2025-03-10,new_hire,2025-03-10
WE-0001581,W-101378,CAND-0029676,APP-0030434,REQ-2025-00032,hire,2025-03-10,new_hire,2025-03-11
WE-0001582,W-101379,CAND-0029997,APP-0030769,REQ-2025-00069,hire,2025-03-10,new_hire,2025-03-11
WE-0001583,W-101380,CAND-0030280,APP-0031066,REQ-2025-00069,hire,2025-03-10,new_hire,2025-03-11
WE-0001584,W-101381,CAND-0030412,APP-0031202,REQ-2025-00058,hire,2025-03-10,new_hire,2025-03-11
WE-0001585,W-101382,CAND-0030514,APP-0031309,REQ-2025-00073,hire,2025-03-10,new_hire,2025-03-13
WE-0001586,W-101010,CAND-0020524,APP-0020893,REQ-2024-00907,termination,2025-03-11,involuntary_restructuring,2025-03-16
WE-0001587,W-101224,CAND-0026661,APP-0027279,REQ-2024-01105,termination,2025-03-14,involuntary_probation,2025-03-15
WE-0001588,W-101240,CAND-0025549,APP-0026114,REQ-2024-01096,termination,2025-03-14,voluntary_resignation,2025-03-17
WE-0001589,W-100034,CAND-0000185,APP-0000185,REQ-2024-00019,termination,2025-03-15,voluntary_resignation,2025-03-16
WE-0001590,W-101236,CAND-0024822,APP-0025343,REQ-2024-01092,termination,2025-03-15,voluntary_resignation,2025-03-17
WE-0001591,W-100082,CAND-0000564,APP-0000564,REQ-2024-00035,termination,2025-03-16,voluntary_resignation,2025-03-17
WE-0001592,W-100488,CAND-0009954,APP-0010039,REQ-2024-00506,termination,2025-03-17,involuntary_restructuring,2025-03-18
WE-0001593,W-101383,CAND-0024487,APP-0025002,REQ-2024-01075,hire,2025-03-17,new_hire,2025-03-18
WE-0001594,W-101384,CAND-0025699,APP-0026269,REQ-2024-01099,hire,2025-03-17,new_hire,2025-03-18
WE-0001595,W-101385,CAND-0025986,APP-0026564,REQ-2024-00799,hire,2025-03-17,new_hire,2025-03-17
WE-0001596,W-101386,CAND-0027185,APP-0027829,REQ-2024-01143,hire,2025-03-17,new_hire,2025-03-20
WE-0001597,W-101387,CAND-0006785,APP-0028304,REQ-2024-00420,hire,2025-03-17,new_hire,2025-03-19
WE-0001598,W-101388,CAND-0027824,APP-0028500,REQ-2024-01170,hire,2025-03-17,new_hire,2025-03-20
WE-0001599,W-101389,CAND-0027971,APP-0028651,REQ-2024-01181,hire,2025-03-17,new_hire,2025-03-17
WE-0001600,W-101390,CAND-0027990,APP-0028671,REQ-2024-01203,hire,2025-03-17,new_hire,2025-03-19
WE-0001601,W-101391,CAND-0013056,APP-0028934,REQ-2024-01235,hire,2025-03-17,new_hire,2025-03-18
WE-0001602,W-101392,CAND-0028309,APP-0029008,REQ-2024-01225,hire,2025-03-17,new_hire,2025-03-20
WE-0001603,W-101393,CAND-0028463,APP-0029168,REQ-2024-01233,hire,2025-03-17,new_hire,2025-03-20
WE-0001604,W-101394,CAND-0028801,APP-0029520,REQ-2024-01228,hire,2025-03-17,new_hire,2025-03-17
WE-0001605,W-101395,CAND-0028347,APP-0029711,REQ-2024-01135,hire,2025-03-17,new_hire,2025-03-17
WE-0001606,W-101396,CAND-0029033,APP-0029761,REQ-2025-00014,hire,2025-03-17,new_hire,2025-03-17
WE-0001607,W-101397,CAND-0029172,APP-0029906,REQ-2025-00014,hire,2025-03-17,new_hire,2025-03-20
WE-0001608,W-101398,CAND-0029257,APP-0030000,REQ-2025-00037,hire,2025-03-17,new_hire,2025-03-20
WE-0001609,W-101399,CAND-0029258,APP-0030001,REQ-2025-00037,hire,2025-03-17,new_hire,2025-03-17
WE-0001610,W-101400,CAND-0029264,APP-0030007,REQ-2025-00047,hire,2025-03-17,new_hire,2025-03-17
WE-0001611,W-101401,CAND-0029270,APP-0030013,REQ-2024-00660,hire,2025-03-17,new_hire,2025-03-17
WE-0001612,W-101402,CAND-0029326,APP-0030072,REQ-2025-00021,hire,2025-03-17,new_hire,2025-03-17
WE-0001613,W-101403,CAND-0029342,APP-0030089,REQ-2024-00374,hire,2025-03-17,new_hire,2025-03-18
WE-0001614,W-101403,CAND-0029342,APP-0030089,REQ-2024-00374,hire,2025-03-17,new_hire,2025-03-22
WE-0001615,W-101404,CAND-0024796,APP-0030260,REQ-2024-01209,hire,2025-03-17,new_hire,2025-03-19
WE-0001616,W-101405,CAND-0029622,APP-0030376,REQ-2025-00055,hire,2025-03-17,new_hire,2025-03-17
WE-0001617,W-101406,CAND-0029628,APP-0030382,REQ-2025-00060,hire,2025-03-17,new_hire,2025-03-20
WE-0001618,W-101407,CAND-0029645,APP-0030400,REQ-2024-01053,hire,2025-03-17,new_hire,2025-03-19
WE-0001619,W-101408,CAND-0029673,APP-0030431,REQ-2025-00028,hire,2025-03-17,new_hire,2025-03-19
WE-0001620,W-101409,CAND-0029806,APP-0030574,REQ-2025-00004,hire,2025-03-17,new_hire,2025-03-18
WE-0001621,W-101410,CAND-0029984,APP-0030756,REQ-2025-00058,hire,2025-03-17,new_hire,2025-03-19
WE-0001622,W-101411,CAND-0029989,APP-0030761,REQ-2025-00062,hire,2025-03-17,new_hire,2025-03-20
WE-0001623,W-101412,CAND-0030049,APP-0030826,REQ-2025-00053,hire,2025-03-17,new_hire,2025-03-20
WE-0001624,W-101413,CAND-0030064,APP-0030842,REQ-2025-00066,hire,2025-03-17,new_hire,2025-03-18
WE-0001625,W-101414,CAND-0030118,APP-0030898,REQ-2025-00062,hire,2025-03-17,new_hire,2025-03-20
WE-0001626,W-101415,CAND-0030134,APP-0030914,REQ-2025-00077,hire,2025-03-17,new_hire,2025-03-17
WE-0001627,W-101416,CAND-0030223,APP-0031007,REQ-2025-00075,hire,2025-03-17,new_hire,2025-03-19
WE-0001628,W-101417,CAND-0030284,APP-0031070,REQ-2025-00073,hire,2025-03-17,new_hire,2025-03-18
WE-0001629,W-101418,CAND-0030285,APP-0031071,REQ-2025-00073,hire,2025-03-17,new_hire,2025-03-20
WE-0001630,W-101419,CAND-0030358,APP-0031146,REQ-2025-00083,hire,2025-03-17,new_hire,2025-03-20
WE-0001631,W-101420,CAND-0030648,APP-0031448,REQ-2025-00069,hire,2025-03-17,new_hire,2025-03-19
WE-0001632,W-101421,CAND-0031187,APP-0032010,REQ-2025-00073,hire,2025-03-17,new_hire,2025-03-18
WE-0001633,W-101422,CAND-0031621,APP-0032468,REQ-2025-00114,hire,2025-03-17,new_hire,2025-03-19
WE-0001634,W-101423,CAND-0031795,APP-0032648,REQ-2025-00114,hire,2025-03-17,new_hire,2025-03-20
WE-0001635,W-101424,CAND-0031896,APP-0032753,REQ-2025-00130,hire,2025-03-17,new_hire,2025-03-19
WE-0001636,W-100100,CAND-0001910,APP-0001912,REQ-2024-00217,termination,2025-03-19,involuntary_performance,2025-03-24
WE-0001637,W-100426,CAND-0009343,APP-0009420,REQ-2024-00234,termination,2025-03-21,voluntary_resignation,2025-03-23
WE-0001638,W-101382,CAND-0030514,APP-0031309,REQ-2025-00073,termination,2025-03-21,voluntary_resignation,2025-03-22
WE-0001639,W-100053,CAND-0001164,APP-0001164,REQ-2024-00214,termination,2025-03-22,voluntary_resignation,2025-03-22
WE-0001640,W-101391,CAND-0013056,APP-0028934,REQ-2024-01235,termination,2025-03-22,voluntary_resignation,2025-03-24
WE-0001641,W-101187,CAND-0025036,APP-0025569,REQ-2024-01065,termination,2025-03-24,involuntary_restructuring,2025-03-25
WE-0001642,W-101302,CAND-0027282,APP-0027927,REQ-2024-01153,termination,2025-03-24,involuntary_performance,2025-03-29
WE-0001643,W-101425,CAND-0027714,APP-0028382,REQ-2024-00737,hire,2025-03-24,new_hire,2025-03-26
WE-0001644,W-101426,CAND-0028685,APP-0029401,REQ-2024-00734,hire,2025-03-24,new_hire,2025-03-24
WE-0001645,W-101427,CAND-0028736,APP-0029454,REQ-2024-01235,hire,2025-03-24,new_hire,2025-03-26
WE-0001646,W-101428,CAND-0028750,APP-0029468,REQ-2025-00016,hire,2025-03-24,new_hire,2025-03-26
WE-0001647,W-101429,CAND-0028790,APP-0029509,REQ-2024-01208,hire,2025-03-24,new_hire,2025-03-24
WE-0001648,W-101430,CAND-0028903,APP-0029624,REQ-2024-00742,hire,2025-03-24,new_hire,2025-03-27
WE-0001649,W-101431,CAND-0028977,APP-0029702,REQ-2024-00859,hire,2025-03-24,new_hire,2025-03-25
WE-0001650,W-101432,CAND-0029256,APP-0029999,REQ-2025-00037,hire,2025-03-24,new_hire,2025-03-24
WE-0001651,W-101433,CAND-0029274,APP-0030018,REQ-2024-00863,hire,2025-03-24,new_hire,2025-03-24
WE-0001652,W-101434,CAND-0029292,APP-0030036,REQ-2024-01189,hire,2025-03-24,new_hire,2025-03-25
WE-0001653,W-101435,CAND-0029332,APP-0030079,REQ-2025-00029,hire,2025-03-24,new_hire,2025-03-24
WE-0001654,W-101436,CAND-0029406,APP-0030155,REQ-2025-00042,hire,2025-03-24,new_hire,2025-03-27
WE-0001655,W-101437,CAND-0029424,APP-0030173,REQ-2024-01067,hire,2025-03-24,new_hire,2025-03-25
WE-0001656,W-101438,CAND-0029566,APP-0030320,REQ-2024-00452,hire,2025-03-24,new_hire,2025-03-25
WE-0001657,W-101439,CAND-0029615,APP-0030369,REQ-2025-00038,hire,2025-03-24,new_hire,2025-03-27
WE-0001658,W-101440,CAND-0028635,APP-0030787,REQ-2024-00951,hire,2025-03-24,new_hire,2025-03-27
WE-0001659,W-101441,CAND-0030058,APP-0030835,REQ-2025-00061,hire,2025-03-24,new_hire,2025-03-27
WE-0001660,W-101442,CAND-0030116,APP-0030896,REQ-2025-00060,hire,2025-03-24,new_hire,2025-03-25
WE-0001661,W-101443,CAND-0030157,APP-0030937,REQ-2024-01142,hire,2025-03-24,new_hire,2025-03-26
WE-0001662,W-101444,CAND-0030198,APP-0030981,REQ-2025-00060,hire,2025-03-24,new_hire,2025-03-26
WE-0001663,W-101445,CAND-0030487,APP-0031280,REQ-2025-00044,hire,2025-03-24,new_hire,2025-03-25
WE-0001664,W-101446,CAND-0030965,APP-0031781,REQ-2025-00098,hire,2025-03-24,new_hire,2025-03-26
WE-0001665,W-101447,CAND-0031319,APP-0032146,REQ-2024-00811,hire,2025-03-24,new_hire,2025-03-26
WE-0001666,W-101448,CAND-0031393,APP-0032224,REQ-2025-00127,hire,2025-03-24,new_hire,2025-03-24
WE-0001667,W-101449,CAND-0031458,APP-0032294,REQ-2025-00114,hire,2025-03-24,new_hire,2025-03-24
WE-0001668,W-101450,CAND-0031632,APP-0032482,REQ-2025-00130,hire,2025-03-24,new_hire,2025-03-27
WE-0001669,W-101450,CAND-0031632,APP-0032482,REQ-2025-00130,hire,2025-03-24,new_hire,2025-04-09
WE-0001670,W-101451,CAND-0031794,APP-0032647,REQ-2025-00114,hire,2025-03-24,new_hire,2025-03-24
WE-0001671,W-101452,CAND-0031823,APP-0032677,REQ-2025-00139,hire,2025-03-24,new_hire,2025-03-27
WE-0001672,W-101453,CAND-0032232,APP-0033108,REQ-2025-00130,hire,2025-03-24,new_hire,2025-03-26
WE-0001673,W-100040,CAND-0000308,APP-0000308,REQ-2024-00080,termination,2025-03-27,voluntary_resignation,2025-03-28
WE-0001674,W-101266,CAND-0026424,APP-0027026,REQ-2024-01084,termination,2025-03-27,involuntary_probation,2025-03-28
WE-0001675,W-101009,CAND-0019926,APP-0020273,REQ-2024-00903,termination,2025-03-29,voluntary_resignation,2025-03-29
WE-0001676,W-101442,CAND-0030116,APP-0030896,REQ-2025-00060,termination,2025-03-29,involuntary_probation,2025-04-02
WE-0001677,W-100166,CAND-0003820,APP-0003834,REQ-2024-00075,termination,2025-03-31,voluntary_resignation,2025-04-02
WE-0001678,W-101275,CAND-0027019,APP-0027653,REQ-2024-01126,termination,2025-03-31,voluntary_resignation,2025-04-04
WE-0001679,W-101292,CAND-0026723,APP-0027343,REQ-2024-00120,termination,2025-03-31,voluntary_resignation,2025-04-03
WE-0001680,W-101424,CAND-0031896,APP-0032753,REQ-2025-00130,termination,2025-03-31,involuntary_performance,2025-04-02
WE-0001681,W-101450,CAND-0031632,APP-0032482,REQ-2025-00130,termination,2025-03-31,voluntary_resignation,2025-04-02
WE-0001682,W-101454,CAND-0023678,APP-0024153,REQ-2024-01033,hire,2025-03-31,new_hire,2025-04-01
WE-0001683,W-101455,CAND-0025606,APP-0026173,REQ-2024-01050,hire,2025-03-31,new_hire,2025-04-02
WE-0001684,W-101456,CAND-0028255,APP-0028951,REQ-2024-00972,hire,2025-03-31,new_hire,2025-04-01
WE-0001685,W-101457,CAND-0028386,APP-0029087,REQ-2024-01237,hire,2025-03-31,new_hire,2025-04-01
WE-0001686,W-101458,CAND-0028986,APP-0029712,REQ-2024-01137,hire,2025-03-31,new_hire,2025-03-31
WE-0001687,W-101459,CAND-0023077,APP-0029865,REQ-2024-01195,hire,2025-03-31,new_hire,2025-04-01
WE-0001688,W-101460,CAND-0029272,APP-0030016,REQ-2024-00771,hire,2025-03-31,new_hire,2025-04-02
WE-0001689,W-101461,CAND-0029376,APP-0030124,REQ-2024-01234,hire,2025-03-31,new_hire,2025-04-02
WE-0001690,W-101462,CAND-0029399,APP-0030148,REQ-2025-00034,hire,2025-03-31,new_hire,2025-04-03
WE-0001691,W-101463,CAND-0029482,APP-0030232,REQ-2025-00047,hire,2025-03-31,new_hire,2025-04-03
WE-0001692,W-101464,CAND-0029784,APP-0030548,REQ-2024-01159,hire,2025-03-31,new_hire,2025-03-31
WE-0001693,W-101465,CAND-0029863,APP-0030633,REQ-2024-01124,hire,2025-03-31,new_hire,2025-04-03
WE-0001694,W-101466,CAND-0030024,APP-0030799,REQ-2024-01196,hire,2025-03-31,new_hire,2025-03-31
WE-0001695,W-101467,CAND-0030062,APP-0030839,REQ-2025-00063,hire,2025-03-31,new_hire,2025-04-01
WE-0001696,W-101468,CAND-0030082,APP-0030861,REQ-2024-01189,hire,2025-03-31,new_hire,2025-04-02
WE-0001697,W-101469,CAND-0030354,APP-0031142,REQ-2025-00078,hire,2025-03-31,new_hire,2025-03-31
WE-0001698,W-101470,CAND-0030408,APP-0031198,REQ-2025-00047,hire,2025-03-31,new_hire,2025-03-31
WE-0001699,W-101471,CAND-0030792,APP-0031601,REQ-2025-00063,hire,2025-03-31,new_hire,2025-04-02
WE-0001700,W-101472,CAND-0016350,APP-0031778,REQ-2025-00091,hire,2025-03-31,new_hire,2025-04-01
WE-0001701,W-101473,CAND-0031285,APP-0032111,REQ-2025-00101,hire,2025-03-31,new_hire,2025-03-31
WE-0001702,W-101474,CAND-0031291,APP-0032117,REQ-2025-00108,hire,2025-03-31,new_hire,2025-04-02
WE-0001703,W-101475,CAND-0031396,APP-0032227,REQ-2024-00435,hire,2025-03-31,new_hire,2025-04-03
WE-0001704,W-101476,CAND-0031605,APP-0032452,REQ-2025-00101,hire,2025-03-31,new_hire,2025-03-31
WE-0001705,W-101477,CAND-0031728,APP-0032581,REQ-2025-00140,hire,2025-03-31,new_hire,2025-04-02
WE-0001706,W-101478,CAND-0031793,APP-0032646,REQ-2025-00114,hire,2025-03-31,new_hire,2025-04-01
WE-0001707,W-101479,CAND-0031909,APP-0032766,REQ-2025-00145,hire,2025-03-31,new_hire,2025-04-02
WE-0001708,W-101480,CAND-0032130,APP-0032997,REQ-2025-00114,hire,2025-03-31,new_hire,2025-03-31
WE-0001709,W-101481,CAND-0032207,APP-0033081,REQ-2025-00108,hire,2025-03-31,new_hire,2025-03-31
WE-0001710,W-101482,CAND-0032308,APP-0033189,REQ-2025-00123,hire,2025-03-31,new_hire,2025-03-31
WE-0001711,W-101483,CAND-0032493,APP-0033384,REQ-2025-00128,hire,2025-03-31,new_hire,2025-03-31
WE-0001712,W-100613,CAND-0013419,APP-0013579,REQ-2024-00292,termination,2025-04-01,involuntary_performance,2025-04-06
WE-0001713,W-101311,CAND-0027288,APP-0027933,REQ-2024-01157,termination,2025-04-03,involuntary_performance,2025-04-03
WE-0001714,W-101292,CAND-0026723,APP-0027343,REQ-2024-00120,termination,2025-04-04,voluntary_resignation,2025-04-08
WE-0001715,W-101301,CAND-0027026,APP-0027661,REQ-2024-01147,termination,2025-04-04,involuntary_performance,2025-04-04
WE-0001716,W-101355,CAND-0029161,APP-0029893,REQ-2025-00003,termination,2025-04-04,involuntary_performance,2025-04-05
WE-0001717,W-101329,CAND-0029099,APP-0029829,REQ-2025-00004,termination,2025-04-05,voluntary_resignation,2025-04-10
WE-0001718,W-101397,CAND-0029172,APP-0029906,REQ-2025-00014,termination,2025-04-05,involuntary_probation,2025-04-10
WE-0001719,W-101400,CAND-0029264,APP-0030007,REQ-2025-00047,termination,2025-04-05,voluntary_resignation,2025-04-09
WE-0001720,W-101458,CAND-0028986,APP-0029712,REQ-2024-01137,termination,2025-04-05,voluntary_resignation,2025-04-05
WE-0001721,W-101484,CAND-0028433,APP-0029138,REQ-2024-01200,hire,2025-04-07,new_hire,2025-04-10
WE-0001722,W-101485,CAND-0028804,APP-0029523,REQ-2024-01235,hire,2025-04-07,new_hire,2025-04-10
WE-0001723,W-101486,CAND-0029207,APP-0029944,REQ-2024-00934,hire,2025-04-07,new_hire,2025-04-09
WE-0001724,W-101487,CAND-0029492,APP-0030242,REQ-2024-00705,hire,2025-04-07,new_hire,2025-04-07
WE-0001725,W-101488,CAND-0029677,APP-0030435,REQ-2025-00033,hire,2025-04-07,new_hire,2025-04-07
WE-0001726,W-101489,CAND-0029751,APP-0030514,REQ-2025-00037,hire,2025-04-07,new_hire,2025-04-07
WE-0001727,W-101490,CAND-0029788,APP-0030552,REQ-2024-01188,hire,2025-04-07,new_hire,2025-04-09
WE-0001728,W-101491,CAND-0029829,APP-0030599,REQ-2025-00054,hire,2025-04-07,new_hire,2025-04-09
WE-0001729,W-101492,CAND-0029936,APP-0030706,REQ-2024-01038,hire,2025-04-07,new_hire,2025-04-08
WE-0001730,W-101493,CAND-0030290,APP-0031076,REQ-2025-00078,hire,2025-04-07,new_hire,2025-04-08
WE-0001731,W-101494,CAND-0030368,APP-0031156,REQ-2024-00859,hire,2025-04-07,new_hire,2025-04-10
WE-0001732,W-101495,CAND-0030743,APP-0031548,REQ-2025-00088,hire,2025-04-07,new_hire,2025-04-10
WE-0001733,W-101496,CAND-0030744,APP-0031549,REQ-2025-00090,hire,2025-04-07,new_hire,2025-04-10
WE-0001734,W-101497,CAND-0030987,APP-0031804,REQ-2024-00884,hire,2025-04-07,new_hire,2025-04-10
WE-0001735,W-101498,CAND-0031015,APP-0031834,REQ-2025-00066,hire,2025-04-07,new_hire,2025-04-07
WE-0001736,W-101499,CAND-0031065,APP-0031884,REQ-2024-00766,hire,2025-04-07,new_hire,2025-04-10
WE-0001737,W-101500,CAND-0031475,APP-0032312,REQ-2025-00137,hire,2025-04-07,new_hire,2025-04-10
WE-0001738,W-101501,CAND-0031537,APP-0032378,REQ-2025-00115,hire,2025-04-07,new_hire,2025-04-09
WE-0001739,W-101502,CAND-0031547,APP-0032388,REQ-2025-00121,hire,2025-04-07,new_hire,2025-04-07
WE-0001740,W-101503,CAND-0031960,APP-0032817,REQ-2025-00113,hire,2025-04-07,new_hire,2025-04-09
WE-0001741,W-101504,CAND-0032040,APP-0032899,REQ-2025-00101,hire,2025-04-07,new_hire,2025-04-08
WE-0001742,W-101505,CAND-0032530,APP-0033421,REQ-2025-00174,hire,2025-04-07,new_hire,2025-04-09
WE-0001743,W-101506,CAND-0032759,APP-0033660,REQ-2024-01091,hire,2025-04-07,new_hire,2025-04-09
WE-0001744,W-101507,CAND-0033080,APP-0033995,REQ-2025-00127,hire,2025-04-07,new_hire,2025-04-09
WE-0001745,W-101508,CAND-0033126,APP-0034045,REQ-2025-00190,hire,2025-04-07,new_hire,2025-04-07
WE-0001746,W-101509,CAND-0034000,APP-0034971,REQ-2025-00190,hire,2025-04-07,new_hire,2025-04-07
WE-0001747,W-101510,CAND-0034026,APP-0034999,REQ-2025-00230,hire,2025-04-07,new_hire,2025-04-08
WE-0001748,W-100025,CAND-0001259,APP-0001259,REQ-2024-00094,termination,2025-04-09,voluntary_resignation,2025-04-11
WE-0001749,W-101341,CAND-0027902,APP-0028581,REQ-2024-01189,termination,2025-04-12,voluntary_resignation,2025-04-13
WE-0001750,W-101511,CAND-0028632,APP-0029347,REQ-2024-01165,hire,2025-04-14,new_hire,2025-04-17
WE-0001751,W-101512,CAND-0029066,APP-0029795,REQ-2024-01093,hire,2025-04-14,new_hire,2025-04-15
WE-0001752,W-101513,CAND-0029780,APP-0030544,REQ-2024-01054,hire,2025-04-14,new_hire,2025-04-14
WE-0001753,W-101514,CAND-0029906,APP-0030676,REQ-2025-00059,hire,2025-04-14,new_hire,2025-04-17
WE-0001754,W-101515,CAND-0029931,APP-0030701,REQ-2024-00922,hire,2025-04-14,new_hire,2025-04-14
WE-0001755,W-101516,CAND-0030142,APP-0030922,REQ-2024-00704,hire,2025-04-14,new_hire,2025-04-14
WE-0001756,W-101517,CAND-0005707,APP-0031127,REQ-2025-00066,hire,2025-04-14,new_hire,2025-04-16
WE-0001757,W-101518,CAND-0030529,APP-0031324,REQ-2025-00088,hire,2025-04-14,new_hire,2025-04-15
WE-0001758,W-101519,CAND-0030561,APP-0031358,REQ-2025-00040,hire,2025-04-14,new_hire,2025-04-14
WE-0001759,W-101520,CAND-0030614,APP-0031413,REQ-2024-01199,hire,2025-04-14,new_hire,2025-04-17
WE-0001760,W-101521,CAND-0030696,APP-0031497,REQ-2024-01161,hire,2025-04-14,new_hire,2025-04-15
WE-0001761,W-101522,CAND-0021030,APP-0031662,REQ-2025-00023,hire,2025-04-14,new_hire,2025-04-17
WE-0001762,W-101523,CAND-0030964,APP-0031780,REQ-2025-00097,hire,2025-04-14,new_hire,2025-04-14
WE-0001763,W-101524,CAND-0031239,APP-0032064,REQ-2024-01108,hire,2025-04-14,new_hire,2025-04-16
WE-0001764,W-101525,CAND-0031289,APP-0032115,REQ-2025-00106,hire,2025-04-14,new_hire,2025-04-14
WE-0001765,W-101526,CAND-0031620,APP-0032467,REQ-2025-00114,hire,2025-04-14,new_hire,2025-04-15
WE-0001766,W-101527,CAND-0031670,APP-0032522,REQ-2025-00079,hire,2025-04-14,new_hire,2025-04-16
WE-0001767,W-101528,CAND-0031912,APP-0032769,REQ-2025-00147,hire,2025-04-14,new_hire,2025-04-16
WE-0001768,W-101529,CAND-0032079,APP-0032942,REQ-2025-00147,hire,2025-04-14,new_hire,2025-04-15
WE-0001769,W-101530,CAND-0032197,APP-0033071,REQ-2025-00098,hire,2025-04-14,new_hire,2025-04-14
WE-0001770,W-101531,CAND-0032233,APP-0033109,REQ-2025-00132,hire,2025-04-14,new_hire,2025-04-16
WE-0001771,W-101531,CAND-0032233,APP-0033109,REQ-2025-00132,hire,2025-04-14,new_hire,2025-04-23
WE-0001772,W-101532,CAND-0032389,APP-0033275,REQ-2025-00123,hire,2025-04-14,new_hire,2025-04-17
WE-0001773,W-101533,CAND-0032674,APP-0033573,REQ-2025-00111,hire,2025-04-14,new_hire,2025-04-16
WE-0001774,W-101534,CAND-0032799,APP-0033702,REQ-2025-00145,hire,2025-04-14,new_hire,2025-04-17
WE-0001775,W-101535,CAND-0033336,APP-0034268,REQ-2025-00200,hire,2025-04-14,new_hire,2025-04-15
WE-0001776,W-100244,CAND-0003333,APP-0003343,REQ-2024-00287,termination,2025-04-15,voluntary_resignation,2025-04-16
WE-0001777,W-100568,CAND-0012093,APP-0012224,REQ-2024-00590,termination,2025-04-17,voluntary_resignation,2025-04-18
WE-0001778,W-101365,CAND-0028332,APP-0029032,REQ-2024-00636,termination,2025-04-20,involuntary_performance,2025-04-21
WE-0001779,W-101536,CAND-0028376,APP-0029077,REQ-2024-01219,hire,2025-04-21,new_hire,2025-04-23
WE-0001780,W-101537,CAND-0028832,APP-0029551,REQ-2024-00697,hire,2025-04-21,new_hire,2025-04-24
WE-0001781,W-101538,CAND-0029358,APP-0030105,REQ-2024-01186,hire,2025-04-21,new_hire,2025-04-22
WE-0001782,W-101539,CAND-0029809,APP-0030578,REQ-2025-00017,hire,2025-04-21,new_hire,2025-04-23
WE-0001783,W-101540,CAND-0030159,APP-0030939,REQ-2024-01151,hire,2025-04-21,new_hire,2025-04-24
WE-0001784,W-101541,CAND-0030297,APP-0031083,REQ-2024-00934,hire,2025-04-21,new_hire,2025-04-23
WE-0001785,W-101542,CAND-0030843,APP-0031653,REQ-2024-01190,hire,2025-04-21,new_hire,2025-04-23
WE-0001786,W-101543,CAND-0030970,APP-0031786,REQ-2025-00101,hire,2025-04-21,new_hire,2025-04-21
WE-0001787,W-101544,CAND-0031119,APP-0031939,REQ-2025-00088,hire,2025-04-21,new_hire,2025-04-23
WE-0001788,W-101545,CAND-0031301,APP-0032127,REQ-2025-00113,hire,2025-04-21,new_hire,2025-04-22
WE-0001789,W-101546,CAND-0031373,APP-0032203,REQ-2025-00112,hire,2025-04-21,new_hire,2025-04-22
WE-0001790,W-101547,CAND-0031388,APP-0032219,REQ-2025-00124,hire,2025-04-21,new_hire,2025-04-22
WE-0001791,W-101548,CAND-0012387,APP-0032536,REQ-2025-00100,hire,2025-04-21,new_hire,2025-04-23
WE-0001792,W-101549,CAND-0031744,APP-0032597,REQ-2024-01194,hire,2025-04-21,new_hire,2025-04-22
WE-0001793,W-101550,CAND-0031956,APP-0032813,REQ-2025-00109,hire,2025-04-21,new_hire,2025-04-24
WE-0001794,W-101551,CAND-0032027,APP-0032886,REQ-2025-00071,hire,2025-04-21,new_hire,2025-04-23
WE-0001795,W-101552,CAND-0000197,APP-0033032,REQ-2025-00170,hire,2025-04-21,new_hire,2025-04-21
WE-0001796,W-101553,CAND-0032353,APP-0033238,REQ-2024-00847,hire,2025-04-21,new_hire,2025-04-23
WE-0001797,W-101554,CAND-0032460,APP-0033349,REQ-2025-00017,hire,2025-04-21,new_hire,2025-04-24
WE-0001798,W-101554,CAND-0032460,APP-0033349,REQ-2025-00017,hire,2025-04-21,new_hire,2025-04-30
WE-0001799,W-101555,CAND-0032707,APP-0033606,REQ-2025-00158,hire,2025-04-21,new_hire,2025-04-24
WE-0001800,W-101556,CAND-0032722,APP-0033621,REQ-2025-00170,hire,2025-04-21,new_hire,2025-04-21
WE-0001801,W-101557,CAND-0032826,APP-0033731,REQ-2025-00177,hire,2025-04-21,new_hire,2025-04-22
WE-0001802,W-101558,CAND-0032836,APP-0033742,REQ-2025-00190,hire,2025-04-21,new_hire,2025-04-23
WE-0001803,W-101559,CAND-0032861,APP-0033768,REQ-2025-00095,hire,2025-04-21,new_hire,2025-04-22
WE-0001804,W-101560,CAND-0032988,APP-0033901,REQ-2025-00163,hire,2025-04-21,new_hire,2025-04-23
WE-0001805,W-101561,CAND-0033048,APP-0033962,REQ-2024-01204,hire,2025-04-21,new_hire,2025-04-21
WE-0001806,W-101562,CAND-0033079,APP-0033994,REQ-2025-00127,hire,2025-04-21,new_hire,2025-04-22
WE-0001807,W-101563,CAND-0033098,APP-0034014,REQ-2025-00162,hire,2025-04-21,new_hire,2025-04-24
WE-0001808,W-101564,CAND-0033118,APP-0034036,REQ-2025-00179,hire,2025-04-21,new_hire,2025-04-22
WE-0001809,W-101565,CAND-0033123,APP-0034042,REQ-2025-00189,hire,2025-04-21,new_hire,2025-04-24
WE-0001810,W-101566,CAND-0033219,APP-0034146,REQ-2025-00177,hire,2025-04-21,new_hire,2025-04-24
WE-0001811,W-101567,CAND-0033425,APP-0034363,REQ-2025-00190,hire,2025-04-21,new_hire,2025-04-22
WE-0001812,W-101568,CAND-0033656,APP-0034607,REQ-2025-00121,hire,2025-04-21,new_hire,2025-04-24
WE-0001813,W-101568,CAND-0033656,APP-0034607,REQ-2025-00121,hire,2025-04-21,new_hire,2025-04-27
WE-0001814,W-101569,CAND-0033807,APP-0034766,REQ-2025-00218,hire,2025-04-21,new_hire,2025-04-22
WE-0001815,W-101570,CAND-0033985,APP-0034956,REQ-2025-00177,hire,2025-04-21,new_hire,2025-04-23
WE-0001816,W-101571,CAND-0034261,APP-0035246,REQ-2025-00177,hire,2025-04-21,new_hire,2025-04-21
WE-0001817,W-101572,CAND-0034717,APP-0035724,REQ-2025-00218,hire,2025-04-21,new_hire,2025-04-22
WE-0001818,W-100372,CAND-0006606,APP-0006643,REQ-2024-00378,termination,2025-04-22,voluntary_resignation,2025-04-26
WE-0001819,W-100433,CAND-0010138,APP-0010227,REQ-2024-00516,termination,2025-04-22,voluntary_resignation,2025-04-22
WE-0001820,W-100682,CAND-0015652,APP-0015883,REQ-2024-00727,termination,2025-04-22,voluntary_resignation,2025-04-27
WE-0001821,W-101173,CAND-0026047,APP-0026629,REQ-2024-01124,termination,2025-04-22,voluntary_resignation,2025-04-26
WE-0001822,W-101237,CAND-0024850,APP-0025373,REQ-2024-00769,termination,2025-04-22,involuntary_performance,2025-04-22
WE-0001823,W-101480,CAND-0032130,APP-0032997,REQ-2025-00114,termination,2025-04-22,voluntary_resignation,2025-04-25
WE-0001824,W-101498,CAND-0031015,APP-0031834,REQ-2025-00066,termination,2025-04-22,involuntary_performance,2025-04-25
WE-0001825,W-100505,CAND-0009347,APP-0009424,REQ-2024-00332,termination,2025-04-23,involuntary_restructuring,2025-04-28
WE-0001826,W-101503,CAND-0031960,APP-0032817,REQ-2025-00113,termination,2025-04-23,involuntary_probation,2025-04-23
WE-0001827,W-100802,CAND-0016811,APP-0017071,REQ-2024-00755,termination,2025-04-25,involuntary_performance,2025-04-27
WE-0001828,W-101573,CAND-0022648,APP-0023085,REQ-2024-00947,hire,2025-04-28,new_hire,2025-04-29
WE-0001829,W-101574,CAND-0029276,APP-0030020,REQ-2024-00927,hire,2025-04-28,new_hire,2025-05-01
WE-0001830,W-101575,CAND-0029854,APP-0030624,REQ-2024-00958,hire,2025-04-28,new_hire,2025-04-29
WE-0001831,W-101576,CAND-0030156,APP-0030936,REQ-2024-01131,hire,2025-04-28,new_hire,2025-04-28
WE-0001832,W-101577,CAND-0030821,APP-0031631,REQ-2024-00199,hire,2025-04-28,new_hire,2025-05-01
WE-0001833,W-101578,CAND-0030955,APP-0031770,REQ-2025-00087,hire,2025-04-28,new_hire,2025-04-30
WE-0001834,W-101579,CAND-0031629,APP-0032479,REQ-2025-00127,hire,2025-04-28,new_hire,2025-04-29
WE-0001835,W-101580,CAND-0031785,APP-0032638,REQ-2025-00110,hire,2025-04-28,new_hire,2025-04-30
WE-0001836,W-101581,CAND-0031919,APP-0032776,REQ-2024-00678,hire,2025-04-28,new_hire,2025-04-30
WE-0001837,W-101582,CAND-0032335,APP-0033218,REQ-2025-00157,hire,2025-04-28,new_hire,2025-04-29
WE-0001838,W-101583,CAND-0032425,APP-0033312,REQ-2025-00165,hire,2025-04-28,new_hire,2025-04-28
WE-0001839,W-101584,CAND-0032437,APP-0033324,REQ-2025-00178,hire,2025-04-28,new_hire,2025-04-29
WE-0001840,W-101585,CAND-0032510,APP-0033401,REQ-2025-00158,hire,2025-04-28,new_hire,2025-04-28
WE-0001841,W-101586,CAND-0032512,APP-0033403,REQ-2025-00160,hire,2025-04-28,new_hire,2025-04-30
WE-0001842,W-101587,CAND-0032599,APP-0033495,REQ-2025-00147,hire,2025-04-28,new_hire,2025-05-01
WE-0001843,W-101588,CAND-0032611,APP-0033508,REQ-2025-00160,hire,2025-04-28,new_hire,2025-04-28
WE-0001844,W-101589,CAND-0032721,APP-0033620,REQ-2025-00170,hire,2025-04-28,new_hire,2025-04-30
WE-0001845,W-101590,CAND-0032902,APP-0033811,REQ-2025-00165,hire,2025-04-28,new_hire,2025-05-01
WE-0001846,W-101591,CAND-0033095,APP-0034010,REQ-2025-00159,hire,2025-04-28,new_hire,2025-04-29
WE-0001847,W-101592,CAND-0033492,APP-0034432,REQ-2025-00146,hire,2025-04-28,new_hire,2025-04-30
WE-0001848,W-101593,CAND-0033548,APP-0034491,REQ-2025-00036,hire,2025-04-28,new_hire,2025-05-01
WE-0001849,W-101594,CAND-0033700,APP-0034652,REQ-2025-00197,hire,2025-04-28,new_hire,2025-04-30
WE-0001850,W-101595,CAND-0033789,APP-0034747,REQ-2025-00199,hire,2025-04-28,new_hire,2025-04-28
WE-0001851,W-101596,CAND-0033840,APP-0034801,REQ-2025-00127,hire,2025-04-28,new_hire,2025-05-01
WE-0001852,W-101597,CAND-0034027,APP-0035000,REQ-2025-00233,hire,2025-04-28,new_hire,2025-04-29
WE-0001853,W-101598,CAND-0034239,APP-0035223,REQ-2025-00104,hire,2025-04-28,new_hire,2025-04-28
WE-0001854,W-101599,CAND-0034313,APP-0035301,REQ-2025-00022,hire,2025-04-28,new_hire,2025-05-01
WE-0001855,W-101600,CAND-0034334,APP-0035324,REQ-2025-00177,hire,2025-04-28,new_hire,2025-05-01
WE-0001856,W-101601,CAND-0006565,APP-0035704,REQ-2025-00190,hire,2025-04-28,new_hire,2025-04-30
WE-0001857,W-101602,CAND-0034817,APP-0035831,REQ-2025-00230,hire,2025-04-28,new_hire,2025-05-01
WE-0001858,W-100935,CAND-0018073,APP-0018365,REQ-2024-00373,termination,2025-04-30,involuntary_performance,2025-05-02
WE-0001859,W-101417,CAND-0030284,APP-0031070,REQ-2025-00073,termination,2025-05-01,voluntary_resignation,2025-05-02
WE-0001860,W-100211,CAND-0004761,APP-0004777,REQ-2024-00221,termination,2025-05-02,involuntary_restructuring,2025-05-05
WE-0001861,W-101443,CAND-0030157,APP-0030937,REQ-2024-01142,termination,2025-05-02,voluntary_resignation,2025-05-02
WE-0001862,W-101470,CAND-0030408,APP-0031198,REQ-2025-00047,termination,2025-05-02,voluntary_resignation,2025-05-06
WE-0001863,W-101507,CAND-0033080,APP-0033995,REQ-2025-00127,termination,2025-05-02,voluntary_resignation,2025-05-04
WE-0001864,W-101142,CAND-0025173,APP-0025713,REQ-2024-01115,termination,2025-05-03,voluntary_resignation,2025-05-06
WE-0001865,W-101514,CAND-0029906,APP-0030676,REQ-2025-00059,termination,2025-05-03,involuntary_performance,2025-05-07
WE-0001866,W-101533,CAND-0032674,APP-0033573,REQ-2025-00111,termination,2025-05-03,voluntary_resignation,2025-05-06
WE-0001867,W-100029,CAND-0002156,APP-0002160,REQ-2024-00270,termination,2025-05-04,voluntary_resignation,2025-05-05
WE-0001868,W-101603,CAND-0030275,APP-0031060,REQ-2025-00063,hire,2025-05-05,new_hire,2025-05-06
WE-0001869,W-101604,CAND-0030883,APP-0031694,REQ-2025-00077,hire,2025-05-05,new_hire,2025-05-05
WE-0001870,W-101605,CAND-0031147,APP-0031968,REQ-2024-00095,hire,2025-05-05,new_hire,2025-05-05
WE-0001871,W-101606,CAND-0031585,APP-0032432,REQ-2025-00065,hire,2025-05-05,new_hire,2025-05-07
WE-0001872,W-101607,CAND-0031751,APP-0032604,REQ-2025-00031,hire,2025-05-05,new_hire,2025-05-08
WE-0001873,W-101608,CAND-0031815,APP-0032669,REQ-2025-00129,hire,2025-05-05,new_hire,2025-05-07
WE-0001874,W-101609,CAND-0031830,APP-0032684,REQ-2024-00095,hire,2025-05-05,new_hire,2025-05-08
WE-0001875,W-101610,CAND-0001688,APP-0032958,REQ-2024-00709,hire,2025-05-05,new_hire,2025-05-06
WE-0001876,W-101611,CAND-0032373,APP-0033259,REQ-2025-00099,hire,2025-05-05,new_hire,2025-05-08
WE-0001877,W-101612,CAND-0032470,APP-0033361,REQ-2025-00096,hire,2025-05-05,new_hire,2025-05-06
WE-0001878,W-101613,CAND-0032509,APP-0033400,REQ-2025-00156,hire,2025-05-05,new_hire,2025-05-08
WE-0001879,W-101614,CAND-0032545,APP-0033436,REQ-2024-01192,hire,2025-05-05,new_hire,2025-05-07
WE-0001880,W-101615,CAND-0032782,APP-0033684,REQ-2025-00112,hire,2025-05-05,new_hire,2025-05-06
WE-0001881,W-101616,CAND-0032827,APP-0033732,REQ-2025-00178,hire,2025-05-05,new_hire,2025-05-08
WE-0001882,W-101617,CAND-0033015,APP-0033929,REQ-2025-00179,hire,2025-05-05,new_hire,2025-05-08
WE-0001883,W-101618,CAND-0033033,APP-0033947,REQ-2024-00492,hire,2025-05-05,new_hire,2025-05-05
WE-0001884,W-101618,CAND-0033033,APP-0033947,REQ-2024-00492,hire,2025-05-05,new_hire,2025-05-11
WE-0001885,W-101619,CAND-0033150,APP-0034072,REQ-2025-00047,hire,2025-05-05,new_hire,2025-05-05
WE-0001886,W-101620,CAND-0033218,APP-0034145,REQ-2025-00177,hire,2025-05-05,new_hire,2025-05-07
WE-0001887,W-101621,CAND-0033320,APP-0034252,REQ-2025-00179,hire,2025-05-05,new_hire,2025-05-06
WE-0001888,W-101622,CAND-0033653,APP-0034604,REQ-2025-00115,hire,2025-05-05,new_hire,2025-05-05
WE-0001889,W-101623,CAND-0033698,APP-0034650,REQ-2025-00190,hire,2025-05-05,new_hire,2025-05-07
WE-0001890,W-101624,CAND-0033717,APP-0034670,REQ-2025-00224,hire,2025-05-05,new_hire,2025-05-07
WE-0001891,W-101625,CAND-0031835,APP-0034828,REQ-2025-00177,hire,2025-05-05,new_hire,2025-05-06
WE-0001892,W-101626,CAND-0034264,APP-0035249,REQ-2025-00179,hire,2025-05-05,new_hire,2025-05-07
WE-0001893,W-101627,CAND-0034597,APP-0035599,REQ-2025-00186,hire,2025-05-05,new_hire,2025-05-06
WE-0001894,W-101628,CAND-0035148,APP-0036181,REQ-2025-00259,hire,2025-05-05,new_hire,2025-05-08
WE-0001895,W-101629,CAND-0035247,APP-0036286,REQ-2025-00267,hire,2025-05-05,new_hire,2025-05-06
WE-0001896,W-101630,CAND-0035396,APP-0036445,REQ-2025-00220,hire,2025-05-05,new_hire,2025-05-08
WE-0001897,W-101631,CAND-0035419,APP-0036471,REQ-2025-00267,hire,2025-05-05,new_hire,2025-05-05
WE-0001898,W-101632,CAND-0035433,APP-0036486,REQ-2025-00279,hire,2025-05-05,new_hire,2025-05-08
WE-0001899,W-100903,CAND-0019651,APP-0019989,REQ-2024-00387,termination,2025-05-06,involuntary_performance,2025-05-08
WE-0001900,W-100222,CAND-0005724,APP-0005749,REQ-2024-00359,termination,2025-05-08,voluntary_resignation,2025-05-09
WE-0001901,W-100529,CAND-0008034,APP-0008093,REQ-2024-00401,termination,2025-05-09,involuntary_performance,2025-05-09
WE-0001902,W-101441,CAND-0030058,APP-0030835,REQ-2025-00061,termination,2025-05-10,involuntary_performance,2025-05-14
WE-0001903,W-101633,CAND-0030539,APP-0031335,REQ-2024-00933,hire,2025-05-12,new_hire,2025-05-13
WE-0001904,W-101634,CAND-0030981,APP-0031798,REQ-2024-00622,hire,2025-05-12,new_hire,2025-05-13
WE-0001905,W-101635,CAND-0031738,APP-0032591,REQ-2024-00816,hire,2025-05-12,new_hire,2025-05-15
WE-0001906,W-101636,CAND-0031952,APP-0032809,REQ-2025-00103,hire,2025-05-12,new_hire,2025-05-12
WE-0001907,W-101637,CAND-0032695,APP-0033594,REQ-2025-00145,hire,2025-05-12,new_hire,2025-05-13
WE-0001908,W-101638,CAND-0032712,APP-0033611,REQ-2025-00162,hire,2025-05-12,new_hire,2025-05-14
WE-0001909,W-101639,CAND-0032951,APP-0033862,REQ-2025-00024,hire,2025-05-12,new_hire,2025-05-12
WE-0001910,W-101640,CAND-0033171,APP-0034095,REQ-2025-00127,hire,2025-05-12,new_hire,2025-05-14
WE-0001911,W-101641,CAND-0033340,APP-0034274,REQ-2025-00205,hire,2025-05-12,new_hire,2025-05-14
WE-0001912,W-101641,CAND-0033340,APP-0034274,REQ-2025-00205,hire,2025-05-12,new_hire,2025-05-18
WE-0001913,W-101642,CAND-0033603,APP-0034551,REQ-2025-00200,hire,2025-05-12,new_hire,2025-05-15
WE-0001914,W-101643,CAND-0033682,APP-0034634,REQ-2025-00170,hire,2025-05-12,new_hire,2025-05-13
WE-0001915,W-101644,CAND-0033707,APP-0034659,REQ-2025-00205,hire,2025-05-12,new_hire,2025-05-15
WE-0001916,W-101645,CAND-0033865,APP-0034829,REQ-2025-00177,hire,2025-05-12,new_hire,2025-05-13
WE-0001917,W-101646,CAND-0034010,APP-0034982,REQ-2025-00202,hire,2025-05-12,new_hire,2025-05-13
WE-0001918,W-101647,CAND-0034156,APP-0035137,REQ-2025-00154,hire,2025-05-12,new_hire,2025-05-15
WE-0001919,W-101648,CAND-0034218,APP-0035200,REQ-2025-00246,hire,2025-05-12,new_hire,2025-05-13
WE-0001920,W-101648,CAND-0034218,APP-0035200,REQ-2025-00246,hire,2025-05-12,new_hire,2025-05-18
WE-0001921,W-101649,CAND-0034228,APP-0035210,REQ-2024-01216,hire,2025-05-12,new_hire,2025-05-12
WE-0001922,W-101650,CAND-0034368,APP-0035359,REQ-2025-00233,hire,2025-05-12,new_hire,2025-05-14
WE-0001923,W-101651,CAND-0034546,APP-0035547,REQ-2025-00245,hire,2025-05-12,new_hire,2025-05-15
WE-0001924,W-101652,CAND-0034613,APP-0035615,REQ-2025-00202,hire,2025-05-12,new_hire,2025-05-12
WE-0001925,W-101652,CAND-0034613,APP-0035615,REQ-2025-00202,hire,2025-05-12,new_hire,2025-05-14
WE-0001926,W-101653,CAND-0034745,APP-0035756,REQ-2025-00245,hire,2025-05-12,new_hire,2025-05-14
WE-0001927,W-101654,CAND-0034854,APP-0035869,REQ-2024-01019,hire,2025-05-12,new_hire,2025-05-14
WE-0001928,W-101655,CAND-0034901,APP-0035919,REQ-2025-00241,hire,2025-05-12,new_hire,2025-05-14
WE-0001929,W-101656,CAND-0035255,APP-0036294,REQ-2025-00284,hire,2025-05-12,new_hire,2025-05-13
WE-0001930,W-101657,CAND-0035340,APP-0036387,REQ-2025-00260,hire,2025-05-12,new_hire,2025-05-14
WE-0001931,W-101658,CAND-0035592,APP-0036651,REQ-2025-00241,hire,2025-05-12,new_hire,2025-05-15
WE-0001932,W-101659,CAND-0035948,APP-0037030,REQ-2025-00302,hire,2025-05-12,new_hire,2025-05-15
WE-0001933,W-101638,CAND-0032712,APP-0033611,REQ-2025-00162,termination,2025-05-16,voluntary_resignation,2025-05-16
WE-0001934,W-100413,CAND-0008211,APP-0008274,REQ-2024-00423,termination,2025-05-17,involuntary_restructuring,2025-05-20
WE-0001935,W-100028,CAND-0001556,APP-0001558,REQ-2024-00254,termination,2025-05-19,involuntary_restructuring,2025-05-19
WE-0001936,W-100761,CAND-0014342,APP-0014534,REQ-2024-00099,termination,2025-05-19,involuntary_restructuring,2025-05-21
WE-0001937,W-101660,CAND-0030830,APP-0031640,REQ-2024-00887,hire,2025-05-19,new_hire,2025-05-19
WE-0001938,W-101661,CAND-0031439,APP-0032274,REQ-2025-00085,hire,2025-05-19,new_hire,2025-05-21
WE-0001939,W-101662,CAND-0031942,APP-0032799,REQ-2025-00076,hire,2025-05-19,new_hire,2025-05-20
WE-0001940,W-101663,CAND-0032621,APP-0033518,REQ-2025-00172,hire,2025-05-19,new_hire,2025-05-22
WE-0001941,W-101664,CAND-0032648,APP-0033547,REQ-2024-01127,hire,2025-05-19,new_hire,2025-05-22
WE-0001942,W-101665,CAND-0032818,APP-0033722,REQ-2025-00171,hire,2025-05-19,new_hire,2025-05-21
WE-0001943,W-101666,CAND-0032893,APP-0033800,REQ-2025-00148,hire,2025-05-19,new_hire,2025-05-21
WE-0001944,W-101667,CAND-0032939,APP-0033850,REQ-2024-00500,hire,2025-05-19,new_hire,2025-05-19
WE-0001945,W-101668,CAND-0015622,APP-0033985,REQ-2025-00119,hire,2025-05-19,new_hire,2025-05-19
WE-0001946,W-101669,CAND-0033204,APP-0034130,REQ-2025-00173,hire,2025-05-19,new_hire,2025-05-22
WE-0001947,W-101670,CAND-0033430,APP-0034368,REQ-2025-00191,hire,2025-05-19,new_hire,2025-05-21
WE-0001948,W-101671,CAND-0033444,APP-0034383,REQ-2025-00214,hire,2025-05-19,new_hire,2025-05-19
WE-0001949,W-101672,CAND-0033622,APP-0034572,REQ-2024-00452,hire,2025-05-19,new_hire,2025-05-20
WE-0001950,W-101673,CAND-0033643,APP-0034594,REQ-2025-00068,hire,2025-05-19,new_hire,2025-05-19
WE-0001951,W-101674,CAND-0032316,APP-0035071,REQ-2025-00203,hire,2025-05-19,new_hire,2025-05-20
WE-0001952,W-101675,CAND-0034119,APP-0035099,REQ-2024-00199,hire,2025-05-19,new_hire,2025-05-19
WE-0001953,W-101676,CAND-0034290,APP-0035278,REQ-2025-00230,hire,2025-05-19,new_hire,2025-05-19
WE-0001954,W-101677,CAND-0034356,APP-0035347,REQ-2025-00213,hire,2025-05-19,new_hire,2025-05-22
WE-0001955,W-101678,CAND-0034385,APP-0035377,REQ-2024-01019,hire,2025-05-19,new_hire,2025-05-22
WE-0001956,W-101679,CAND-0034501,APP-0035498,REQ-2025-00176,hire,2025-05-19,new_hire,2025-05-19
WE-0001957,W-101680,CAND-0034526,APP-0035524,REQ-2025-00212,hire,2025-05-19,new_hire,2025-05-22
WE-0001958,W-101681,CAND-0034585,APP-0035587,REQ-2025-00149,hire,2025-05-19,new_hire,2025-05-21
WE-0001959,W-101682,CAND-0034626,APP-0035629,REQ-2025-00225,hire,2025-05-19,new_hire,2025-05-20
WE-0001960,W-101683,CAND-0034661,APP-0035666,REQ-2024-01225,hire,2025-05-19,new_hire,2025-05-22
WE-0001961,W-101684,CAND-0034772,APP-0035784,REQ-2024-01236,hire,2025-05-19,new_hire,2025-05-22
WE-0001962,W-101685,CAND-0034843,APP-0035857,REQ-2025-00253,hire,2025-05-19,new_hire,2025-05-22
WE-0001963,W-101686,CAND-0035518,APP-0036576,REQ-2025-00262,hire,2025-05-19,new_hire,2025-05-21
WE-0001964,W-101687,CAND-0035703,APP-0036770,REQ-2025-00302,hire,2025-05-19,new_hire,2025-05-19
WE-0001965,W-101688,CAND-0035935,APP-0037016,REQ-2025-00285,hire,2025-05-19,new_hire,2025-05-21
WE-0001966,W-101689,CAND-0036091,APP-0037180,REQ-2025-00293,hire,2025-05-19,new_hire,2025-05-22
WE-0001967,W-101690,CAND-0036206,APP-0037302,REQ-2025-00081,hire,2025-05-19,new_hire,2025-05-22
WE-0001968,W-101691,CAND-0036972,APP-0038126,REQ-2025-00363,hire,2025-05-19,new_hire,2025-05-21
WE-0001969,W-100737,CAND-0013909,APP-0014080,REQ-2024-00540,termination,2025-05-21,involuntary_performance,2025-05-21
WE-0001970,W-100177,CAND-0005970,APP-0005997,REQ-2024-00213,termination,2025-05-22,involuntary_performance,2025-05-23
WE-0001971,W-101089,CAND-0022127,APP-0022551,REQ-2024-00981,termination,2025-05-23,voluntary_resignation,2025-05-24
WE-0001972,W-101088,CAND-0022055,APP-0022478,REQ-2024-00984,termination,2025-05-26,voluntary_resignation,2025-05-31
WE-0001973,W-101692,CAND-0033726,APP-0034680,REQ-2024-00797,hire,2025-05-26,new_hire,2025-05-27
WE-0001974,W-101693,CAND-0034022,APP-0034994,REQ-2025-00226,hire,2025-05-26,new_hire,2025-05-28
WE-0001975,W-101694,CAND-0034422,APP-0035416,REQ-2025-00187,hire,2025-05-26,new_hire,2025-05-28
WE-0001976,W-101695,CAND-0034859,APP-0035876,REQ-2024-01231,hire,2025-05-26,new_hire,2025-05-26
WE-0001977,W-101696,CAND-0017379,APP-0035887,REQ-2025-00175,hire,2025-05-26,new_hire,2025-05-29
WE-0001978,W-101697,CAND-0034888,APP-0035906,REQ-2025-00228,hire,2025-05-26,new_hire,2025-05-28
WE-0001979,W-101698,CAND-0034905,APP-0035923,REQ-2025-00245,hire,2025-05-26,new_hire,2025-05-29
WE-0001980,W-101699,CAND-0034979,APP-0036002,REQ-2025-00235,hire,2025-05-26,new_hire,2025-05-28
WE-0001981,W-101700,CAND-0035012,APP-0036038,REQ-2024-01010,hire,2025-05-26,new_hire,2025-05-28
WE-0001982,W-101701,CAND-0035149,APP-0036182,REQ-2025-00260,hire,2025-05-26,new_hire,2025-05-29
WE-0001983,W-101702,CAND-0035294,APP-0036339,REQ-2025-00117,hire,2025-05-26,new_hire,2025-05-28
WE-0001984,W-101703,CAND-0035391,APP-0036440,REQ-2025-00210,hire,2025-05-26,new_hire,2025-05-27
WE-0001985,W-101704,CAND-0035677,APP-0036743,REQ-2025-00264,hire,2025-05-26,new_hire,2025-05-27
WE-0001986,W-101705,CAND-0035749,APP-0036817,REQ-2025-00220,hire,2025-05-26,new_hire,2025-05-28
WE-0001987,W-101706,CAND-0036013,APP-0037098,REQ-2025-00294,hire,2025-05-26,new_hire,2025-05-28
WE-0001988,W-101707,CAND-0036158,APP-0037251,REQ-2025-00284,hire,2025-05-26,new_hire,2025-05-26
WE-0001989,W-101708,CAND-0036159,APP-0037252,REQ-2025-00284,hire,2025-05-26,new_hire,2025-05-26
WE-0001990,W-101709,CAND-0036239,APP-0037336,REQ-2025-00285,hire,2025-05-26,new_hire,2025-05-27
WE-0001991,W-101710,CAND-0036285,APP-0037385,REQ-2024-01048,hire,2025-05-26,new_hire,2025-05-29
WE-0001992,W-101711,CAND-0036437,APP-0037550,REQ-2025-00318,hire,2025-05-26,new_hire,2025-05-28
WE-0001993,W-101712,CAND-0036710,APP-0037843,REQ-2025-00339,hire,2025-05-26,new_hire,2025-05-26
WE-0001994,W-101713,CAND-0036990,APP-0038145,REQ-2024-01187,hire,2025-05-26,new_hire,2025-05-28
WE-0001995,W-101714,CAND-0037071,APP-0038234,REQ-2024-01191,hire,2025-05-26,new_hire,2025-05-26
WE-0001996,W-101715,CAND-0037118,APP-0038285,REQ-2025-00325,hire,2025-05-26,new_hire,2025-05-28
WE-0001997,W-101592,CAND-0033492,APP-0034432,REQ-2025-00146,termination,2025-05-27,involuntary_probation,2025-05-27
WE-0001998,W-100834,CAND-0017215,APP-0017486,REQ-2024-00632,termination,2025-05-29,voluntary_resignation,2025-06-02
WE-0001999,W-100884,CAND-0018736,APP-0019051,REQ-2024-00735,termination,2025-05-30,involuntary_performance,2025-05-31
WE-0002000,W-101602,CAND-0034817,APP-0035831,REQ-2025-00230,termination,2025-05-30,voluntary_resignation,2025-06-03
WE-0002001,W-100884,CAND-0018736,APP-0019051,REQ-2024-00735,termination,2025-05-31,involuntary_performance,2025-06-02
WE-0002002,W-101532,CAND-0032389,APP-0033275,REQ-2025-00123,termination,2025-05-31,voluntary_resignation,2025-06-01
WE-0002003,W-100278,CAND-0002160,APP-0002164,REQ-2024-00287,termination,2025-06-01,voluntary_resignation,2025-06-01
WE-0002004,W-101526,CAND-0031620,APP-0032467,REQ-2025-00114,termination,2025-06-01,voluntary_resignation,2025-06-02
WE-0002005,W-101716,CAND-0031087,APP-0031906,REQ-2025-00008,hire,2025-06-02,new_hire,2025-06-02
WE-0002006,W-101717,CAND-0032844,APP-0033750,REQ-2024-00835,hire,2025-06-02,new_hire,2025-06-03
WE-0002007,W-101718,CAND-0034492,APP-0035489,REQ-2025-00150,hire,2025-06-02,new_hire,2025-06-04
WE-0002008,W-101719,CAND-0034567,APP-0035569,REQ-2024-01225,hire,2025-06-02,new_hire,2025-06-04
WE-0002009,W-101720,CAND-0035428,APP-0036481,REQ-2025-00276,hire,2025-06-02,new_hire,2025-06-05
WE-0002010,W-101721,CAND-0035451,APP-0036505,REQ-2024-01108,hire,2025-06-02,new_hire,2025-06-02
WE-0002011,W-101722,CAND-0035722,APP-0036789,REQ-2024-01176,hire,2025-06-02,new_hire,2025-06-02
WE-0002012,W-101723,CAND-0035949,APP-0037031,REQ-2025-00303,hire,2025-06-02,new_hire,2025-06-03
WE-0002013,W-101724,CAND-0036256,APP-0037354,REQ-2025-00314,hire,2025-06-02,new_hire,2025-06-03
WE-0002014,W-101725,CAND-0036337,APP-0037442,REQ-2025-00302,hire,2025-06-02,new_hire,2025-06-05
WE-0002015,W-101726,CAND-0036691,APP-0037824,REQ-2025-00307,hire,2025-06-02,new_hire,2025-06-02
WE-0002016,W-101727,CAND-0036834,APP-0037975,REQ-2025-00220,hire,2025-06-02,new_hire,2025-06-05
WE-0002017,W-101728,CAND-0036858,APP-0038000,REQ-2025-00299,hire,2025-06-02,new_hire,2025-06-03
WE-0002018,W-101729,CAND-0037047,APP-0038206,REQ-2025-00337,hire,2025-06-02,new_hire,2025-06-03
WE-0002019,W-101730,CAND-0001108,APP-0038683,REQ-2025-00365,hire,2025-06-02,new_hire,2025-06-03
WE-0002020,W-101731,CAND-0037580,APP-0038783,REQ-2025-00365,hire,2025-06-02,new_hire,2025-06-04
WE-0002021,W-101732,CAND-0037639,APP-0038845,REQ-2025-00305,hire,2025-06-02,new_hire,2025-06-04
WE-0002022,W-101733,CAND-0038506,APP-0039770,REQ-2025-00421,hire,2025-06-02,new_hire,2025-06-05
WE-0002023,W-101506,CAND-0032759,APP-0033660,REQ-2024-01091,termination,2025-06-04,voluntary_resignation,2025-06-05
WE-0002024,W-100598,CAND-0010916,APP-0011021,REQ-2024-00550,termination,2025-06-06,involuntary_restructuring,2025-06-09
WE-0002025,W-100356,CAND-0008159,APP-0008221,REQ-2024-00418,termination,2025-06-07,voluntary_resignation,2025-06-12
WE-0002026,W-101550,CAND-0031956,APP-0032813,REQ-2025-00109,termination,2025-06-07,involuntary_probation,2025-06-07
WE-0002027,W-100639,CAND-0012608,APP-0012756,REQ-2024-00599,termination,2025-06-08,voluntary_resignation,2025-06-09
WE-0002028,W-100954,CAND-0020155,APP-0020510,REQ-2024-00908,termination,2025-06-08,voluntary_resignation,2025-06-10
WE-0002029,W-101448,CAND-0031393,APP-0032224,REQ-2025-00127,termination,2025-06-08,involuntary_restructuring,2025-06-13
WE-0002030,W-101587,CAND-0032599,APP-0033495,REQ-2025-00147,termination,2025-06-08,involuntary_performance,2025-06-08
WE-0002031,W-101734,CAND-0033760,APP-0034716,REQ-2025-00164,hire,2025-06-09,new_hire,2025-06-09
WE-0002032,W-101735,CAND-0035269,APP-0036311,REQ-2024-00849,hire,2025-06-09,new_hire,2025-06-10
WE-0002033,W-101736,CAND-0035323,APP-0036370,REQ-2025-00229,hire,2025-06-09,new_hire,2025-06-10
WE-0002034,W-101737,CAND-0035362,APP-0036410,REQ-2024-00709,hire,2025-06-09,new_hire,2025-06-12
WE-0002035,W-101738,CAND-0035441,APP-0036494,REQ-2025-00292,hire,2025-06-09,new_hire,2025-06-09
WE-0002036,W-101739,CAND-0035682,APP-0036748,REQ-2025-00274,hire,2025-06-09,new_hire,2025-06-10
WE-0002037,W-101740,CAND-0035762,APP-0036830,REQ-2025-00255,hire,2025-06-09,new_hire,2025-06-10
WE-0002038,W-101741,CAND-0035810,APP-0036885,REQ-2025-00153,hire,2025-06-09,new_hire,2025-06-09
WE-0002039,W-101742,CAND-0035889,APP-0036966,REQ-2024-01181,hire,2025-06-09,new_hire,2025-06-11
WE-0002040,W-101743,CAND-0036109,APP-0037199,REQ-2024-00205,hire,2025-06-09,new_hire,2025-06-09
WE-0002041,W-101744,CAND-0036268,APP-0037367,REQ-2025-00329,hire,2025-06-09,new_hire,2025-06-11
WE-0002042,W-101745,CAND-0005878,APP-0037507,REQ-2025-00217,hire,2025-06-09,new_hire,2025-06-09
WE-0002043,W-101746,CAND-0036475,APP-0037591,REQ-2025-00166,hire,2025-06-09,new_hire,2025-06-12
WE-0002044,W-101747,CAND-0036729,APP-0037862,REQ-2024-00696,hire,2025-06-09,new_hire,2025-06-09
WE-0002045,W-101748,CAND-0036782,APP-0037920,REQ-2025-00316,hire,2025-06-09,new_hire,2025-06-12
WE-0002046,W-101749,CAND-0023131,APP-0037928,REQ-2025-00326,hire,2025-06-09,new_hire,2025-06-09
WE-0002047,W-101750,CAND-0036812,APP-0037951,REQ-2024-00721,hire,2025-06-09,new_hire,2025-06-10
WE-0002048,W-101751,CAND-0016882,APP-0038007,REQ-2025-00305,hire,2025-06-09,new_hire,2025-06-09
WE-0002049,W-101752,CAND-0036968,APP-0038121,REQ-2025-00354,hire,2025-06-09,new_hire,2025-06-09
WE-0002050,W-101753,CAND-0036976,APP-0038130,REQ-2025-00365,hire,2025-06-09,new_hire,2025-06-09
WE-0002051,W-101754,CAND-0037173,APP-0038341,REQ-2025-00166,hire,2025-06-09,new_hire,2025-06-09
WE-0002052,W-101755,CAND-0037338,APP-0038523,REQ-2025-00161,hire,2025-06-09,new_hire,2025-06-10
WE-0002053,W-101755,CAND-0037338,APP-0038523,REQ-2025-00161,hire,2025-06-09,new_hire,2025-06-17
WE-0002054,W-101756,CAND-0037382,APP-0038569,REQ-2025-00354,hire,2025-06-09,new_hire,2025-06-11
WE-0002055,W-101757,CAND-0037395,APP-0038583,REQ-2025-00365,hire,2025-06-09,new_hire,2025-06-09
WE-0002056,W-101758,CAND-0037450,APP-0038643,REQ-2025-00302,hire,2025-06-09,new_hire,2025-06-11
WE-0002057,W-101759,CAND-0038128,APP-0039374,REQ-2025-00398,hire,2025-06-09,new_hire,2025-06-09
WE-0002058,W-101760,CAND-0038136,APP-0039382,REQ-2025-00413,hire,2025-06-09,new_hire,2025-06-09
WE-0002059,W-101761,CAND-0038600,APP-0039870,REQ-2025-00415,hire,2025-06-09,new_hire,2025-06-09
WE-0002060,W-101762,CAND-0038850,APP-0040135,REQ-2025-00436,hire,2025-06-09,new_hire,2025-06-12
WE-0002061,W-101506,CAND-0032759,APP-0033660,REQ-2024-01091,termination,2025-06-10,voluntary_resignation,2025-06-12
WE-0002062,W-100793,CAND-0015793,APP-0016026,REQ-2024-00589,termination,2025-06-11,voluntary_resignation,2025-06-16
WE-0002063,W-101508,CAND-0033126,APP-0034045,REQ-2025-00190,termination,2025-06-12,involuntary_restructuring,2025-06-14
WE-0002064,W-101707,CAND-0036158,APP-0037251,REQ-2025-00284,termination,2025-06-12,voluntary_resignation,2025-06-17
WE-0002065,W-100883,CAND-0018680,APP-0018994,REQ-2024-00735,termination,2025-06-15,involuntary_performance,2025-06-20
WE-0002066,W-101763,CAND-0034442,APP-0035437,REQ-2025-00221,hire,2025-06-16,new_hire,2025-06-18
WE-0002067,W-101764,CAND-0034866,APP-0035883,REQ-2025-00164,hire,2025-06-16,new_hire,2025-06-17
WE-0002068,W-101765,CAND-0034986,APP-0036010,REQ-2025-00249,hire,2025-06-16,new_hire,2025-06-16
WE-0002069,W-101765,CAND-0034986,APP-0036010,REQ-2025-00249,hire,2025-06-16,new_hire,2025-06-24
WE-0002070,W-101766,CAND-0035207,APP-0036242,REQ-2025-00195,hire,2025-06-16,new_hire,2025-06-19
WE-0002071,W-101767,CAND-0035459,APP-0036514,REQ-2024-01201,hire,2025-06-16,new_hire,2025-06-16
WE-0002072,W-101768,CAND-0035896,APP-0036973,REQ-2025-00088,hire,2025-06-16,new_hire,2025-06-16
WE-0002073,W-101769,CAND-0036104,APP-0037194,REQ-2025-00317,hire,2025-06-16,new_hire,2025-06-17
WE-0002074,W-101770,CAND-0036125,APP-0037216,REQ-2024-01203,hire,2025-06-16,new_hire,2025-06-19
WE-0002075,W-101771,CAND-0036266,APP-0037365,REQ-2025-00326,hire,2025-06-16,new_hire,2025-06-19
WE-0002076,W-101771,CAND-0036266,APP-0037365,REQ-2025-00326,hire,2025-06-16,new_hire,2025-06-23
WE-0002077,W-101772,CAND-0036274,APP-0037373,REQ-2025-00335,hire,2025-06-16,new_hire,2025-06-19
WE-0002078,W-101773,CAND-0036346,APP-0037451,REQ-2025-00315,hire,2025-06-16,new_hire,2025-06-18
WE-0002079,W-101774,CAND-0036447,APP-0037561,REQ-2025-00331,hire,2025-06-16,new_hire,2025-06-18
WE-0002080,W-101775,CAND-0036847,APP-0037988,REQ-2025-00278,hire,2025-06-16,new_hire,2025-06-16
WE-0002081,W-101776,CAND-0037000,APP-0038155,REQ-2025-00171,hire,2025-06-16,new_hire,2025-06-17
WE-0002082,W-101777,CAND-0037004,APP-0038159,REQ-2025-00201,hire,2025-06-16,new_hire,2025-06-18
WE-0002083,W-101778,CAND-0037301,APP-0038484,REQ-2025-00352,hire,2025-06-16,new_hire,2025-06-19
WE-0002084,W-101779,CAND-0037308,APP-0038492,REQ-2025-00364,hire,2025-06-16,new_hire,2025-06-19
WE-0002085,W-101780,CAND-0037488,APP-0038684,REQ-2025-00365,hire,2025-06-16,new_hire,2025-06-17
WE-0002086,W-101781,CAND-0038014,APP-0039252,REQ-2025-00364,hire,2025-06-16,new_hire,2025-06-17
WE-0002087,W-101782,CAND-0038380,APP-0039638,REQ-2025-00391,hire,2025-06-16,new_hire,2025-06-17
WE-0002088,W-101783,CAND-0038400,APP-0039658,REQ-2025-00414,hire,2025-06-16,new_hire,2025-06-16
WE-0002089,W-101784,CAND-0038406,APP-0039664,REQ-2025-00420,hire,2025-06-16,new_hire,2025-06-18
WE-0002090,W-101785,CAND-0038769,APP-0040051,REQ-2025-00436,hire,2025-06-16,new_hire,2025-06-17
WE-0002091,W-101786,CAND-0038819,APP-0040103,REQ-2025-00381,hire,2025-06-16,new_hire,2025-06-16
WE-0002092,W-101787,CAND-0039078,APP-0040372,REQ-2025-00425,hire,2025-06-16,new_hire,2025-06-16
WE-0002093,W-101788,CAND-0039450,APP-0040760,REQ-2025-00453,hire,2025-06-16,new_hire,2025-06-17
WE-0002094,W-101789,CAND-0039846,APP-0041173,REQ-2025-00490,hire,2025-06-16,new_hire,2025-06-19
WE-0002095,W-101790,CAND-0040014,APP-0041351,REQ-2025-00490,hire,2025-06-16,new_hire,2025-06-16
WE-0002096,W-100978,CAND-0020604,APP-0020976,REQ-2024-00497,termination,2025-06-18,involuntary_restructuring,2025-06-18
WE-0002097,W-101788,CAND-0039450,APP-0040760,REQ-2025-00453,termination,2025-06-20,involuntary_performance,2025-06-22
WE-0002098,W-101632,CAND-0035433,APP-0036486,REQ-2025-00279,termination,2025-06-22,voluntary_resignation,2025-06-23
WE-0002099,W-101791,CAND-0033917,APP-0034887,REQ-2024-00061,hire,2025-06-23,new_hire,2025-06-23
WE-0002100,W-101792,CAND-0034907,APP-0035925,REQ-2025-00246,hire,2025-06-23,new_hire,2025-06-23
WE-0002101,W-101792,CAND-0034907,APP-0035925,REQ-2025-00246,hire,2025-06-23,new_hire,2025-07-02
WE-0002102,W-101793,CAND-0036370,APP-0037476,REQ-2025-00344,hire,2025-06-23,new_hire,2025-06-24
WE-0002103,W-101794,CAND-0036803,APP-0037942,REQ-2025-00342,hire,2025-06-23,new_hire,2025-06-26
WE-0002104,W-101795,CAND-0036824,APP-0037965,REQ-2025-00126,hire,2025-06-23,new_hire,2025-06-25
WE-0002105,W-101796,CAND-0037023,APP-0038181,REQ-2025-00302,hire,2025-06-23,new_hire,2025-06-26
WE-0002106,W-101797,CAND-0037076,APP-0038240,REQ-2025-00088,hire,2025-06-23,new_hire,2025-06-23
WE-0002107,W-101798,CAND-0037309,APP-0038493,REQ-2025-00364,hire,2025-06-23,new_hire,2025-06-23
WE-0002108,W-101799,CAND-0037364,APP-0038549,REQ-2025-00332,hire,2025-06-23,new_hire,2025-06-25
WE-0002109,W-101800,CAND-0037877,APP-0039104,REQ-2025-00171,hire,2025-06-23,new_hire,2025-06-24
WE-0002110,W-101801,CAND-0038159,APP-0039405,REQ-2025-00134,hire,2025-06-23,new_hire,2025-06-23
WE-0002111,W-101802,CAND-0038325,APP-0039580,REQ-2024-00782,hire,2025-06-23,new_hire,2025-06-26
WE-0002112,W-101803,CAND-0038459,APP-0039720,REQ-2025-00350,hire,2025-06-23,new_hire,2025-06-23
WE-0002113,W-101804,CAND-0038490,APP-0039754,REQ-2025-00393,hire,2025-06-23,new_hire,2025-06-23
WE-0002114,W-101805,CAND-0038508,APP-0039772,REQ-2025-00424,hire,2025-06-23,new_hire,2025-06-24
WE-0002115,W-101806,CAND-0038674,APP-0039950,REQ-2025-00429,hire,2025-06-23,new_hire,2025-06-24
WE-0002116,W-101807,CAND-0038841,APP-0040126,REQ-2025-00413,hire,2025-06-23,new_hire,2025-06-24
WE-0002117,W-101808,CAND-0038858,APP-0040144,REQ-2025-00442,hire,2025-06-23,new_hire,2025-06-23
WE-0002118,W-101809,CAND-0038954,APP-0040244,REQ-2025-00446,hire,2025-06-23,new_hire,2025-06-24
WE-0002119,W-101810,CAND-0038999,APP-0040290,REQ-2025-00357,hire,2025-06-23,new_hire,2025-06-25
WE-0002120,W-101811,CAND-0039161,APP-0040459,REQ-2025-00459,hire,2025-06-23,new_hire,2025-06-23
WE-0002121,W-101812,CAND-0039553,APP-0040866,REQ-2025-00470,hire,2025-06-23,new_hire,2025-06-25
WE-0002122,W-101813,CAND-0039684,APP-0041003,REQ-2025-00486,hire,2025-06-23,new_hire,2025-06-24
WE-0002123,W-101814,CAND-0039937,APP-0041271,REQ-2025-00490,hire,2025-06-23,new_hire,2025-06-26
WE-0002124,W-101815,CAND-0039938,APP-0041272,REQ-2025-00490,hire,2025-06-23,new_hire,2025-06-24
WE-0002125,W-101816,CAND-0040013,APP-0041350,REQ-2025-00490,hire,2025-06-23,new_hire,2025-06-25
WE-0002126,W-101817,CAND-0040121,APP-0041464,REQ-2025-00492,hire,2025-06-23,new_hire,2025-06-24
WE-0002127,W-101818,CAND-0040368,APP-0041731,REQ-2025-00490,hire,2025-06-23,new_hire,2025-06-24
WE-0002128,W-100298,CAND-0006180,APP-0006211,REQ-2024-00328,termination,2025-06-25,involuntary_performance,2025-06-27
WE-0002129,W-101715,CAND-0037118,APP-0038285,REQ-2025-00325,termination,2025-06-26,voluntary_resignation,2025-07-01
WE-0002130,W-100457,CAND-0007237,APP-0007283,REQ-2024-00237,termination,2025-06-27,voluntary_resignation,2025-06-30
WE-0002131,W-101723,CAND-0035949,APP-0037031,REQ-2025-00303,termination,2025-06-28,involuntary_performance,2025-06-30
WE-0002132,W-101819,CAND-0033307,APP-0034238,REQ-2025-00167,hire,2025-06-30,new_hire,2025-06-30
WE-0002133,W-101820,CAND-0033543,APP-0034486,REQ-2024-01175,hire,2025-06-30,new_hire,2025-07-03
WE-0002134,W-101821,CAND-0035530,APP-0036588,REQ-2025-00271,hire,2025-06-30,new_hire,2025-07-02
WE-0002135,W-101822,CAND-0035705,APP-0036772,REQ-2025-00304,hire,2025-06-30,new_hire,2025-07-01
WE-0002136,W-101823,CAND-0035905,APP-0036982,REQ-2025-00197,hire,2025-06-30,new_hire,2025-07-01
WE-0002137,W-101824,CAND-0035972,APP-0037055,REQ-2025-00015,hire,2025-06-30,new_hire,2025-07-03
WE-0002138,W-101825,CAND-0036540,APP-0037661,REQ-2025-00346,hire,2025-06-30,new_hire,2025-07-02
WE-0002139,W-101826,CAND-0036653,APP-0037784,REQ-2025-00122,hire,2025-06-30,new_hire,2025-07-01
WE-0002140,W-101827,CAND-0036872,APP-0038015,REQ-2025-00331,hire,2025-06-30,new_hire,2025-06-30
WE-0002141,W-101828,CAND-0037476,APP-0038670,REQ-2025-00359,hire,2025-06-30,new_hire,2025-07-03
WE-0002142,W-101829,CAND-0037479,APP-0038673,REQ-2025-00360,hire,2025-06-30,new_hire,2025-06-30
WE-0002143,W-101830,CAND-0037641,APP-0038847,REQ-2025-00312,hire,2025-06-30,new_hire,2025-06-30
WE-0002144,W-101831,CAND-0037730,APP-0038946,REQ-2025-00327,hire,2025-06-30,new_hire,2025-07-01
WE-0002145,W-101832,CAND-0037848,APP-0039074,REQ-2025-00393,hire,2025-06-30,new_hire,2025-07-01
WE-0002146,W-101833,CAND-0009848,APP-0039466,REQ-2025-00388,hire,2025-06-30,new_hire,2025-06-30
WE-0002147,W-101834,CAND-0038219,APP-0039469,REQ-2025-00393,hire,2025-06-30,new_hire,2025-07-02
WE-0002148,W-101835,CAND-0038220,APP-0039470,REQ-2025-00393,hire,2025-06-30,new_hire,2025-07-03
WE-0002149,W-101836,CAND-0038412,APP-0039670,REQ-2025-00434,hire,2025-06-30,new_hire,2025-07-02
WE-0002150,W-101837,CAND-0038854,APP-0040139,REQ-2025-00437,hire,2025-06-30,new_hire,2025-07-01
WE-0002151,W-101838,CAND-0038892,APP-0040179,REQ-2025-00274,hire,2025-06-30,new_hire,2025-06-30
WE-0002152,W-101838,CAND-0038892,APP-0040179,REQ-2025-00274,hire,2025-06-30,new_hire,2025-07-05
WE-0002153,W-101839,CAND-0033463,APP-0040870,REQ-2024-00853,hire,2025-06-30,new_hire,2025-07-03
WE-0002154,W-101840,CAND-0039602,APP-0040920,REQ-2025-00440,hire,2025-06-30,new_hire,2025-07-02
WE-0002155,W-101841,CAND-0039618,APP-0040936,REQ-2025-00479,hire,2025-06-30,new_hire,2025-07-02
WE-0002156,W-101842,CAND-0039901,APP-0041231,REQ-2025-00450,hire,2025-06-30,new_hire,2025-07-01
WE-0002157,W-101843,CAND-0039903,APP-0041234,REQ-2025-00457,hire,2025-06-30,new_hire,2025-07-03
WE-0002158,W-101844,CAND-0039988,APP-0041324,REQ-2025-00448,hire,2025-06-30,new_hire,2025-06-30
WE-0002159,W-101845,CAND-0040213,APP-0041566,REQ-2025-00490,hire,2025-06-30,new_hire,2025-07-03
WE-0002160,W-101846,CAND-0040738,APP-0042126,REQ-2025-00455,hire,2025-06-30,new_hire,2025-06-30
WE-0002161,W-101846,CAND-0040738,APP-0042126,REQ-2025-00455,hire,2025-06-30,new_hire,2025-07-09
WE-0002162,W-101847,CAND-0040780,APP-0042171,REQ-2025-00507,hire,2025-06-30,new_hire,2025-07-03
WE-0002163,W-100744,CAND-0014767,APP-0014969,REQ-2024-00683,termination,2025-07-02,voluntary_resignation,2025-07-06
WE-0002164,W-101740,CAND-0035762,APP-0036830,REQ-2025-00255,termination,2025-07-02,voluntary_resignation,2025-07-07
WE-0002165,W-101674,CAND-0032316,APP-0035071,REQ-2025-00203,termination,2025-07-03,involuntary_performance,2025-07-03
WE-0002166,W-101719,CAND-0034567,APP-0035569,REQ-2024-01225,termination,2025-07-03,involuntary_probation,2025-07-07
WE-0002167,W-101050,CAND-0021962,APP-0022384,REQ-2024-00950,termination,2025-07-04,voluntary_resignation,2025-07-07
WE-0002168,W-101687,CAND-0035703,APP-0036770,REQ-2025-00302,termination,2025-07-05,involuntary_performance,2025-07-10
WE-0002169,W-100953,CAND-0020143,APP-0020497,REQ-2024-00892,termination,2025-07-06,involuntary_restructuring,2025-07-09
WE-0002170,W-101216,CAND-0025873,APP-0026449,REQ-2024-01105,termination,2025-07-06,involuntary_performance,2025-07-06
WE-0002171,W-101317,CAND-0028163,APP-0028853,REQ-2024-00067,termination,2025-07-07,involuntary_performance,2025-07-07
WE-0002172,W-101848,CAND-0034036,APP-0035009,REQ-2024-00785,hire,2025-07-07,new_hire,2025-07-10
WE-0002173,W-101849,CAND-0035287,APP-0036331,REQ-2025-00074,hire,2025-07-07,new_hire,2025-07-09
WE-0002174,W-101850,CAND-0003553,APP-0036566,REQ-2025-00250,hire,2025-07-07,new_hire,2025-07-08
WE-0002175,W-101851,CAND-0035652,APP-0036714,REQ-2025-00183,hire,2025-07-07,new_hire,2025-07-08
WE-0002176,W-101852,CAND-0035867,APP-0036943,REQ-2025-00310,hire,2025-07-07,new_hire,2025-07-07
WE-0002177,W-101853,CAND-0001758,APP-0037959,REQ-2024-01077,hire,2025-07-07,new_hire,2025-07-09
WE-0002178,W-101854,CAND-0037017,APP-0038173,REQ-2025-00280,hire,2025-07-07,new_hire,2025-07-08
WE-0002179,W-101855,CAND-0037133,APP-0038300,REQ-2025-00349,hire,2025-07-07,new_hire,2025-07-09
WE-0002180,W-101856,CAND-0037222,APP-0038391,REQ-2025-00358,hire,2025-07-07,new_hire,2025-07-09
WE-0002181,W-101857,CAND-0037239,APP-0038410,REQ-2025-00374,hire,2025-07-07,new_hire,2025-07-07
WE-0002182,W-101858,CAND-0037967,APP-0039202,REQ-2025-00017,hire,2025-07-07,new_hire,2025-07-08
WE-0002183,W-101859,CAND-0038125,APP-0039371,REQ-2025-00393,hire,2025-07-07,new_hire,2025-07-09
WE-0002184,W-101860,CAND-0038443,APP-0039703,REQ-2025-00256,hire,2025-07-07,new_hire,2025-07-07
WE-0002185,W-101861,CAND-0038618,APP-0039888,REQ-2024-01149,hire,2025-07-07,new_hire,2025-07-08
WE-0002186,W-101862,CAND-0038691,APP-0039968,REQ-2024-01147,hire,2025-07-07,new_hire,2025-07-09
WE-0002187,W-101863,CAND-0038700,APP-0039978,REQ-2025-00076,hire,2025-07-07,new_hire,2025-07-07
WE-0002188,W-101864,CAND-0038718,APP-0039997,REQ-2025-00360,hire,2025-07-07,new_hire,2025-07-07
WE-0002189,W-101865,CAND-0038889,APP-0040176,REQ-2025-00259,hire,2025-07-07,new_hire,2025-07-08
WE-0002190,W-101866,CAND-0038960,APP-0040250,REQ-2025-00452,hire,2025-07-07,new_hire,2025-07-07
WE-0002191,W-101867,CAND-0038989,APP-0040280,REQ-2025-00326,hire,2025-07-07,new_hire,2025-07-09
WE-0002192,W-101868,CAND-0039151,APP-0040449,REQ-2025-00441,hire,2025-07-07,new_hire,2025-07-07
WE-0002193,W-101869,CAND-0039220,APP-0040520,REQ-2025-00438,hire,2025-07-07,new_hire,2025-07-07
WE-0002194,W-101870,CAND-0039420,APP-0040730,REQ-2025-00371,hire,2025-07-07,new_hire,2025-07-07
WE-0002195,W-101871,CAND-0039474,APP-0040785,REQ-2025-00112,hire,2025-07-07,new_hire,2025-07-10
WE-0002196,W-101872,CAND-0039476,APP-0040787,REQ-2025-00174,hire,2025-07-07,new_hire,2025-07-09
WE-0002197,W-101873,CAND-0039554,APP-0040867,REQ-2025-00470,hire,2025-07-07,new_hire,2025-07-08
WE-0002198,W-101874,CAND-0039665,APP-0040984,REQ-2025-00444,hire,2025-07-07,new_hire,2025-07-09
WE-0002199,W-101875,CAND-0039759,APP-0041082,REQ-2025-00479,hire,2025-07-07,new_hire,2025-07-08
WE-0002200,W-101876,CAND-0039831,APP-0041158,REQ-2025-00470,hire,2025-07-07,new_hire,2025-07-09
WE-0002201,W-101877,CAND-0040109,APP-0041452,REQ-2025-00486,hire,2025-07-07,new_hire,2025-07-09
WE-0002202,W-101877,CAND-0040109,APP-0041452,REQ-2025-00486,hire,2025-07-07,new_hire,2025-07-23
WE-0002203,W-101878,CAND-0040359,APP-0041721,REQ-2025-00479,hire,2025-07-07,new_hire,2025-07-09
WE-0002204,W-101879,CAND-0040384,APP-0041747,REQ-2025-00511,hire,2025-07-07,new_hire,2025-07-10
WE-0002205,W-101880,CAND-0040417,APP-0041784,REQ-2025-00432,hire,2025-07-07,new_hire,2025-07-07
WE-0002206,W-101881,CAND-0040427,APP-0041797,REQ-2025-00460,hire,2025-07-07,new_hire,2025-07-07
WE-0002207,W-101882,CAND-0040492,APP-0041867,REQ-2025-00463,hire,2025-07-07,new_hire,2025-07-10
WE-0002208,W-101883,CAND-0040619,APP-0042002,REQ-2025-00527,hire,2025-07-07,new_hire,2025-07-10
WE-0002209,W-101884,CAND-0040716,APP-0042101,REQ-2025-00174,hire,2025-07-07,new_hire,2025-07-09
WE-0002210,W-101885,CAND-0040772,APP-0042163,REQ-2025-00498,hire,2025-07-07,new_hire,2025-07-10
WE-0002211,W-101886,CAND-0040793,APP-0042184,REQ-2025-00527,hire,2025-07-07,new_hire,2025-07-09
WE-0002212,W-101886,CAND-0040793,APP-0042184,REQ-2025-00527,hire,2025-07-07,new_hire,2025-07-18
WE-0002213,W-101887,CAND-0040977,APP-0042374,REQ-2025-00527,hire,2025-07-07,new_hire,2025-07-09
WE-0002214,W-101888,CAND-0041331,APP-0042749,REQ-2025-00069,hire,2025-07-07,new_hire,2025-07-07
WE-0002215,W-100778,CAND-0016303,APP-0016549,REQ-2024-00755,termination,2025-07-08,voluntary_resignation,2025-07-09
WE-0002216,W-101598,CAND-0034239,APP-0035223,REQ-2025-00104,termination,2025-07-08,involuntary_restructuring,2025-07-12
WE-0002217,W-101829,CAND-0037479,APP-0038673,REQ-2025-00360,termination,2025-07-12,voluntary_resignation,2025-07-15
WE-0002218,W-100190,CAND-0002309,APP-0002313,REQ-2024-00215,termination,2025-07-13,voluntary_resignation,2025-07-18
WE-0002219,W-101545,CAND-0031301,APP-0032127,REQ-2025-00113,termination,2025-07-14,voluntary_resignation,2025-07-16
WE-0002220,W-101889,CAND-0035270,APP-0036313,REQ-2024-00937,hire,2025-07-14,new_hire,2025-07-17
WE-0002221,W-101890,CAND-0036726,APP-0037859,REQ-2024-00579,hire,2025-07-14,new_hire,2025-07-16
WE-0002222,W-101891,CAND-0037137,APP-0038304,REQ-2025-00351,hire,2025-07-14,new_hire,2025-07-16
WE-0002223,W-101892,CAND-0037211,APP-0038380,REQ-2025-00341,hire,2025-07-14,new_hire,2025-07-15
WE-0002224,W-101893,CAND-0035732,APP-0039076,REQ-2025-00397,hire,2025-07-14,new_hire,2025-07-14
WE-0002225,W-101894,CAND-0037947,APP-0039179,REQ-2025-00400,hire,2025-07-14,new_hire,2025-07-16
WE-0002226,W-101895,CAND-0038031,APP-0039269,REQ-2025-00395,hire,2025-07-14,new_hire,2025-07-17
WE-0002227,W-101896,CAND-0038264,APP-0039514,REQ-2025-00336,hire,2025-07-14,new_hire,2025-07-15
WE-0002228,W-101897,CAND-0038461,APP-0039722,REQ-2025-00351,hire,2025-07-14,new_hire,2025-07-16
WE-0002229,W-101898,CAND-0038584,APP-0039853,REQ-2025-00393,hire,2025-07-14,new_hire,2025-07-16
WE-0002230,W-101899,CAND-0038710,APP-0039988,REQ-2025-00296,hire,2025-07-14,new_hire,2025-07-16
WE-0002231,W-101900,CAND-0038885,APP-0040172,REQ-2025-00180,hire,2025-07-14,new_hire,2025-07-16
WE-0002232,W-101901,CAND-0038946,APP-0040235,REQ-2025-00437,hire,2025-07-14,new_hire,2025-07-14
WE-0002233,W-101902,CAND-0039084,APP-0040378,REQ-2025-00439,hire,2025-07-14,new_hire,2025-07-15
WE-0002234,W-101903,CAND-0039122,APP-0040416,REQ-2025-00287,hire,2025-07-14,new_hire,2025-07-15
WE-0002235,W-101904,CAND-0039300,APP-0040604,REQ-2025-00438,hire,2025-07-14,new_hire,2025-07-14
WE-0002236,W-101905,CAND-0039338,APP-0040645,REQ-2025-00188,hire,2025-07-14,new_hire,2025-07-15
WE-0002237,W-101906,CAND-0039540,APP-0040852,REQ-2025-00449,hire,2025-07-14,new_hire,2025-07-16
WE-0002238,W-101907,CAND-0039625,APP-0040943,REQ-2024-01158,hire,2025-07-14,new_hire,2025-07-17
WE-0002239,W-101908,CAND-0039731,APP-0041051,REQ-2025-00419,hire,2025-07-14,new_hire,2025-07-17
WE-0002240,W-101909,CAND-0039910,APP-0041243,REQ-2025-00469,hire,2025-07-14,new_hire,2025-07-15
WE-0002241,W-101910,CAND-0040065,APP-0041406,REQ-2025-00405,hire,2025-07-14,new_hire,2025-07-15
WE-0002242,W-101911,CAND-0008997,APP-0041428,REQ-2025-00468,hire,2025-07-14,new_hire,2025-07-14
WE-0002243,W-101912,CAND-0040087,APP-0041429,REQ-2025-00469,hire,2025-07-14,new_hire,2025-07-15
WE-0002244,W-101913,CAND-0040122,APP-0041465,REQ-2025-00492,hire,2025-07-14,new_hire,2025-07-16
WE-0002245,W-101914,CAND-0040199,APP-0041551,REQ-2025-00479,hire,2025-07-14,new_hire,2025-07-16
WE-0002246,W-101915,CAND-0040295,APP-0041656,REQ-2025-00486,hire,2025-07-14,new_hire,2025-07-17
WE-0002247,W-101916,CAND-0040356,APP-0041718,REQ-2025-00477,hire,2025-07-14,new_hire,2025-07-15
WE-0002248,W-101917,CAND-0005461,APP-0041722,REQ-2025-00481,hire,2025-07-14,new_hire,2025-07-16
WE-0002249,W-101918,CAND-0040371,APP-0041734,REQ-2025-00494,hire,2025-07-14,new_hire,2025-07-14
WE-0002250,W-101919,CAND-0040529,APP-0041907,REQ-2025-00502,hire,2025-07-14,new_hire,2025-07-15
WE-0002251,W-101920,CAND-0040550,APP-0041930,REQ-2024-01205,hire,2025-07-14,new_hire,2025-07-14
WE-0002252,W-101921,CAND-0040649,APP-0042033,REQ-2025-00428,hire,2025-07-14,new_hire,2025-07-17
WE-0002253,W-101922,CAND-0040688,APP-0042072,REQ-2025-00506,hire,2025-07-14,new_hire,2025-07-16
WE-0002254,W-101923,CAND-0040756,APP-0042147,REQ-2025-00483,hire,2025-07-14,new_hire,2025-07-16
WE-0002255,W-101924,CAND-0040888,APP-0042280,REQ-2025-00532,hire,2025-07-14,new_hire,2025-07-15
WE-0002256,W-101925,CAND-0040940,APP-0042337,REQ-2025-00483,hire,2025-07-14,new_hire,2025-07-15
WE-0002257,W-101926,CAND-0041057,APP-0042460,REQ-2025-00507,hire,2025-07-14,new_hire,2025-07-16
WE-0002258,W-101927,CAND-0041135,APP-0042543,REQ-2025-00527,hire,2025-07-14,new_hire,2025-07-16
WE-0002259,W-101928,CAND-0041140,APP-0042548,REQ-2025-00531,hire,2025-07-14,new_hire,2025-07-16
WE-0002260,W-101929,CAND-0041549,APP-0042984,REQ-2025-00531,hire,2025-07-14,new_hire,2025-07-14
WE-0002261,W-101930,CAND-0041550,APP-0042985,REQ-2025-00532,hire,2025-07-14,new_hire,2025-07-16
WE-0002262,W-101931,CAND-0041552,APP-0042987,REQ-2025-00540,hire,2025-07-14,new_hire,2025-07-14
WE-0002263,W-101932,CAND-0041570,APP-0043005,REQ-2025-00557,hire,2025-07-14,new_hire,2025-07-15
WE-0002264,W-101933,CAND-0041582,APP-0043017,REQ-2024-00723,hire,2025-07-14,new_hire,2025-07-14
WE-0002265,W-101934,CAND-0041923,APP-0043388,REQ-2025-00554,hire,2025-07-14,new_hire,2025-07-16
WE-0002266,W-101216,CAND-0025873,APP-0026449,REQ-2024-01105,termination,2025-07-16,involuntary_performance,2025-07-17
WE-0002267,W-100184,CAND-0001496,APP-0001496,REQ-2024-00183,termination,2025-07-17,involuntary_restructuring,2025-07-22
WE-0002268,W-100350,CAND-0007222,APP-0007266,REQ-2024-00088,termination,2025-07-18,involuntary_restructuring,2025-07-19
WE-0002269,W-100663,CAND-0012962,APP-0013119,REQ-2024-00610,termination,2025-07-18,involuntary_performance,2025-07-18
WE-0002270,W-101822,CAND-0035705,APP-0036772,REQ-2025-00304,termination,2025-07-18,voluntary_resignation,2025-07-20
WE-0002271,W-101872,CAND-0039476,APP-0040787,REQ-2025-00174,termination,2025-07-19,voluntary_resignation,2025-07-21
WE-0002272,W-100248,CAND-0003507,APP-0003518,REQ-2024-00253,termination,2025-07-20,involuntary_performance,2025-07-24
WE-0002273,W-101935,CAND-0036289,APP-0037389,REQ-2024-01085,hire,2025-07-21,new_hire,2025-07-24
WE-0002274,W-101936,CAND-0037245,APP-0038418,REQ-2024-00930,hire,2025-07-21,new_hire,2025-07-21
WE-0002275,W-101937,CAND-0038023,APP-0039261,REQ-2025-00382,hire,2025-07-21,new_hire,2025-07-21
WE-0002276,W-101938,CAND-0038805,APP-0040088,REQ-2025-00342,hire,2025-07-21,new_hire,2025-07-21
WE-0002277,W-101939,CAND-0038864,APP-0040150,REQ-2024-00428,hire,2025-07-21,new_hire,2025-07-24
WE-0002278,W-101940,CAND-0039362,APP-0040670,REQ-2025-00400,hire,2025-07-21,new_hire,2025-07-21
WE-0002279,W-101941,CAND-0039390,APP-0040699,REQ-2025-00461,hire,2025-07-21,new_hire,2025-07-21
WE-0002280,W-101942,CAND-0039701,APP-0041020,REQ-2025-00133,hire,2025-07-21,new_hire,2025-07-23
WE-0002281,W-101943,CAND-0039763,APP-0041088,REQ-2025-00485,hire,2025-07-21,new_hire,2025-07-22
WE-0002282,W-101944,CAND-0039787,APP-0041113,REQ-2025-00314,hire,2025-07-21,new_hire,2025-07-21
WE-0002283,W-101945,CAND-0039796,APP-0041122,REQ-2025-00379,hire,2025-07-21,new_hire,2025-07-23
WE-0002284,W-101946,CAND-0039837,APP-0041164,REQ-2025-00478,hire,2025-07-21,new_hire,2025-07-22
WE-0002285,W-101947,CAND-0039879,APP-0041208,REQ-2025-00349,hire,2025-07-21,new_hire,2025-07-23
WE-0002286,W-101948,CAND-0039916,APP-0041249,REQ-2025-00474,hire,2025-07-21,new_hire,2025-07-22
WE-0002287,W-101949,CAND-0040092,APP-0041434,REQ-2025-00473,hire,2025-07-21,new_hire,2025-07-23
WE-0002288,W-101950,CAND-0040196,APP-0041548,REQ-2025-00473,hire,2025-07-21,new_hire,2025-07-22
WE-0002289,W-101951,CAND-0040224,APP-0041577,REQ-2024-00690,hire,2025-07-21,new_hire,2025-07-24
WE-0002290,W-101952,CAND-0040439,APP-0041809,REQ-2025-00473,hire,2025-07-21,new_hire,2025-07-24
WE-0002291,W-101953,CAND-0040488,APP-0041863,REQ-2025-00447,hire,2025-07-21,new_hire,2025-07-21
WE-0002292,W-101954,CAND-0040513,APP-0041889,REQ-2025-00487,hire,2025-07-21,new_hire,2025-07-23
WE-0002293,W-101955,CAND-0040598,APP-0041980,REQ-2025-00491,hire,2025-07-21,new_hire,2025-07-23
WE-0002294,W-101956,CAND-0040665,APP-0042049,REQ-2025-00478,hire,2025-07-21,new_hire,2025-07-23
WE-0002295,W-101957,CAND-0040866,APP-0042258,REQ-2025-00503,hire,2025-07-21,new_hire,2025-07-21
WE-0002296,W-101958,CAND-0040983,APP-0042380,REQ-2025-00536,hire,2025-07-21,new_hire,2025-07-23
WE-0002297,W-101959,CAND-0041026,APP-0042424,REQ-2025-00456,hire,2025-07-21,new_hire,2025-07-21
WE-0002298,W-101960,CAND-0041139,APP-0042547,REQ-2025-00531,hire,2025-07-21,new_hire,2025-07-24
WE-0002299,W-101961,CAND-0041221,APP-0042631,REQ-2025-00525,hire,2025-07-21,new_hire,2025-07-21
WE-0002300,W-101962,CAND-0041222,APP-0042632,REQ-2025-00526,hire,2025-07-21,new_hire,2025-07-21
WE-0002301,W-101963,CAND-0041286,APP-0042703,REQ-2025-00502,hire,2025-07-21,new_hire,2025-07-24
WE-0002302,W-101964,CAND-0041302,APP-0042719,REQ-2025-00527,hire,2025-07-21,new_hire,2025-07-21
WE-0002303,W-101965,CAND-0041340,APP-0042758,REQ-2025-00261,hire,2025-07-21,new_hire,2025-07-24
WE-0002304,W-101966,CAND-0041397,APP-0042822,REQ-2025-00545,hire,2025-07-21,new_hire,2025-07-22
WE-0002305,W-101967,CAND-0041619,APP-0043056,REQ-2025-00502,hire,2025-07-21,new_hire,2025-07-24
WE-0002306,W-101968,CAND-0041655,APP-0043100,REQ-2025-00555,hire,2025-07-21,new_hire,2025-07-22
WE-0002307,W-101969,CAND-0041792,APP-0043244,REQ-2025-00447,hire,2025-07-21,new_hire,2025-07-22
WE-0002308,W-101970,CAND-0041902,APP-0043364,REQ-2025-00517,hire,2025-07-21,new_hire,2025-07-23
WE-0002309,W-101971,CAND-0041917,APP-0043381,REQ-2025-00545,hire,2025-07-21,new_hire,2025-07-21
WE-0002310,W-101972,CAND-0042096,APP-0043572,REQ-2025-00557,hire,2025-07-21,new_hire,2025-07-23
WE-0002311,W-101973,CAND-0042488,APP-0043988,REQ-2025-00554,hire,2025-07-21,new_hire,2025-07-21
WE-0002312,W-101974,CAND-0042581,APP-0044089,REQ-2025-00554,hire,2025-07-21,new_hire,2025-07-22
WE-0002313,W-101746,CAND-0036475,APP-0037591,REQ-2025-00166,termination,2025-07-22,voluntary_resignation,2025-07-27
WE-0002314,W-101817,CAND-0040121,APP-0041464,REQ-2025-00492,termination,2025-07-23,voluntary_resignation,2025-07-27
WE-0002315,W-101934,CAND-0041923,APP-0043388,REQ-2025-00554,termination,2025-07-23,involuntary_performance,2025-07-25
WE-0002316,W-101836,CAND-0038412,APP-0039670,REQ-2025-00434,termination,2025-07-24,involuntary_performance,2025-07-26
WE-0002317,W-100936,CAND-0018468,APP-0018775,REQ-2024-00788,termination,2025-07-25,involuntary_performance,2025-07-26
WE-0002318,W-100208,CAND-0004275,APP-0004290,REQ-2024-00222,termination,2025-07-26,involuntary_performance,2025-07-28
WE-0002319,W-101165,CAND-0025054,APP-0025587,REQ-2024-01087,termination,2025-07-27,involuntary_performance,2025-07-28
WE-0002320,W-101923,CAND-0040756,APP-0042147,REQ-2025-00483,termination,2025-07-27,voluntary_resignation,2025-07-30
WE-0002321,W-101975,CAND-0036529,APP-0037650,REQ-2025-00338,hire,2025-07-28,new_hire,2025-07-28
WE-0002322,W-101976,CAND-0037074,APP-0038237,REQ-2025-00056,hire,2025-07-28,new_hire,2025-07-30
WE-0002323,W-101977,CAND-0037857,APP-0039084,REQ-2024-00464,hire,2025-07-28,new_hire,2025-07-31
WE-0002324,W-101978,CAND-0037865,APP-0039092,REQ-2024-01103,hire,2025-07-28,new_hire,2025-07-29
WE-0002325,W-101979,CAND-0038069,APP-0039310,REQ-2025-00227,hire,2025-07-28,new_hire,2025-07-31
WE-0002326,W-101980,CAND-0038081,APP-0039324,REQ-2025-00324,hire,2025-07-28,new_hire,2025-07-28
WE-0002327,W-101981,CAND-0038625,APP-0039895,REQ-2025-00118,hire,2025-07-28,new_hire,2025-07-30
WE-0002328,W-101982,CAND-0038782,APP-0040064,REQ-2025-00007,hire,2025-07-28,new_hire,2025-07-29
WE-0002329,W-101983,CAND-0038979,APP-0040270,REQ-2025-00239,hire,2025-07-28,new_hire,2025-07-28
WE-0002330,W-101984,CAND-0039094,APP-0040388,REQ-2025-00454,hire,2025-07-28,new_hire,2025-07-30
WE-0002331,W-101985,CAND-0039184,APP-0040483,REQ-2025-00332,hire,2025-07-28,new_hire,2025-07-29
WE-0002332,W-101986,CAND-0039575,APP-0040890,REQ-2025-00330,hire,2025-07-28,new_hire,2025-07-30
WE-0002333,W-101987,CAND-0039728,APP-0041048,REQ-2025-00404,hire,2025-07-28,new_hire,2025-07-29
WE-0002334,W-101988,CAND-0039760,APP-0041084,REQ-2025-00482,hire,2025-07-28,new_hire,2025-07-29
WE-0002335,W-101989,CAND-0039789,APP-0041115,REQ-2025-00362,hire,2025-07-28,new_hire,2025-07-28
WE-0002336,W-101990,CAND-0040148,APP-0041493,REQ-2025-00215,hire,2025-07-28,new_hire,2025-07-30
WE-0002337,W-101991,CAND-0040198,APP-0041550,REQ-2025-00475,hire,2025-07-28,new_hire,2025-07-30
WE-0002338,W-101992,CAND-0040202,APP-0041555,REQ-2025-00484,hire,2025-07-28,new_hire,2025-07-30
WE-0002339,W-101993,CAND-0040543,APP-0041923,REQ-2024-01004,hire,2025-07-28,new_hire,2025-07-31
WE-0002340,W-101994,CAND-0040609,APP-0041992,REQ-2025-00501,hire,2025-07-28,new_hire,2025-07-28
WE-0002341,W-101995,CAND-0040622,APP-0042005,REQ-2024-01110,hire,2025-07-28,new_hire,2025-07-28
WE-0002342,W-101996,CAND-0040729,APP-0042116,REQ-2025-00406,hire,2025-07-28,new_hire,2025-07-29
WE-0002343,W-101997,CAND-0040787,APP-0042178,REQ-2025-00519,hire,2025-07-28,new_hire,2025-07-30
WE-0002344,W-101998,CAND-0040790,APP-0042181,REQ-2025-00524,hire,2025-07-28,new_hire,2025-07-28
WE-0002345,W-101999,CAND-0040874,APP-0042266,REQ-2025-00510,hire,2025-07-28,new_hire,2025-07-29
WE-0002346,W-102000,CAND-0041148,APP-0042556,REQ-2025-00545,hire,2025-07-28,new_hire,2025-07-30
WE-0002347,W-102001,CAND-0041149,APP-0042557,REQ-2025-00546,hire,2025-07-28,new_hire,2025-07-29
WE-0002348,W-102002,CAND-0041217,APP-0042627,REQ-2025-00513,hire,2025-07-28,new_hire,2025-07-29
WE-0002349,W-102003,CAND-0041259,APP-0042671,REQ-2025-00345,hire,2025-07-28,new_hire,2025-07-29
WE-0002350,W-102004,CAND-0041310,APP-0042727,REQ-2025-00545,hire,2025-07-28,new_hire,2025-07-28
WE-0002351,W-102005,CAND-0041312,APP-0042729,REQ-2025-00546,hire,2025-07-28,new_hire,2025-07-29
WE-0002352,W-102006,CAND-0041396,APP-0042821,REQ-2025-00545,hire,2025-07-28,new_hire,2025-07-29
WE-0002353,W-102007,CAND-0041462,APP-0042893,REQ-2025-00528,hire,2025-07-28,new_hire,2025-07-31
WE-0002354,W-102008,CAND-0041470,APP-0042901,REQ-2025-00539,hire,2025-07-28,new_hire,2025-07-31
WE-0002355,W-102009,CAND-0041850,APP-0043307,REQ-2025-00562,hire,2025-07-28,new_hire,2025-07-30
WE-0002356,W-102010,CAND-0041858,APP-0043316,REQ-2025-00564,hire,2025-07-28,new_hire,2025-07-31
WE-0002357,W-102011,CAND-0041943,APP-0043409,REQ-2025-00581,hire,2025-07-28,new_hire,2025-07-31
WE-0002358,W-102012,CAND-0042177,APP-0043658,REQ-2025-00568,hire,2025-07-28,new_hire,2025-07-30
WE-0002359,W-102013,CAND-0042178,APP-0043659,REQ-2025-00568,hire,2025-07-28,new_hire,2025-07-29
WE-0002360,W-102014,CAND-0042334,APP-0043825,REQ-2025-00554,hire,2025-07-28,new_hire,2025-07-30
WE-0002361,W-102015,CAND-0042349,APP-0043840,REQ-2025-00573,hire,2025-07-28,new_hire,2025-07-30
WE-0002362,W-102016,CAND-0042360,APP-0043852,REQ-2025-00584,hire,2025-07-28,new_hire,2025-07-30
WE-0002363,W-102017,CAND-0043064,APP-0044613,REQ-2025-00607,hire,2025-07-28,new_hire,2025-07-29
WE-0002364,W-100262,CAND-0005568,APP-0005590,REQ-2024-00242,termination,2025-07-29,voluntary_resignation,2025-08-03
WE-0002365,W-100263,CAND-0005950,APP-0005977,REQ-2024-00369,termination,2025-07-30,voluntary_resignation,2025-07-31
WE-0002366,W-100730,CAND-0015612,APP-0015843,REQ-2024-00674,termination,2025-07-30,voluntary_resignation,2025-08-03
WE-0002367,W-100414,CAND-0008366,APP-0008430,REQ-2024-00371,termination,2025-07-31,involuntary_restructuring,2025-08-02
WE-0002368,W-101797,CAND-0037076,APP-0038240,REQ-2025-00088,termination,2025-07-31,voluntary_resignation,2025-08-04
WE-0002369,W-101909,CAND-0039910,APP-0041243,REQ-2025-00469,termination,2025-07-31,involuntary_probation,2025-08-04
WE-0002370,W-102018,CAND-0037562,APP-0038763,REQ-2025-00326,hire,2025-08-04,new_hire,2025-08-04
WE-0002371,W-102019,CAND-0038531,APP-0039799,REQ-2025-00064,hire,2025-08-04,new_hire,2025-08-06
WE-0002372,W-102020,CAND-0038578,APP-0039847,REQ-2025-00392,hire,2025-08-04,new_hire,2025-08-07
WE-0002373,W-102021,CAND-0025860,APP-0039974,REQ-2025-00046,hire,2025-08-04,new_hire,2025-08-05
WE-0002374,W-102022,CAND-0039834,APP-0041161,REQ-2025-00476,hire,2025-08-04,new_hire,2025-08-06
WE-0002375,W-102023,CAND-0039948,APP-0041282,REQ-2024-00928,hire,2025-08-04,new_hire,2025-08-06
WE-0002376,W-102024,CAND-0039975,APP-0041310,REQ-2025-00390,hire,2025-08-04,new_hire,2025-08-04
WE-0002377,W-102025,CAND-0040057,APP-0041397,REQ-2025-00367,hire,2025-08-04,new_hire,2025-08-05
WE-0002378,W-102026,CAND-0040415,APP-0041781,REQ-2025-00418,hire,2025-08-04,new_hire,2025-08-04
WE-0002379,W-102027,CAND-0040885,APP-0042277,REQ-2025-00530,hire,2025-08-04,new_hire,2025-08-07
WE-0002380,W-102028,CAND-0040961,APP-0042358,REQ-2025-00505,hire,2025-08-04,new_hire,2025-08-07
WE-0002381,W-102029,CAND-0041220,APP-0042630,REQ-2025-00522,hire,2025-08-04,new_hire,2025-08-04
WE-0002382,W-102030,CAND-0041304,APP-0042721,REQ-2025-00530,hire,2025-08-04,new_hire,2025-08-04
WE-0002383,W-102031,CAND-0041333,APP-0042751,REQ-2025-00126,hire,2025-08-04,new_hire,2025-08-06
WE-0002384,W-102032,CAND-0041560,APP-0042995,REQ-2025-00546,hire,2025-08-04,new_hire,2025-08-05
WE-0002385,W-102033,CAND-0041746,APP-0043195,REQ-2025-00555,hire,2025-08-04,new_hire,2025-08-06
WE-0002386,W-102033,CAND-0041746,APP-0043195,REQ-2025-00555,hire,2025-08-04,new_hire,2025-08-15
WE-0002387,W-102034,CAND-0041846,APP-0043303,REQ-2025-00555,hire,2025-08-04,new_hire,2025-08-07
WE-0002388,W-102035,CAND-0041936,APP-0043401,REQ-2025-00564,hire,2025-08-04,new_hire,2025-08-06
WE-0002389,W-102036,CAND-0042098,APP-0043575,REQ-2025-00562,hire,2025-08-04,new_hire,2025-08-04
WE-0002390,W-102037,CAND-0042504,APP-0044004,REQ-2025-00568,hire,2025-08-04,new_hire,2025-08-07
WE-0002391,W-102038,CAND-0042506,APP-0044007,REQ-2025-00570,hire,2025-08-04,new_hire,2025-08-07
WE-0002392,W-102039,CAND-0042580,APP-0044088,REQ-2025-00554,hire,2025-08-04,new_hire,2025-08-07
WE-0002393,W-102040,CAND-0042613,APP-0044125,REQ-2025-00605,hire,2025-08-04,new_hire,2025-08-06
WE-0002394,W-102041,CAND-0042784,APP-0044311,REQ-2025-00599,hire,2025-08-04,new_hire,2025-08-05
WE-0002395,W-102042,CAND-0042790,APP-0044317,REQ-2025-00607,hire,2025-08-04,new_hire,2025-08-06
WE-0002396,W-102043,CAND-0042794,APP-0044321,REQ-2025-00608,hire,2025-08-04,new_hire,2025-08-05
WE-0002397,W-102043,CAND-0042794,APP-0044321,REQ-2025-00608,hire,2025-08-04,new_hire,2025-08-07
WE-0002398,W-102044,CAND-0042809,APP-0044337,REQ-2025-00131,hire,2025-08-04,new_hire,2025-08-06
WE-0002399,W-102045,CAND-0042863,APP-0044398,REQ-2025-00596,hire,2025-08-04,new_hire,2025-08-06
WE-0002400,W-102046,CAND-0042877,APP-0044413,REQ-2025-00608,hire,2025-08-04,new_hire,2025-08-04
WE-0002401,W-102047,CAND-0042997,APP-0044539,REQ-2025-00616,hire,2025-08-04,new_hire,2025-08-04
WE-0002402,W-102048,CAND-0043137,APP-0044688,REQ-2025-00595,hire,2025-08-04,new_hire,2025-08-06
WE-0002403,W-102049,CAND-0043240,APP-0044798,REQ-2025-00616,hire,2025-08-04,new_hire,2025-08-06
WE-0002404,W-102050,CAND-0043722,APP-0045316,REQ-2025-00630,hire,2025-08-04,new_hire,2025-08-04
WE-0002405,W-101725,CAND-0036337,APP-0037442,REQ-2025-00302,termination,2025-08-05,involuntary_performance,2025-08-07
WE-0002406,W-102000,CAND-0041148,APP-0042556,REQ-2025-00545,termination,2025-08-06,voluntary_resignation,2025-08-11
WE-0002407,W-101252,CAND-0027176,APP-0027820,REQ-2024-01114,termination,2025-08-07,involuntary_restructuring,2025-08-12
WE-0002408,W-101915,CAND-0040295,APP-0041656,REQ-2025-00486,termination,2025-08-07,involuntary_probation,2025-08-12
WE-0002409,W-101956,CAND-0040665,APP-0042049,REQ-2025-00478,termination,2025-08-07,voluntary_resignation,2025-08-11
WE-0002410,W-101971,CAND-0041917,APP-0043381,REQ-2025-00545,termination,2025-08-07,involuntary_probation,2025-08-12
WE-0002411,W-101896,CAND-0038264,APP-0039514,REQ-2025-00336,termination,2025-08-08,voluntary_resignation,2025-08-11
WE-0002412,W-101221,CAND-0026280,APP-0026877,REQ-2024-01156,termination,2025-08-09,voluntary_resignation,2025-08-09
WE-0002413,W-101896,CAND-0038264,APP-0039514,REQ-2025-00336,termination,2025-08-09,voluntary_resignation,2025-08-13
WE-0002414,W-102040,CAND-0042613,APP-0044125,REQ-2025-00605,termination,2025-08-09,voluntary_resignation,2025-08-13
WE-0002415,W-100445,CAND-0009108,APP-0009182,REQ-2024-00412,termination,2025-08-10,involuntary_performance,2025-08-15
WE-0002416,W-101901,CAND-0038946,APP-0040235,REQ-2025-00437,termination,2025-08-10,voluntary_resignation,2025-08-10
WE-0002417,W-102051,CAND-0039279,APP-0040581,REQ-2025-00386,hire,2025-08-11,new_hire,2025-08-13
WE-0002418,W-102052,CAND-0040954,APP-0042351,REQ-2025-00500,hire,2025-08-11,new_hire,2025-08-11
WE-0002419,W-102053,CAND-0040994,APP-0042391,REQ-2024-00959,hire,2025-08-11,new_hire,2025-08-11
WE-0002420,W-102054,CAND-0041165,APP-0042575,REQ-2025-00193,hire,2025-08-11,new_hire,2025-08-12
WE-0002421,W-102055,CAND-0041430,APP-0042856,REQ-2025-00291,hire,2025-08-11,new_hire,2025-08-13
WE-0002422,W-102056,CAND-0041628,APP-0043067,REQ-2025-00514,hire,2025-08-11,new_hire,2025-08-11
WE-0002423,W-102057,CAND-0003094,APP-0043315,REQ-2025-00564,hire,2025-08-11,new_hire,2025-08-14
WE-0002424,W-102058,CAND-0042059,APP-0043532,REQ-2025-00443,hire,2025-08-11,new_hire,2025-08-13
WE-0002425,W-102059,CAND-0042173,APP-0043654,REQ-2025-00565,hire,2025-08-11,new_hire,2025-08-14
WE-0002426,W-102060,CAND-0042181,APP-0043663,REQ-2025-00572,hire,2025-08-11,new_hire,2025-08-11
WE-0002427,W-102061,CAND-0042192,APP-0043674,REQ-2025-00587,hire,2025-08-11,new_hire,2025-08-13
WE-0002428,W-102062,CAND-0042283,APP-0043771,REQ-2025-00328,hire,2025-08-11,new_hire,2025-08-13
WE-0002429,W-102063,CAND-0042485,APP-0043984,REQ-2025-00546,hire,2025-08-11,new_hire,2025-08-14
WE-0002430,W-102064,CAND-0042513,APP-0044014,REQ-2025-00580,hire,2025-08-11,new_hire,2025-08-11
WE-0002431,W-102065,CAND-0042591,APP-0044100,REQ-2025-00566,hire,2025-08-11,new_hire,2025-08-14
WE-0002432,W-102066,CAND-0042612,APP-0044124,REQ-2025-00605,hire,2025-08-11,new_hire,2025-08-13
WE-0002433,W-102067,CAND-0042802,APP-0044329,REQ-2025-00616,hire,2025-08-11,new_hire,2025-08-11
WE-0002434,W-102068,CAND-0042865,APP-0044400,REQ-2025-00598,hire,2025-08-11,new_hire,2025-08-14
WE-0002435,W-102069,CAND-0042894,APP-0044430,REQ-2025-00628,hire,2025-08-11,new_hire,2025-08-13
WE-0002436,W-102070,CAND-0043001,APP-0044543,REQ-2025-00623,hire,2025-08-11,new_hire,2025-08-13
WE-0002437,W-102070,CAND-0043001,APP-0044543,REQ-2025-00623,hire,2025-08-11,new_hire,2025-08-26
WE-0002438,W-102071,CAND-0002054,APP-0044557,REQ-2025-00105,hire,2025-08-11,new_hire,2025-08-14
WE-0002439,W-102072,CAND-0043162,APP-0044714,REQ-2025-00624,hire,2025-08-11,new_hire,2025-08-13
WE-0002440,W-102073,CAND-0043235,APP-0044793,REQ-2025-00612,hire,2025-08-11,new_hire,2025-08-11
WE-0002441,W-102074,CAND-0043407,APP-0044979,REQ-2025-00630,hire,2025-08-11,new_hire,2025-08-13
WE-0002442,W-102075,CAND-0043503,APP-0045081,REQ-2025-00139,hire,2025-08-11,new_hire,2025-08-12
WE-0002443,W-102076,CAND-0043514,APP-0045093,REQ-2025-00433,hire,2025-08-11,new_hire,2025-08-14
WE-0002444,W-102077,CAND-0044046,APP-0045667,REQ-2025-00560,hire,2025-08-11,new_hire,2025-08-12
WE-0002445,W-100188,CAND-0002169,APP-0002173,REQ-2024-00019,termination,2025-08-12,involuntary_performance,2025-08-14
WE-0002446,W-100709,CAND-0015271,APP-0015493,REQ-2024-00680,termination,2025-08-12,involuntary_restructuring,2025-08-15
WE-0002447,W-101930,CAND-0041550,APP-0042985,REQ-2025-00532,termination,2025-08-12,voluntary_resignation,2025-08-16
WE-0002448,W-101659,CAND-0035948,APP-0037030,REQ-2025-00302,termination,2025-08-13,voluntary_resignation,2025-08-15
WE-0002449,W-100595,CAND-0013635,APP-0013801,REQ-2024-00637,termination,2025-08-17,involuntary_restructuring,2025-08-18
WE-0002450,W-101895,CAND-0038031,APP-0039269,REQ-2025-00395,termination,2025-08-18,voluntary_resignation,2025-08-22
WE-0002451,W-102078,CAND-0035802,APP-0036876,REQ-2024-01227,hire,2025-08-18,new_hire,2025-08-20
WE-0002452,W-102079,CAND-0037267,APP-0038445,REQ-2025-00298,hire,2025-08-18,new_hire,2025-08-21
WE-0002453,W-102080,CAND-0038561,APP-0039829,REQ-2025-00361,hire,2025-08-18,new_hire,2025-08-19
WE-0002454,W-102081,CAND-0039475,APP-0040786,REQ-2025-00169,hire,2025-08-18,new_hire,2025-08-19
WE-0002455,W-102082,CAND-0039505,APP-0040817,REQ-2025-00373,hire,2025-08-18,new_hire,2025-08-21
WE-0002456,W-102083,CAND-0039987,APP-0041323,REQ-2025-00445,hire,2025-08-18,new_hire,2025-08-21
WE-0002457,W-102084,CAND-0040788,APP-0042179,REQ-2025-00520,hire,2025-08-18,new_hire,2025-08-19
WE-0002458,W-102085,CAND-0041273,APP-0042688,REQ-2025-00484,hire,2025-08-18,new_hire,2025-08-18
WE-0002459,W-102086,CAND-0003793,APP-0042866,REQ-2025-00367,hire,2025-08-18,new_hire,2025-08-20
WE-0002460,W-102087,CAND-0041609,APP-0043046,REQ-2025-00471,hire,2025-08-18,new_hire,2025-08-20
WE-0002461,W-102088,CAND-0041674,APP-0043119,REQ-2025-00011,hire,2025-08-18,new_hire,2025-08-18
WE-0002462,W-102089,CAND-0041826,APP-0043280,REQ-2025-00535,hire,2025-08-18,new_hire,2025-08-20
WE-0002463,W-102090,CAND-0041886,APP-0043347,REQ-2025-00347,hire,2025-08-18,new_hire,2025-08-18
WE-0002464,W-102091,CAND-0041920,APP-0043385,REQ-2025-00553,hire,2025-08-18,new_hire,2025-08-21
WE-0002465,W-102092,CAND-0041932,APP-0043397,REQ-2025-00563,hire,2025-08-18,new_hire,2025-08-20
WE-0002466,W-102093,CAND-0041998,APP-0043465,REQ-2025-00549,hire,2025-08-18,new_hire,2025-08-21
WE-0002467,W-102094,CAND-0042379,APP-0043871,REQ-2025-00273,hire,2025-08-18,new_hire,2025-08-20
WE-0002468,W-102095,CAND-0042382,APP-0043874,REQ-2025-00400,hire,2025-08-18,new_hire,2025-08-20
WE-0002469,W-102096,CAND-0042614,APP-0044126,REQ-2025-00605,hire,2025-08-18,new_hire,2025-08-18
WE-0002470,W-102097,CAND-0042690,APP-0044206,REQ-2025-00600,hire,2025-08-18,new_hire,2025-08-20
WE-0002471,W-102098,CAND-0042795,APP-0044322,REQ-2025-00609,hire,2025-08-18,new_hire,2025-08-18
WE-0002472,W-102099,CAND-0042822,APP-0044352,REQ-2025-00488,hire,2025-08-18,new_hire,2025-08-21
WE-0002473,W-102100,CAND-0043000,APP-0044542,REQ-2025-00622,hire,2025-08-18,new_hire,2025-08-18
WE-0002474,W-102101,CAND-0043141,APP-0044692,REQ-2025-00603,hire,2025-08-18,new_hire,2025-08-18
WE-0002475,W-102102,CAND-0043327,APP-0044892,REQ-2025-00629,hire,2025-08-18,new_hire,2025-08-20
WE-0002476,W-102103,CAND-0043330,APP-0044895,REQ-2025-00630,hire,2025-08-18,new_hire,2025-08-21
WE-0002477,W-102104,CAND-0043397,APP-0044968,REQ-2025-00621,hire,2025-08-18,new_hire,2025-08-18
WE-0002478,W-102105,CAND-0043408,APP-0044980,REQ-2025-00630,hire,2025-08-18,new_hire,2025-08-20
WE-0002479,W-102106,CAND-0043489,APP-0045065,REQ-2025-00627,hire,2025-08-18,new_hire,2025-08-20
WE-0002480,W-102107,CAND-0043617,APP-0045203,REQ-2025-00569,hire,2025-08-18,new_hire,2025-08-18
WE-0002481,W-102108,CAND-0043660,APP-0045250,REQ-2024-00664,hire,2025-08-18,new_hire,2025-08-18
WE-0002482,W-102109,CAND-0043762,APP-0045356,REQ-2025-00585,hire,2025-08-18,new_hire,2025-08-18
WE-0002483,W-102110,CAND-0043784,APP-0045381,REQ-2025-00630,hire,2025-08-18,new_hire,2025-08-18
WE-0002484,W-102111,CAND-0043929,APP-0045538,REQ-2025-00630,hire,2025-08-18,new_hire,2025-08-18
WE-0002485,W-102112,CAND-0044315,APP-0045951,REQ-2025-00675,hire,2025-08-18,new_hire,2025-08-20
WE-0002486,W-102113,CAND-0044352,APP-0045990,REQ-2025-00607,hire,2025-08-18,new_hire,2025-08-20
WE-0002487,W-102114,CAND-0017221,APP-0046444,REQ-2025-00707,hire,2025-08-18,new_hire,2025-08-20
WE-0002488,W-102115,CAND-0044974,APP-0046666,REQ-2025-00687,hire,2025-08-18,new_hire,2025-08-20
WE-0002489,W-102116,CAND-0045046,APP-0046745,REQ-2025-00687,hire,2025-08-18,new_hire,2025-08-21
WE-0002490,W-102116,CAND-0045046,APP-0046745,REQ-2025-00687,hire,2025-08-18,new_hire,2025-08-31
WE-0002491,W-101958,CAND-0040983,APP-0042380,REQ-2025-00536,termination,2025-08-20,voluntary_resignation,2025-08-22
WE-0002492,W-102072,CAND-0043162,APP-0044714,REQ-2025-00624,termination,2025-08-20,involuntary_probation,2025-08-25
WE-0002493,W-101113,CAND-0023319,APP-0023777,REQ-2024-01035,termination,2025-08-21,involuntary_restructuring,2025-08-23
WE-0002494,W-101926,CAND-0041057,APP-0042460,REQ-2025-00507,termination,2025-08-21,involuntary_performance,2025-08-26
WE-0002495,W-100174,CAND-0005723,APP-0005748,REQ-2024-00359,termination,2025-08-23,involuntary_performance,2025-08-26
WE-0002496,W-101594,CAND-0033700,APP-0034652,REQ-2025-00197,termination,2025-08-24,voluntary_resignation,2025-08-28
WE-0002497,W-101902,CAND-0039084,APP-0040378,REQ-2025-00439,termination,2025-08-24,voluntary_resignation,2025-08-27
WE-0002498,W-101140,CAND-0024762,APP-0025281,REQ-2024-01100,termination,2025-08-25,voluntary_resignation,2025-08-27
WE-0002499,W-102117,CAND-0038874,APP-0040161,REQ-2024-01178,hire,2025-08-25,new_hire,2025-08-27
WE-0002500,W-102118,CAND-0039563,APP-0040877,REQ-2025-00151,hire,2025-08-25,new_hire,2025-08-25
WE-0002501,W-102119,CAND-0039566,APP-0040880,REQ-2025-00209,hire,2025-08-25,new_hire,2025-08-27
WE-0002502,W-102120,CAND-0040337,APP-0041699,REQ-2025-00426,hire,2025-08-25,new_hire,2025-08-25
WE-0002503,W-102121,CAND-0035498,APP-0041751,REQ-2024-00690,hire,2025-08-25,new_hire,2025-08-25
WE-0002504,W-102122,CAND-0040557,APP-0041937,REQ-2025-00155,hire,2025-08-25,new_hire,2025-08-27
WE-0002505,W-102123,CAND-0041003,APP-0042401,REQ-2025-00082,hire,2025-08-25,new_hire,2025-08-25
WE-0002506,W-102124,CAND-0041751,APP-0043201,REQ-2025-00564,hire,2025-08-25,new_hire,2025-08-28
WE-0002507,W-102125,CAND-0041761,APP-0043211,REQ-2024-00199,hire,2025-08-25,new_hire,2025-08-25
WE-0002508,W-102126,CAND-0041915,APP-0043379,REQ-2025-00544,hire,2025-08-25,new_hire,2025-08-27
WE-0002509,W-102127,CAND-0042013,APP-0043481,REQ-2025-00564,hire,2025-08-25,new_hire,2025-08-25
WE-0002510,W-102128,CAND-0042299,APP-0043787,REQ-2025-00458,hire,2025-08-25,new_hire,2025-08-27
WE-0002511,W-102129,CAND-0042358,APP-0043850,REQ-2025-00583,hire,2025-08-25,new_hire,2025-08-26
WE-0002512,W-102130,CAND-0042433,APP-0043929,REQ-2025-00588,hire,2025-08-25,new_hire,2025-08-27
WE-0002513,W-102131,CAND-0042486,APP-0043985,REQ-2025-00547,hire,2025-08-25,new_hire,2025-08-25
WE-0002514,W-102132,CAND-0030439,APP-0044111,REQ-2025-00588,hire,2025-08-25,new_hire,2025-08-28
WE-0002515,W-102133,CAND-0042631,APP-0044144,REQ-2024-01122,hire,2025-08-25,new_hire,2025-08-28
WE-0002516,W-102134,CAND-0042713,APP-0044233,REQ-2025-00052,hire,2025-08-25,new_hire,2025-08-25
WE-0002517,W-102135,CAND-0042752,APP-0044275,REQ-2025-00547,hire,2025-08-25,new_hire,2025-08-25
WE-0002518,W-102136,CAND-0042770,APP-0044297,REQ-2025-00578,hire,2025-08-25,new_hire,2025-08-26
WE-0002519,W-102137,CAND-0043013,APP-0044556,REQ-2025-00025,hire,2025-08-25,new_hire,2025-08-25
WE-0002520,W-102138,CAND-0043219,APP-0044777,REQ-2025-00588,hire,2025-08-25,new_hire,2025-08-25
WE-0002521,W-102139,CAND-0043254,APP-0044813,REQ-2025-00629,hire,2025-08-25,new_hire,2025-08-25
WE-0002522,W-102140,CAND-0043318,APP-0044882,REQ-2025-00620,hire,2025-08-25,new_hire,2025-08-26
WE-0002523,W-102141,CAND-0043417,APP-0044990,REQ-2024-01162,hire,2025-08-25,new_hire,2025-08-26
WE-0002524,W-102142,CAND-0043492,APP-0045070,REQ-2025-00631,hire,2025-08-25,new_hire,2025-08-26
WE-0002525,W-102143,CAND-0043552,APP-0045136,REQ-2025-00615,hire,2025-08-25,new_hire,2025-08-28
WE-0002526,W-102144,CAND-0029310,APP-0045147,REQ-2025-00621,hire,2025-08-25,new_hire,2025-08-27
WE-0002527,W-102145,CAND-0043577,APP-0045163,REQ-2025-00644,hire,2025-08-25,new_hire,2025-08-27
WE-0002528,W-102146,CAND-0043656,APP-0045245,REQ-2025-00649,hire,2025-08-25,new_hire,2025-08-26
WE-0002529,W-102147,CAND-0043868,APP-0045471,REQ-2025-00642,hire,2025-08-25,new_hire,2025-08-27
WE-0002530,W-102148,CAND-0044012,APP-0045628,REQ-2025-00646,hire,2025-08-25,new_hire,2025-08-26
WE-0002531,W-102149,CAND-0044059,APP-0045682,REQ-2025-00614,hire,2025-08-25,new_hire,2025-08-26
WE-0002532,W-102150,CAND-0044063,APP-0045686,REQ-2025-00621,hire,2025-08-25,new_hire,2025-08-26
WE-0002533,W-102151,CAND-0044064,APP-0045687,REQ-2025-00621,hire,2025-08-25,new_hire,2025-08-25
WE-0002534,W-102152,CAND-0044083,APP-0045706,REQ-2025-00659,hire,2025-08-25,new_hire,2025-08-28
WE-0002535,W-102153,CAND-0044150,APP-0045776,REQ-2025-00659,hire,2025-08-25,new_hire,2025-08-27
WE-0002536,W-102154,CAND-0044178,APP-0045805,REQ-2025-00367,hire,2025-08-25,new_hire,2025-08-25
WE-0002537,W-102155,CAND-0044383,APP-0046021,REQ-2025-00668,hire,2025-08-25,new_hire,2025-08-26
WE-0002538,W-102156,CAND-0044392,APP-0046030,REQ-2025-00681,hire,2025-08-25,new_hire,2025-08-27
WE-0002539,W-102157,CAND-0042147,APP-0046084,REQ-2025-00639,hire,2025-08-25,new_hire,2025-08-28
WE-0002540,W-102158,CAND-0044502,APP-0046151,REQ-2025-00606,hire,2025-08-25,new_hire,2025-08-26
WE-0002541,W-102159,CAND-0044534,APP-0046186,REQ-2025-00671,hire,2025-08-25,new_hire,2025-08-25
WE-0002542,W-102160,CAND-0044615,APP-0046278,REQ-2025-00674,hire,2025-08-25,new_hire,2025-08-26
WE-0002543,W-102161,CAND-0034347,APP-0046422,REQ-2025-00678,hire,2025-08-25,new_hire,2025-08-27
WE-0002544,W-102162,CAND-0044947,APP-0046636,REQ-2025-00642,hire,2025-08-25,new_hire,2025-08-27
WE-0002545,W-102163,CAND-0045190,APP-0046903,REQ-2025-00687,hire,2025-08-25,new_hire,2025-08-26
WE-0002546,W-102164,CAND-0045342,APP-0047064,REQ-2025-00708,hire,2025-08-25,new_hire,2025-08-26
WE-0002547,W-100171,CAND-0004869,APP-0004885,REQ-2024-00157,termination,2025-08-26,voluntary_resignation,2025-08-27
WE-0002548,W-100322,CAND-0006850,APP-0006891,REQ-2024-00399,termination,2025-08-28,involuntary_restructuring,2025-08-29
WE-0002549,W-101955,CAND-0040598,APP-0041980,REQ-2025-00491,termination,2025-08-29,involuntary_probation,2025-09-03
WE-0002550,W-102110,CAND-0043784,APP-0045381,REQ-2025-00630,termination,2025-08-29,voluntary_resignation,2025-09-03
WE-0002551,W-102015,CAND-0042349,APP-0043840,REQ-2025-00573,termination,2025-08-30,involuntary_probation,2025-09-01
WE-0002552,W-101970,CAND-0041902,APP-0043364,REQ-2025-00517,termination,2025-08-31,involuntary_probation,2025-09-02
WE-0002553,W-101991,CAND-0040198,APP-0041550,REQ-2025-00475,termination,2025-08-31,voluntary_resignation,2025-09-01
WE-0002554,W-102165,CAND-0038210,APP-0039459,REQ-2025-00378,hire,2025-09-01,new_hire,2025-09-02
WE-0002555,W-102166,CAND-0040813,APP-0042205,REQ-2025-00243,hire,2025-09-01,new_hire,2025-09-04
WE-0002556,W-102167,CAND-0041070,APP-0042473,REQ-2025-00529,hire,2025-09-01,new_hire,2025-09-02
WE-0002557,W-102168,CAND-0041517,APP-0042951,REQ-2025-00410,hire,2025-09-01,new_hire,2025-09-02
WE-0002558,W-102169,CAND-0041966,APP-0043432,REQ-2025-00412,hire,2025-09-01,new_hire,2025-09-04
WE-0002559,W-102170,CAND-0042213,APP-0043697,REQ-2025-00263,hire,2025-09-01,new_hire,2025-09-04
WE-0002560,W-102171,CAND-0042508,APP-0044009,REQ-2025-00577,hire,2025-09-01,new_hire,2025-09-01
WE-0002561,W-102172,CAND-0042684,APP-0044200,REQ-2025-00594,hire,2025-09-01,new_hire,2025-09-04
WE-0002562,W-102173,CAND-0042896,APP-0044432,REQ-2024-00593,hire,2025-09-01,new_hire,2025-09-02
WE-0002563,W-102174,CAND-0043246,APP-0044804,REQ-2025-00625,hire,2025-09-01,new_hire,2025-09-03
WE-0002564,W-102175,CAND-0019039,APP-0044974,REQ-2025-00627,hire,2025-09-01,new_hire,2025-09-02
WE-0002565,W-102176,CAND-0043627,APP-0045213,REQ-2025-00604,hire,2025-09-01,new_hire,2025-09-01
WE-0002566,W-102177,CAND-0043731,APP-0045325,REQ-2025-00643,hire,2025-09-01,new_hire,2025-09-03
WE-0002567,W-102178,CAND-0043773,APP-0045369,REQ-2025-00618,hire,2025-09-01,new_hire,2025-09-01
WE-0002568,W-102179,CAND-0014576,APP-0045479,REQ-2025-00654,hire,2025-09-01,new_hire,2025-09-02
WE-0002569,W-102180,CAND-0044123,APP-0045748,REQ-2025-00617,hire,2025-09-01,new_hire,2025-09-03
WE-0002570,W-102181,CAND-0044259,APP-0045894,REQ-2025-00385,hire,2025-09-01,new_hire,2025-09-01
WE-0002571,W-102182,CAND-0044455,APP-0046099,REQ-2025-00659,hire,2025-09-01,new_hire,2025-09-04
WE-0002572,W-102183,CAND-0044464,APP-0046109,REQ-2025-00670,hire,2025-09-01,new_hire,2025-09-03
WE-0002573,W-102184,CAND-0044530,APP-0046181,REQ-2025-00669,hire,2025-09-01,new_hire,2025-09-02
WE-0002574,W-102185,CAND-0035728,APP-0046273,REQ-2025-00670,hire,2025-09-01,new_hire,2025-09-03
WE-0002575,W-102186,CAND-0006664,APP-0046274,REQ-2025-00671,hire,2025-09-01,new_hire,2025-09-01
WE-0002576,W-102187,CAND-0035470,APP-0046275,REQ-2025-00671,hire,2025-09-01,new_hire,2025-09-02
WE-0002577,W-102188,CAND-0044617,APP-0046280,REQ-2025-00675,hire,2025-09-01,new_hire,2025-09-03
WE-0002578,W-102189,CAND-0044671,APP-0046338,REQ-2025-00659,hire,2025-09-01,new_hire,2025-09-03
WE-0002579,W-102190,CAND-0044745,APP-0046417,REQ-2025-00673,hire,2025-09-01,new_hire,2025-09-02
WE-0002580,W-102191,CAND-0044813,APP-0046490,REQ-2025-00654,hire,2025-09-01,new_hire,2025-09-01
WE-0002581,W-102192,CAND-0044859,APP-0046539,REQ-2025-00357,hire,2025-09-01,new_hire,2025-09-02
WE-0002582,W-102193,CAND-0045063,APP-0046763,REQ-2025-00714,hire,2025-09-01,new_hire,2025-09-02
WE-0002583,W-102194,CAND-0045290,APP-0047010,REQ-2025-00721,hire,2025-09-01,new_hire,2025-09-01
WE-0002584,W-102195,CAND-0045379,APP-0047105,REQ-2025-00661,hire,2025-09-01,new_hire,2025-09-02
WE-0002585,W-102196,CAND-0045488,APP-0047224,REQ-2025-00716,hire,2025-09-01,new_hire,2025-09-03
WE-0002586,W-101460,CAND-0029272,APP-0030016,REQ-2024-00771,termination,2025-09-02,involuntary_performance,2025-09-04
WE-0002587,W-101924,CAND-0040888,APP-0042280,REQ-2025-00532,termination,2025-09-02,involuntary_probation,2025-09-04
WE-0002588,W-102023,CAND-0039948,APP-0041282,REQ-2024-00928,termination,2025-09-02,voluntary_resignation,2025-09-05
WE-0002589,W-100680,CAND-0015211,APP-0015431,REQ-2024-00674,termination,2025-09-03,involuntary_restructuring,2025-09-04
WE-0002590,W-101132,CAND-0023923,APP-0024414,REQ-2024-01069,termination,2025-09-06,involuntary_restructuring,2025-09-08
WE-0002591,W-101384,CAND-0025699,APP-0026269,REQ-2024-01099,termination,2025-09-06,voluntary_resignation,2025-09-07
WE-0002592,W-102035,CAND-0041936,APP-0043401,REQ-2025-00564,termination,2025-09-06,voluntary_resignation,2025-09-09
WE-0002593,W-101171,CAND-0025690,APP-0026260,REQ-2024-01087,termination,2025-09-07,involuntary_restructuring,2025-09-09
WE-0002594,W-100360,CAND-0007057,APP-0007100,REQ-2024-00364,termination,2025-09-08,voluntary_resignation,2025-09-08
WE-0002595,W-102197,CAND-0039941,APP-0041275,REQ-2024-00018,hire,2025-09-08,new_hire,2025-09-11
WE-0002596,W-102197,CAND-0039941,APP-0041275,REQ-2024-00018,hire,2025-09-08,new_hire,2025-09-16
WE-0002597,W-102198,CAND-0041428,APP-0042854,REQ-2025-00234,hire,2025-09-08,new_hire,2025-09-09
WE-0002598,W-102199,CAND-0042406,APP-0043900,REQ-2025-00552,hire,2025-09-08,new_hire,2025-09-08
WE-0002599,W-102200,CAND-0042475,APP-0043972,REQ-2025-00518,hire,2025-09-08,new_hire,2025-09-11
WE-0002600,W-102201,CAND-0042511,APP-0044012,REQ-2025-00579,hire,2025-09-08,new_hire,2025-09-08
WE-0002601,W-102202,CAND-0042640,APP-0044153,REQ-2025-00142,hire,2025-09-08,new_hire,2025-09-10
WE-0002602,W-102203,CAND-0042663,APP-0044177,REQ-2025-00542,hire,2025-09-08,new_hire,2025-09-11
WE-0002603,W-102204,CAND-0043134,APP-0044685,REQ-2025-00590,hire,2025-09-08,new_hire,2025-09-11
WE-0002604,W-102205,CAND-0043136,APP-0044687,REQ-2025-00593,hire,2025-09-08,new_hire,2025-09-10
WE-0002605,W-102206,CAND-0043290,APP-0044853,REQ-2025-00551,hire,2025-09-08,new_hire,2025-09-10
WE-0002606,W-102207,CAND-0043509,APP-0045087,REQ-2025-00288,hire,2025-09-08,new_hire,2025-09-08
WE-0002607,W-102208,CAND-0043531,APP-0045114,REQ-2025-00582,hire,2025-09-08,new_hire,2025-09-08
WE-0002608,W-102209,CAND-0002303,APP-0045357,REQ-2025-00592,hire,2025-09-08,new_hire,2025-09-10
WE-0002609,W-102210,CAND-0043816,APP-0045415,REQ-2025-00117,hire,2025-09-08,new_hire,2025-09-11
WE-0002610,W-102211,CAND-0043829,APP-0045429,REQ-2025-00462,hire,2025-09-08,new_hire,2025-09-08
WE-0002611,W-102212,CAND-0043947,APP-0045557,REQ-2025-00655,hire,2025-09-08,new_hire,2025-09-11
WE-0002612,W-102213,CAND-0044124,APP-0045749,REQ-2025-00617,hire,2025-09-08,new_hire,2025-09-11
WE-0002613,W-102214,CAND-0044220,APP-0045850,REQ-2025-00646,hire,2025-09-08,new_hire,2025-09-08
WE-0002614,W-102215,CAND-0008200,APP-0045863,REQ-2025-00662,hire,2025-09-08,new_hire,2025-09-11
WE-0002615,W-102216,CAND-0044329,APP-0045965,REQ-2025-00045,hire,2025-09-08,new_hire,2025-09-09
WE-0002616,W-102217,CAND-0044740,APP-0046412,REQ-2025-00659,hire,2025-09-08,new_hire,2025-09-09
WE-0002617,W-102218,CAND-0044857,APP-0046537,REQ-2025-00321,hire,2025-09-08,new_hire,2025-09-09
WE-0002618,W-102219,CAND-0045037,APP-0046736,REQ-2025-00671,hire,2025-09-08,new_hire,2025-09-09
WE-0002619,W-102220,CAND-0045087,APP-0046792,REQ-2025-00515,hire,2025-09-08,new_hire,2025-09-09
WE-0002620,W-102221,CAND-0045088,APP-0046793,REQ-2025-00561,hire,2025-09-08,new_hire,2025-09-10
WE-0002621,W-102222,CAND-0045131,APP-0046841,REQ-2025-00709,hire,2025-09-08,new_hire,2025-09-11
WE-0002622,W-102223,CAND-0045196,APP-0046909,REQ-2025-00697,hire,2025-09-08,new_hire,2025-09-10
WE-0002623,W-102224,CAND-0045200,APP-0046913,REQ-2025-00705,hire,2025-09-08,new_hire,2025-09-11
WE-0002624,W-102225,CAND-0001037,APP-0046945,REQ-2025-00540,hire,2025-09-08,new_hire,2025-09-11
WE-0002625,W-102226,CAND-0045233,APP-0046948,REQ-2025-00561,hire,2025-09-08,new_hire,2025-09-10
WE-0002626,W-102227,CAND-0045490,APP-0047226,REQ-2025-00719,hire,2025-09-08,new_hire,2025-09-08
WE-0002627,W-102228,CAND-0045565,APP-0047302,REQ-2025-00712,hire,2025-09-08,new_hire,2025-09-11
WE-0002628,W-102229,CAND-0046250,APP-0048052,REQ-2025-00757,hire,2025-09-08,new_hire,2025-09-08
WE-0002629,W-101950,CAND-0040196,APP-0041548,REQ-2025-00473,termination,2025-09-09,involuntary_probation,2025-09-14
WE-0002630,W-102104,CAND-0043397,APP-0044968,REQ-2025-00621,termination,2025-09-09,involuntary_performance,2025-09-09
WE-0002631,W-102171,CAND-0042508,APP-0044009,REQ-2025-00577,termination,2025-09-09,voluntary_resignation,2025-09-11
WE-0002632,W-102172,CAND-0042684,APP-0044200,REQ-2025-00594,termination,2025-09-10,voluntary_resignation,2025-09-15
WE-0002633,W-101964,CAND-0041302,APP-0042719,REQ-2025-00527,termination,2025-09-11,voluntary_resignation,2025-09-16
WE-0002634,W-102048,CAND-0043137,APP-0044688,REQ-2025-00595,termination,2025-09-12,involuntary_performance,2025-09-15
WE-0002635,W-102115,CAND-0044974,APP-0046666,REQ-2025-00687,termination,2025-09-12,voluntary_resignation,2025-09-17
WE-0002636,W-100379,CAND-0007674,APP-0007728,REQ-2024-00404,termination,2025-09-14,involuntary_restructuring,2025-09-14
WE-0002637,W-102142,CAND-0043492,APP-0045070,REQ-2025-00631,termination,2025-09-14,voluntary_resignation,2025-09-14
WE-0002638,W-102230,CAND-0041631,APP-0044985,REQ-2024-00250,hire,2025-09-15,new_hire,2025-09-18
WE-0002639,W-102231,CAND-0043594,APP-0045180,REQ-2025-00204,hire,2025-09-15,new_hire,2025-09-15
WE-0002640,W-102232,CAND-0043911,APP-0045519,REQ-2025-00611,hire,2025-09-15,new_hire,2025-09-17
WE-0002641,W-102233,CAND-0044029,APP-0045648,REQ-2025-00183,hire,2025-09-15,new_hire,2025-09-16
WE-0002642,W-102234,CAND-0023625,APP-0046258,REQ-2025-00650,hire,2025-09-15,new_hire,2025-09-17
WE-0002643,W-102235,CAND-0044632,APP-0046297,REQ-2024-01122,hire,2025-09-15,new_hire,2025-09-16
WE-0002644,W-102236,CAND-0044715,APP-0046386,REQ-2025-00508,hire,2025-09-15,new_hire,2025-09-18
WE-0002645,W-102237,CAND-0044978,APP-0046671,REQ-2025-00696,hire,2025-09-15,new_hire,2025-09-18
WE-0002646,W-102238,CAND-0045150,APP-0046860,REQ-2025-00323,hire,2025-09-15,new_hire,2025-09-17
WE-0002647,W-102239,CAND-0045211,APP-0046924,REQ-2025-00719,hire,2025-09-15,new_hire,2025-09-18
WE-0002648,W-102240,CAND-0045217,APP-0046930,REQ-2024-01062,hire,2025-09-15,new_hire,2025-09-18
WE-0002649,W-102241,CAND-0045471,APP-0047205,REQ-2025-00686,hire,2025-09-15,new_hire,2025-09-16
WE-0002650,W-102242,CAND-0045509,APP-0047245,REQ-2025-00034,hire,2025-09-15,new_hire,2025-09-17
WE-0002651,W-102243,CAND-0045590,APP-0047327,REQ-2025-00146,hire,2025-09-15,new_hire,2025-09-17
WE-0002652,W-102244,CAND-0045644,APP-0047387,REQ-2025-00722,hire,2025-09-15,new_hire,2025-09-16
WE-0002653,W-102245,CAND-0045648,APP-0047391,REQ-2025-00727,hire,2025-09-15,new_hire,2025-09-17
WE-0002654,W-102246,CAND-0045704,APP-0047452,REQ-2025-00719,hire,2025-09-15,new_hire,2025-09-15
WE-0002655,W-102247,CAND-0045705,APP-0047453,REQ-2025-00719,hire,2025-09-15,new_hire,2025-09-17
WE-0002656,W-102247,CAND-0045705,APP-0047453,REQ-2025-00719,hire,2025-09-15,new_hire,2025-09-19
WE-0002657,W-102248,CAND-0045713,APP-0047461,REQ-2025-00730,hire,2025-09-15,new_hire,2025-09-15
WE-0002658,W-102249,CAND-0045787,APP-0047540,REQ-2025-00311,hire,2025-09-15,new_hire,2025-09-17
WE-0002659,W-102250,CAND-0035600,APP-0047563,REQ-2025-00689,hire,2025-09-15,new_hire,2025-09-16
WE-0002660,W-102251,CAND-0046261,APP-0048065,REQ-2025-00768,hire,2025-09-15,new_hire,2025-09-17
WE-0002661,W-102252,CAND-0046323,APP-0048133,REQ-2025-00756,hire,2025-09-15,new_hire,2025-09-18
WE-0002662,W-102253,CAND-0046699,APP-0048540,REQ-2025-00762,hire,2025-09-15,new_hire,2025-09-15
WE-0002663,W-102254,CAND-0046907,APP-0048775,REQ-2025-00788,hire,2025-09-15,new_hire,2025-09-16
WE-0002664,W-102255,CAND-0047034,APP-0048912,REQ-2025-00768,hire,2025-09-15,new_hire,2025-09-15
WE-0002665,W-100390,CAND-0008970,APP-0009044,REQ-2024-00363,termination,2025-09-16,voluntary_resignation,2025-09-20
WE-0002666,W-101156,CAND-0024119,APP-0024619,REQ-2024-01049,termination,2025-09-17,involuntary_performance,2025-09-17
WE-0002667,W-100758,CAND-0012954,APP-0013110,REQ-2024-00596,termination,2025-09-19,voluntary_resignation,2025-09-19
WE-0002668,W-101998,CAND-0040790,APP-0042181,REQ-2025-00524,termination,2025-09-19,involuntary_probation,2025-09-23
WE-0002669,W-102152,CAND-0044083,APP-0045706,REQ-2025-00659,termination,2025-09-19,involuntary_performance,2025-09-22
WE-0002670,W-102256,CAND-0042174,APP-0043655,REQ-2025-00567,hire,2025-09-22,new_hire,2025-09-24
WE-0002671,W-102257,CAND-0042543,APP-0044046,REQ-2025-00185,hire,2025-09-22,new_hire,2025-09-22
WE-0002672,W-102258,CAND-0042806,APP-0044333,REQ-2024-01055,hire,2025-09-22,new_hire,2025-09-22
WE-0002673,W-102259,CAND-0043091,APP-0044640,REQ-2025-00010,hire,2025-09-22,new_hire,2025-09-22
WE-0002674,W-102260,CAND-0043498,APP-0045076,REQ-2024-00584,hire,2025-09-22,new_hire,2025-09-24
WE-0002675,W-102261,CAND-0043875,APP-0045480,REQ-2024-00001,hire,2025-09-22,new_hire,2025-09-25
WE-0002676,W-102262,CAND-0044037,APP-0045657,REQ-2025-00376,hire,2025-09-22,new_hire,2025-09-23
WE-0002677,W-102263,CAND-0044165,APP-0045792,REQ-2024-01210,hire,2025-09-22,new_hire,2025-09-23
WE-0002678,W-102264,CAND-0044184,APP-0045811,REQ-2025-00496,hire,2025-09-22,new_hire,2025-09-25
WE-0002679,W-102265,CAND-0044253,APP-0045887,REQ-2025-00251,hire,2025-09-22,new_hire,2025-09-24
WE-0002680,W-102266,CAND-0044529,APP-0046180,REQ-2025-00666,hire,2025-09-22,new_hire,2025-09-23
WE-0002681,W-102267,CAND-0044646,APP-0046313,REQ-2025-00495,hire,2025-09-22,new_hire,2025-09-25
WE-0002682,W-102268,CAND-0044953,APP-0046643,REQ-2025-00660,hire,2025-09-22,new_hire,2025-09-24
WE-0002683,W-102269,CAND-0044972,APP-0046663,REQ-2025-00683,hire,2025-09-22,new_hire,2025-09-22
WE-0002684,W-102270,CAND-0045010,APP-0046706,REQ-2025-00394,hire,2025-09-22,new_hire,2025-09-25
WE-0002685,W-102271,CAND-0045168,APP-0046880,REQ-2025-00645,hire,2025-09-22,new_hire,2025-09-22
WE-0002686,W-102271,CAND-0045168,APP-0046880,REQ-2025-00645,hire,2025-09-22,new_hire,2025-09-26
WE-0002687,W-102272,CAND-0045208,APP-0046921,REQ-2025-00718,hire,2025-09-22,new_hire,2025-09-25
WE-0002688,W-102273,CAND-0045232,APP-0046947,REQ-2025-00556,hire,2025-09-22,new_hire,2025-09-24
WE-0002689,W-102274,CAND-0045283,APP-0047003,REQ-2025-00713,hire,2025-09-22,new_hire,2025-09-22
WE-0002690,W-102275,CAND-0045692,APP-0047439,REQ-2025-00696,hire,2025-09-22,new_hire,2025-09-23
WE-0002691,W-102276,CAND-0045696,APP-0047443,REQ-2025-00706,hire,2025-09-22,new_hire,2025-09-25
WE-0002692,W-102277,CAND-0045715,APP-0047464,REQ-2025-00737,hire,2025-09-22,new_hire,2025-09-22
WE-0002693,W-102278,CAND-0045938,APP-0047713,REQ-2025-00745,hire,2025-09-22,new_hire,2025-09-25
WE-0002694,W-102279,CAND-0046357,APP-0048169,REQ-2025-00538,hire,2025-09-22,new_hire,2025-09-23
WE-0002695,W-102280,CAND-0046534,APP-0048358,REQ-2025-00743,hire,2025-09-22,new_hire,2025-09-22
WE-0002696,W-102281,CAND-0046550,APP-0048375,REQ-2025-00765,hire,2025-09-22,new_hire,2025-09-23
WE-0002697,W-102282,CAND-0046781,APP-0048639,REQ-2025-00776,hire,2025-09-22,new_hire,2025-09-22
WE-0002698,W-102283,CAND-0046846,APP-0048710,REQ-2025-00781,hire,2025-09-22,new_hire,2025-09-23
WE-0002699,W-102284,CAND-0047365,APP-0049274,REQ-2025-00796,hire,2025-09-22,new_hire,2025-09-22
WE-0002700,W-100316,CAND-0005552,APP-0005574,REQ-2024-00196,termination,2025-09-23,involuntary_performance,2025-09-27
WE-0002701,W-100748,CAND-0014929,APP-0015138,REQ-2024-00626,termination,2025-09-23,involuntary_performance,2025-09-25
WE-0002702,W-101251,CAND-0026898,APP-0027526,REQ-2024-01183,termination,2025-09-24,involuntary_restructuring,2025-09-29
WE-0002703,W-101546,CAND-0031373,APP-0032203,REQ-2025-00112,termination,2025-09-24,involuntary_restructuring,2025-09-24
WE-0002704,W-102039,CAND-0042580,APP-0044088,REQ-2025-00554,termination,2025-09-25,involuntary_performance,2025-09-25
WE-0002705,W-102063,CAND-0042485,APP-0043984,REQ-2025-00546,termination,2025-09-25,voluntary_resignation,2025-09-28
WE-0002706,W-102147,CAND-0043868,APP-0045471,REQ-2025-00642,termination,2025-09-25,voluntary_resignation,2025-09-25
WE-0002707,W-102158,CAND-0044502,APP-0046151,REQ-2025-00606,termination,2025-09-25,voluntary_resignation,2025-09-25
WE-0002708,W-102254,CAND-0046907,APP-0048775,REQ-2025-00788,termination,2025-09-28,voluntary_resignation,2025-10-01
WE-0002709,W-102001,CAND-0041149,APP-0042557,REQ-2025-00546,termination,2025-09-29,involuntary_performance,2025-09-30
WE-0002710,W-102285,CAND-0042034,APP-0043503,REQ-2024-01151,hire,2025-09-29,new_hire,2025-10-01
WE-0002711,W-102286,CAND-0043504,APP-0045082,REQ-2025-00143,hire,2025-09-29,new_hire,2025-09-29
WE-0002712,W-102287,CAND-0044564,APP-0046219,REQ-2025-00219,hire,2025-09-29,new_hire,2025-10-02
WE-0002713,W-102288,CAND-0044606,APP-0046266,REQ-2025-00665,hire,2025-09-29,new_hire,2025-10-01
WE-0002714,W-102289,CAND-0044926,APP-0046611,REQ-2025-00206,hire,2025-09-29,new_hire,2025-10-01
WE-0002715,W-102290,CAND-0045006,APP-0046702,REQ-2025-00353,hire,2025-09-29,new_hire,2025-10-02
WE-0002716,W-102291,CAND-0045296,APP-0047016,REQ-2024-01076,hire,2025-09-29,new_hire,2025-10-01
WE-0002717,W-102292,CAND-0045308,APP-0047029,REQ-2025-00559,hire,2025-09-29,new_hire,2025-09-30
WE-0002718,W-102293,CAND-0045476,APP-0047211,REQ-2025-00695,hire,2025-09-29,new_hire,2025-10-02
WE-0002719,W-102294,CAND-0045493,APP-0047229,REQ-2025-00725,hire,2025-09-29,new_hire,2025-09-29
WE-0002720,W-102295,CAND-0045897,APP-0047667,REQ-2025-00597,hire,2025-09-29,new_hire,2025-10-01
WE-0002721,W-102296,CAND-0045808,APP-0047703,REQ-2025-00736,hire,2025-09-29,new_hire,2025-09-30
WE-0002722,W-102297,CAND-0046043,APP-0047822,REQ-2025-00693,hire,2025-09-29,new_hire,2025-10-02
WE-0002723,W-102298,CAND-0046066,APP-0047848,REQ-2025-00744,hire,2025-09-29,new_hire,2025-09-30
WE-0002724,W-102299,CAND-0046148,APP-0047938,REQ-2025-00523,hire,2025-09-29,new_hire,2025-09-30
WE-0002725,W-102300,CAND-0034195,APP-0047984,REQ-2025-00771,hire,2025-09-29,new_hire,2025-09-29
WE-0002726,W-102301,CAND-0046453,APP-0048270,REQ-2025-00731,hire,2025-09-29,new_hire,2025-10-02
WE-0002727,W-102302,CAND-0046482,APP-0048300,REQ-2025-00763,hire,2025-09-29,new_hire,2025-10-01
WE-0002728,W-102303,CAND-0046499,APP-0048319,REQ-2025-00003,hire,2025-09-29,new_hire,2025-09-29
WE-0002729,W-102304,CAND-0046553,APP-0048378,REQ-2025-00768,hire,2025-09-29,new_hire,2025-09-30
WE-0002730,W-102305,CAND-0046902,APP-0048770,REQ-2025-00780,hire,2025-09-29,new_hire,2025-10-02
WE-0002731,W-102306,CAND-0047031,APP-0048908,REQ-2025-00762,hire,2025-09-29,new_hire,2025-10-01
WE-0002732,W-102307,CAND-0047357,APP-0049263,REQ-2025-00777,hire,2025-09-29,new_hire,2025-10-01
WE-0002733,W-102308,CAND-0047590,APP-0049518,REQ-2025-00784,hire,2025-09-29,new_hire,2025-09-29
WE-0002734,W-100139,CAND-0001731,APP-0001733,REQ-2024-00231,termination,2025-09-30,voluntary_resignation,2025-10-02
WE-0002735,W-102158,CAND-0044502,APP-0046151,REQ-2025-00606,termination,2025-10-01,voluntary_resignation,2025-10-02
WE-0002736,W-102269,CAND-0044972,APP-0046663,REQ-2025-00683,termination,2025-10-01,voluntary_resignation,2025-10-03
WE-0002737,W-101349,CAND-0028560,APP-0029269,REQ-2024-01151,termination,2025-10-02,voluntary_resignation,2025-10-07
WE-0002738,W-102219,CAND-0045037,APP-0046736,REQ-2025-00671,termination,2025-10-02,voluntary_resignation,2025-10-03
WE-0002739,W-101014,CAND-0020981,APP-0021366,REQ-2024-00602,termination,2025-10-04,voluntary_resignation,2025-10-09
WE-0002740,W-101786,CAND-0038819,APP-0040103,REQ-2025-00381,termination,2025-10-04,involuntary_restructuring,2025-10-05
WE-0002741,W-101316,CAND-0027981,APP-0028661,REQ-2024-01193,termination,2025-10-05,involuntary_restructuring,2025-10-09
WE-0002742,W-102120,CAND-0040337,APP-0041699,REQ-2025-00426,termination,2025-10-06,voluntary_resignation,2025-10-08
WE-0002743,W-102309,CAND-0041506,APP-0042938,REQ-2025-00269,hire,2025-10-06,new_hire,2025-10-06
WE-0002744,W-102310,CAND-0020605,APP-0044434,REQ-2024-00851,hire,2025-10-06,new_hire,2025-10-06
WE-0002745,W-102311,CAND-0010368,APP-0044725,REQ-2024-00821,hire,2025-10-06,new_hire,2025-10-08
WE-0002746,W-102312,CAND-0043592,APP-0045178,REQ-2025-00192,hire,2025-10-06,new_hire,2025-10-07
WE-0002747,W-102313,CAND-0043932,APP-0045541,REQ-2025-00636,hire,2025-10-06,new_hire,2025-10-06
WE-0002748,W-102314,CAND-0044389,APP-0046027,REQ-2025-00677,hire,2025-10-06,new_hire,2025-10-07
WE-0002749,W-102315,CAND-0044394,APP-0046033,REQ-2024-00521,hire,2025-10-06,new_hire,2025-10-07
WE-0002750,W-102316,CAND-0044498,APP-0046146,REQ-2025-00601,hire,2025-10-06,new_hire,2025-10-07
WE-0002751,W-102317,CAND-0044787,APP-0046464,REQ-2025-00274,hire,2025-10-06,new_hire,2025-10-06
WE-0002752,W-102318,CAND-0045374,APP-0047099,REQ-2025-00641,hire,2025-10-06,new_hire,2025-10-09
WE-0002753,W-102319,CAND-0045671,APP-0047414,REQ-2025-00548,hire,2025-10-06,new_hire,2025-10-07
WE-0002754,W-102320,CAND-0045675,APP-0047421,REQ-2025-00640,hire,2025-10-06,new_hire,2025-10-09
WE-0002755,W-102321,CAND-0045947,APP-0047722,REQ-2024-00990,hire,2025-10-06,new_hire,2025-10-09
WE-0002756,W-102322,CAND-0045995,APP-0047772,REQ-2025-00731,hire,2025-10-06,new_hire,2025-10-08
WE-0002757,W-102323,CAND-0046006,APP-0047784,REQ-2025-00744,hire,2025-10-06,new_hire,2025-10-06
WE-0002758,W-102324,CAND-0046099,APP-0047883,REQ-2025-00626,hire,2025-10-06,new_hire,2025-10-06
WE-0002759,W-102325,CAND-0046125,APP-0047911,REQ-2025-00745,hire,2025-10-06,new_hire,2025-10-07
WE-0002760,W-102326,CAND-0004881,APP-0047920,REQ-2024-00107,hire,2025-10-06,new_hire,2025-10-08
WE-0002761,W-102327,CAND-0046178,APP-0047972,REQ-2025-00744,hire,2025-10-06,new_hire,2025-10-08
WE-0002762,W-102328,CAND-0046272,APP-0048078,REQ-2025-00309,hire,2025-10-06,new_hire,2025-10-06
WE-0002763,W-102329,CAND-0046468,APP-0048285,REQ-2025-00754,hire,2025-10-06,new_hire,2025-10-09
WE-0002764,W-102330,CAND-0042443,APP-0048314,REQ-2025-00779,hire,2025-10-06,new_hire,2025-10-07
WE-0002765,W-102331,CAND-0016842,APP-0048359,REQ-2025-00744,hire,2025-10-06,new_hire,2025-10-09
WE-0002766,W-102332,CAND-0018215,APP-0048566,REQ-2024-01228,hire,2025-10-06,new_hire,2025-10-09
WE-0002767,W-102333,CAND-0046734,APP-0048580,REQ-2025-00430,hire,2025-10-06,new_hire,2025-10-07
WE-0002768,W-102334,CAND-0046798,APP-0048659,REQ-2025-00401,hire,2025-10-06,new_hire,2025-10-08
WE-0002769,W-102335,CAND-0046817,APP-0048680,REQ-2025-00733,hire,2025-10-06,new_hire,2025-10-08
WE-0002770,W-102336,CAND-0046844,APP-0048708,REQ-2025-00777,hire,2025-10-06,new_hire,2025-10-09
WE-0002771,W-102337,CAND-0046878,APP-0048744,REQ-2025-00752,hire,2025-10-06,new_hire,2025-10-06
WE-0002772,W-102338,CAND-0046959,APP-0048830,REQ-2025-00769,hire,2025-10-06,new_hire,2025-10-06
WE-0002773,W-102339,CAND-0015242,APP-0048915,REQ-2025-00769,hire,2025-10-06,new_hire,2025-10-06
WE-0002774,W-102340,CAND-0047039,APP-0048919,REQ-2025-00775,hire,2025-10-06,new_hire,2025-10-08
WE-0002775,W-102341,CAND-0047049,APP-0048929,REQ-2025-00796,hire,2025-10-06,new_hire,2025-10-09
WE-0002776,W-102342,CAND-0047093,APP-0048981,REQ-2025-00763,hire,2025-10-06,new_hire,2025-10-07
WE-0002777,W-102343,CAND-0047257,APP-0049158,REQ-2025-00801,hire,2025-10-06,new_hire,2025-10-07
WE-0002778,W-102344,CAND-0047343,APP-0049249,REQ-2025-00752,hire,2025-10-06,new_hire,2025-10-09
WE-0002779,W-102345,CAND-0047491,APP-0049410,REQ-2025-00798,hire,2025-10-06,new_hire,2025-10-08
WE-0002780,W-102346,CAND-0047675,APP-0049608,REQ-2025-00825,hire,2025-10-06,new_hire,2025-10-08
WE-0002781,W-102347,CAND-0047693,APP-0049628,REQ-2025-00697,hire,2025-10-06,new_hire,2025-10-09
WE-0002782,W-102348,CAND-0025866,APP-0049654,REQ-2025-00808,hire,2025-10-06,new_hire,2025-10-06
WE-0002783,W-101116,CAND-0023574,APP-0024043,REQ-2024-00989,termination,2025-10-07,voluntary_resignation,2025-10-12
WE-0002784,W-101535,CAND-0033336,APP-0034268,REQ-2025-00200,termination,2025-10-07,voluntary_resignation,2025-10-12
WE-0002785,W-101859,CAND-0038125,APP-0039371,REQ-2025-00393,termination,2025-10-07,voluntary_resignation,2025-10-08
WE-0002786,W-102043,CAND-0042794,APP-0044321,REQ-2025-00608,termination,2025-10-07,involuntary_performance,2025-10-11
WE-0002787,W-102116,CAND-0045046,APP-0046745,REQ-2025-00687,termination,2025-10-10,voluntary_resignation,2025-10-11
WE-0002788,W-100063,CAND-0002122,APP-0002125,REQ-2024-00226,termination,2025-10-11,involuntary_performance,2025-10-14
WE-0002789,W-100291,CAND-0005254,APP-0005275,REQ-2024-00342,termination,2025-10-11,involuntary_performance,2025-10-14
WE-0002790,W-101327,CAND-0028950,APP-0029673,REQ-2025-00005,termination,2025-10-11,involuntary_performance,2025-10-14
WE-0002791,W-102146,CAND-0043656,APP-0045245,REQ-2025-00649,termination,2025-10-11,voluntary_resignation,2025-10-11
WE-0002792,W-101232,CAND-0027418,APP-0028072,REQ-2024-01040,termination,2025-10-12,involuntary_performance,2025-10-13
WE-0002793,W-102228,CAND-0045565,APP-0047302,REQ-2025-00712,termination,2025-10-12,voluntary_resignation,2025-10-16
WE-0002794,W-101049,CAND-0021816,APP-0022234,REQ-2024-00940,termination,2025-10-13,involuntary_restructuring,2025-10-15
WE-0002795,W-102043,CAND-0042794,APP-0044321,REQ-2025-00608,termination,2025-10-13,involuntary_performance,2025-10-18
WE-0002796,W-102349,CAND-0044323,APP-0045959,REQ-2024-00951,hire,2025-10-13,new_hire,2025-10-15
WE-0002797,W-102350,CAND-0044709,APP-0046380,REQ-2025-00238,hire,2025-10-13,new_hire,2025-10-13
WE-0002798,W-102351,CAND-0044752,APP-0046425,REQ-2025-00682,hire,2025-10-13,new_hire,2025-10-14
WE-0002799,W-102352,CAND-0044854,APP-0046534,REQ-2024-00449,hire,2025-10-13,new_hire,2025-10-16
WE-0002800,W-102353,CAND-0044930,APP-0046616,REQ-2025-00342,hire,2025-10-13,new_hire,2025-10-14
WE-0002801,W-102354,CAND-0045271,APP-0046990,REQ-2025-00700,hire,2025-10-13,new_hire,2025-10-14
WE-0002802,W-102355,CAND-0021221,APP-0047025,REQ-2025-00534,hire,2025-10-13,new_hire,2025-10-13
WE-0002803,W-102356,CAND-0045386,APP-0047112,REQ-2025-00679,hire,2025-10-13,new_hire,2025-10-14
WE-0002804,W-102357,CAND-0045756,APP-0047508,REQ-2025-00710,hire,2025-10-13,new_hire,2025-10-15
WE-0002805,W-102358,CAND-0045845,APP-0047605,REQ-2025-00451,hire,2025-10-13,new_hire,2025-10-16
WE-0002806,W-102359,CAND-0045957,APP-0047732,REQ-2025-00348,hire,2025-10-13,new_hire,2025-10-13
WE-0002807,W-102360,CAND-0045985,APP-0047761,REQ-2025-00717,hire,2025-10-13,new_hire,2025-10-15
WE-0002808,W-102361,CAND-0046115,APP-0047901,REQ-2025-00724,hire,2025-10-13,new_hire,2025-10-14
WE-0002809,W-102362,CAND-0046183,APP-0047977,REQ-2025-00755,hire,2025-10-13,new_hire,2025-10-14
WE-0002810,W-102363,CAND-0046222,APP-0048020,REQ-2025-00700,hire,2025-10-13,new_hire,2025-10-13
WE-0002811,W-102364,CAND-0046245,APP-0048047,REQ-2025-00750,hire,2025-10-13,new_hire,2025-10-15
WE-0002812,W-102365,CAND-0046481,APP-0048299,REQ-2025-00763,hire,2025-10-13,new_hire,2025-10-15
WE-0002813,W-102366,CAND-0046491,APP-0048310,REQ-2025-00775,hire,2025-10-13,new_hire,2025-10-14
WE-0002814,W-102367,CAND-0046492,APP-0048311,REQ-2025-00775,hire,2025-10-13,new_hire,2025-10-16
WE-0002815,W-102368,CAND-0046557,APP-0048382,REQ-2025-00771,hire,2025-10-13,new_hire,2025-10-14
WE-0002816,W-102369,CAND-0046617,APP-0048448,REQ-2025-00748,hire,2025-10-13,new_hire,2025-10-14
WE-0002817,W-102370,CAND-0046802,APP-0048663,REQ-2025-00499,hire,2025-10-13,new_hire,2025-10-16
WE-0002818,W-102371,CAND-0046910,APP-0048778,REQ-2025-00791,hire,2025-10-13,new_hire,2025-10-14
WE-0002819,W-102372,CAND-0047059,APP-0048941,REQ-2025-00109,hire,2025-10-13,new_hire,2025-10-15
WE-0002820,W-102373,CAND-0047104,APP-0048994,REQ-2025-00775,hire,2025-10-13,new_hire,2025-10-16
WE-0002821,W-102374,CAND-0047374,APP-0049285,REQ-2025-00814,hire,2025-10-13,new_hire,2025-10-15
WE-0002822,W-102375,CAND-0028787,APP-0049472,REQ-2025-00784,hire,2025-10-13,new_hire,2025-10-13
WE-0002823,W-102376,CAND-0047612,APP-0049542,REQ-2025-00814,hire,2025-10-13,new_hire,2025-10-16
WE-0002824,W-102377,CAND-0047651,APP-0049583,REQ-2025-00793,hire,2025-10-13,new_hire,2025-10-15
WE-0002825,W-102378,CAND-0047309,APP-0049640,REQ-2025-00784,hire,2025-10-13,new_hire,2025-10-16
WE-0002826,W-102379,CAND-0047710,APP-0049649,REQ-2025-00804,hire,2025-10-13,new_hire,2025-10-14
WE-0002827,W-102380,CAND-0047737,APP-0049678,REQ-2025-00833,hire,2025-10-13,new_hire,2025-10-14
WE-0002828,W-102381,CAND-0047945,APP-0049903,REQ-2025-00814,hire,2025-10-13,new_hire,2025-10-15
WE-0002829,W-102382,CAND-0047955,APP-0049913,REQ-2025-00832,hire,2025-10-13,new_hire,2025-10-13
WE-0002830,W-102383,CAND-0048317,APP-0050306,REQ-2025-00850,hire,2025-10-13,new_hire,2025-10-14
WE-0002831,W-102384,CAND-0048902,APP-0050941,REQ-2025-00802,hire,2025-10-13,new_hire,2025-10-15
WE-0002832,W-100077,CAND-0004331,APP-0004347,REQ-2024-00306,termination,2025-10-14,involuntary_performance,2025-10-19
WE-0002833,W-100348,CAND-0006951,APP-0006992,REQ-2024-00052,termination,2025-10-14,involuntary_restructuring,2025-10-18
WE-0002834,W-100388,CAND-0008780,APP-0008849,REQ-2024-00432,termination,2025-10-16,involuntary_restructuring,2025-10-19
WE-0002835,W-101304,CAND-0027662,APP-0028329,REQ-2024-01138,termination,2025-10-17,voluntary_resignation,2025-10-17
WE-0002836,W-102140,CAND-0043318,APP-0044882,REQ-2025-00620,termination,2025-10-18,voluntary_resignation,2025-10-19
WE-0002837,W-102175,CAND-0019039,APP-0044974,REQ-2025-00627,termination,2025-10-18,voluntary_resignation,2025-10-19
WE-0002838,W-102228,CAND-0045565,APP-0047302,REQ-2025-00712,termination,2025-10-18,voluntary_resignation,2025-10-23
WE-0002839,W-101666,CAND-0032893,APP-0033800,REQ-2025-00148,termination,2025-10-19,involuntary_performance,2025-10-23
WE-0002840,W-102385,CAND-0045794,APP-0047549,REQ-2025-00637,hire,2025-10-20,new_hire,2025-10-21
WE-0002841,W-102386,CAND-0046161,APP-0047952,REQ-2025-00703,hire,2025-10-20,new_hire,2025-10-20
WE-0002842,W-102387,CAND-0046228,APP-0048027,REQ-2025-00720,hire,2025-10-20,new_hire,2025-10-20
WE-0002843,W-102388,CAND-0046235,APP-0048035,REQ-2025-00729,hire,2025-10-20,new_hire,2025-10-20
WE-0002844,W-102389,CAND-0046320,APP-0048130,REQ-2025-00755,hire,2025-10-20,new_hire,2025-10-21
WE-0002845,W-102390,CAND-0046333,APP-0048145,REQ-2025-00770,hire,2025-10-20,new_hire,2025-10-21
WE-0002846,W-102391,CAND-0046689,APP-0048529,REQ-2025-00748,hire,2025-10-20,new_hire,2025-10-20
WE-0002847,W-102392,CAND-0046778,APP-0048635,REQ-2025-00771,hire,2025-10-20,new_hire,2025-10-21
WE-0002848,W-102393,CAND-0046872,APP-0048737,REQ-2025-00727,hire,2025-10-20,new_hire,2025-10-20
WE-0002849,W-102394,CAND-0046874,APP-0048740,REQ-2025-00742,hire,2025-10-20,new_hire,2025-10-20
WE-0002850,W-102395,CAND-0042211,APP-0048769,REQ-2025-00777,hire,2025-10-20,new_hire,2025-10-23
WE-0002851,W-102396,CAND-0046909,APP-0048777,REQ-2025-00789,hire,2025-10-20,new_hire,2025-10-23
WE-0002852,W-102397,CAND-0046912,APP-0048780,REQ-2024-00695,hire,2025-10-20,new_hire,2025-10-23
WE-0002853,W-102398,CAND-0046975,APP-0048847,REQ-2025-00787,hire,2025-10-20,new_hire,2025-10-23
WE-0002854,W-102399,CAND-0047019,APP-0048895,REQ-2025-00732,hire,2025-10-20,new_hire,2025-10-23
WE-0002855,W-102400,CAND-0047028,APP-0048905,REQ-2025-00755,hire,2025-10-20,new_hire,2025-10-23
WE-0002856,W-102401,CAND-0047120,APP-0049010,REQ-2025-00792,hire,2025-10-20,new_hire,2025-10-21
WE-0002857,W-102401,CAND-0047120,APP-0049010,REQ-2025-00792,hire,2025-10-20,new_hire,2025-10-30
WE-0002858,W-102402,CAND-0047454,APP-0049372,REQ-2025-00405,hire,2025-10-20,new_hire,2025-10-22
WE-0002859,W-102403,CAND-0047500,APP-0049419,REQ-2025-00814,hire,2025-10-20,new_hire,2025-10-22
WE-0002860,W-102404,CAND-0047717,APP-0049657,REQ-2025-00813,hire,2025-10-20,new_hire,2025-10-22
WE-0002861,W-102405,CAND-0047723,APP-0049664,REQ-2025-00816,hire,2025-10-20,new_hire,2025-10-20
WE-0002862,W-102406,CAND-0047807,APP-0049753,REQ-2025-00833,hire,2025-10-20,new_hire,2025-10-22
WE-0002863,W-102407,CAND-0047950,APP-0049908,REQ-2025-00822,hire,2025-10-20,new_hire,2025-10-21
WE-0002864,W-102408,CAND-0048090,APP-0050057,REQ-2025-00814,hire,2025-10-20,new_hire,2025-10-23
WE-0002865,W-102409,CAND-0048106,APP-0050073,REQ-2025-00833,hire,2025-10-20,new_hire,2025-10-23
WE-0002866,W-102410,CAND-0007454,APP-0050074,REQ-2025-00833,hire,2025-10-20,new_hire,2025-10-23
WE-0002867,W-102411,CAND-0048108,APP-0050076,REQ-2025-00835,hire,2025-10-20,new_hire,2025-10-22
WE-0002868,W-102412,CAND-0048507,APP-0050516,REQ-2025-00833,hire,2025-10-20,new_hire,2025-10-20
WE-0002869,W-102413,CAND-0048518,APP-0050527,REQ-2025-00842,hire,2025-10-20,new_hire,2025-10-21
WE-0002870,W-102414,CAND-0048774,APP-0050802,REQ-2025-00872,hire,2025-10-20,new_hire,2025-10-23
WE-0002871,W-102415,CAND-0048997,APP-0051039,REQ-2025-00846,hire,2025-10-20,new_hire,2025-10-21
WE-0002872,W-100348,CAND-0006951,APP-0006992,REQ-2024-00052,termination,2025-10-21,involuntary_restructuring,2025-10-26
WE-0002873,W-101965,CAND-0041340,APP-0042758,REQ-2025-00261,termination,2025-10-21,voluntary_resignation,2025-10-24
WE-0002874,W-102155,CAND-0044383,APP-0046021,REQ-2025-00668,termination,2025-10-21,involuntary_performance,2025-10-22
WE-0002875,W-102337,CAND-0046878,APP-0048744,REQ-2025-00752,termination,2025-10-23,involuntary_performance,2025-10-24
WE-0002876,W-102407,CAND-0047950,APP-0049908,REQ-2025-00822,termination,2025-10-24,involuntary_probation,2025-10-26
WE-0002877,W-101208,CAND-0024378,APP-0024886,REQ-2024-01058,termination,2025-10-25,voluntary_resignation,2025-10-26
WE-0002878,W-102339,CAND-0015242,APP-0048915,REQ-2025-00769,termination,2025-10-25,voluntary_resignation,2025-10-28
WE-0002879,W-100117,CAND-0003566,APP-0003577,REQ-2024-00309,termination,2025-10-27,involuntary_performance,2025-10-29
WE-0002880,W-102223,CAND-0045196,APP-0046909,REQ-2025-00697,termination,2025-10-27,voluntary_resignation,2025-10-28
WE-0002881,W-102272,CAND-0045208,APP-0046921,REQ-2025-00718,termination,2025-10-27,voluntary_resignation,2025-10-31
WE-0002882,W-102416,CAND-0045722,APP-0047471,REQ-2024-00916,hire,2025-10-27,new_hire,2025-10-30
WE-0002883,W-102417,CAND-0045769,APP-0047522,REQ-2025-00734,hire,2025-10-27,new_hire,2025-10-30
WE-0002884,W-102418,CAND-0045909,APP-0047680,REQ-2025-00694,hire,2025-10-27,new_hire,2025-10-28
WE-0002885,W-102419,CAND-0046546,APP-0048371,REQ-2025-00761,hire,2025-10-27,new_hire,2025-10-29
WE-0002886,W-102420,CAND-0046979,APP-0048852,REQ-2025-00791,hire,2025-10-27,new_hire,2025-10-29
WE-0002887,W-102421,CAND-0024075,APP-0048880,REQ-2025-00613,hire,2025-10-27,new_hire,2025-10-29
WE-0002888,W-102422,CAND-0047016,APP-0048892,REQ-2025-00730,hire,2025-10-27,new_hire,2025-10-29
WE-0002889,W-102423,CAND-0047073,APP-0048958,REQ-2025-00576,hire,2025-10-27,new_hire,2025-10-29
WE-0002890,W-102424,CAND-0047152,APP-0049046,REQ-2025-00758,hire,2025-10-27,new_hire,2025-10-28
WE-0002891,W-102425,CAND-0047172,APP-0049066,REQ-2025-00782,hire,2025-10-27,new_hire,2025-10-30
WE-0002892,W-102426,CAND-0047337,APP-0049242,REQ-2025-00701,hire,2025-10-27,new_hire,2025-10-28
WE-0002893,W-102427,CAND-0047367,APP-0049276,REQ-2025-00799,hire,2025-10-27,new_hire,2025-10-27
WE-0002894,W-102428,CAND-0047602,APP-0049531,REQ-2025-00806,hire,2025-10-27,new_hire,2025-10-27
WE-0002895,W-102429,CAND-0047728,APP-0049669,REQ-2025-00824,hire,2025-10-27,new_hire,2025-10-28
WE-0002896,W-102430,CAND-0047809,APP-0049755,REQ-2025-00835,hire,2025-10-27,new_hire,2025-10-29
WE-0002897,W-102431,CAND-0047851,APP-0049802,REQ-2025-00792,hire,2025-10-27,new_hire,2025-10-27
WE-0002898,W-102432,CAND-0047871,APP-0049824,REQ-2025-00831,hire,2025-10-27,new_hire,2025-10-29
WE-0002899,W-102433,CAND-0047978,APP-0049936,REQ-2025-00647,hire,2025-10-27,new_hire,2025-10-30
WE-0002900,W-102434,CAND-0048004,APP-0049966,REQ-2025-00800,hire,2025-10-27,new_hire,2025-10-29
WE-0002901,W-102435,CAND-0048015,APP-0049978,REQ-2025-00809,hire,2025-10-27,new_hire,2025-10-27
WE-0002902,W-102436,CAND-0048142,APP-0050113,REQ-2025-00797,hire,2025-10-27,new_hire,2025-10-27
WE-0002903,W-102437,CAND-0048178,APP-0050151,REQ-2025-00836,hire,2025-10-27,new_hire,2025-10-29
WE-0002904,W-102438,CAND-0048201,APP-0050177,REQ-2025-00437,hire,2025-10-27,new_hire,2025-10-30
WE-0002905,W-102439,CAND-0048311,APP-0050299,REQ-2025-00841,hire,2025-10-27,new_hire,2025-10-27
WE-0002906,W-102440,CAND-0048314,APP-0050302,REQ-2025-00848,hire,2025-10-27,new_hire,2025-10-29
WE-0002907,W-102441,CAND-0048390,APP-0050390,REQ-2024-00364,hire,2025-10-27,new_hire,2025-10-27
WE-0002908,W-102442,CAND-0048458,APP-0050463,REQ-2025-00841,hire,2025-10-27,new_hire,2025-10-30
WE-0002909,W-102443,CAND-0048466,APP-0050472,REQ-2025-00854,hire,2025-10-27,new_hire,2025-10-30
WE-0002910,W-102444,CAND-0048635,APP-0050649,REQ-2025-00676,hire,2025-10-27,new_hire,2025-10-29
WE-0002911,W-102445,CAND-0048758,APP-0050784,REQ-2025-00847,hire,2025-10-27,new_hire,2025-10-28
WE-0002912,W-102446,CAND-0048975,APP-0051016,REQ-2025-00804,hire,2025-10-27,new_hire,2025-10-30
WE-0002913,W-100927,CAND-0019921,APP-0020268,REQ-2024-00895,termination,2025-10-29,voluntary_resignation,2025-10-30
WE-0002914,W-101084,CAND-0019633,APP-0019971,REQ-2024-00870,termination,2025-10-29,involuntary_restructuring,2025-11-01
WE-0002915,W-102111,CAND-0043929,APP-0045538,REQ-2025-00630,termination,2025-10-29,voluntary_resignation,2025-10-30
WE-0002916,W-102279,CAND-0046357,APP-0048169,REQ-2025-00538,termination,2025-10-29,involuntary_probation,2025-11-02
WE-0002917,W-102360,CAND-0045985,APP-0047761,REQ-2025-00717,termination,2025-10-30,voluntary_resignation,2025-11-04
WE-0002918,W-102199,CAND-0042406,APP-0043900,REQ-2025-00552,termination,2025-10-31,voluntary_resignation,2025-11-05
WE-0002919,W-102281,CAND-0046550,APP-0048375,REQ-2025-00765,termination,2025-10-31,involuntary_probation,2025-11-03
WE-0002920,W-102296,CAND-0045808,APP-0047703,REQ-2025-00736,termination,2025-10-31,involuntary_performance,2025-11-03
WE-0002921,W-102309,CAND-0041506,APP-0042938,REQ-2025-00269,termination,2025-10-31,involuntary_performance,2025-11-03
WE-0002922,W-100205,CAND-0003926,APP-0003940,REQ-2024-00271,termination,2025-11-01,voluntary_resignation,2025-11-04
WE-0002923,W-101043,CAND-0019429,APP-0019757,REQ-2024-00345,termination,2025-11-02,voluntary_resignation,2025-11-06
WE-0002924,W-101520,CAND-0030614,APP-0031413,REQ-2024-01199,termination,2025-11-02,voluntary_resignation,2025-11-06
WE-0002925,W-102447,CAND-0044401,APP-0046040,REQ-2024-00929,hire,2025-11-03,new_hire,2025-11-03
WE-0002926,W-102448,CAND-0045816,APP-0047572,REQ-2025-00711,hire,2025-11-03,new_hire,2025-11-06
WE-0002927,W-102449,CAND-0046731,APP-0048576,REQ-2025-00319,hire,2025-11-03,new_hire,2025-11-04
WE-0002928,W-102450,CAND-0046964,APP-0048835,REQ-2025-00773,hire,2025-11-03,new_hire,2025-11-06
WE-0002929,W-102450,CAND-0046964,APP-0048835,REQ-2025-00773,hire,2025-11-03,new_hire,2025-11-07
WE-0002930,W-102451,CAND-0047122,APP-0049012,REQ-2025-00795,hire,2025-11-03,new_hire,2025-11-03
WE-0002931,W-102452,CAND-0047433,APP-0049349,REQ-2025-00811,hire,2025-11-03,new_hire,2025-11-05
WE-0002932,W-102453,CAND-0047538,APP-0049462,REQ-2025-00767,hire,2025-11-03,new_hire,2025-11-06
WE-0002933,W-102454,CAND-0047605,APP-0049534,REQ-2025-00809,hire,2025-11-03,new_hire,2025-11-04
WE-0002934,W-102455,CAND-0047727,APP-0049668,REQ-2025-00823,hire,2025-11-03,new_hire,2025-11-04
WE-0002935,W-102456,CAND-0047786,APP-0049732,REQ-2025-00807,hire,2025-11-03,new_hire,2025-11-06
WE-0002936,W-102457,CAND-0047901,APP-0049855,REQ-2025-00684,hire,2025-11-03,new_hire,2025-11-03
WE-0002937,W-102458,CAND-0048114,APP-0050082,REQ-2025-00841,hire,2025-11-03,new_hire,2025-11-03
WE-0002938,W-102459,CAND-0048128,APP-0050099,REQ-2025-00651,hire,2025-11-03,new_hire,2025-11-04
WE-0002939,W-102460,CAND-0048152,APP-0050124,REQ-2025-00818,hire,2025-11-03,new_hire,2025-11-03
WE-0002940,W-102460,CAND-0048152,APP-0050124,REQ-2025-00818,hire,2025-11-03,new_hire,2025-11-16
WE-0002941,W-102461,CAND-0048154,APP-0050126,REQ-2025-00820,hire,2025-11-03,new_hire,2025-11-04
WE-0002942,W-102462,CAND-0048179,APP-0050152,REQ-2025-00836,hire,2025-11-03,new_hire,2025-11-04
WE-0002943,W-102463,CAND-0048258,APP-0050238,REQ-2025-00855,hire,2025-11-03,new_hire,2025-11-03
WE-0002944,W-102464,CAND-0048332,APP-0050321,REQ-2025-00507,hire,2025-11-03,new_hire,2025-11-05
WE-0002945,W-102465,CAND-0048510,APP-0050519,REQ-2025-00835,hire,2025-11-03,new_hire,2025-11-05
WE-0002946,W-102466,CAND-0048632,APP-0050646,REQ-2025-00605,hire,2025-11-03,new_hire,2025-11-06
WE-0002947,W-102467,CAND-0048719,APP-0050743,REQ-2025-00740,hire,2025-11-03,new_hire,2025-11-05
WE-0002948,W-102468,CAND-0048749,APP-0050775,REQ-2025-00836,hire,2025-11-03,new_hire,2025-11-06
WE-0002949,W-102469,CAND-0048787,APP-0050817,REQ-2025-00270,hire,2025-11-03,new_hire,2025-11-04
WE-0002950,W-102470,CAND-0048943,APP-0050983,REQ-2025-00873,hire,2025-11-03,new_hire,2025-11-06
WE-0002951,W-102471,CAND-0048948,APP-0050988,REQ-2025-00882,hire,2025-11-03,new_hire,2025-11-06
WE-0002952,W-102472,CAND-0049114,APP-0051165,REQ-2025-00873,hire,2025-11-03,new_hire,2025-11-05
WE-0002953,W-102473,CAND-0049119,APP-0051171,REQ-2025-00882,hire,2025-11-03,new_hire,2025-11-06
WE-0002954,W-102474,CAND-0049207,APP-0051266,REQ-2025-00375,hire,2025-11-03,new_hire,2025-11-04
WE-0002955,W-102475,CAND-0049357,APP-0051434,REQ-2025-00836,hire,2025-11-03,new_hire,2025-11-06
WE-0002956,W-102476,CAND-0049553,APP-0051647,REQ-2025-00869,hire,2025-11-03,new_hire,2025-11-05
WE-0002957,W-102477,CAND-0015466,APP-0051828,REQ-2025-00854,hire,2025-11-03,new_hire,2025-11-05
WE-0002958,W-101123,CAND-0024613,APP-0025130,REQ-2024-00917,termination,2025-11-06,voluntary_resignation,2025-11-08
WE-0002959,W-101586,CAND-0032512,APP-0033403,REQ-2025-00160,termination,2025-11-06,voluntary_resignation,2025-11-11
WE-0002960,W-100093,CAND-0001567,APP-0001569,REQ-2024-00008,termination,2025-11-07,involuntary_performance,2025-11-10
WE-0002961,W-100751,CAND-0015577,APP-0015805,REQ-2024-00725,termination,2025-11-08,involuntary_performance,2025-11-10
WE-0002962,W-102188,CAND-0044617,APP-0046280,REQ-2025-00675,termination,2025-11-10,involuntary_performance,2025-11-12
WE-0002963,W-102478,CAND-0046033,APP-0047812,REQ-2025-00586,hire,2025-11-10,new_hire,2025-11-12
WE-0002964,W-102479,CAND-0046330,APP-0048141,REQ-2025-00766,hire,2025-11-10,new_hire,2025-11-10
WE-0002965,W-102479,CAND-0046330,APP-0048141,REQ-2025-00766,hire,2025-11-10,new_hire,2025-11-15
WE-0002966,W-102480,CAND-0047190,APP-0049086,REQ-2025-00240,hire,2025-11-10,new_hire,2025-11-12
WE-0002967,W-102481,CAND-0047886,APP-0049839,REQ-2025-00080,hire,2025-11-10,new_hire,2025-11-13
WE-0002968,W-102482,CAND-0047954,APP-0049912,REQ-2025-00827,hire,2025-11-10,new_hire,2025-11-12
WE-0002969,W-102482,CAND-0047954,APP-0049912,REQ-2025-00827,hire,2025-11-10,new_hire,2025-11-15
WE-0002970,W-102483,CAND-0047977,APP-0049935,REQ-2025-00610,hire,2025-11-10,new_hire,2025-11-10
WE-0002971,W-102484,CAND-0048111,APP-0050079,REQ-2025-00838,hire,2025-11-10,new_hire,2025-11-12
WE-0002972,W-102485,CAND-0009437,APP-0050095,REQ-2025-00360,hire,2025-11-10,new_hire,2025-11-12
WE-0002973,W-102486,CAND-0048153,APP-0050125,REQ-2025-00820,hire,2025-11-10,new_hire,2025-11-13
WE-0002974,W-102487,CAND-0048294,APP-0050278,REQ-2025-00815,hire,2025-11-10,new_hire,2025-11-12
WE-0002975,W-102488,CAND-0048331,APP-0050320,REQ-2025-00493,hire,2025-11-10,new_hire,2025-11-11
WE-0002976,W-102489,CAND-0048367,APP-0050364,REQ-2025-00833,hire,2025-11-10,new_hire,2025-11-13
WE-0002977,W-102490,CAND-0048521,APP-0050530,REQ-2025-00847,hire,2025-11-10,new_hire,2025-11-11
WE-0002978,W-102491,CAND-0048560,APP-0050570,REQ-2025-00726,hire,2025-11-10,new_hire,2025-11-10
WE-0002979,W-102492,CAND-0048915,APP-0050955,REQ-2025-00835,hire,2025-11-10,new_hire,2025-11-10
WE-0002980,W-102493,CAND-0048934,APP-0050974,REQ-2025-00863,hire,2025-11-10,new_hire,2025-11-13
WE-0002981,W-102494,CAND-0049212,APP-0051272,REQ-2025-00634,hire,2025-11-10,new_hire,2025-11-11
WE-0002982,W-102495,CAND-0049235,APP-0051299,REQ-2025-00848,hire,2025-11-10,new_hire,2025-11-10
WE-0002983,W-102496,CAND-0049370,APP-0051449,REQ-2025-00866,hire,2025-11-10,new_hire,2025-11-11
WE-0002984,W-102497,CAND-0049407,APP-0051489,REQ-2025-00907,hire,2025-11-10,new_hire,2025-11-13
WE-0002985,W-102498,CAND-0049411,APP-0051493,REQ-2025-00911,hire,2025-11-10,new_hire,2025-11-12
WE-0002986,W-102499,CAND-0049485,APP-0051572,REQ-2025-00902,hire,2025-11-10,new_hire,2025-11-13
WE-0002987,W-102500,CAND-0049540,APP-0051633,REQ-2025-00854,hire,2025-11-10,new_hire,2025-11-11
WE-0002988,W-102501,CAND-0049617,APP-0051712,REQ-2025-00635,hire,2025-11-10,new_hire,2025-11-11
WE-0002989,W-102502,CAND-0049992,APP-0052124,REQ-2025-00936,hire,2025-11-10,new_hire,2025-11-12
WE-0002990,W-102503,CAND-0050030,APP-0052164,REQ-2025-00842,hire,2025-11-10,new_hire,2025-11-10
WE-0002991,W-102504,CAND-0050175,APP-0052329,REQ-2025-00882,hire,2025-11-10,new_hire,2025-11-12
WE-0002992,W-102505,CAND-0050176,APP-0052330,REQ-2025-00882,hire,2025-11-10,new_hire,2025-11-12
WE-0002993,W-100578,CAND-0010673,APP-0010772,REQ-2024-00470,termination,2025-11-11,involuntary_performance,2025-11-12
WE-0002994,W-102291,CAND-0045296,APP-0047016,REQ-2024-01076,termination,2025-11-13,voluntary_resignation,2025-11-14
WE-0002995,W-102394,CAND-0046874,APP-0048740,REQ-2025-00742,termination,2025-11-13,voluntary_resignation,2025-11-13
WE-0002996,W-102461,CAND-0048154,APP-0050126,REQ-2025-00820,termination,2025-11-13,voluntary_resignation,2025-11-16
WE-0002997,W-101880,CAND-0040417,APP-0041784,REQ-2025-00432,termination,2025-11-15,involuntary_restructuring,2025-11-19
WE-0002998,W-102381,CAND-0047945,APP-0049903,REQ-2025-00814,termination,2025-11-15,voluntary_resignation,2025-11-18
WE-0002999,W-101630,CAND-0035396,APP-0036445,REQ-2025-00220,termination,2025-11-16,voluntary_resignation,2025-11-21
WE-0003000,W-102324,CAND-0046099,APP-0047883,REQ-2025-00626,termination,2025-11-17,involuntary_probation,2025-11-18
WE-0003001,W-102506,CAND-0046422,APP-0048237,REQ-2025-00266,hire,2025-11-17,new_hire,2025-11-17
WE-0003002,W-102507,CAND-0046580,APP-0048408,REQ-2024-01037,hire,2025-11-17,new_hire,2025-11-19
WE-0003003,W-102508,CAND-0046860,APP-0048724,REQ-2025-00281,hire,2025-11-17,new_hire,2025-11-17
WE-0003004,W-102509,CAND-0048260,APP-0050240,REQ-2024-00050,hire,2025-11-17,new_hire,2025-11-19
WE-0003005,W-102510,CAND-0048261,APP-0050242,REQ-2024-00373,hire,2025-11-17,new_hire,2025-11-17
WE-0003006,W-102511,CAND-0048772,APP-0050799,REQ-2025-00870,hire,2025-11-17,new_hire,2025-11-17
WE-0003007,W-102512,CAND-0049037,APP-0051079,REQ-2025-00886,hire,2025-11-17,new_hire,2025-11-17
WE-0003008,W-102513,CAND-0049214,APP-0051274,REQ-2025-00672,hire,2025-11-17,new_hire,2025-11-20
WE-0003009,W-102514,CAND-0043305,APP-0051373,REQ-2025-00868,hire,2025-11-17,new_hire,2025-11-18
WE-0003010,W-102515,CAND-0021366,APP-0051385,REQ-2025-00882,hire,2025-11-17,new_hire,2025-11-17
WE-0003011,W-102516,CAND-0003505,APP-0051425,REQ-2025-00820,hire,2025-11-17,new_hire,2025-11-17
WE-0003012,W-102517,CAND-0049474,APP-0051561,REQ-2025-00890,hire,2025-11-17,new_hire,2025-11-18
WE-0003013,W-102518,CAND-0049556,APP-0051650,REQ-2025-00870,hire,2025-11-17,new_hire,2025-11-19
WE-0003014,W-102519,CAND-0049616,APP-0051711,REQ-2025-00614,hire,2025-11-17,new_hire,2025-11-18
WE-0003015,W-102520,CAND-0049698,APP-0051803,REQ-2025-00727,hire,2025-11-17,new_hire,2025-11-18
WE-0003016,W-102521,CAND-0050034,APP-0052168,REQ-2025-00868,hire,2025-11-17,new_hire,2025-11-18
WE-0003017,W-102522,CAND-0011903,APP-0052202,REQ-2025-00911,hire,2025-11-17,new_hire,2025-11-18
WE-0003018,W-102523,CAND-0050230,APP-0052391,REQ-2025-00791,hire,2025-11-17,new_hire,2025-11-17
WE-0003019,W-102524,CAND-0050347,APP-0052514,REQ-2025-00907,hire,2025-11-17,new_hire,2025-11-17
WE-0003020,W-102525,CAND-0050381,APP-0052555,REQ-2025-00569,hire,2025-11-17,new_hire,2025-11-17
WE-0003021,W-102526,CAND-0050391,APP-0052567,REQ-2025-00848,hire,2025-11-17,new_hire,2025-11-20
WE-0003022,W-102527,CAND-0050518,APP-0052717,REQ-2025-00963,hire,2025-11-17,new_hire,2025-11-17
WE-0003023,W-102528,CAND-0050590,APP-0052794,REQ-2025-00947,hire,2025-11-17,new_hire,2025-11-18
WE-0003024,W-102529,CAND-0051581,APP-0053889,REQ-2025-00988,hire,2025-11-17,new_hire,2025-11-19
WE-0003025,W-101618,CAND-0033033,APP-0033947,REQ-2024-00492,termination,2025-11-20,involuntary_restructuring,2025-11-25
WE-0003026,W-102486,CAND-0048153,APP-0050125,REQ-2025-00820,termination,2025-11-20,voluntary_resignation,2025-11-22
WE-0003027,W-102475,CAND-0049357,APP-0051434,REQ-2025-00836,termination,2025-11-21,voluntary_resignation,2025-11-22
WE-0003028,W-102530,CAND-0046575,APP-0048403,REQ-2024-00518,hire,2025-11-24,new_hire,2025-11-25
WE-0003029,W-102531,CAND-0047130,APP-0049023,REQ-2024-00078,hire,2025-11-24,new_hire,2025-11-25
WE-0003030,W-102532,CAND-0047884,APP-0049837,REQ-2025-00039,hire,2025-11-24,new_hire,2025-11-24
WE-0003031,W-102533,CAND-0048539,APP-0050549,REQ-2024-00753,hire,2025-11-24,new_hire,2025-11-27
WE-0003032,W-102534,CAND-0048771,APP-0050798,REQ-2025-00870,hire,2025-11-24,new_hire,2025-11-26
WE-0003033,W-102535,CAND-0049018,APP-0051060,REQ-2025-00871,hire,2025-11-24,new_hire,2025-11-27
WE-0003034,W-102536,CAND-0049163,APP-0051217,REQ-2025-00844,hire,2025-11-24,new_hire,2025-11-26
WE-0003035,W-102537,CAND-0037457,APP-0051369,REQ-2025-00860,hire,2025-11-24,new_hire,2025-11-25
WE-0003036,W-102538,CAND-0049401,APP-0051482,REQ-2025-00898,hire,2025-11-24,new_hire,2025-11-24
WE-0003037,W-102539,CAND-0049549,APP-0051643,REQ-2025-00868,hire,2025-11-24,new_hire,2025-11-26
WE-0003038,W-102540,CAND-0007710,APP-0051733,REQ-2025-00839,hire,2025-11-24,new_hire,2025-11-25
WE-0003039,W-102541,CAND-0049666,APP-0051765,REQ-2025-00886,hire,2025-11-24,new_hire,2025-11-24
WE-0003040,W-102542,CAND-0049927,APP-0052054,REQ-2025-00922,hire,2025-11-24,new_hire,2025-11-24
WE-0003041,W-102543,CAND-0050017,APP-0052151,REQ-2025-00691,hire,2025-11-24,new_hire,2025-11-26
WE-0003042,W-102544,CAND-0050018,APP-0052152,REQ-2025-00746,hire,2025-11-24,new_hire,2025-11-26
WE-0003043,W-102545,CAND-0050151,APP-0052300,REQ-2025-00949,hire,2025-11-24,new_hire,2025-11-27
WE-0003044,W-102546,CAND-0050222,APP-0052382,REQ-2025-00464,hire,2025-11-24,new_hire,2025-11-25
WE-0003045,W-102547,CAND-0050318,APP-0052483,REQ-2025-00829,hire,2025-11-24,new_hire,2025-11-27
WE-0003046,W-102547,CAND-0050318,APP-0052483,REQ-2025-00829,hire,2025-11-24,new_hire,2025-12-10
WE-0003047,W-102548,CAND-0050377,APP-0052550,REQ-2025-00277,hire,2025-11-24,new_hire,2025-11-24
WE-0003048,W-102549,CAND-0050400,APP-0052578,REQ-2025-00882,hire,2025-11-24,new_hire,2025-11-26
WE-0003049,W-102550,CAND-0015665,APP-0052640,REQ-2025-00764,hire,2025-11-24,new_hire,2025-11-26
WE-0003050,W-102551,CAND-0050481,APP-0052673,REQ-2025-00905,hire,2025-11-24,new_hire,2025-11-25
WE-0003051,W-102552,CAND-0050502,APP-0052697,REQ-2025-00939,hire,2025-11-24,new_hire,2025-11-27
WE-0003052,W-102553,CAND-0050655,APP-0052864,REQ-2025-00949,hire,2025-11-24,new_hire,2025-11-27
WE-0003053,W-102554,CAND-0050666,APP-0052879,REQ-2025-00972,hire,2025-11-24,new_hire,2025-11-25
WE-0003054,W-102555,CAND-0050716,APP-0052933,REQ-2025-00947,hire,2025-11-24,new_hire,2025-11-24
WE-0003055,W-102556,CAND-0050740,APP-0052958,REQ-2025-00968,hire,2025-11-24,new_hire,2025-11-24
WE-0003056,W-102557,CAND-0050741,APP-0052959,REQ-2025-00968,hire,2025-11-24,new_hire,2025-11-27
WE-0003057,W-102558,CAND-0050925,APP-0053159,REQ-2025-00928,hire,2025-11-24,new_hire,2025-11-25
WE-0003058,W-102559,CAND-0051050,APP-0053304,REQ-2025-00937,hire,2025-11-24,new_hire,2025-11-26
WE-0003059,W-100329,CAND-0007383,APP-0007432,REQ-2024-00208,termination,2025-11-25,involuntary_restructuring,2025-11-28
WE-0003060,W-102436,CAND-0048142,APP-0050113,REQ-2025-00797,termination,2025-11-25,voluntary_resignation,2025-11-28
WE-0003061,W-102475,CAND-0049357,APP-0051434,REQ-2025-00836,termination,2025-11-27,voluntary_resignation,2025-11-29
WE-0003062,W-100620,CAND-0012005,APP-0012136,REQ-2024-00554,termination,2025-11-28,involuntary_restructuring,2025-11-30
WE-0003063,W-102470,CAND-0048943,APP-0050983,REQ-2025-00873,termination,2025-11-29,voluntary_resignation,2025-11-30
WE-0003064,W-102515,CAND-0021366,APP-0051385,REQ-2025-00882,termination,2025-11-29,involuntary_probation,2025-11-30
WE-0003065,W-101321,CAND-0028408,APP-0029110,REQ-2024-00983,termination,2025-11-30,involuntary_performance,2025-12-03
WE-0003066,W-102224,CAND-0045200,APP-0046913,REQ-2025-00705,termination,2025-12-01,voluntary_resignation,2025-12-05
WE-0003067,W-102411,CAND-0048108,APP-0050076,REQ-2025-00835,termination,2025-12-01,voluntary_resignation,2025-12-01
WE-0003068,W-102560,CAND-0044452,APP-0046096,REQ-2025-00656,hire,2025-12-01,new_hire,2025-12-02
WE-0003069,W-102561,CAND-0046583,APP-0048411,REQ-2025-00107,hire,2025-12-01,new_hire,2025-12-01
WE-0003070,W-102561,CAND-0046583,APP-0048411,REQ-2025-00107,hire,2025-12-01,new_hire,2025-12-10
WE-0003071,W-102562,CAND-0046991,APP-0048864,REQ-2025-00012,hire,2025-12-01,new_hire,2025-12-03
WE-0003072,W-102563,CAND-0048502,APP-0050511,REQ-2025-00826,hire,2025-12-01,new_hire,2025-12-01
WE-0003073,W-102564,CAND-0030900,APP-0050716,REQ-2025-00884,hire,2025-12-01,new_hire,2025-12-01
WE-0003074,W-102565,CAND-0049335,APP-0051409,REQ-2025-00212,hire,2025-12-01,new_hire,2025-12-03
WE-0003075,W-102566,CAND-0049599,APP-0051693,REQ-2025-00921,hire,2025-12-01,new_hire,2025-12-02
WE-0003076,W-102567,CAND-0049649,APP-0051747,REQ-2025-00870,hire,2025-12-01,new_hire,2025-12-03
WE-0003077,W-102568,CAND-0049749,APP-0051859,REQ-2025-00886,hire,2025-12-01,new_hire,2025-12-03
WE-0003078,W-102569,CAND-0049919,APP-0052046,REQ-2025-00898,hire,2025-12-01,new_hire,2025-12-03
WE-0003079,W-102570,CAND-0038246,APP-0052170,REQ-2025-00870,hire,2025-12-01,new_hire,2025-12-04
WE-0003080,W-102571,CAND-0050120,APP-0052267,REQ-2025-00876,hire,2025-12-01,new_hire,2025-12-01
WE-0003081,W-102572,CAND-0050169,APP-0052322,REQ-2025-00852,hire,2025-12-01,new_hire,2025-12-01
WE-0003082,W-102573,CAND-0050313,APP-0052478,REQ-2025-00768,hire,2025-12-01,new_hire,2025-12-03
WE-0003083,W-102574,CAND-0050360,APP-0052529,REQ-2025-00932,hire,2025-12-01,new_hire,2025-12-03
WE-0003084,W-102575,CAND-0050460,APP-0052652,REQ-2025-00854,hire,2025-12-01,new_hire,2025-12-01
WE-0003085,W-102576,CAND-0050514,APP-0052713,REQ-2025-00953,hire,2025-12-01,new_hire,2025-12-02
WE-0003086,W-102577,CAND-0050560,APP-0052761,REQ-2025-00898,hire,2025-12-01,new_hire,2025-12-03
WE-0003087,W-102578,CAND-0050592,APP-0052796,REQ-2025-00952,hire,2025-12-01,new_hire,2025-12-04
WE-0003088,W-102579,CAND-0050662,APP-0052874,REQ-2025-00965,hire,2025-12-01,new_hire,2025-12-02
WE-0003089,W-102580,CAND-0050733,APP-0052951,REQ-2025-00963,hire,2025-12-01,new_hire,2025-12-02
WE-0003090,W-102581,CAND-0050877,APP-0053108,REQ-2025-00963,hire,2025-12-01,new_hire,2025-12-04
WE-0003091,W-102582,CAND-0050969,APP-0053210,REQ-2025-00817,hire,2025-12-01,new_hire,2025-12-01
WE-0003092,W-102583,CAND-0022990,APP-0053326,REQ-2025-00968,hire,2025-12-01,new_hire,2025-12-01
WE-0003093,W-102584,CAND-0051089,APP-0053345,REQ-2025-00997,hire,2025-12-01,new_hire,2025-12-01
WE-0003094,W-102585,CAND-0051107,APP-0053363,REQ-2025-00819,hire,2025-12-01,new_hire,2025-12-04
WE-0003095,W-102586,CAND-0051152,APP-0053414,REQ-2025-00972,hire,2025-12-01,new_hire,2025-12-03
WE-0003096,W-102587,CAND-0051418,APP-0053702,REQ-2025-00988,hire,2025-12-01,new_hire,2025-12-04
WE-0003097,W-102588,CAND-0051638,APP-0053953,REQ-2025-00947,hire,2025-12-01,new_hire,2025-12-04
WE-0003098,W-102589,CAND-0051747,APP-0054072,REQ-2025-00983,hire,2025-12-01,new_hire,2025-12-01
WE-0003099,W-102590,CAND-0051877,APP-0054216,REQ-2025-00504,hire,2025-12-01,new_hire,2025-12-01
WE-0003100,W-102591,CAND-0051943,APP-0054285,REQ-2025-01013,hire,2025-12-01,new_hire,2025-12-02
WE-0003101,W-102592,CAND-0025204,APP-0054767,REQ-2024-01064,hire,2025-12-01,new_hire,2025-12-02
WE-0003102,W-102451,CAND-0047122,APP-0049012,REQ-2025-00795,termination,2025-12-03,voluntary_resignation,2025-12-08
WE-0003103,W-101307,CAND-0028303,APP-0029001,REQ-2024-01220,termination,2025-12-04,involuntary_performance,2025-12-05
WE-0003104,W-101438,CAND-0029566,APP-0030320,REQ-2024-00452,termination,2025-12-04,involuntary_restructuring,2025-12-08
WE-0003105,W-102379,CAND-0047710,APP-0049649,REQ-2025-00804,termination,2025-12-04,voluntary_resignation,2025-12-07
WE-0003106,W-102366,CAND-0046491,APP-0048310,REQ-2025-00775,termination,2025-12-05,voluntary_resignation,2025-12-05
WE-0003107,W-102455,CAND-0047727,APP-0049668,REQ-2025-00823,termination,2025-12-05,involuntary_performance,2025-12-09
WE-0003108,W-102491,CAND-0048560,APP-0050570,REQ-2025-00726,termination,2025-12-06,involuntary_performance,2025-12-07
WE-0003109,W-100734,CAND-0016071,APP-0016309,REQ-2024-00749,termination,2025-12-07,voluntary_resignation,2025-12-11
WE-0003110,W-102514,CAND-0043305,APP-0051373,REQ-2025-00868,termination,2025-12-08,involuntary_probation,2025-12-09
WE-0003111,W-102593,CAND-0048085,APP-0050050,REQ-2025-00810,hire,2025-12-08,new_hire,2025-12-11
WE-0003112,W-102594,CAND-0049126,APP-0051178,REQ-2025-00893,hire,2025-12-08,new_hire,2025-12-11
WE-0003113,W-102595,CAND-0020458,APP-0051249,REQ-2025-00895,hire,2025-12-08,new_hire,2025-12-08
WE-0003114,W-102596,CAND-0049274,APP-0051339,REQ-2025-00282,hire,2025-12-08,new_hire,2025-12-10
WE-0003115,W-102597,CAND-0049625,APP-0051720,REQ-2025-00805,hire,2025-12-08,new_hire,2025-12-08
WE-0003116,W-102598,CAND-0049667,APP-0051766,REQ-2025-00886,hire,2025-12-08,new_hire,2025-12-11
WE-0003117,W-102599,CAND-0049925,APP-0052052,REQ-2025-00916,hire,2025-12-08,new_hire,2025-12-08
WE-0003118,W-102600,CAND-0049987,APP-0052119,REQ-2025-00924,hire,2025-12-08,new_hire,2025-12-11
WE-0003119,W-102601,CAND-0049999,APP-0052132,REQ-2024-01224,hire,2025-12-08,new_hire,2025-12-08
WE-0003120,W-102602,CAND-0050238,APP-0052400,REQ-2025-00857,hire,2025-12-08,new_hire,2025-12-10
WE-0003121,W-102603,CAND-0050285,APP-0052449,REQ-2025-00946,hire,2025-12-08,new_hire,2025-12-09
WE-0003122,W-102604,CAND-0050432,APP-0052618,REQ-2025-00953,hire,2025-12-08,new_hire,2025-12-08
WE-0003123,W-102605,CAND-0050663,APP-0052876,REQ-2025-00966,hire,2025-12-08,new_hire,2025-12-10
WE-0003124,W-102606,CAND-0051193,APP-0053456,REQ-2025-00704,hire,2025-12-08,new_hire,2025-12-10
WE-0003125,W-102607,CAND-0051209,APP-0053473,REQ-2025-00907,hire,2025-12-08,new_hire,2025-12-09
WE-0003126,W-102608,CAND-0045268,APP-0053626,REQ-2025-00996,hire,2025-12-08,new_hire,2025-12-10
WE-0003127,W-102609,CAND-0051371,APP-0053651,REQ-2025-00646,hire,2025-12-08,new_hire,2025-12-08
WE-0003128,W-102610,CAND-0051586,APP-0053894,REQ-2025-00990,hire,2025-12-08,new_hire,2025-12-10
WE-0003129,W-102611,CAND-0051592,APP-0053900,REQ-2025-00996,hire,2025-12-08,new_hire,2025-12-08
WE-0003130,W-102612,CAND-0051610,APP-0053921,REQ-2025-00089,hire,2025-12-08,new_hire,2025-12-09
WE-0003131,W-102613,CAND-0051667,APP-0053986,REQ-2025-00986,hire,2025-12-08,new_hire,2025-12-08
WE-0003132,W-102614,CAND-0051671,APP-0053990,REQ-2025-00989,hire,2025-12-08,new_hire,2025-12-08
WE-0003133,W-102615,CAND-0052017,APP-0054361,REQ-2025-00997,hire,2025-12-08,new_hire,2025-12-08
WE-0003134,W-102616,CAND-0052274,APP-0054643,REQ-2025-01008,hire,2025-12-08,new_hire,2025-12-11
WE-0003135,W-102617,CAND-0052345,APP-0054718,REQ-2025-00986,hire,2025-12-08,new_hire,2025-12-08
WE-0003136,W-102005,CAND-0041312,APP-0042729,REQ-2025-00546,termination,2025-12-09,voluntary_resignation,2025-12-12
WE-0003137,W-102128,CAND-0042299,APP-0043787,REQ-2025-00458,termination,2025-12-09,involuntary_restructuring,2025-12-10
WE-0003138,W-100796,CAND-0016110,APP-0016351,REQ-2024-00713,termination,2025-12-12,involuntary_restructuring,2025-12-13
WE-0003139,W-102046,CAND-0042877,APP-0044413,REQ-2025-00608,termination,2025-12-12,involuntary_performance,2025-12-16
WE-0003140,W-102435,CAND-0048015,APP-0049978,REQ-2025-00809,termination,2025-12-13,voluntary_resignation,2025-12-14
WE-0003141,W-101452,CAND-0031823,APP-0032677,REQ-2025-00139,termination,2025-12-14,involuntary_restructuring,2025-12-14
WE-0003142,W-101710,CAND-0036285,APP-0037385,REQ-2024-01048,termination,2025-12-14,voluntary_resignation,2025-12-18
WE-0003143,W-102520,CAND-0049698,APP-0051803,REQ-2025-00727,termination,2025-12-14,voluntary_resignation,2025-12-19
WE-0003144,W-101871,CAND-0039474,APP-0040785,REQ-2025-00112,termination,2025-12-15,voluntary_resignation,2025-12-16
WE-0003145,W-102618,CAND-0049750,APP-0051860,REQ-2025-00886,hire,2025-12-15,new_hire,2025-12-18
WE-0003146,W-102619,CAND-0050040,APP-0052176,REQ-2025-00880,hire,2025-12-15,new_hire,2025-12-17
WE-0003147,W-102620,CAND-0050228,APP-0052389,REQ-2025-00753,hire,2025-12-15,new_hire,2025-12-18
WE-0003148,W-102621,CAND-0050286,APP-0052450,REQ-2025-00946,hire,2025-12-15,new_hire,2025-12-16
WE-0003149,W-102622,CAND-0050461,APP-0052653,REQ-2025-00858,hire,2025-12-15,new_hire,2025-12-15
WE-0003150,W-102623,CAND-0050823,APP-0053047,REQ-2025-00969,hire,2025-12-15,new_hire,2025-12-16
WE-0003151,W-102624,CAND-0050904,APP-0053138,REQ-2025-00713,hire,2025-12-15,new_hire,2025-12-18
WE-0003152,W-102625,CAND-0050953,APP-0053191,REQ-2025-00981,hire,2025-12-15,new_hire,2025-12-18
WE-0003153,W-102626,CAND-0050960,APP-0053198,REQ-2025-00986,hire,2025-12-15,new_hire,2025-12-18
WE-0003154,W-102627,CAND-0051167,APP-0053429,REQ-2025-00992,hire,2025-12-15,new_hire,2025-12-16
WE-0003155,W-102628,CAND-0051236,APP-0053502,REQ-2025-00981,hire,2025-12-15,new_hire,2025-12-17
WE-0003156,W-102629,CAND-0051311,APP-0053582,REQ-2025-00949,hire,2025-12-15,new_hire,2025-12-18
WE-0003157,W-102630,CAND-0051421,APP-0053705,REQ-2025-00989,hire,2025-12-15,new_hire,2025-12-16
WE-0003158,W-102631,CAND-0051432,APP-0053716,REQ-2025-00998,hire,2025-12-15,new_hire,2025-12-17
WE-0003159,W-102632,CAND-0051519,APP-0053816,REQ-2025-01012,hire,2025-12-15,new_hire,2025-12-16
WE-0003160,W-102633,CAND-0051676,APP-0053995,REQ-2025-00995,hire,2025-12-15,new_hire,2025-12-15
WE-0003161,W-102634,CAND-0051779,APP-0054108,REQ-2025-01031,hire,2025-12-15,new_hire,2025-12-18
WE-0003162,W-102635,CAND-0051784,APP-0054114,REQ-2025-00116,hire,2025-12-15,new_hire,2025-12-18
WE-0003163,W-102636,CAND-0008528,APP-0054137,REQ-2025-00948,hire,2025-12-15,new_hire,2025-12-15
WE-0003164,W-102637,CAND-0051818,APP-0054151,REQ-2025-00977,hire,2025-12-15,new_hire,2025-12-18
WE-0003165,W-102638,CAND-0052090,APP-0054442,REQ-2025-01008,hire,2025-12-15,new_hire,2025-12-17
WE-0003166,W-102639,CAND-0052177,APP-0054535,REQ-2025-01002,hire,2025-12-15,new_hire,2025-12-16
WE-0003167,W-102640,CAND-0006840,APP-0054663,REQ-2025-01033,hire,2025-12-15,new_hire,2025-12-17
WE-0003168,W-102641,CAND-0052421,APP-0054803,REQ-2025-00967,hire,2025-12-15,new_hire,2025-12-16
WE-0003169,W-102642,CAND-0052518,APP-0054906,REQ-2025-00995,hire,2025-12-15,new_hire,2025-12-17
WE-0003170,W-102643,CAND-0052544,APP-0054933,REQ-2025-01025,hire,2025-12-15,new_hire,2025-12-16
WE-0003171,W-102644,CAND-0052742,APP-0055153,REQ-2025-01048,hire,2025-12-15,new_hire,2025-12-18
WE-0003172,W-102645,CAND-0053183,APP-0055633,REQ-2025-01076,hire,2025-12-15,new_hire,2025-12-18
WE-0003173,W-102646,CAND-0053528,APP-0056008,REQ-2025-01077,hire,2025-12-15,new_hire,2025-12-17
WE-0003174,W-102647,CAND-0053529,APP-0056009,REQ-2025-01077,hire,2025-12-15,new_hire,2025-12-17
WE-0003175,W-101246,CAND-0026287,APP-0026884,REQ-2024-01159,termination,2025-12-16,voluntary_resignation,2025-12-17
WE-0003176,W-101549,CAND-0031744,APP-0032597,REQ-2024-01194,termination,2025-12-16,involuntary_restructuring,2025-12-16
WE-0003177,W-100498,CAND-0010822,APP-0010925,REQ-2024-00536,termination,2025-12-17,voluntary_resignation,2025-12-19
WE-0003178,W-102556,CAND-0050740,APP-0052958,REQ-2025-00968,termination,2025-12-18,voluntary_resignation,2025-12-19
WE-0003179,W-102585,CAND-0051107,APP-0053363,REQ-2025-00819,termination,2025-12-19,voluntary_resignation,2025-12-22
WE-0003180,W-102178,CAND-0043773,APP-0045369,REQ-2025-00618,termination,2025-12-20,voluntary_resignation,2025-12-21
WE-0003181,W-102418,CAND-0045909,APP-0047680,REQ-2025-00694,termination,2025-12-20,involuntary_probation,2025-12-22
WE-0003182,W-102512,CAND-0049037,APP-0051079,REQ-2025-00886,termination,2025-12-21,voluntary_resignation,2025-12-22
WE-0003183,W-102629,CAND-0051311,APP-0053582,REQ-2025-00949,termination,2025-12-21,voluntary_resignation,2025-12-24
WE-0003184,W-102607,CAND-0051209,APP-0053473,REQ-2025-00907,termination,2025-12-22,involuntary_probation,2025-12-25
WE-0003185,W-102648,CAND-0048205,APP-0050181,REQ-2025-00652,hire,2025-12-22,new_hire,2025-12-22
WE-0003186,W-102649,CAND-0048628,APP-0050642,REQ-2025-00541,hire,2025-12-22,new_hire,2025-12-22
WE-0003187,W-102650,CAND-0048894,APP-0050933,REQ-2025-00702,hire,2025-12-22,new_hire,2025-12-25
WE-0003188,W-102651,CAND-0049511,APP-0051601,REQ-2025-00602,hire,2025-12-22,new_hire,2025-12-24
WE-0003189,W-102652,CAND-0049994,APP-0052126,REQ-2025-00941,hire,2025-12-22,new_hire,2025-12-22
WE-0003190,W-102653,CAND-0050429,APP-0052615,REQ-2025-00951,hire,2025-12-22,new_hire,2025-12-22
WE-0003191,W-102654,CAND-0050861,APP-0053092,REQ-2025-00943,hire,2025-12-22,new_hire,2025-12-23
WE-0003192,W-102655,CAND-0051198,APP-0053461,REQ-2025-00865,hire,2025-12-22,new_hire,2025-12-22
WE-0003193,W-102656,CAND-0051219,APP-0053484,REQ-2025-00944,hire,2025-12-22,new_hire,2025-12-25
WE-0003194,W-102657,CAND-0051231,APP-0053497,REQ-2025-00980,hire,2025-12-22,new_hire,2025-12-24
WE-0003195,W-102658,CAND-0051459,APP-0053746,REQ-2025-00845,hire,2025-12-22,new_hire,2025-12-22
WE-0003196,W-102659,CAND-0051518,APP-0053815,REQ-2025-01011,hire,2025-12-22,new_hire,2025-12-24
WE-0003197,W-102660,CAND-0051585,APP-0053893,REQ-2025-00990,hire,2025-12-22,new_hire,2025-12-25
WE-0003198,W-102661,CAND-0051695,APP-0054014,REQ-2025-01015,hire,2025-12-22,new_hire,2025-12-22
WE-0003199,W-102662,CAND-0051743,APP-0054068,REQ-2025-00972,hire,2025-12-22,new_hire,2025-12-25
WE-0003200,W-102663,CAND-0051790,APP-0054120,REQ-2025-00657,hire,2025-12-22,new_hire,2025-12-22
WE-0003201,W-102664,CAND-0052070,APP-0054418,REQ-2025-00966,hire,2025-12-22,new_hire,2025-12-22
WE-0003202,W-102665,CAND-0052200,APP-0054559,REQ-2025-01034,hire,2025-12-22,new_hire,2025-12-24
WE-0003203,W-102666,CAND-0052219,APP-0054580,REQ-2025-00839,hire,2025-12-22,new_hire,2025-12-22
WE-0003204,W-102667,CAND-0052261,APP-0054627,REQ-2025-00991,hire,2025-12-22,new_hire,2025-12-24
WE-0003205,W-102668,CAND-0052359,APP-0054733,REQ-2025-01002,hire,2025-12-22,new_hire,2025-12-25
WE-0003206,W-102668,CAND-0052359,APP-0054733,REQ-2025-01002,hire,2025-12-22,new_hire,2026-01-08
WE-0003207,W-102669,CAND-0052612,APP-0055009,REQ-2025-00989,hire,2025-12-22,new_hire,2025-12-22
WE-0003208,W-102670,CAND-0052622,APP-0055020,REQ-2025-01013,hire,2025-12-22,new_hire,2025-12-23
WE-0003209,W-102671,CAND-0052636,APP-0055036,REQ-2025-01042,hire,2025-12-22,new_hire,2025-12-23
WE-0003210,W-102672,CAND-0052712,APP-0055118,REQ-2025-01002,hire,2025-12-22,new_hire,2025-12-22
WE-0003211,W-102673,CAND-0052760,APP-0055173,REQ-2025-00829,hire,2025-12-22,new_hire,2025-12-23
WE-0003212,W-102674,CAND-0052808,APP-0055222,REQ-2025-01008,hire,2025-12-22,new_hire,2025-12-23
WE-0003213,W-102675,CAND-0053109,APP-0055552,REQ-2025-00570,hire,2025-12-22,new_hire,2025-12-23
WE-0003214,W-102676,CAND-0053114,APP-0055557,REQ-2025-00786,hire,2025-12-22,new_hire,2025-12-25
WE-0003215,W-102677,CAND-0053298,APP-0055754,REQ-2025-01081,hire,2025-12-22,new_hire,2025-12-25
WE-0003216,W-102678,CAND-0053416,APP-0055882,REQ-2025-01041,hire,2025-12-22,new_hire,2025-12-25
WE-0003217,W-102679,CAND-0040458,APP-0056005,REQ-2025-01076,hire,2025-12-22,new_hire,2025-12-25
WE-0003218,W-102680,CAND-0043482,APP-0056282,REQ-2025-01091,hire,2025-12-22,new_hire,2025-12-25
WE-0003219,W-102681,CAND-0054097,APP-0056618,REQ-2025-01082,hire,2025-12-22,new_hire,2025-12-24
WE-0003220,W-102682,CAND-0054251,APP-0056797,REQ-2025-01114,hire,2025-12-22,new_hire,2025-12-23
WE-0003221,W-100071,CAND-0003143,APP-0003152,REQ-2024-00325,termination,2025-12-23,involuntary_performance,2025-12-28
WE-0003222,W-102217,CAND-0044740,APP-0046412,REQ-2025-00659,termination,2025-12-23,voluntary_resignation,2025-12-27
WE-0003223,W-102597,CAND-0049625,APP-0051720,REQ-2025-00805,termination,2025-12-23,involuntary_performance,2025-12-25
WE-0003224,W-102464,CAND-0048332,APP-0050321,REQ-2025-00507,termination,2025-12-25,voluntary_resignation,2025-12-25
WE-0003225,W-101612,CAND-0032470,APP-0033361,REQ-2025-00096,termination,2025-12-26,voluntary_resignation,2025-12-29
WE-0003226,W-101414,CAND-0030118,APP-0030898,REQ-2025-00062,termination,2025-12-27,involuntary_performance,2026-01-01
WE-0003227,W-102234,CAND-0023625,APP-0046258,REQ-2025-00650,termination,2025-12-27,involuntary_performance,2025-12-27
WE-0003228,W-102683,CAND-0050182,APP-0052337,REQ-2025-00901,hire,2025-12-29,new_hire,2025-12-29
WE-0003229,W-102684,CAND-0050802,APP-0053023,REQ-2025-00935,hire,2025-12-29,new_hire,2025-12-31
WE-0003230,W-102685,CAND-0050983,APP-0053226,REQ-2025-00909,hire,2025-12-29,new_hire,2025-12-30
WE-0003231,W-102686,CAND-0051059,APP-0053313,REQ-2025-00954,hire,2025-12-29,new_hire,2025-12-30
WE-0003232,W-102687,CAND-0051188,APP-0053451,REQ-2025-00512,hire,2025-12-29,new_hire,2026-01-01
WE-0003233,W-102688,CAND-0051223,APP-0053489,REQ-2025-00953,hire,2025-12-29,new_hire,2026-01-01
WE-0003234,W-102689,CAND-0051465,APP-0053753,REQ-2025-00900,hire,2025-12-29,new_hire,2025-12-29
WE-0003235,W-102690,CAND-0051766,APP-0054092,REQ-2025-01003,hire,2025-12-29,new_hire,2025-12-30
WE-0003236,W-102691,CAND-0023995,APP-0054107,REQ-2025-01027,hire,2025-12-29,new_hire,2025-12-31
WE-0003237,W-102692,CAND-0051853,APP-0054188,REQ-2025-01009,hire,2025-12-29,new_hire,2025-12-30
WE-0003238,W-102693,CAND-0052138,APP-0054494,REQ-2025-00948,hire,2025-12-29,new_hire,2025-12-29
WE-0003239,W-102694,CAND-0052229,APP-0054590,REQ-2025-00929,hire,2025-12-29,new_hire,2025-12-31
WE-0003240,W-102695,CAND-0052310,APP-0054682,REQ-2025-00744,hire,2025-12-29,new_hire,2025-12-29
WE-0003241,W-102696,CAND-0052481,APP-0054866,REQ-2025-00680,hire,2025-12-29,new_hire,2025-12-30
WE-0003242,W-102697,CAND-0052645,APP-0055045,REQ-2025-01048,hire,2025-12-29,new_hire,2025-12-29
WE-0003243,W-102698,CAND-0052785,APP-0055199,REQ-2025-00984,hire,2025-12-29,new_hire,2025-12-29
WE-0003244,W-102699,CAND-0052802,APP-0055216,REQ-2025-01006,hire,2025-12-29,new_hire,2025-12-30
WE-0003245,W-102700,CAND-0052837,APP-0055255,REQ-2025-01054,hire,2025-12-29,new_hire,2025-12-30
WE-0003246,W-102701,CAND-0052840,APP-0055259,REQ-2025-01065,hire,2025-12-29,new_hire,2026-01-01
WE-0003247,W-102702,CAND-0052878,APP-0055303,REQ-2025-01008,hire,2025-12-29,new_hire,2026-01-01
WE-0003248,W-102703,CAND-0052964,APP-0055396,REQ-2025-01016,hire,2025-12-29,new_hire,2025-12-29
WE-0003249,W-102704,CAND-0002399,APP-0055831,REQ-2025-01077,hire,2025-12-29,new_hire,2026-01-01
WE-0003250,W-102705,CAND-0053407,APP-0055870,REQ-2025-01016,hire,2025-12-29,new_hire,2025-12-29
WE-0003251,W-102706,CAND-0053447,APP-0055920,REQ-2025-01081,hire,2025-12-29,new_hire,2025-12-29
WE-0003252,W-102707,CAND-0053563,APP-0056048,REQ-2025-00983,hire,2025-12-29,new_hire,2026-01-01
WE-0003253,W-102708,CAND-0053604,APP-0056091,REQ-2025-01065,hire,2025-12-29,new_hire,2025-12-29
WE-0003254,W-102709,CAND-0053629,APP-0056116,REQ-2025-00537,hire,2025-12-29,new_hire,2025-12-31
WE-0003255,W-102710,CAND-0053841,APP-0056343,REQ-2025-01064,hire,2025-12-29,new_hire,2025-12-29
WE-0003256,W-102711,CAND-0054090,APP-0056611,REQ-2025-01076,hire,2025-12-29,new_hire,2026-01-01
WE-0003257,W-102712,CAND-0054238,APP-0056781,REQ-2025-01085,hire,2025-12-29,new_hire,2026-01-01
WE-0003258,W-102713,CAND-0054397,APP-0056962,REQ-2025-01114,hire,2025-12-29,new_hire,2025-12-30
WE-0003259,W-102714,CAND-0054531,APP-0057110,REQ-2025-01107,hire,2025-12-29,new_hire,2025-12-31
WE-0003260,W-102715,CAND-0054777,APP-0057378,REQ-2025-01114,hire,2025-12-29,new_hire,2025-12-29
WE-0003261,W-102716,CAND-0054847,APP-0057457,REQ-2025-01115,hire,2025-12-29,new_hire,2025-12-31
WE-0003262,W-101374,CAND-0029447,APP-0030197,REQ-2025-00001,termination,2025-12-30,voluntary_resignation,2026-01-04
WE-0003263,W-102572,CAND-0050169,APP-0052322,REQ-2025-00852,termination,2025-12-31,voluntary_resignation,2026-01-03
WE-0003264,W-101280,CAND-0000351,APP-0027999,REQ-2024-01140,termination,2026-01-01,involuntary_performance,2026-01-06
WE-0003265,W-100418,CAND-0008796,APP-0008865,REQ-2024-00450,termination,2026-01-03,involuntary_performance,2026-01-08
WE-0003266,W-100671,CAND-0013747,APP-0013913,REQ-2024-00624,termination,2026-01-03,voluntary_resignation,2026-01-04
WE-0003267,W-101656,CAND-0035255,APP-0036294,REQ-2025-00284,termination,2026-01-03,voluntary_resignation,2026-01-08
WE-0003268,W-102604,CAND-0050432,APP-0052618,REQ-2025-00953,termination,2026-01-03,involuntary_probation,2026-01-07
WE-0003269,W-102717,CAND-0049764,APP-0051874,REQ-2025-00903,hire,2026-01-05,new_hire,2026-01-08
WE-0003270,W-102718,CAND-0049998,APP-0052131,REQ-2024-01172,hire,2026-01-05,new_hire,2026-01-05
WE-0003271,W-102719,CAND-0050154,APP-0052305,REQ-2025-00396,hire,2026-01-05,new_hire,2026-01-05
WE-0003272,W-102720,CAND-0007329,APP-0052324,REQ-2025-00856,hire,2026-01-05,new_hire,2026-01-06
WE-0003273,W-102721,CAND-0050487,APP-0052679,REQ-2025-00909,hire,2026-01-05,new_hire,2026-01-08
WE-0003274,W-102722,CAND-0039268,APP-0052785,REQ-2025-00938,hire,2026-01-05,new_hire,2026-01-06
WE-0003275,W-102723,CAND-0051296,APP-0053566,REQ-2025-00918,hire,2026-01-05,new_hire,2026-01-07
WE-0003276,W-102724,CAND-0031260,APP-0054190,REQ-2025-01010,hire,2026-01-05,new_hire,2026-01-06
WE-0003277,W-102725,CAND-0052013,APP-0054357,REQ-2025-00995,hire,2026-01-05,new_hire,2026-01-08
WE-0003278,W-102726,CAND-0052471,APP-0054856,REQ-2024-00182,hire,2026-01-05,new_hire,2026-01-08
WE-0003279,W-102727,CAND-0052624,APP-0055022,REQ-2025-01014,hire,2026-01-05,new_hire,2026-01-05
WE-0003280,W-102728,CAND-0052726,APP-0055135,REQ-2025-01030,hire,2026-01-05,new_hire,2026-01-06
WE-0003281,W-102729,CAND-0052907,APP-0055334,REQ-2025-01064,hire,2026-01-05,new_hire,2026-01-08
WE-0003282,W-102730,CAND-0053296,APP-0055752,REQ-2025-01081,hire,2026-01-05,new_hire,2026-01-07
WE-0003283,W-102731,CAND-0053554,APP-0056038,REQ-2025-00591,hire,2026-01-05,new_hire,2026-01-07
WE-0003284,W-102732,CAND-0053618,APP-0056105,REQ-2025-01086,hire,2026-01-05,new_hire,2026-01-08
WE-0003285,W-102733,CAND-0053685,APP-0056176,REQ-2025-01081,hire,2026-01-05,new_hire,2026-01-08
WE-0003286,W-102734,CAND-0053712,APP-0056204,REQ-2025-00785,hire,2026-01-05,new_hire,2026-01-06
WE-0003287,W-102735,CAND-0053745,APP-0056238,REQ-2025-01031,hire,2026-01-05,new_hire,2026-01-05
WE-0003288,W-102736,CAND-0053918,APP-0056425,REQ-2025-01064,hire,2026-01-05,new_hire,2026-01-08
WE-0003289,W-102737,CAND-0053963,APP-0056471,REQ-2025-00790,hire,2026-01-05,new_hire,2026-01-08
WE-0003290,W-102738,CAND-0054015,APP-0056528,REQ-2025-01081,hire,2026-01-05,new_hire,2026-01-08
WE-0003291,W-102739,CAND-0054040,APP-0056555,REQ-2025-00706,hire,2026-01-05,new_hire,2026-01-07
WE-0003292,W-102740,CAND-0054070,APP-0056589,REQ-2025-01031,hire,2026-01-05,new_hire,2026-01-08
WE-0003293,W-102741,CAND-0054168,APP-0056700,REQ-2025-01082,hire,2026-01-05,new_hire,2026-01-05
WE-0003294,W-102742,CAND-0054400,APP-0056965,REQ-2025-01115,hire,2026-01-05,new_hire,2026-01-06
WE-0003295,W-102743,CAND-0054468,APP-0057045,REQ-2025-01114,hire,2026-01-05,new_hire,2026-01-07
WE-0003296,W-102744,CAND-0054756,APP-0057357,REQ-2025-01107,hire,2026-01-05,new_hire,2026-01-05
WE-0003297,W-102745,CAND-0018563,APP-0058122,REQ-2025-01114,hire,2026-01-05,new_hire,2026-01-07
WE-0003298,W-101398,CAND-0029257,APP-0030000,REQ-2025-00037,termination,2026-01-06,voluntary_resignation,2026-01-11
WE-0003299,W-102595,CAND-0020458,APP-0051249,REQ-2025-00895,termination,2026-01-09,voluntary_resignation,2026-01-10
WE-0003300,W-100084,CAND-0000792,APP-0000792,REQ-2024-00034,termination,2026-01-10,voluntary_resignation,2026-01-11
WE-0003301,W-100408,CAND-0009771,APP-0009851,REQ-2024-00489,termination,2026-01-10,voluntary_resignation,2026-01-11
WE-0003302,W-100835,CAND-0017965,APP-0018253,REQ-2024-00730,termination,2026-01-11,involuntary_performance,2026-01-15
WE-0003303,W-101368,CAND-0028489,APP-0029195,REQ-2024-01152,termination,2026-01-11,involuntary_restructuring,2026-01-13
WE-0003304,W-102613,CAND-0051667,APP-0053986,REQ-2025-00986,termination,2026-01-11,voluntary_resignation,2026-01-14
WE-0003305,W-102746,CAND-0051027,APP-0053279,REQ-2025-00370,hire,2026-01-12,new_hire,2026-01-14
WE-0003306,W-102747,CAND-0051483,APP-0053772,REQ-2025-00956,hire,2026-01-12,new_hire,2026-01-12
WE-0003307,W-102748,CAND-0051708,APP-0054028,REQ-2025-00355,hire,2026-01-12,new_hire,2026-01-13
WE-0003308,W-102749,CAND-0051873,APP-0054212,REQ-2025-00257,hire,2026-01-12,new_hire,2026-01-13
WE-0003309,W-102750,CAND-0052410,APP-0054791,REQ-2025-00887,hire,2026-01-12,new_hire,2026-01-15
WE-0003310,W-102751,CAND-0052414,APP-0054796,REQ-2025-00919,hire,2026-01-12,new_hire,2026-01-13
WE-0003311,W-102752,CAND-0052419,APP-0054801,REQ-2025-00959,hire,2026-01-12,new_hire,2026-01-13
WE-0003312,W-102753,CAND-0052762,APP-0055175,REQ-2025-00837,hire,2026-01-12,new_hire,2026-01-14
WE-0003313,W-102754,CAND-0052969,APP-0055402,REQ-2025-01029,hire,2026-01-12,new_hire,2026-01-14
WE-0003314,W-102755,CAND-0053096,APP-0055539,REQ-2025-01072,hire,2026-01-12,new_hire,2026-01-15
WE-0003315,W-102756,CAND-0053224,APP-0055677,REQ-2025-00966,hire,2026-01-12,new_hire,2026-01-12
WE-0003316,W-102757,CAND-0053272,APP-0055727,REQ-2025-01054,hire,2026-01-12,new_hire,2026-01-15
WE-0003317,W-102758,CAND-0053384,APP-0055846,REQ-2025-00638,hire,2026-01-12,new_hire,2026-01-15
WE-0003318,W-102759,CAND-0053432,APP-0055901,REQ-2025-01055,hire,2026-01-12,new_hire,2026-01-12
WE-0003319,W-102760,CAND-0025961,APP-0056299,REQ-2025-00759,hire,2026-01-12,new_hire,2026-01-14
WE-0003320,W-102761,CAND-0054031,APP-0056546,REQ-2025-00377,hire,2026-01-12,new_hire,2026-01-15
WE-0003321,W-102762,CAND-0054054,APP-0056571,REQ-2025-00935,hire,2026-01-12,new_hire,2026-01-14
WE-0003322,W-102763,CAND-0054150,APP-0056678,REQ-2025-01058,hire,2026-01-12,new_hire,2026-01-13
WE-0003323,W-102764,CAND-0052134,APP-0056815,REQ-2025-00937,hire,2026-01-12,new_hire,2026-01-14
WE-0003324,W-102765,CAND-0054632,APP-0057221,REQ-2025-01121,hire,2026-01-12,new_hire,2026-01-12
WE-0003325,W-102766,CAND-0054683,APP-0057274,REQ-2025-01107,hire,2026-01-12,new_hire,2026-01-13
WE-0003326,W-102767,CAND-0054839,APP-0057449,REQ-2025-01109,hire,2026-01-12,new_hire,2026-01-15
WE-0003327,W-102767,CAND-0054839,APP-0057449,REQ-2025-01109,hire,2026-01-12,new_hire,2026-01-19
WE-0003328,W-102768,CAND-0054856,APP-0057467,REQ-2025-01125,hire,2026-01-12,new_hire,2026-01-15
WE-0003329,W-102769,CAND-0054953,APP-0057574,REQ-2025-00997,hire,2026-01-12,new_hire,2026-01-12
WE-0003330,W-102770,CAND-0033830,APP-0057868,REQ-2025-01143,hire,2026-01-12,new_hire,2026-01-14
WE-0003331,W-102771,CAND-0055288,APP-0057939,REQ-2025-01114,hire,2026-01-12,new_hire,2026-01-13
WE-0003332,W-102772,CAND-0055289,APP-0057940,REQ-2025-01115,hire,2026-01-12,new_hire,2026-01-14
WE-0003333,W-102773,CAND-0055881,APP-0058580,REQ-2025-01114,hire,2026-01-12,new_hire,2026-01-14
WE-0003334,W-101404,CAND-0024796,APP-0030260,REQ-2024-01209,termination,2026-01-15,voluntary_resignation,2026-01-20
WE-0003335,W-100455,CAND-0010536,APP-0010635,REQ-2024-00184,termination,2026-01-17,voluntary_resignation,2026-01-21
WE-0003336,W-102545,CAND-0050151,APP-0052300,REQ-2025-00949,termination,2026-01-17,voluntary_resignation,2026-01-19
WE-0003337,W-101099,CAND-0023380,APP-0023842,REQ-2024-01021,termination,2026-01-18,involuntary_performance,2026-01-23
WE-0003338,W-102496,CAND-0049370,APP-0051449,REQ-2025-00866,termination,2026-01-18,involuntary_performance,2026-01-19
WE-0003339,W-101300,CAND-0026988,APP-0027620,REQ-2024-00527,termination,2026-01-19,involuntary_restructuring,2026-01-21
WE-0003340,W-102617,CAND-0052345,APP-0054718,REQ-2025-00986,termination,2026-01-19,involuntary_probation,2026-01-23
WE-0003341,W-102635,CAND-0051784,APP-0054114,REQ-2025-00116,termination,2026-01-19,voluntary_resignation,2026-01-22
WE-0003342,W-102774,CAND-0050256,APP-0052418,REQ-2025-00896,hire,2026-01-19,new_hire,2026-01-19
WE-0003343,W-102775,CAND-0051948,APP-0054290,REQ-2025-01023,hire,2026-01-19,new_hire,2026-01-20
WE-0003344,W-102776,CAND-0052045,APP-0054392,REQ-2025-00828,hire,2026-01-19,new_hire,2026-01-20
WE-0003345,W-102777,CAND-0052377,APP-0054754,REQ-2025-01038,hire,2026-01-19,new_hire,2026-01-20
WE-0003346,W-102778,CAND-0052557,APP-0054947,REQ-2025-01042,hire,2026-01-19,new_hire,2026-01-19
WE-0003347,W-102779,CAND-0052739,APP-0055150,REQ-2025-01047,hire,2026-01-19,new_hire,2026-01-19
WE-0003348,W-102780,CAND-0052825,APP-0055240,REQ-2025-01032,hire,2026-01-19,new_hire,2026-01-19
WE-0003349,W-102781,CAND-0052930,APP-0055359,REQ-2025-00829,hire,2026-01-19,new_hire,2026-01-21
WE-0003350,W-102782,CAND-0053202,APP-0055654,REQ-2025-00706,hire,2026-01-19,new_hire,2026-01-21
WE-0003351,W-102783,CAND-0053237,APP-0055691,REQ-2025-01000,hire,2026-01-19,new_hire,2026-01-19
WE-0003352,W-102784,CAND-0053999,APP-0056509,REQ-2025-01059,hire,2026-01-19,new_hire,2026-01-20
WE-0003353,W-102785,CAND-0054105,APP-0056627,REQ-2025-01101,hire,2026-01-19,new_hire,2026-01-21
WE-0003354,W-102786,CAND-0054283,APP-0056832,REQ-2025-01049,hire,2026-01-19,new_hire,2026-01-20
WE-0003355,W-102787,CAND-0054444,APP-0057017,REQ-2025-01095,hire,2026-01-19,new_hire,2026-01-21
WE-0003356,W-102788,CAND-0054451,APP-0057027,REQ-2025-01108,hire,2026-01-19,new_hire,2026-01-19
WE-0003357,W-102789,CAND-0054709,APP-0057304,REQ-2025-01128,hire,2026-01-19,new_hire,2026-01-19
WE-0003358,W-102790,CAND-0054789,APP-0057391,REQ-2025-01125,hire,2026-01-19,new_hire,2026-01-19
WE-0003359,W-102791,CAND-0008071,APP-0057417,REQ-2025-00981,hire,2026-01-19,new_hire,2026-01-19
WE-0003360,W-102792,CAND-0054920,APP-0057537,REQ-2025-01119,hire,2026-01-19,new_hire,2026-01-22
WE-0003361,W-102793,CAND-0055464,APP-0058129,REQ-2025-01125,hire,2026-01-19,new_hire,2026-01-22
WE-0003362,W-102793,CAND-0055464,APP-0058129,REQ-2025-01125,hire,2026-01-19,new_hire,2026-01-30
WE-0003363,W-102794,CAND-0055566,APP-0058240,REQ-2025-01147,hire,2026-01-19,new_hire,2026-01-19
WE-0003364,W-102795,CAND-0055589,APP-0058263,REQ-2025-01166,hire,2026-01-19,new_hire,2026-01-21
WE-0003365,W-102796,CAND-0055590,APP-0058264,REQ-2025-01166,hire,2026-01-19,new_hire,2026-01-22
WE-0003366,W-102797,CAND-0055616,APP-0058290,REQ-2025-00984,hire,2026-01-19,new_hire,2026-01-21
WE-0003367,W-102798,CAND-0033850,APP-0059121,REQ-2025-01042,hire,2026-01-19,new_hire,2026-01-20
WE-0003368,W-101129,CAND-0023772,APP-0024252,REQ-2024-01063,termination,2026-01-20,involuntary_performance,2026-01-21
WE-0003369,W-100081,CAND-0000522,APP-0000522,REQ-2024-00123,termination,2026-01-21,involuntary_performance,2026-01-22
WE-0003370,W-101129,CAND-0023772,APP-0024252,REQ-2024-01063,termination,2026-01-21,involuntary_performance,2026-01-23
WE-0003371,W-102617,CAND-0052345,APP-0054718,REQ-2025-00986,termination,2026-01-22,involuntary_probation,2026-01-27
WE-0003372,W-100609,CAND-0012742,APP-0012893,REQ-2024-00603,termination,2026-01-26,involuntary_performance,2026-01-28
WE-0003373,W-101736,CAND-0035323,APP-0036370,REQ-2025-00229,termination,2026-01-26,involuntary_restructuring,2026-01-29
WE-0003374,W-102618,CAND-0049750,APP-0051860,REQ-2025-00886,termination,2026-01-26,voluntary_resignation,2026-01-30
WE-0003375,W-102646,CAND-0053528,APP-0056008,REQ-2025-01077,termination,2026-01-26,involuntary_performance,2026-01-27
WE-0003376,W-102709,CAND-0053629,APP-0056116,REQ-2025-00537,termination,2026-01-26,voluntary_resignation,2026-01-28
WE-0003377,W-102799,CAND-0052026,APP-0054371,REQ-2025-01022,hire,2026-01-26,new_hire,2026-01-26
WE-0003378,W-102800,CAND-0037060,APP-0055123,REQ-2025-01004,hire,2026-01-26,new_hire,2026-01-28
WE-0003379,W-102801,CAND-0053239,APP-0055694,REQ-2025-01002,hire,2026-01-26,new_hire,2026-01-28
WE-0003380,W-102802,CAND-0053297,APP-0055753,REQ-2025-01081,hire,2026-01-26,new_hire,2026-01-28
WE-0003381,W-102803,CAND-0053624,APP-0056111,REQ-2024-00444,hire,2026-01-26,new_hire,2026-01-28
WE-0003382,W-102804,CAND-0053704,APP-0056196,REQ-2025-00465,hire,2026-01-26,new_hire,2026-01-26
WE-0003383,W-102805,CAND-0053725,APP-0056217,REQ-2025-00920,hire,2026-01-26,new_hire,2026-01-28
WE-0003384,W-102806,CAND-0053887,APP-0056393,REQ-2025-00938,hire,2026-01-26,new_hire,2026-01-27
WE-0003385,W-102807,CAND-0054051,APP-0056568,REQ-2025-00924,hire,2026-01-26,new_hire,2026-01-27
WE-0003386,W-102808,CAND-0054452,APP-0057028,REQ-2025-01108,hire,2026-01-26,new_hire,2026-01-26
WE-0003387,W-102809,CAND-0054889,APP-0057504,REQ-2025-01056,hire,2026-01-26,new_hire,2026-01-27
WE-0003388,W-102810,CAND-0054890,APP-0057506,REQ-2025-01064,hire,2026-01-26,new_hire,2026-01-29
WE-0003389,W-102811,CAND-0054998,APP-0057624,REQ-2025-01125,hire,2026-01-26,new_hire,2026-01-27
WE-0003390,W-102812,CAND-0055382,APP-0058039,REQ-2025-01125,hire,2026-01-26,new_hire,2026-01-26
WE-0003391,W-102813,CAND-0055453,APP-0058116,REQ-2025-01108,hire,2026-01-26,new_hire,2026-01-27
WE-0003392,W-102814,CAND-0055467,APP-0058132,REQ-2025-01128,hire,2026-01-26,new_hire,2026-01-26
WE-0003393,W-102815,CAND-0055710,APP-0058393,REQ-2025-01108,hire,2026-01-26,new_hire,2026-01-27
WE-0003394,W-102816,CAND-0055789,APP-0058481,REQ-2025-01112,hire,2026-01-26,new_hire,2026-01-29
WE-0003395,W-102817,CAND-0055805,APP-0058498,REQ-2025-01141,hire,2026-01-26,new_hire,2026-01-29
WE-0003396,W-102818,CAND-0055841,APP-0058537,REQ-2024-01007,hire,2026-01-26,new_hire,2026-01-28
WE-0003397,W-102819,CAND-0056676,APP-0059458,REQ-2025-01195,hire,2026-01-26,new_hire,2026-01-29
WE-0003398,W-102820,CAND-0057534,APP-0060404,REQ-2025-01235,hire,2026-01-26,new_hire,2026-01-26
WE-0003399,W-102620,CAND-0050228,APP-0052389,REQ-2025-00753,termination,2026-01-28,voluntary_resignation,2026-01-31
WE-0003400,W-102468,CAND-0048749,APP-0050775,REQ-2025-00836,termination,2026-01-29,voluntary_resignation,2026-02-02
WE-0003401,W-100159,CAND-0003278,APP-0003288,REQ-2024-00224,termination,2026-01-30,voluntary_resignation,2026-02-04
WE-0003402,W-101225,CAND-0026701,APP-0027321,REQ-2024-01159,termination,2026-01-30,involuntary_performance,2026-01-31
WE-0003403,W-101320,CAND-0028325,APP-0029025,REQ-2025-00006,termination,2026-01-30,involuntary_performance,2026-02-03
WE-0003404,W-102681,CAND-0054097,APP-0056618,REQ-2025-01082,termination,2026-01-31,involuntary_probation,2026-02-02
WE-0003405,W-102821,CAND-0039863,APP-0053086,REQ-2025-00926,hire,2026-02-02,new_hire,2026-02-03
WE-0003406,W-102822,CAND-0052604,APP-0055000,REQ-2025-00976,hire,2026-02-02,new_hire,2026-02-02
WE-0003407,W-102823,CAND-0053711,APP-0056203,REQ-2025-00741,hire,2026-02-02,new_hire,2026-02-05
WE-0003408,W-102824,CAND-0053759,APP-0056252,REQ-2025-01058,hire,2026-02-02,new_hire,2026-02-05
WE-0003409,W-102825,CAND-0053903,APP-0056409,REQ-2025-01035,hire,2026-02-02,new_hire,2026-02-05
WE-0003410,W-102826,CAND-0054165,APP-0056696,REQ-2025-01080,hire,2026-02-02,new_hire,2026-02-02
WE-0003411,W-102827,CAND-0030002,APP-0057021,REQ-2025-01102,hire,2026-02-02,new_hire,2026-02-02
WE-0003412,W-102828,CAND-0030926,APP-0057396,REQ-2025-01132,hire,2026-02-02,new_hire,2026-02-04
WE-0003413,W-102829,CAND-0054878,APP-0057490,REQ-2025-00888,hire,2026-02-02,new_hire,2026-02-04
WE-0003414,W-102830,CAND-0055189,APP-0057837,REQ-2025-01106,hire,2026-02-02,new_hire,2026-02-03
WE-0003415,W-102831,CAND-0055246,APP-0057897,REQ-2025-00917,hire,2026-02-02,new_hire,2026-02-04
WE-0003416,W-102832,CAND-0055280,APP-0057931,REQ-2025-01104,hire,2026-02-02,new_hire,2026-02-03
WE-0003417,W-102833,CAND-0055315,APP-0057966,REQ-2025-01146,hire,2026-02-02,new_hire,2026-02-02
WE-0003418,W-102834,CAND-0055379,APP-0058036,REQ-2025-01117,hire,2026-02-02,new_hire,2026-02-05
WE-0003419,W-102835,CAND-0055472,APP-0058137,REQ-2025-01137,hire,2026-02-02,new_hire,2026-02-03
WE-0003420,W-102836,CAND-0055475,APP-0058140,REQ-2025-01141,hire,2026-02-02,new_hire,2026-02-04
WE-0003421,W-102837,CAND-0055573,APP-0058247,REQ-2025-01158,hire,2026-02-02,new_hire,2026-02-05
WE-0003422,W-102838,CAND-0055627,APP-0058302,REQ-2025-01068,hire,2026-02-02,new_hire,2026-02-02
WE-0003423,W-102839,CAND-0045133,APP-0058335,REQ-2025-01136,hire,2026-02-02,new_hire,2026-02-04
WE-0003424,W-102840,CAND-0055798,APP-0058491,REQ-2025-01128,hire,2026-02-02,new_hire,2026-02-02
WE-0003425,W-102841,CAND-0055828,APP-0058523,REQ-2025-01160,hire,2026-02-02,new_hire,2026-02-05
WE-0003426,W-102842,CAND-0055948,APP-0058650,REQ-2025-00852,hire,2026-02-02,new_hire,2026-02-02
WE-0003427,W-102843,CAND-0055990,APP-0058698,REQ-2025-01155,hire,2026-02-02,new_hire,2026-02-04
WE-0003428,W-102844,CAND-0056069,APP-0058787,REQ-2025-01160,hire,2026-02-02,new_hire,2026-02-04
WE-0003429,W-102845,CAND-0056198,APP-0058924,REQ-2025-01053,hire,2026-02-02,new_hire,2026-02-04
WE-0003430,W-102846,CAND-0056884,APP-0059689,REQ-2025-01146,hire,2026-02-02,new_hire,2026-02-04
WE-0003431,W-102847,CAND-0057014,APP-0059831,REQ-2025-01223,hire,2026-02-02,new_hire,2026-02-04
WE-0003432,W-102848,CAND-0057097,APP-0059920,REQ-2025-01223,hire,2026-02-02,new_hire,2026-02-04
WE-0003433,W-102849,CAND-0018403,APP-0060198,REQ-2025-01223,hire,2026-02-02,new_hire,2026-02-04
WE-0003434,W-102850,CAND-0057608,APP-0060492,REQ-2025-01223,hire,2026-02-02,new_hire,2026-02-04
WE-0003435,W-101111,CAND-0023087,APP-0023540,REQ-2024-00298,termination,2026-02-03,involuntary_performance,2026-02-05
WE-0003436,W-100839,CAND-0015139,APP-0015355,REQ-2024-00665,termination,2026-02-04,voluntary_resignation,2026-02-05
WE-0003437,W-100571,CAND-0012387,APP-0012531,REQ-2024-00569,termination,2026-02-06,voluntary_resignation,2026-02-08
WE-0003438,W-102781,CAND-0052930,APP-0055359,REQ-2025-00829,termination,2026-02-06,voluntary_resignation,2026-02-07
WE-0003439,W-101772,CAND-0036274,APP-0037373,REQ-2025-00335,termination,2026-02-07,voluntary_resignation,2026-02-10
WE-0003440,W-101616,CAND-0032827,APP-0033732,REQ-2025-00178,termination,2026-02-08,involuntary_restructuring,2026-02-11
WE-0003441,W-102588,CAND-0051638,APP-0053953,REQ-2025-00947,termination,2026-02-08,involuntary_restructuring,2026-02-10
WE-0003442,W-102634,CAND-0051779,APP-0054108,REQ-2025-01031,termination,2026-02-09,involuntary_performance,2026-02-11
WE-0003443,W-102784,CAND-0053999,APP-0056509,REQ-2025-01059,termination,2026-02-09,involuntary_performance,2026-02-10
WE-0003444,W-102851,CAND-0051317,APP-0053589,REQ-2025-00957,hire,2026-02-09,new_hire,2026-02-12
WE-0003445,W-102852,CAND-0052300,APP-0054671,REQ-2025-01046,hire,2026-02-09,new_hire,2026-02-11
WE-0003446,W-102853,CAND-0052981,APP-0055414,REQ-2025-01044,hire,2026-02-09,new_hire,2026-02-12
WE-0003447,W-102854,CAND-0054411,APP-0056978,REQ-2025-00700,hire,2026-02-09,new_hire,2026-02-12
WE-0003448,W-102855,CAND-0054440,APP-0057012,REQ-2025-01086,hire,2026-02-09,new_hire,2026-02-11
WE-0003449,W-102856,CAND-0054828,APP-0057437,REQ-2025-01088,hire,2026-02-09,new_hire,2026-02-12
WE-0003450,W-102857,CAND-0054861,APP-0057473,REQ-2025-01133,hire,2026-02-09,new_hire,2026-02-11
WE-0003451,W-102858,CAND-0054879,APP-0057491,REQ-2025-00889,hire,2026-02-09,new_hire,2026-02-09
WE-0003452,W-102859,CAND-0055078,APP-0057715,REQ-2025-00855,hire,2026-02-09,new_hire,2026-02-10
WE-0003453,W-102860,CAND-0029109,APP-0058107,REQ-2025-01089,hire,2026-02-09,new_hire,2026-02-10
WE-0003454,W-102861,CAND-0055513,APP-0058182,REQ-2025-00886,hire,2026-02-09,new_hire,2026-02-12
WE-0003455,W-102862,CAND-0055554,APP-0058228,REQ-2025-01136,hire,2026-02-09,new_hire,2026-02-09
WE-0003456,W-102863,CAND-0055560,APP-0058234,REQ-2025-01145,hire,2026-02-09,new_hire,2026-02-11
WE-0003457,W-102864,CAND-0055680,APP-0058361,REQ-2025-01164,hire,2026-02-09,new_hire,2026-02-11
WE-0003458,W-102865,CAND-0055737,APP-0058425,REQ-2025-01149,hire,2026-02-09,new_hire,2026-02-09
WE-0003459,W-102866,CAND-0055827,APP-0058522,REQ-2025-01160,hire,2026-02-09,new_hire,2026-02-11
WE-0003460,W-102867,CAND-0055903,APP-0058604,REQ-2025-01145,hire,2026-02-09,new_hire,2026-02-11
WE-0003461,W-102868,CAND-0055922,APP-0058623,REQ-2025-01163,hire,2026-02-09,new_hire,2026-02-12
WE-0003462,W-102869,CAND-0056243,APP-0058977,REQ-2025-01159,hire,2026-02-09,new_hire,2026-02-12
WE-0003463,W-102870,CAND-0056274,APP-0059011,REQ-2025-01196,hire,2026-02-09,new_hire,2026-02-10
WE-0003464,W-102871,CAND-0056375,APP-0059118,REQ-2025-01013,hire,2026-02-09,new_hire,2026-02-12
WE-0003465,W-102872,CAND-0056459,APP-0059209,REQ-2025-00983,hire,2026-02-09,new_hire,2026-02-09
WE-0003466,W-102873,CAND-0056478,APP-0059231,REQ-2025-01131,hire,2026-02-09,new_hire,2026-02-12
WE-0003467,W-102874,CAND-0056534,APP-0059294,REQ-2025-01206,hire,2026-02-09,new_hire,2026-02-09
WE-0003468,W-102875,CAND-0056626,APP-0059398,REQ-2025-00663,hire,2026-02-09,new_hire,2026-02-10
WE-0003469,W-102876,CAND-0056631,APP-0059404,REQ-2025-00891,hire,2026-02-09,new_hire,2026-02-10
WE-0003470,W-102877,CAND-0056895,APP-0059700,REQ-2025-01162,hire,2026-02-09,new_hire,2026-02-10
WE-0003471,W-102878,CAND-0056932,APP-0059740,REQ-2025-01219,hire,2026-02-09,new_hire,2026-02-09
WE-0003472,W-102879,CAND-0057015,APP-0059832,REQ-2025-01224,hire,2026-02-09,new_hire,2026-02-09
WE-0003473,W-102880,CAND-0057202,APP-0060036,REQ-2025-00814,hire,2026-02-09,new_hire,2026-02-10
WE-0003474,W-102881,CAND-0057207,APP-0060042,REQ-2025-01064,hire,2026-02-09,new_hire,2026-02-09
WE-0003475,W-102882,CAND-0057494,APP-0060360,REQ-2025-01195,hire,2026-02-09,new_hire,2026-02-10
WE-0003476,W-102883,CAND-0057510,APP-0060378,REQ-2025-01218,hire,2026-02-09,new_hire,2026-02-10
WE-0003477,W-102884,CAND-0057609,APP-0060493,REQ-2025-01223,hire,2026-02-09,new_hire,2026-02-10
WE-0003478,W-102885,CAND-0058257,APP-0061222,REQ-2025-01223,hire,2026-02-09,new_hire,2026-02-11
WE-0003479,W-100962,CAND-0019245,APP-0019569,REQ-2024-00860,termination,2026-02-10,involuntary_restructuring,2026-02-12
WE-0003480,W-100515,CAND-0010773,APP-0010874,REQ-2024-00152,termination,2026-02-11,involuntary_restructuring,2026-02-12
WE-0003481,W-100743,CAND-0014704,APP-0014904,REQ-2024-00065,termination,2026-02-11,involuntary_restructuring,2026-02-11
WE-0003482,W-100743,CAND-0014704,APP-0014904,REQ-2024-00065,termination,2026-02-12,involuntary_restructuring,2026-02-13
WE-0003483,W-101679,CAND-0034501,APP-0035498,REQ-2025-00176,termination,2026-02-12,voluntary_resignation,2026-02-16
WE-0003484,W-101868,CAND-0039151,APP-0040449,REQ-2025-00441,termination,2026-02-13,voluntary_resignation,2026-02-17
WE-0003485,W-102695,CAND-0052310,APP-0054682,REQ-2025-00744,termination,2026-02-13,involuntary_probation,2026-02-13
WE-0003486,W-102660,CAND-0051585,APP-0053893,REQ-2025-00990,termination,2026-02-15,voluntary_resignation,2026-02-15
WE-0003487,W-100572,CAND-0012464,APP-0012610,REQ-2024-00576,termination,2026-02-16,involuntary_restructuring,2026-02-18
WE-0003488,W-101505,CAND-0032530,APP-0033421,REQ-2025-00174,termination,2026-02-16,voluntary_resignation,2026-02-17
WE-0003489,W-101664,CAND-0032648,APP-0033547,REQ-2024-01127,termination,2026-02-16,voluntary_resignation,2026-02-16
WE-0003490,W-102886,CAND-0052761,APP-0055174,REQ-2025-00834,hire,2026-02-16,new_hire,2026-02-17
WE-0003491,W-102887,CAND-0052983,APP-0055416,REQ-2025-01045,hire,2026-02-16,new_hire,2026-02-16
WE-0003492,W-102888,CAND-0053562,APP-0056047,REQ-2025-00982,hire,2026-02-16,new_hire,2026-02-19
WE-0003493,W-102889,CAND-0054044,APP-0056560,REQ-2025-00803,hire,2026-02-16,new_hire,2026-02-17
WE-0003494,W-102890,CAND-0054199,APP-0056736,REQ-2025-00723,hire,2026-02-16,new_hire,2026-02-18
WE-0003495,W-102891,CAND-0054389,APP-0056953,REQ-2025-01110,hire,2026-02-16,new_hire,2026-02-16
WE-0003496,W-102892,CAND-0054473,APP-0057050,REQ-2024-00280,hire,2026-02-16,new_hire,2026-02-19
WE-0003497,W-102893,CAND-0055528,APP-0058197,REQ-2025-01063,hire,2026-02-16,new_hire,2026-02-17
WE-0003498,W-102894,CAND-0055583,APP-0058257,REQ-2025-01161,hire,2026-02-16,new_hire,2026-02-16
WE-0003499,W-102895,CAND-0055764,APP-0058453,REQ-2025-00891,hire,2026-02-16,new_hire,2026-02-17
WE-0003500,W-102896,CAND-0055826,APP-0058521,REQ-2025-01160,hire,2026-02-16,new_hire,2026-02-18
WE-0003501,W-102897,CAND-0055878,APP-0058577,REQ-2025-01109,hire,2026-02-16,new_hire,2026-02-18
WE-0003502,W-102898,CAND-0055902,APP-0058603,REQ-2025-01145,hire,2026-02-16,new_hire,2026-02-16
WE-0003503,W-102899,CAND-0056034,APP-0058748,REQ-2025-01093,hire,2026-02-16,new_hire,2026-02-16
WE-0003504,W-102900,CAND-0056080,APP-0058801,REQ-2024-00683,hire,2026-02-16,new_hire,2026-02-18
WE-0003505,W-102901,CAND-0056141,APP-0058863,REQ-2025-01158,hire,2026-02-16,new_hire,2026-02-19
WE-0003506,W-102902,CAND-0056202,APP-0058928,REQ-2025-01063,hire,2026-02-16,new_hire,2026-02-16
WE-0003507,W-102903,CAND-0056305,APP-0059043,REQ-2025-01111,hire,2026-02-16,new_hire,2026-02-18
WE-0003508,W-102904,CAND-0056372,APP-0059115,REQ-2025-00994,hire,2026-02-16,new_hire,2026-02-18
WE-0003509,W-102905,CAND-0056538,APP-0059301,REQ-2025-00574,hire,2026-02-16,new_hire,2026-02-19
WE-0003510,W-102906,CAND-0056586,APP-0059354,REQ-2025-01160,hire,2026-02-16,new_hire,2026-02-16
WE-0003511,W-102907,CAND-0056686,APP-0059471,REQ-2024-00647,hire,2026-02-16,new_hire,2026-02-19
WE-0003512,W-102908,CAND-0056714,APP-0059502,REQ-2025-01140,hire,2026-02-16,new_hire,2026-02-17
WE-0003513,W-102909,CAND-0056843,APP-0059643,REQ-2025-01214,hire,2026-02-16,new_hire,2026-02-19
WE-0003514,W-102910,CAND-0056859,APP-0059660,REQ-2025-00698,hire,2026-02-16,new_hire,2026-02-17
WE-0003515,W-102911,CAND-0057019,APP-0059836,REQ-2025-01229,hire,2026-02-16,new_hire,2026-02-17
WE-0003516,W-102912,CAND-0057023,APP-0059841,REQ-2025-00340,hire,2026-02-16,new_hire,2026-02-17
WE-0003517,W-102913,CAND-0057216,APP-0060051,REQ-2025-01145,hire,2026-02-16,new_hire,2026-02-16
WE-0003518,W-102914,CAND-0057231,APP-0060069,REQ-2025-01198,hire,2026-02-16,new_hire,2026-02-16
WE-0003519,W-102915,CAND-0057258,APP-0060099,REQ-2025-01229,hire,2026-02-16,new_hire,2026-02-19
WE-0003520,W-102916,CAND-0057360,APP-0060214,REQ-2025-01245,hire,2026-02-16,new_hire,2026-02-19
WE-0003521,W-102917,CAND-0058030,APP-0060967,REQ-2025-01223,hire,2026-02-16,new_hire,2026-02-16
WE-0003522,W-102918,CAND-0037338,APP-0060968,REQ-2025-01223,hire,2026-02-16,new_hire,2026-02-19
WE-0003523,W-102919,CAND-0058107,APP-0061053,REQ-2025-01224,hire,2026-02-16,new_hire,2026-02-16
WE-0003524,W-102920,CAND-0058358,APP-0061334,REQ-2025-01245,hire,2026-02-16,new_hire,2026-02-17
WE-0003525,W-100526,CAND-0011621,APP-0011743,REQ-2024-00560,termination,2026-02-19,involuntary_restructuring,2026-02-22
WE-0003526,W-101096,CAND-0023324,APP-0023782,REQ-2024-01041,termination,2026-02-19,involuntary_restructuring,2026-02-19
WE-0003527,W-101376,CAND-0029536,APP-0030290,REQ-2025-00019,termination,2026-02-19,involuntary_performance,2026-02-23
WE-0003528,W-102767,CAND-0054839,APP-0057449,REQ-2025-01109,termination,2026-02-19,voluntary_resignation,2026-02-22
WE-0003529,W-102847,CAND-0057014,APP-0059831,REQ-2025-01223,termination,2026-02-20,involuntary_performance,2026-02-23
WE-0003530,W-102211,CAND-0043829,APP-0045429,REQ-2025-00462,termination,2026-02-21,involuntary_restructuring,2026-02-24
WE-0003531,W-102287,CAND-0044564,APP-0046219,REQ-2025-00219,termination,2026-02-21,voluntary_resignation,2026-02-24
WE-0003532,W-100392,CAND-0005612,APP-0005634,REQ-2024-00347,termination,2026-02-22,involuntary_performance,2026-02-27
WE-0003533,W-101350,CAND-0028581,APP-0029292,REQ-2024-01209,termination,2026-02-22,voluntary_resignation,2026-02-24
WE-0003534,W-102921,CAND-0054011,APP-0056524,REQ-2025-01079,hire,2026-02-23,new_hire,2026-02-23
WE-0003535,W-102922,CAND-0055081,APP-0057718,REQ-2025-00891,hire,2026-02-23,new_hire,2026-02-25
WE-0003536,W-102923,CAND-0055431,APP-0058092,REQ-2025-00958,hire,2026-02-23,new_hire,2026-02-24
WE-0003537,W-102924,CAND-0055561,APP-0058235,REQ-2025-01145,hire,2026-02-23,new_hire,2026-02-24
WE-0003538,W-102925,CAND-0056332,APP-0059071,REQ-2025-01160,hire,2026-02-23,new_hire,2026-02-24
WE-0003539,W-102926,CAND-0056333,APP-0059072,REQ-2025-01160,hire,2026-02-23,new_hire,2026-02-24
WE-0003540,W-102927,CAND-0056451,APP-0059198,REQ-2025-00497,hire,2026-02-23,new_hire,2026-02-26
WE-0003541,W-102928,CAND-0056922,APP-0059730,REQ-2025-01212,hire,2026-02-23,new_hire,2026-02-25
WE-0003542,W-102929,CAND-0056953,APP-0059763,REQ-2025-00988,hire,2026-02-23,new_hire,2026-02-25
WE-0003543,W-102930,CAND-0056990,APP-0059805,REQ-2025-01186,hire,2026-02-23,new_hire,2026-02-23
WE-0003544,W-102931,CAND-0057089,APP-0059912,REQ-2025-01212,hire,2026-02-23,new_hire,2026-02-23
WE-0003545,W-102932,CAND-0057242,APP-0060081,REQ-2025-01214,hire,2026-02-23,new_hire,2026-02-23
WE-0003546,W-102933,CAND-0057366,APP-0060220,REQ-2025-00849,hire,2026-02-23,new_hire,2026-02-24
WE-0003547,W-102934,CAND-0057435,APP-0060293,REQ-2025-01229,hire,2026-02-23,new_hire,2026-02-25
WE-0003548,W-102935,CAND-0057437,APP-0060295,REQ-2025-01232,hire,2026-02-23,new_hire,2026-02-24
WE-0003549,W-102936,CAND-0057506,APP-0060374,REQ-2025-01212,hire,2026-02-23,new_hire,2026-02-25
WE-0003550,W-102937,CAND-0057903,APP-0060821,REQ-2025-00516,hire,2026-02-23,new_hire,2026-02-24
WE-0003551,W-102938,CAND-0057961,APP-0060886,REQ-2025-01243,hire,2026-02-23,new_hire,2026-02-24
WE-0003552,W-102939,CAND-0058213,APP-0061171,REQ-2025-01254,hire,2026-02-23,new_hire,2026-02-24
WE-0003553,W-102940,CAND-0058246,APP-0061208,REQ-2025-01203,hire,2026-02-23,new_hire,2026-02-25
WE-0003554,W-102941,CAND-0058281,APP-0061246,REQ-2025-01253,hire,2026-02-23,new_hire,2026-02-25
WE-0003555,W-102942,CAND-0058309,APP-0061280,REQ-2025-01082,hire,2026-02-23,new_hire,2026-02-25
WE-0003556,W-102943,CAND-0058368,APP-0061345,REQ-2025-01255,hire,2026-02-23,new_hire,2026-02-23
WE-0003557,W-102944,CAND-0058738,APP-0061753,REQ-2025-01236,hire,2026-02-23,new_hire,2026-02-24
WE-0003558,W-102945,CAND-0058908,APP-0061944,REQ-2026-00022,hire,2026-02-23,new_hire,2026-02-23
WE-0003559,W-102946,CAND-0059322,APP-0062406,REQ-2026-00019,hire,2026-02-23,new_hire,2026-02-23
WE-0003560,W-101272,CAND-0026965,APP-0027594,REQ-2024-01168,termination,2026-02-24,involuntary_performance,2026-02-24
WE-0003561,W-100415,CAND-0008531,APP-0008597,REQ-2024-00429,termination,2026-02-25,voluntary_resignation,2026-03-02
WE-0003562,W-100604,CAND-0012124,APP-0012257,REQ-2024-00543,termination,2026-02-25,voluntary_resignation,2026-02-26
WE-0003563,W-101095,CAND-0022915,APP-0023362,REQ-2024-00924,termination,2026-02-26,involuntary_performance,2026-03-03
WE-0003564,W-102867,CAND-0055903,APP-0058604,REQ-2025-01145,termination,2026-02-27,voluntary_resignation,2026-02-28
WE-0003565,W-101340,CAND-0027779,APP-0028451,REQ-2024-00166,termination,2026-02-28,voluntary_resignation,2026-03-03
WE-0003566,W-101540,CAND-0030159,APP-0030939,REQ-2024-01151,termination,2026-02-28,voluntary_resignation,2026-03-03
WE-0003567,W-101204,CAND-0026435,APP-0027037,REQ-2024-01105,termination,2026-03-01,involuntary_restructuring,2026-03-03
WE-0003568,W-100512,CAND-0004864,APP-0010150,REQ-2024-00503,termination,2026-03-02,voluntary_resignation,2026-03-05
WE-0003569,W-101406,CAND-0029628,APP-0030382,REQ-2025-00060,termination,2026-03-02,involuntary_restructuring,2026-03-06
WE-0003570,W-102947,CAND-0052379,APP-0054756,REQ-2025-01040,hire,2026-03-02,new_hire,2026-03-03
WE-0003571,W-102948,CAND-0053365,APP-0055825,REQ-2025-01071,hire,2026-03-02,new_hire,2026-03-03
WE-0003572,W-102949,CAND-0055326,APP-0057977,REQ-2025-00308,hire,2026-03-02,new_hire,2026-03-05
WE-0003573,W-102950,CAND-0055892,APP-0058593,REQ-2025-01128,hire,2026-03-02,new_hire,2026-03-04
WE-0003574,W-102951,CAND-0056077,APP-0058798,REQ-2025-01184,hire,2026-03-02,new_hire,2026-03-05
WE-0003575,W-102952,CAND-0056158,APP-0058881,REQ-2025-01167,hire,2026-03-02,new_hire,2026-03-02
WE-0003576,W-102953,CAND-0056400,APP-0059146,REQ-2025-01127,hire,2026-03-02,new_hire,2026-03-02
WE-0003577,W-102954,CAND-0027939,APP-0059271,REQ-2025-01176,hire,2026-03-02,new_hire,2026-03-03
WE-0003578,W-102955,CAND-0045156,APP-0059713,REQ-2025-01186,hire,2026-03-02,new_hire,2026-03-04
WE-0003579,W-102956,CAND-0057021,APP-0059839,REQ-2024-01229,hire,2026-03-02,new_hire,2026-03-03
WE-0003580,W-102957,CAND-0057106,APP-0059931,REQ-2025-01229,hire,2026-03-02,new_hire,2026-03-03
WE-0003581,W-102958,CAND-0057421,APP-0060279,REQ-2025-01214,hire,2026-03-02,new_hire,2026-03-05
WE-0003582,W-102959,CAND-0057490,APP-0060355,REQ-2025-01183,hire,2026-03-02,new_hire,2026-03-04
WE-0003583,W-102960,CAND-0057615,APP-0060499,REQ-2025-01229,hire,2026-03-02,new_hire,2026-03-04
WE-0003584,W-102961,CAND-0057900,APP-0060817,REQ-2025-00120,hire,2026-03-02,new_hire,2026-03-03
WE-0003585,W-102962,CAND-0058081,APP-0061025,REQ-2025-01169,hire,2026-03-02,new_hire,2026-03-02
WE-0003586,W-102963,CAND-0058125,APP-0061075,REQ-2025-01248,hire,2026-03-02,new_hire,2026-03-05
WE-0003587,W-102964,CAND-0058185,APP-0061139,REQ-2025-01212,hire,2026-03-02,new_hire,2026-03-03
WE-0003588,W-102965,CAND-0058342,APP-0061318,REQ-2025-01228,hire,2026-03-02,new_hire,2026-03-04
WE-0003589,W-102966,CAND-0058472,APP-0061458,REQ-2025-00144,hire,2026-03-02,new_hire,2026-03-02
WE-0003590,W-102967,CAND-0058537,APP-0061526,REQ-2025-01255,hire,2026-03-02,new_hire,2026-03-05
WE-0003591,W-102968,CAND-0058768,APP-0061788,REQ-2026-00038,hire,2026-03-02,new_hire,2026-03-02
WE-0003592,W-102969,CAND-0058901,APP-0061937,REQ-2026-00019,hire,2026-03-02,new_hire,2026-03-05
WE-0003593,W-102970,CAND-0058916,APP-0061953,REQ-2026-00047,hire,2026-03-02,new_hire,2026-03-05
WE-0003594,W-102971,CAND-0058936,APP-0061973,REQ-2025-01082,hire,2026-03-02,new_hire,2026-03-04
WE-0003595,W-102972,CAND-0028639,APP-0062139,REQ-2025-01248,hire,2026-03-02,new_hire,2026-03-03
WE-0003596,W-102973,CAND-0059117,APP-0062171,REQ-2026-00038,hire,2026-03-02,new_hire,2026-03-04
WE-0003597,W-102974,CAND-0059474,APP-0062568,REQ-2026-00036,hire,2026-03-02,new_hire,2026-03-04
WE-0003598,W-102975,CAND-0059646,APP-0062752,REQ-2026-00072,hire,2026-03-02,new_hire,2026-03-03
WE-0003599,W-102976,CAND-0059927,APP-0063059,REQ-2026-00078,hire,2026-03-02,new_hire,2026-03-04
WE-0003600,W-102977,CAND-0060132,APP-0063284,REQ-2026-00096,hire,2026-03-02,new_hire,2026-03-05
WE-0003601,W-101106,CAND-0022294,APP-0022723,REQ-2024-00989,termination,2026-03-03,involuntary_restructuring,2026-03-08
WE-0003602,W-101332,CAND-0030066,APP-0030844,REQ-2025-00073,termination,2026-03-04,involuntary_restructuring,2026-03-07
WE-0003603,W-100542,CAND-0010985,APP-0011093,REQ-2024-00541,termination,2026-03-05,voluntary_resignation,2026-03-06
WE-0003604,W-100757,CAND-0012485,APP-0012632,REQ-2024-00227,termination,2026-03-06,voluntary_resignation,2026-03-06
WE-0003605,W-101541,CAND-0030297,APP-0031083,REQ-2024-00934,termination,2026-03-06,voluntary_resignation,2026-03-11
WE-0003606,W-102662,CAND-0051743,APP-0054068,REQ-2025-00972,termination,2026-03-06,voluntary_resignation,2026-03-08
WE-0003607,W-100512,CAND-0004864,APP-0010150,REQ-2024-00503,termination,2026-03-09,voluntary_resignation,2026-03-13
WE-0003608,W-100638,CAND-0012478,APP-0012624,REQ-2024-00599,termination,2026-03-09,involuntary_performance,2026-03-10
WE-0003609,W-102978,CAND-0055052,APP-0057683,REQ-2025-01116,hire,2026-03-09,new_hire,2026-03-11
WE-0003610,W-102979,CAND-0055345,APP-0058000,REQ-2025-01039,hire,2026-03-09,new_hire,2026-03-10
WE-0003611,W-102980,CAND-0056718,APP-0059506,REQ-2025-01145,hire,2026-03-09,new_hire,2026-03-11
WE-0003612,W-102981,CAND-0057012,APP-0059829,REQ-2025-01221,hire,2026-03-09,new_hire,2026-03-11
WE-0003613,W-102982,CAND-0057180,APP-0060013,REQ-2025-01226,hire,2026-03-09,new_hire,2026-03-12
WE-0003614,W-102983,CAND-0057320,APP-0060168,REQ-2025-01186,hire,2026-03-09,new_hire,2026-03-09
WE-0003615,W-102984,CAND-0057379,APP-0060234,REQ-2025-01080,hire,2026-03-09,new_hire,2026-03-10
WE-0003616,W-102985,CAND-0053501,APP-0060327,REQ-2025-00925,hire,2026-03-09,new_hire,2026-03-09
WE-0003617,W-102986,CAND-0057468,APP-0060331,REQ-2025-01005,hire,2026-03-09,new_hire,2026-03-10
WE-0003618,W-102987,CAND-0057671,APP-0060560,REQ-2025-01175,hire,2026-03-09,new_hire,2026-03-09
WE-0003619,W-102988,CAND-0027363,APP-0060889,REQ-2025-01247,hire,2026-03-09,new_hire,2026-03-09
WE-0003620,W-102989,CAND-0058304,APP-0061273,REQ-2025-01015,hire,2026-03-09,new_hire,2026-03-11
WE-0003621,W-102990,CAND-0058381,APP-0061359,REQ-2026-00018,hire,2026-03-09,new_hire,2026-03-12
WE-0003622,W-102991,CAND-0058449,APP-0061433,REQ-2026-00003,hire,2026-03-09,new_hire,2026-03-11
WE-0003623,W-102992,CAND-0058578,APP-0061576,REQ-2025-01213,hire,2026-03-09,new_hire,2026-03-11
WE-0003624,W-102993,CAND-0058632,APP-0061637,REQ-2025-01201,hire,2026-03-09,new_hire,2026-03-11
WE-0003625,W-102994,CAND-0058757,APP-0061775,REQ-2026-00022,hire,2026-03-09,new_hire,2026-03-10
WE-0003626,W-102995,CAND-0058830,APP-0061861,REQ-2026-00028,hire,2026-03-09,new_hire,2026-03-09
WE-0003627,W-102996,CAND-0059035,APP-0062079,REQ-2026-00022,hire,2026-03-09,new_hire,2026-03-12
WE-0003628,W-102997,CAND-0059461,APP-0062553,REQ-2026-00010,hire,2026-03-09,new_hire,2026-03-11
WE-0003629,W-102998,CAND-0059490,APP-0062584,REQ-2026-00047,hire,2026-03-09,new_hire,2026-03-12
WE-0003630,W-102999,CAND-0059748,APP-0062863,REQ-2025-01197,hire,2026-03-09,new_hire,2026-03-11
WE-0003631,W-100747,CAND-0014825,APP-0015031,REQ-2024-00691,termination,2026-03-10,involuntary_performance,2026-03-15
WE-0003632,W-100678,CAND-0014811,APP-0015017,REQ-2024-00673,termination,2026-03-11,involuntary_performance,2026-03-14
WE-0003633,W-102240,CAND-0045217,APP-0046930,REQ-2024-01062,termination,2026-03-12,voluntary_resignation,2026-03-17
WE-0003634,W-100623,CAND-0012500,APP-0012647,REQ-2024-00543,termination,2026-03-15,voluntary_resignation,2026-03-20
WE-0003635,W-103000,CAND-0054569,APP-0057151,REQ-2025-00971,hire,2026-03-16,new_hire,2026-03-16
WE-0003636,W-103001,CAND-0055401,APP-0058058,REQ-2025-01153,hire,2026-03-16,new_hire,2026-03-17
WE-0003637,W-103001,CAND-0055401,APP-0058058,REQ-2025-01153,hire,2026-03-16,new_hire,2026-03-22
WE-0003638,W-103002,CAND-0056011,APP-0058720,REQ-2025-01173,hire,2026-03-16,new_hire,2026-03-19
WE-0003639,W-103003,CAND-0020111,APP-0058903,REQ-2025-00422,hire,2026-03-16,new_hire,2026-03-17
WE-0003640,W-103004,CAND-0056704,APP-0059491,REQ-2025-01084,hire,2026-03-16,new_hire,2026-03-18
WE-0003641,W-103005,CAND-0057077,APP-0059900,REQ-2025-01202,hire,2026-03-16,new_hire,2026-03-19
WE-0003642,W-103006,CAND-0057259,APP-0060100,REQ-2025-01229,hire,2026-03-16,new_hire,2026-03-18
WE-0003643,W-103007,CAND-0057474,APP-0060337,REQ-2025-01098,hire,2026-03-16,new_hire,2026-03-17
WE-0003644,W-103008,CAND-0058199,APP-0061156,REQ-2025-01229,hire,2026-03-16,new_hire,2026-03-19
WE-0003645,W-103009,CAND-0058446,APP-0061430,REQ-2025-01258,hire,2026-03-16,new_hire,2026-03-16
WE-0003646,W-103010,CAND-0058528,APP-0061515,REQ-2025-01246,hire,2026-03-16,new_hire,2026-03-16
WE-0003647,W-103011,CAND-0058586,APP-0061587,REQ-2025-01238,hire,2026-03-16,new_hire,2026-03-16
WE-0003648,W-103012,CAND-0052385,APP-0061856,REQ-2026-00023,hire,2026-03-16,new_hire,2026-03-16
WE-0003649,W-103013,CAND-0058862,APP-0061897,REQ-2025-01090,hire,2026-03-16,new_hire,2026-03-19
WE-0003650,W-103014,CAND-0059032,APP-0062076,REQ-2026-00020,hire,2026-03-16,new_hire,2026-03-18
WE-0003651,W-103015,CAND-0059402,APP-0062492,REQ-2026-00030,hire,2026-03-16,new_hire,2026-03-19
WE-0003652,W-103016,CAND-0059701,APP-0062812,REQ-2026-00032,hire,2026-03-16,new_hire,2026-03-17
WE-0003653,W-103017,CAND-0059755,APP-0062870,REQ-2026-00015,hire,2026-03-16,new_hire,2026-03-18
WE-0003654,W-103018,CAND-0060218,APP-0063377,REQ-2025-00728,hire,2026-03-16,new_hire,2026-03-16
WE-0003655,W-103019,CAND-0060235,APP-0063396,REQ-2025-01193,hire,2026-03-16,new_hire,2026-03-16
WE-0003656,W-103020,CAND-0060349,APP-0063526,REQ-2026-00096,hire,2026-03-16,new_hire,2026-03-17
WE-0003657,W-101457,CAND-0028386,APP-0029087,REQ-2024-01237,termination,2026-03-18,involuntary_performance,2026-03-21
WE-0003658,W-102167,CAND-0041070,APP-0042473,REQ-2025-00529,termination,2026-03-19,voluntary_resignation,2026-03-19
WE-0003659,W-102098,CAND-0042795,APP-0044322,REQ-2025-00609,termination,2026-03-20,voluntary_resignation,2026-03-20
WE-0003660,W-101761,CAND-0038600,APP-0039870,REQ-2025-00415,termination,2026-03-21,involuntary_restructuring,2026-03-24
WE-0003661,W-102471,CAND-0048948,APP-0050988,REQ-2025-00882,termination,2026-03-23,involuntary_restructuring,2026-03-23
WE-0003662,W-103021,CAND-0055607,APP-0058281,REQ-2025-00861,hire,2026-03-23,new_hire,2026-03-24
WE-0003663,W-103022,CAND-0028507,APP-0058389,REQ-2025-01083,hire,2026-03-23,new_hire,2026-03-24
WE-0003664,W-103023,CAND-0057976,APP-0060905,REQ-2026-00001,hire,2026-03-23,new_hire,2026-03-23
WE-0003665,W-103024,CAND-0058175,APP-0061128,REQ-2025-01187,hire,2026-03-23,new_hire,2026-03-25
WE-0003666,W-103025,CAND-0058278,APP-0061243,REQ-2025-01249,hire,2026-03-23,new_hire,2026-03-23
WE-0003667,W-103026,CAND-0058325,APP-0061300,REQ-2025-01205,hire,2026-03-23,new_hire,2026-03-25
WE-0003668,W-103027,CAND-0058445,APP-0061427,REQ-2025-01257,hire,2026-03-23,new_hire,2026-03-25
WE-0003669,W-103028,CAND-0058645,APP-0061650,REQ-2025-01227,hire,2026-03-23,new_hire,2026-03-23
WE-0003670,W-103029,CAND-0058668,APP-0061674,REQ-2025-01256,hire,2026-03-23,new_hire,2026-03-25
WE-0003671,W-103030,CAND-0058977,APP-0062017,REQ-2026-00034,hire,2026-03-23,new_hire,2026-03-23
WE-0003672,W-103031,CAND-0059195,APP-0062258,REQ-2026-00052,hire,2026-03-23,new_hire,2026-03-23
WE-0003673,W-103032,CAND-0059413,APP-0062504,REQ-2026-00049,hire,2026-03-23,new_hire,2026-03-25
WE-0003674,W-103033,CAND-0059723,APP-0062836,REQ-2026-00072,hire,2026-03-23,new_hire,2026-03-25
WE-0003675,W-103034,CAND-0059801,APP-0062919,REQ-2025-01054,hire,2026-03-23,new_hire,2026-03-26
WE-0003676,W-103035,CAND-0059948,APP-0063084,REQ-2025-01166,hire,2026-03-23,new_hire,2026-03-23
WE-0003677,W-103036,CAND-0019089,APP-0063102,REQ-2026-00015,hire,2026-03-23,new_hire,2026-03-24
WE-0003678,W-103037,CAND-0060185,APP-0063341,REQ-2026-00068,hire,2026-03-23,new_hire,2026-03-26
WE-0003679,W-103038,CAND-0060220,APP-0063379,REQ-2025-00907,hire,2026-03-23,new_hire,2026-03-25
WE-0003680,W-103039,CAND-0060400,APP-0063584,REQ-2026-00072,hire,2026-03-23,new_hire,2026-03-25
WE-0003681,W-103040,CAND-0060425,APP-0063611,REQ-2026-00103,hire,2026-03-23,new_hire,2026-03-24
WE-0003682,W-103041,CAND-0017908,APP-0063641,REQ-2026-00020,hire,2026-03-23,new_hire,2026-03-25
WE-0003683,W-103042,CAND-0060605,APP-0063813,REQ-2026-00085,hire,2026-03-23,new_hire,2026-03-24
WE-0003684,W-103043,CAND-0060623,APP-0063833,REQ-2026-00103,hire,2026-03-23,new_hire,2026-03-24
WE-0003685,W-103044,CAND-0060778,APP-0064005,REQ-2026-00118,hire,2026-03-23,new_hire,2026-03-24
WE-0003686,W-103045,CAND-0060975,APP-0064213,REQ-2026-00096,hire,2026-03-23,new_hire,2026-03-23
WE-0003687,W-103046,CAND-0061070,APP-0064318,REQ-2026-00118,hire,2026-03-23,new_hire,2026-03-25
WE-0003688,W-103047,CAND-0061071,APP-0064319,REQ-2026-00118,hire,2026-03-23,new_hire,2026-03-26
WE-0003689,W-102213,CAND-0044124,APP-0045749,REQ-2025-00617,termination,2026-03-24,voluntary_resignation,2026-03-29
WE-0003690,W-101548,CAND-0012387,APP-0032536,REQ-2025-00100,termination,2026-03-25,involuntary_performance,2026-03-27
WE-0003691,W-100910,CAND-0018733,APP-0019048,REQ-2024-00732,termination,2026-03-26,involuntary_restructuring,2026-03-27
WE-0003692,W-101267,CAND-0026464,APP-0027067,REQ-2024-01148,termination,2026-03-26,involuntary_restructuring,2026-03-31
WE-0003693,W-102756,CAND-0053224,APP-0055677,REQ-2025-00966,termination,2026-03-26,involuntary_performance,2026-03-29
WE-0003694,W-102932,CAND-0057242,APP-0060081,REQ-2025-01214,termination,2026-03-26,involuntary_performance,2026-03-31
WE-0003695,W-102958,CAND-0057421,APP-0060279,REQ-2025-01214,termination,2026-03-26,voluntary_resignation,2026-03-27
WE-0003696,W-101604,CAND-0030883,APP-0031694,REQ-2025-00077,termination,2026-03-27,involuntary_performance,2026-03-31
WE-0003697,W-102384,CAND-0048902,APP-0050941,REQ-2025-00802,termination,2026-03-27,involuntary_restructuring,2026-03-27
WE-0003698,W-101432,CAND-0029256,APP-0029999,REQ-2025-00037,termination,2026-03-29,involuntary_performance,2026-03-29
WE-0003699,W-101693,CAND-0034022,APP-0034994,REQ-2025-00226,termination,2026-03-29,voluntary_resignation,2026-03-31
WE-0003700,W-102566,CAND-0049599,APP-0051693,REQ-2025-00921,termination,2026-03-29,voluntary_resignation,2026-03-30
WE-0003701,W-102873,CAND-0056478,APP-0059231,REQ-2025-01131,termination,2026-03-30,voluntary_resignation,2026-03-30
WE-0003702,W-103048,CAND-0050659,APP-0052870,REQ-2025-00961,hire,2026-03-30,new_hire,2026-03-30
WE-0003703,W-103049,CAND-0056912,APP-0059719,REQ-2025-01200,hire,2026-03-30,new_hire,2026-03-31
WE-0003704,W-103050,CAND-0056917,APP-0059724,REQ-2025-01207,hire,2026-03-30,new_hire,2026-04-01
WE-0003705,W-103051,CAND-0057820,APP-0060726,REQ-2025-00979,hire,2026-03-30,new_hire,2026-04-01
WE-0003706,W-103052,CAND-0058407,APP-0061386,REQ-2025-01148,hire,2026-03-30,new_hire,2026-04-01
WE-0003707,W-103053,CAND-0058543,APP-0061533,REQ-2026-00012,hire,2026-03-30,new_hire,2026-03-30
WE-0003708,W-103054,CAND-0058688,APP-0061699,REQ-2026-00027,hire,2026-03-30,new_hire,2026-04-02
WE-0003709,W-103055,CAND-0058947,APP-0061985,REQ-2025-01237,hire,2026-03-30,new_hire,2026-04-01
WE-0003710,W-103056,CAND-0059303,APP-0062385,REQ-2025-01233,hire,2026-03-30,new_hire,2026-03-30
WE-0003711,W-103057,CAND-0059485,APP-0062579,REQ-2026-00046,hire,2026-03-30,new_hire,2026-03-30
WE-0003712,W-103058,CAND-0059514,APP-0062612,REQ-2025-00851,hire,2026-03-30,new_hire,2026-04-01
WE-0003713,W-103059,CAND-0059580,APP-0062682,REQ-2025-00407,hire,2026-03-30,new_hire,2026-03-31
WE-0003714,W-103060,CAND-0059650,APP-0062756,REQ-2026-00076,hire,2026-03-30,new_hire,2026-03-30
WE-0003715,W-103061,CAND-0059713,APP-0062824,REQ-2026-00061,hire,2026-03-30,new_hire,2026-04-02
WE-0003716,W-103062,CAND-0059826,APP-0062946,REQ-2026-00045,hire,2026-03-30,new_hire,2026-03-30
WE-0003717,W-103063,CAND-0059933,APP-0063065,REQ-2026-00087,hire,2026-03-30,new_hire,2026-04-02
WE-0003718,W-103064,CAND-0060055,APP-0063201,REQ-2026-00047,hire,2026-03-30,new_hire,2026-04-01
WE-0003719,W-103065,CAND-0060069,APP-0063217,REQ-2026-00068,hire,2026-03-30,new_hire,2026-04-01
WE-0003720,W-103066,CAND-0060122,APP-0063272,REQ-2026-00072,hire,2026-03-30,new_hire,2026-03-31
WE-0003721,W-103067,CAND-0060124,APP-0063275,REQ-2026-00077,hire,2026-03-30,new_hire,2026-04-02
WE-0003722,W-103068,CAND-0060131,APP-0063283,REQ-2026-00096,hire,2026-03-30,new_hire,2026-04-02
WE-0003723,W-103069,CAND-0060240,APP-0063402,REQ-2025-01205,hire,2026-03-30,new_hire,2026-03-30
WE-0003724,W-103070,CAND-0060424,APP-0063610,REQ-2026-00103,hire,2026-03-30,new_hire,2026-04-02
WE-0003725,W-103071,CAND-0060472,APP-0063664,REQ-2026-00086,hire,2026-03-30,new_hire,2026-03-30
WE-0003726,W-103072,CAND-0060489,APP-0063683,REQ-2026-00108,hire,2026-03-30,new_hire,2026-03-31
WE-0003727,W-103073,CAND-0060660,APP-0063875,REQ-2026-00047,hire,2026-03-30,new_hire,2026-04-01
WE-0003728,W-103074,CAND-0060669,APP-0063886,REQ-2026-00064,hire,2026-03-30,new_hire,2026-04-02
WE-0003729,W-103075,CAND-0060715,APP-0063933,REQ-2026-00118,hire,2026-03-30,new_hire,2026-04-01
WE-0003730,W-103076,CAND-0060814,APP-0064044,REQ-2026-00072,hire,2026-03-30,new_hire,2026-03-30
WE-0003731,W-100251,CAND-0003772,APP-0003786,REQ-2024-00319,termination,2026-03-31,voluntary_resignation,2026-03-31
WE-0003732,W-101161,CAND-0024801,APP-0025322,REQ-2024-01061,termination,2026-03-31,voluntary_resignation,2026-04-01
WE-0003733,W-100110,CAND-0003134,APP-0003143,REQ-2024-00309,termination,2026-04-01,voluntary_resignation,2026-04-04
WE-0003734,W-102878,CAND-0056932,APP-0059740,REQ-2025-01219,termination,2026-04-02,voluntary_resignation,2026-04-05
WE-0003735,W-100310,CAND-0001660,APP-0001662,REQ-2024-00137,termination,2026-04-03,involuntary_performance,2026-04-05
WE-0003736,W-101694,CAND-0034422,APP-0035416,REQ-2025-00187,termination,2026-04-03,involuntary_performance,2026-04-03
WE-0003737,W-100546,CAND-0011478,APP-0011597,REQ-2024-00551,termination,2026-04-04,voluntary_resignation,2026-04-08
WE-0003738,W-101568,CAND-0033656,APP-0034607,REQ-2025-00121,termination,2026-04-04,voluntary_resignation,2026-04-07
WE-0003739,W-102443,CAND-0048466,APP-0050472,REQ-2025-00854,termination,2026-04-04,voluntary_resignation,2026-04-07
WE-0003740,W-102912,CAND-0057023,APP-0059841,REQ-2025-00340,termination,2026-04-04,voluntary_resignation,2026-04-07
WE-0003741,W-101516,CAND-0030142,APP-0030922,REQ-2024-00704,termination,2026-04-05,involuntary_performance,2026-04-09
WE-0003742,W-101713,CAND-0036990,APP-0038145,REQ-2024-01187,termination,2026-04-06,voluntary_resignation,2026-04-11
WE-0003743,W-102792,CAND-0054920,APP-0057537,REQ-2025-01119,termination,2026-04-06,voluntary_resignation,2026-04-08
WE-0003744,W-103077,CAND-0056291,APP-0059028,REQ-2025-01051,hire,2026-04-06,new_hire,2026-04-08
WE-0003745,W-103078,CAND-0056627,APP-0059399,REQ-2025-00699,hire,2026-04-06,new_hire,2026-04-09
WE-0003746,W-103079,CAND-0058221,APP-0061179,REQ-2024-00942,hire,2026-04-06,new_hire,2026-04-06
WE-0003747,W-103080,CAND-0058773,APP-0061793,REQ-2025-00569,hire,2026-04-06,new_hire,2026-04-07
WE-0003748,W-103081,CAND-0058976,APP-0062016,REQ-2026-00033,hire,2026-04-06,new_hire,2026-04-06
WE-0003749,W-103082,CAND-0059094,APP-0062147,REQ-2026-00007,hire,2026-04-06,new_hire,2026-04-08
WE-0003750,W-103083,CAND-0059275,APP-0062350,REQ-2026-00060,hire,2026-04-06,new_hire,2026-04-07
WE-0003751,W-103084,CAND-0059473,APP-0062567,REQ-2026-00035,hire,2026-04-06,new_hire,2026-04-08
WE-0003752,W-103084,CAND-0059473,APP-0062567,REQ-2026-00035,hire,2026-04-06,new_hire,2026-04-09
WE-0003753,W-103085,CAND-0059617,APP-0062720,REQ-2026-00035,hire,2026-04-06,new_hire,2026-04-09
WE-0003754,W-103086,CAND-0059867,APP-0062988,REQ-2025-00807,hire,2026-04-06,new_hire,2026-04-06
WE-0003755,W-103087,CAND-0059886,APP-0063009,REQ-2025-01210,hire,2026-04-06,new_hire,2026-04-06
WE-0003756,W-103088,CAND-0060019,APP-0063161,REQ-2025-00509,hire,2026-04-06,new_hire,2026-04-08
WE-0003757,W-103089,CAND-0060149,APP-0063303,REQ-2025-01078,hire,2026-04-06,new_hire,2026-04-06
WE-0003758,W-103090,CAND-0027479,APP-0063515,REQ-2026-00076,hire,2026-04-06,new_hire,2026-04-07
WE-0003759,W-103091,CAND-0060417,APP-0063603,REQ-2026-00099,hire,2026-04-06,new_hire,2026-04-06
WE-0003760,W-103092,CAND-0060440,APP-0063626,REQ-2025-01075,hire,2026-04-06,new_hire,2026-04-09
WE-0003761,W-103093,CAND-0060487,APP-0063679,REQ-2026-00105,hire,2026-04-06,new_hire,2026-04-07
WE-0003762,W-103094,CAND-0060695,APP-0063913,REQ-2026-00099,hire,2026-04-06,new_hire,2026-04-07
WE-0003763,W-103095,CAND-0060851,APP-0064083,REQ-2026-00128,hire,2026-04-06,new_hire,2026-04-09
WE-0003764,W-103096,CAND-0060914,APP-0064146,REQ-2026-00101,hire,2026-04-06,new_hire,2026-04-09
WE-0003765,W-103097,CAND-0060935,APP-0064170,REQ-2026-00138,hire,2026-04-06,new_hire,2026-04-07
WE-0003766,W-103098,CAND-0061041,APP-0064283,REQ-2026-00074,hire,2026-04-06,new_hire,2026-04-08
WE-0003767,W-103099,CAND-0061175,APP-0064432,REQ-2025-01030,hire,2026-04-06,new_hire,2026-04-09
WE-0003768,W-103100,CAND-0061188,APP-0064446,REQ-2025-01248,hire,2026-04-06,new_hire,2026-04-09
WE-0003769,W-103101,CAND-0061193,APP-0064452,REQ-2026-00051,hire,2026-04-06,new_hire,2026-04-07
WE-0003770,W-103102,CAND-0061551,APP-0064848,REQ-2026-00100,hire,2026-04-06,new_hire,2026-04-07
WE-0003771,W-103103,CAND-0061586,APP-0064891,REQ-2026-00155,hire,2026-04-06,new_hire,2026-04-08
WE-0003772,W-103104,CAND-0061819,APP-0065147,REQ-2026-00147,hire,2026-04-06,new_hire,2026-04-07
WE-0003773,W-103105,CAND-0061840,APP-0065172,REQ-2026-00173,hire,2026-04-06,new_hire,2026-04-08
WE-0003774,W-103106,CAND-0061932,APP-0065279,REQ-2026-00065,hire,2026-04-06,new_hire,2026-04-06
WE-0003775,W-103107,CAND-0061990,APP-0065347,REQ-2026-00189,hire,2026-04-06,new_hire,2026-04-07
WE-0003776,W-103108,CAND-0062125,APP-0065500,REQ-2026-00141,hire,2026-04-06,new_hire,2026-04-07
WE-0003777,W-100310,CAND-0001660,APP-0001662,REQ-2024-00137,termination,2026-04-07,involuntary_performance,2026-04-10
WE-0003778,W-102869,CAND-0056243,APP-0058977,REQ-2025-01159,termination,2026-04-07,voluntary_resignation,2026-04-08
WE-0003779,W-103028,CAND-0058645,APP-0061650,REQ-2025-01227,termination,2026-04-08,involuntary_probation,2026-04-10
WE-0003780,W-103037,CAND-0060185,APP-0063341,REQ-2026-00068,termination,2026-04-08,voluntary_resignation,2026-04-09
WE-0003781,W-103054,CAND-0058688,APP-0061699,REQ-2026-00027,termination,2026-04-11,voluntary_resignation,2026-04-12
WE-0003782,W-102962,CAND-0058081,APP-0061025,REQ-2025-01169,termination,2026-04-12,involuntary_probation,2026-04-15
WE-0003783,W-101418,CAND-0030285,APP-0031071,REQ-2025-00073,termination,2026-04-13,involuntary_performance,2026-04-17
WE-0003784,W-101714,CAND-0037071,APP-0038234,REQ-2024-01191,termination,2026-04-13,involuntary_performance,2026-04-15
WE-0003785,W-103109,CAND-0058996,APP-0062038,REQ-2025-00574,hire,2026-04-13,new_hire,2026-04-15
WE-0003786,W-103110,CAND-0059038,APP-0062082,REQ-2026-00026,hire,2026-04-13,new_hire,2026-04-16
WE-0003787,W-103111,CAND-0030428,APP-0062238,REQ-2026-00025,hire,2026-04-13,new_hire,2026-04-16
WE-0003788,W-103112,CAND-0059274,APP-0062348,REQ-2026-00059,hire,2026-04-13,new_hire,2026-04-16
WE-0003789,W-103113,CAND-0059648,APP-0062754,REQ-2026-00073,hire,2026-04-13,new_hire,2026-04-14
WE-0003790,W-103114,CAND-0059663,APP-0062771,REQ-2025-01052,hire,2026-04-13,new_hire,2026-04-16
WE-0003791,W-103115,CAND-0059833,APP-0062953,REQ-2026-00067,hire,2026-04-13,new_hire,2026-04-16
WE-0003792,W-103116,CAND-0059852,APP-0062972,REQ-2026-00080,hire,2026-04-13,new_hire,2026-04-13
WE-0003793,W-103117,CAND-0059853,APP-0062973,REQ-2026-00081,hire,2026-04-13,new_hire,2026-04-14
WE-0003794,W-103118,CAND-0059959,APP-0063097,REQ-2025-01257,hire,2026-04-13,new_hire,2026-04-16
WE-0003795,W-103119,CAND-0060462,APP-0063654,REQ-2026-00064,hire,2026-04-13,new_hire,2026-04-13
WE-0003796,W-103120,CAND-0060528,APP-0063729,REQ-2026-00072,hire,2026-04-13,new_hire,2026-04-14
WE-0003797,W-103121,CAND-0060551,APP-0063755,REQ-2026-00113,hire,2026-04-13,new_hire,2026-04-15
WE-0003798,W-103122,CAND-0060604,APP-0063812,REQ-2026-00083,hire,2026-04-13,new_hire,2026-04-15
WE-0003799,W-103123,CAND-0060636,APP-0063848,REQ-2025-00843,hire,2026-04-13,new_hire,2026-04-14
WE-0003800,W-103124,CAND-0060761,APP-0063986,REQ-2026-00099,hire,2026-04-13,new_hire,2026-04-15
WE-0003801,W-103125,CAND-0060773,APP-0064000,REQ-2026-00113,hire,2026-04-13,new_hire,2026-04-13
WE-0003802,W-103126,CAND-0060785,APP-0064013,REQ-2025-00717,hire,2026-04-13,new_hire,2026-04-13
WE-0003803,W-103127,CAND-0060931,APP-0064164,REQ-2026-00119,hire,2026-04-13,new_hire,2026-04-15
WE-0003804,W-103128,CAND-0060973,APP-0064211,REQ-2026-00081,hire,2026-04-13,new_hire,2026-04-14
WE-0003805,W-103129,CAND-0061396,APP-0064672,REQ-2026-00127,hire,2026-04-13,new_hire,2026-04-14
WE-0003806,W-103130,CAND-0061399,APP-0064676,REQ-2026-00130,hire,2026-04-13,new_hire,2026-04-13
WE-0003807,W-103131,CAND-0061475,APP-0064761,REQ-2026-00109,hire,2026-04-13,new_hire,2026-04-14
WE-0003808,W-103132,CAND-0061556,APP-0064854,REQ-2026-00107,hire,2026-04-13,new_hire,2026-04-14
WE-0003809,W-103133,CAND-0061573,APP-0064878,REQ-2026-00141,hire,2026-04-13,new_hire,2026-04-14
WE-0003810,W-103134,CAND-0061838,APP-0065169,REQ-2026-00171,hire,2026-04-13,new_hire,2026-04-16
WE-0003811,W-103135,CAND-0023408,APP-0065227,REQ-2026-00126,hire,2026-04-13,new_hire,2026-04-14
WE-0003812,W-103136,CAND-0004474,APP-0065732,REQ-2026-00187,hire,2026-04-13,new_hire,2026-04-13
WE-0003813,W-100622,CAND-0012244,APP-0012384,REQ-2024-00546,termination,2026-04-14,involuntary_restructuring,2026-04-16
WE-0003814,W-103073,CAND-0060660,APP-0063875,REQ-2026-00047,termination,2026-04-14,involuntary_performance,2026-04-17
WE-0003815,W-102786,CAND-0054283,APP-0056832,REQ-2025-01049,termination,2026-04-15,voluntary_resignation,2026-04-18
WE-0003816,W-103095,CAND-0060851,APP-0064083,REQ-2026-00128,termination,2026-04-15,voluntary_resignation,2026-04-16
WE-0003817,W-103045,CAND-0060975,APP-0064213,REQ-2026-00096,termination,2026-04-19,voluntary_resignation,2026-04-20
WE-0003818,W-103137,CAND-0054801,APP-0057407,REQ-2025-00735,hire,2026-04-20,new_hire,2026-04-20
WE-0003819,W-103138,CAND-0036419,APP-0061874,REQ-2025-00258,hire,2026-04-20,new_hire,2026-04-20
WE-0003820,W-103139,CAND-0058914,APP-0061951,REQ-2026-00037,hire,2026-04-20,new_hire,2026-04-22
WE-0003821,W-103140,CAND-0059480,APP-0062574,REQ-2026-00043,hire,2026-04-20,new_hire,2026-04-23
WE-0003822,W-103141,CAND-0059657,APP-0062764,REQ-2025-00248,hire,2026-04-20,new_hire,2026-04-23
WE-0003823,W-103142,CAND-0039989,APP-0063164,REQ-2025-00894,hire,2026-04-20,new_hire,2026-04-22
WE-0003824,W-103143,CAND-0060217,APP-0063376,REQ-2025-00685,hire,2026-04-20,new_hire,2026-04-22
WE-0003825,W-103144,CAND-0060485,APP-0063677,REQ-2026-00099,hire,2026-04-20,new_hire,2026-04-22
WE-0003826,W-103145,CAND-0060627,APP-0063837,REQ-2026-00114,hire,2026-04-20,new_hire,2026-04-22
WE-0003827,W-103146,CAND-0060641,APP-0063853,REQ-2025-01028,hire,2026-04-20,new_hire,2026-04-20
WE-0003828,W-103147,CAND-0060823,APP-0064054,REQ-2026-00094,hire,2026-04-20,new_hire,2026-04-22
WE-0003829,W-103148,CAND-0060869,APP-0064101,REQ-2025-00821,hire,2026-04-20,new_hire,2026-04-20
WE-0003830,W-103149,CAND-0060900,APP-0064132,REQ-2026-00082,hire,2026-04-20,new_hire,2026-04-21
WE-0003831,W-103149,CAND-0060900,APP-0064132,REQ-2026-00082,hire,2026-04-20,new_hire,2026-04-22
WE-0003832,W-103150,CAND-0060919,APP-0064152,REQ-2026-00104,hire,2026-04-20,new_hire,2026-04-23
WE-0003833,W-103151,CAND-0016279,APP-0064430,REQ-2025-01017,hire,2026-04-20,new_hire,2026-04-22
WE-0003834,W-103152,CAND-0061324,APP-0064596,REQ-2026-00147,hire,2026-04-20,new_hire,2026-04-20
WE-0003835,W-103153,CAND-0061550,APP-0064847,REQ-2026-00100,hire,2026-04-20,new_hire,2026-04-23
WE-0003836,W-103154,CAND-0061644,APP-0064953,REQ-2026-00126,hire,2026-04-20,new_hire,2026-04-23
WE-0003837,W-103155,CAND-0052007,APP-0065316,REQ-2026-00147,hire,2026-04-20,new_hire,2026-04-23
WE-0003838,W-103156,CAND-0062154,APP-0065530,REQ-2026-00176,hire,2026-04-20,new_hire,2026-04-23
WE-0003839,W-103157,CAND-0062166,APP-0065545,REQ-2026-00188,hire,2026-04-20,new_hire,2026-04-21
WE-0003840,W-103158,CAND-0062324,APP-0065717,REQ-2026-00175,hire,2026-04-20,new_hire,2026-04-20
WE-0003841,W-103159,CAND-0062852,APP-0066294,REQ-2026-00210,hire,2026-04-20,new_hire,2026-04-23
WE-0003842,W-103160,CAND-0062840,APP-0066359,REQ-2026-00196,hire,2026-04-20,new_hire,2026-04-20
WE-0003843,W-103161,CAND-0062967,APP-0066431,REQ-2026-00187,hire,2026-04-20,new_hire,2026-04-21
WE-0003844,W-103162,CAND-0063032,APP-0066500,REQ-2026-00105,hire,2026-04-20,new_hire,2026-04-22
WE-0003845,W-103163,CAND-0063198,APP-0066678,REQ-2026-00175,hire,2026-04-20,new_hire,2026-04-22
WE-0003846,W-103164,CAND-0063251,APP-0066736,REQ-2026-00100,hire,2026-04-20,new_hire,2026-04-21
WE-0003847,W-103165,CAND-0063334,APP-0066830,REQ-2026-00157,hire,2026-04-20,new_hire,2026-04-21
WE-0003848,W-103166,CAND-0063453,APP-0066966,REQ-2026-00232,hire,2026-04-20,new_hire,2026-04-21
WE-0003849,W-103167,CAND-0064300,APP-0067926,REQ-2026-00262,hire,2026-04-20,new_hire,2026-04-21
WE-0003850,W-102550,CAND-0015665,APP-0052640,REQ-2025-00764,termination,2026-04-21,involuntary_restructuring,2026-04-26
WE-0003851,W-102673,CAND-0052760,APP-0055173,REQ-2025-00829,termination,2026-04-21,voluntary_resignation,2026-04-23
WE-0003852,W-101803,CAND-0038459,APP-0039720,REQ-2025-00350,termination,2026-04-22,voluntary_resignation,2026-04-24
WE-0003853,W-101737,CAND-0035362,APP-0036410,REQ-2024-00709,termination,2026-04-23,voluntary_resignation,2026-04-25
WE-0003854,W-100086,CAND-0000863,APP-0000863,REQ-2024-00147,termination,2026-04-24,involuntary_restructuring,2026-04-24
WE-0003855,W-103085,CAND-0059617,APP-0062720,REQ-2026-00035,termination,2026-04-25,involuntary_probation,2026-04-26
WE-0003856,W-101852,CAND-0035867,APP-0036943,REQ-2025-00310,termination,2026-04-26,involuntary_performance,2026-04-30
WE-0003857,W-101888,CAND-0041331,APP-0042749,REQ-2025-00069,termination,2026-04-27,voluntary_resignation,2026-04-30
WE-0003858,W-103168,CAND-0058411,APP-0061391,REQ-2025-01185,hire,2026-04-27,new_hire,2026-04-28
WE-0003859,W-103169,CAND-0059354,APP-0062440,REQ-2024-00920,hire,2026-04-27,new_hire,2026-04-28
WE-0003860,W-103170,CAND-0006687,APP-0063089,REQ-2025-01204,hire,2026-04-27,new_hire,2026-04-27
WE-0003861,W-103171,CAND-0060313,APP-0063487,REQ-2026-00029,hire,2026-04-27,new_hire,2026-04-27
WE-0003862,W-103172,CAND-0060700,APP-0063918,REQ-2026-00105,hire,2026-04-27,new_hire,2026-04-29
WE-0003863,W-103173,CAND-0061109,APP-0064358,REQ-2025-00993,hire,2026-04-27,new_hire,2026-04-29
WE-0003864,W-103174,CAND-0061578,APP-0064883,REQ-2026-00148,hire,2026-04-27,new_hire,2026-04-28
WE-0003865,W-103175,CAND-0061589,APP-0064894,REQ-2026-00162,hire,2026-04-27,new_hire,2026-04-28
WE-0003866,W-103176,CAND-0061614,APP-0064921,REQ-2026-00057,hire,2026-04-27,new_hire,2026-04-27
WE-0003867,W-103177,CAND-0061764,APP-0065090,REQ-2025-00950,hire,2026-04-27,new_hire,2026-04-29
WE-0003868,W-103178,CAND-0061898,APP-0065241,REQ-2026-00154,hire,2026-04-27,new_hire,2026-04-27
WE-0003869,W-103178,CAND-0061898,APP-0065241,REQ-2026-00154,hire,2026-04-27,new_hire,2026-05-02
WE-0003870,W-103179,CAND-0061914,APP-0065258,REQ-2026-00184,hire,2026-04-27,new_hire,2026-04-29
WE-0003871,W-103180,CAND-0061958,APP-0065307,REQ-2026-00138,hire,2026-04-27,new_hire,2026-04-29
WE-0003872,W-103181,CAND-0029522,APP-0065340,REQ-2026-00183,hire,2026-04-27,new_hire,2026-04-29
WE-0003873,W-103182,CAND-0061994,APP-0065352,REQ-2025-00685,hire,2026-04-27,new_hire,2026-04-29
WE-0003874,W-103183,CAND-0062078,APP-0065449,REQ-2026-00192,hire,2026-04-27,new_hire,2026-04-30
WE-0003875,W-103184,CAND-0062102,APP-0065475,REQ-2026-00081,hire,2026-04-27,new_hire,2026-04-27
WE-0003876,W-103185,CAND-0062334,APP-0065728,REQ-2026-00185,hire,2026-04-27,new_hire,2026-04-28
WE-0003877,W-103186,CAND-0006487,APP-0065833,REQ-2026-00192,hire,2026-04-27,new_hire,2026-04-30
WE-0003878,W-103187,CAND-0062492,APP-0065909,REQ-2026-00175,hire,2026-04-27,new_hire,2026-04-30
WE-0003879,W-103188,CAND-0062553,APP-0065973,REQ-2026-00126,hire,2026-04-27,new_hire,2026-04-27
WE-0003880,W-103189,CAND-0062801,APP-0066242,REQ-2026-00134,hire,2026-04-27,new_hire,2026-04-27
WE-0003881,W-103190,CAND-0062875,APP-0066322,REQ-2026-00022,hire,2026-04-27,new_hire,2026-04-28
WE-0003882,W-103191,CAND-0046032,APP-0066463,REQ-2026-00218,hire,2026-04-27,new_hire,2026-04-29
WE-0003883,W-103192,CAND-0063124,APP-0066599,REQ-2026-00171,hire,2026-04-27,new_hire,2026-04-27
WE-0003884,W-103193,CAND-0063161,APP-0066639,REQ-2026-00227,hire,2026-04-27,new_hire,2026-04-29
WE-0003885,W-103194,CAND-0063164,APP-0066642,REQ-2026-00228,hire,2026-04-27,new_hire,2026-04-30
WE-0003886,W-103195,CAND-0063371,APP-0066869,REQ-2026-00214,hire,2026-04-27,new_hire,2026-04-30
WE-0003887,W-103196,CAND-0063425,APP-0066935,REQ-2026-00188,hire,2026-04-27,new_hire,2026-04-30
WE-0003888,W-103197,CAND-0063498,APP-0067013,REQ-2026-00092,hire,2026-04-27,new_hire,2026-04-29
WE-0003889,W-103198,CAND-0063614,APP-0067141,REQ-2026-00232,hire,2026-04-27,new_hire,2026-04-28
WE-0003890,W-103199,CAND-0063660,APP-0067192,REQ-2026-00188,hire,2026-04-27,new_hire,2026-04-27
WE-0003891,W-103200,CAND-0063788,APP-0067342,REQ-2026-00164,hire,2026-04-27,new_hire,2026-04-30
WE-0003892,W-103201,CAND-0063989,APP-0067573,REQ-2026-00255,hire,2026-04-27,new_hire,2026-04-27
WE-0003893,W-103202,CAND-0064223,APP-0067837,REQ-2026-00255,hire,2026-04-27,new_hire,2026-04-27
WE-0003894,W-103203,CAND-0019032,APP-0067937,REQ-2026-00273,hire,2026-04-27,new_hire,2026-04-28
WE-0003895,W-102141,CAND-0043417,APP-0044990,REQ-2024-01162,termination,2026-04-29,voluntary_resignation,2026-05-02
WE-0003896,W-102235,CAND-0044632,APP-0046297,REQ-2024-01122,termination,2026-05-02,voluntary_resignation,2026-05-05
WE-0003897,W-102978,CAND-0055052,APP-0057683,REQ-2025-01116,termination,2026-05-02,voluntary_resignation,2026-05-04
WE-0003898,W-103200,CAND-0063788,APP-0067342,REQ-2026-00164,termination,2026-05-02,voluntary_resignation,2026-05-03
WE-0003899,W-102338,CAND-0046959,APP-0048830,REQ-2025-00769,termination,2026-05-03,voluntary_resignation,2026-05-03
WE-0003900,W-101579,CAND-0031629,APP-0032479,REQ-2025-00127,termination,2026-05-04,involuntary_performance,2026-05-09
WE-0003901,W-101784,CAND-0038406,APP-0039664,REQ-2025-00420,termination,2026-05-04,voluntary_resignation,2026-05-08
WE-0003902,W-102121,CAND-0035498,APP-0041751,REQ-2024-00690,termination,2026-05-04,involuntary_restructuring,2026-05-05
WE-0003903,W-103017,CAND-0059755,APP-0062870,REQ-2026-00015,termination,2026-05-04,involuntary_performance,2026-05-07
WE-0003904,W-103204,CAND-0059364,APP-0062450,REQ-2025-01062,hire,2026-05-04,new_hire,2026-05-05
WE-0003905,W-103205,CAND-0061790,APP-0065117,REQ-2026-00098,hire,2026-05-04,new_hire,2026-05-07
WE-0003906,W-103206,CAND-0061831,APP-0065161,REQ-2026-00161,hire,2026-05-04,new_hire,2026-05-06
WE-0003907,W-103207,CAND-0061893,APP-0065235,REQ-2026-00149,hire,2026-05-04,new_hire,2026-05-05
WE-0003908,W-103208,CAND-0008817,APP-0065361,REQ-2025-01105,hire,2026-05-04,new_hire,2026-05-06
WE-0003909,W-103209,CAND-0062092,APP-0065464,REQ-2025-01139,hire,2026-05-04,new_hire,2026-05-04
WE-0003910,W-103210,CAND-0062447,APP-0065862,REQ-2026-00076,hire,2026-05-04,new_hire,2026-05-06
WE-0003911,W-103211,CAND-0062494,APP-0065911,REQ-2026-00178,hire,2026-05-04,new_hire,2026-05-06
WE-0003912,W-103212,CAND-0062665,APP-0066095,REQ-2026-00200,hire,2026-05-04,new_hire,2026-05-04
WE-0003913,W-103213,CAND-0062695,APP-0066128,REQ-2025-01252,hire,2026-05-04,new_hire,2026-05-05
WE-0003914,W-103214,CAND-0062988,APP-0066454,REQ-2026-00211,hire,2026-05-04,new_hire,2026-05-06
WE-0003915,W-103215,CAND-0063008,APP-0066475,REQ-2025-00247,hire,2026-05-04,new_hire,2026-05-07
WE-0003916,W-103216,CAND-0063058,APP-0066526,REQ-2026-00188,hire,2026-05-04,new_hire,2026-05-04
WE-0003917,W-103217,CAND-0063102,APP-0066571,REQ-2025-01193,hire,2026-05-04,new_hire,2026-05-07
WE-0003918,W-103218,CAND-0063118,APP-0066593,REQ-2026-00155,hire,2026-05-04,new_hire,2026-05-04
WE-0003919,W-103219,CAND-0063323,APP-0066817,REQ-2026-00056,hire,2026-05-04,new_hire,2026-05-05
WE-0003920,W-103220,CAND-0063386,APP-0066887,REQ-2026-00239,hire,2026-05-04,new_hire,2026-05-07
WE-0003921,W-103221,CAND-0063520,APP-0067037,REQ-2026-00188,hire,2026-05-04,new_hire,2026-05-04
WE-0003922,W-103222,CAND-0063701,APP-0067240,REQ-2025-00357,hire,2026-05-04,new_hire,2026-05-07
WE-0003923,W-103223,CAND-0063800,APP-0067354,REQ-2026-00190,hire,2026-05-04,new_hire,2026-05-05
WE-0003924,W-103224,CAND-0063827,APP-0067383,REQ-2026-00237,hire,2026-05-04,new_hire,2026-05-04
WE-0003925,W-103225,CAND-0063905,APP-0067477,REQ-2026-00248,hire,2026-05-04,new_hire,2026-05-05
WE-0003926,W-103226,CAND-0063988,APP-0067572,REQ-2026-00255,hire,2026-05-04,new_hire,2026-05-05
WE-0003927,W-103227,CAND-0064236,APP-0067852,REQ-2026-00269,hire,2026-05-04,new_hire,2026-05-07
WE-0003928,W-103228,CAND-0064363,APP-0068001,REQ-2026-00228,hire,2026-05-04,new_hire,2026-05-04
WE-0003929,W-103229,CAND-0064459,APP-0068106,REQ-2026-00248,hire,2026-05-04,new_hire,2026-05-07
WE-0003930,W-103230,CAND-0064705,APP-0068386,REQ-2026-00248,hire,2026-05-04,new_hire,2026-05-05
WE-0003931,W-101724,CAND-0036256,APP-0037354,REQ-2025-00314,termination,2026-05-06,involuntary_performance,2026-05-07
WE-0003932,W-103086,CAND-0059867,APP-0062988,REQ-2025-00807,termination,2026-05-08,voluntary_resignation,2026-05-11
WE-0003933,W-100346,CAND-0006701,APP-0006738,REQ-2024-00396,termination,2026-05-09,involuntary_restructuring,2026-05-11
WE-0003934,W-101963,CAND-0041286,APP-0042703,REQ-2025-00502,termination,2026-05-10,involuntary_restructuring,2026-05-15
WE-0003935,W-102770,CAND-0033830,APP-0057868,REQ-2025-01143,termination,2026-05-10,voluntary_resignation,2026-05-10
WE-0003936,W-102794,CAND-0055566,APP-0058240,REQ-2025-01147,termination,2026-05-10,voluntary_resignation,2026-05-10
WE-0003937,W-101117,CAND-0023741,APP-0024220,REQ-2024-01005,termination,2026-05-11,involuntary_performance,2026-05-12
WE-0003938,W-101309,CAND-0028742,APP-0029460,REQ-2025-00003,termination,2026-05-11,voluntary_resignation,2026-05-11
WE-0003939,W-102127,CAND-0042013,APP-0043481,REQ-2025-00564,termination,2026-05-11,voluntary_resignation,2026-05-14
WE-0003940,W-103231,CAND-0055002,APP-0058332,REQ-2025-01130,hire,2026-05-11,new_hire,2026-05-13
WE-0003941,W-103232,CAND-0060141,APP-0063293,REQ-2025-00877,hire,2026-05-11,new_hire,2026-05-11
WE-0003942,W-103233,CAND-0060299,APP-0063470,REQ-2025-00978,hire,2026-05-11,new_hire,2026-05-13
WE-0003943,W-103234,CAND-0061102,APP-0064350,REQ-2025-00244,hire,2026-05-11,new_hire,2026-05-13
WE-0003944,W-103235,CAND-0061500,APP-0064788,REQ-2026-00139,hire,2026-05-11,new_hire,2026-05-13
WE-0003945,W-103236,CAND-0011248,APP-0065162,REQ-2026-00163,hire,2026-05-11,new_hire,2026-05-12
WE-0003946,W-103237,CAND-0006099,APP-0065199,REQ-2026-00039,hire,2026-05-11,new_hire,2026-05-14
WE-0003947,W-103238,CAND-0062042,APP-0065409,REQ-2026-00150,hire,2026-05-11,new_hire,2026-05-14
WE-0003948,W-103239,CAND-0062216,APP-0065598,REQ-2026-00145,hire,2026-05-11,new_hire,2026-05-13
WE-0003949,W-103240,CAND-0062252,APP-0065637,REQ-2026-00190,hire,2026-05-11,new_hire,2026-05-12
WE-0003950,W-103241,CAND-0062599,APP-0066022,REQ-2026-00197,hire,2026-05-11,new_hire,2026-05-14
WE-0003951,W-103242,CAND-0062614,APP-0066037,REQ-2025-01257,hire,2026-05-11,new_hire,2026-05-13
WE-0003952,W-103243,CAND-0062712,APP-0066146,REQ-2026-00138,hire,2026-05-11,new_hire,2026-05-12
WE-0003953,W-103244,CAND-0062766,APP-0066204,REQ-2025-00411,hire,2026-05-11,new_hire,2026-05-14
WE-0003954,W-103245,CAND-0062936,APP-0066396,REQ-2026-00062,hire,2026-05-11,new_hire,2026-05-12
WE-0003955,W-103246,CAND-0063023,APP-0066490,REQ-2025-01253,hire,2026-05-11,new_hire,2026-05-14
WE-0003956,W-103247,CAND-0063289,APP-0066779,REQ-2026-00202,hire,2026-05-11,new_hire,2026-05-13
WE-0003957,W-103248,CAND-0063366,APP-0066864,REQ-2026-00202,hire,2026-05-11,new_hire,2026-05-14
WE-0003958,W-103249,CAND-0063422,APP-0066931,REQ-2026-00184,hire,2026-05-11,new_hire,2026-05-12
WE-0003959,W-103250,CAND-0063525,APP-0067044,REQ-2026-00199,hire,2026-05-11,new_hire,2026-05-11
WE-0003960,W-103251,CAND-0056311,APP-0067074,REQ-2026-00240,hire,2026-05-11,new_hire,2026-05-12
WE-0003961,W-103252,CAND-0063653,APP-0067184,REQ-2026-00178,hire,2026-05-11,new_hire,2026-05-12
WE-0003962,W-103253,CAND-0063837,APP-0067395,REQ-2026-00253,hire,2026-05-11,new_hire,2026-05-14
WE-0003963,W-103254,CAND-0063967,APP-0067547,REQ-2026-00218,hire,2026-05-11,new_hire,2026-05-13
WE-0003964,W-103255,CAND-0063996,APP-0067580,REQ-2025-00286,hire,2026-05-11,new_hire,2026-05-11
WE-0003965,W-103256,CAND-0064037,APP-0067627,REQ-2026-00217,hire,2026-05-11,new_hire,2026-05-11
WE-0003966,W-103257,CAND-0064267,APP-0067889,REQ-2026-00219,hire,2026-05-11,new_hire,2026-05-14
WE-0003967,W-103258,CAND-0064317,APP-0067944,REQ-2025-00467,hire,2026-05-11,new_hire,2026-05-13
WE-0003968,W-103259,CAND-0058161,APP-0067958,REQ-2025-01188,hire,2026-05-11,new_hire,2026-05-14
WE-0003969,W-103260,CAND-0064547,APP-0068208,REQ-2026-00269,hire,2026-05-11,new_hire,2026-05-13
WE-0003970,W-103261,CAND-0064779,APP-0068470,REQ-2026-00255,hire,2026-05-11,new_hire,2026-05-11
WE-0003971,W-103262,CAND-0064895,APP-0068594,REQ-2026-00293,hire,2026-05-11,new_hire,2026-05-11
WE-0003972,W-103263,CAND-0065077,APP-0068793,REQ-2026-00132,hire,2026-05-11,new_hire,2026-05-12
WE-0003973,W-103264,CAND-0060545,APP-0068978,REQ-2026-00227,hire,2026-05-11,new_hire,2026-05-14
WE-0003974,W-103162,CAND-0063032,APP-0066500,REQ-2026-00105,termination,2026-05-12,voluntary_resignation,2026-05-13
WE-0003975,W-100210,CAND-0004596,APP-0004612,REQ-2024-00204,termination,2026-05-13,involuntary_performance,2026-05-13
WE-0003976,W-102053,CAND-0040994,APP-0042391,REQ-2024-00959,termination,2026-05-14,involuntary_performance,2026-05-15
WE-0003977,W-102934,CAND-0057435,APP-0060293,REQ-2025-01229,termination,2026-05-15,involuntary_restructuring,2026-05-16
WE-0003978,W-103190,CAND-0062875,APP-0066322,REQ-2026-00022,termination,2026-05-15,voluntary_resignation,2026-05-15
WE-0003979,W-100528,CAND-0011804,APP-0011930,REQ-2024-00552,termination,2026-05-16,involuntary_restructuring,2026-05-17
WE-0003980,W-101565,CAND-0033123,APP-0034042,REQ-2025-00189,termination,2026-05-17,voluntary_resignation,2026-05-20
WE-0003981,W-103226,CAND-0063988,APP-0067572,REQ-2026-00255,termination,2026-05-17,voluntary_resignation,2026-05-21
WE-0003982,W-103265,CAND-0062294,APP-0065686,REQ-2026-00110,hire,2026-05-18,new_hire,2026-05-19
WE-0003983,W-103266,CAND-0062587,APP-0066009,REQ-2026-00184,hire,2026-05-18,new_hire,2026-05-20
WE-0003984,W-103267,CAND-0062790,APP-0066229,REQ-2026-00065,hire,2026-05-18,new_hire,2026-05-21
WE-0003985,W-103268,CAND-0052593,APP-0066305,REQ-2024-00598,hire,2026-05-18,new_hire,2026-05-19
WE-0003986,W-103269,CAND-0063079,APP-0066548,REQ-2026-00221,hire,2026-05-18,new_hire,2026-05-18
WE-0003987,W-103270,CAND-0063233,APP-0066715,REQ-2025-00383,hire,2026-05-18,new_hire,2026-05-18
WE-0003988,W-103271,CAND-0025907,APP-0066903,REQ-2025-00985,hire,2026-05-18,new_hire,2026-05-19
WE-0003989,W-103272,CAND-0063722,APP-0067265,REQ-2026-00202,hire,2026-05-18,new_hire,2026-05-19
WE-0003990,W-103273,CAND-0063749,APP-0067297,REQ-2026-00240,hire,2026-05-18,new_hire,2026-05-19
WE-0003991,W-103274,CAND-0063851,APP-0067410,REQ-2025-01126,hire,2026-05-18,new_hire,2026-05-21
WE-0003992,W-103275,CAND-0063962,APP-0067541,REQ-2026-00214,hire,2026-05-18,new_hire,2026-05-19
WE-0003993,W-103276,CAND-0064073,APP-0067668,REQ-2025-00910,hire,2026-05-18,new_hire,2026-05-20
WE-0003994,W-103277,CAND-0064232,APP-0067847,REQ-2026-00265,hire,2026-05-18,new_hire,2026-05-18
WE-0003995,W-103278,CAND-0062606,APP-0067878,REQ-2026-00155,hire,2026-05-18,new_hire,2026-05-20
WE-0003996,W-103279,CAND-0064308,APP-0067934,REQ-2026-00270,hire,2026-05-18,new_hire,2026-05-20
WE-0003997,W-103280,CAND-0064377,APP-0068015,REQ-2026-00252,hire,2026-05-18,new_hire,2026-05-20
WE-0003998,W-103281,CAND-0064393,APP-0068032,REQ-2026-00269,hire,2026-05-18,new_hire,2026-05-21
WE-0003999,W-103282,CAND-0064496,APP-0068147,REQ-2024-00842,hire,2026-05-18,new_hire,2026-05-21
WE-0004000,W-103283,CAND-0064558,APP-0068222,REQ-2026-00293,hire,2026-05-18,new_hire,2026-05-19
WE-0004001,W-103284,CAND-0064813,APP-0068505,REQ-2026-00293,hire,2026-05-18,new_hire,2026-05-21
WE-0004002,W-103285,CAND-0065126,APP-0068844,REQ-2026-00285,hire,2026-05-18,new_hire,2026-05-21
WE-0004003,W-103286,CAND-0065134,APP-0068854,REQ-2026-00298,hire,2026-05-18,new_hire,2026-05-19
WE-0004004,W-103287,CAND-0065237,APP-0068966,REQ-2026-00089,hire,2026-05-18,new_hire,2026-05-19
WE-0004005,W-103288,CAND-0016987,APP-0069146,REQ-2026-00235,hire,2026-05-18,new_hire,2026-05-19
WE-0004006,W-103289,CAND-0006066,APP-0069219,REQ-2026-00214,hire,2026-05-18,new_hire,2026-05-18
WE-0004007,W-103290,CAND-0065603,APP-0069374,REQ-2025-01118,hire,2026-05-18,new_hire,2026-05-21
WE-0004008,W-102186,CAND-0006664,APP-0046274,REQ-2025-00671,termination,2026-05-20,involuntary_performance,2026-05-20
WE-0004009,W-101282,CAND-0027706,APP-0028374,REQ-2024-01209,termination,2026-05-21,involuntary_performance,2026-05-21
WE-0004010,W-103087,CAND-0059886,APP-0063009,REQ-2025-01210,termination,2026-05-21,involuntary_performance,2026-05-21
WE-0004011,W-103134,CAND-0061838,APP-0065169,REQ-2026-00171,termination,2026-05-21,voluntary_resignation,2026-05-25
WE-0004012,W-102429,CAND-0047728,APP-0049669,REQ-2025-00824,termination,2026-05-22,voluntary_resignation,2026-05-24
WE-0004013,W-102616,CAND-0052274,APP-0054643,REQ-2025-01008,termination,2026-05-24,involuntary_restructuring,2026-05-27
WE-0004014,W-103291,CAND-0021305,APP-0062761,REQ-2024-00890,hire,2026-05-25,new_hire,2026-05-25
WE-0004015,W-103292,CAND-0062615,APP-0066038,REQ-2026-00017,hire,2026-05-25,new_hire,2026-05-28
WE-0004016,W-103293,CAND-0009601,APP-0066222,REQ-2025-01229,hire,2026-05-25,new_hire,2026-05-25
WE-0004017,W-103294,CAND-0062869,APP-0066316,REQ-2025-01168,hire,2026-05-25,new_hire,2026-05-26
WE-0004018,W-103295,CAND-0062922,APP-0066380,REQ-2025-00807,hire,2026-05-25,new_hire,2026-05-26
WE-0004019,W-103296,CAND-0063230,APP-0066712,REQ-2026-00233,hire,2026-05-25,new_hire,2026-05-28
WE-0004020,W-103297,CAND-0063571,APP-0067094,REQ-2025-01182,hire,2026-05-25,new_hire,2026-05-25
WE-0004021,W-103298,CAND-0063723,APP-0067266,REQ-2026-00211,hire,2026-05-25,new_hire,2026-05-26
WE-0004022,W-103299,CAND-0063747,APP-0067295,REQ-2026-00240,hire,2026-05-25,new_hire,2026-05-27
WE-0004023,W-103300,CAND-0063814,APP-0067368,REQ-2026-00223,hire,2026-05-25,new_hire,2026-05-25
WE-0004024,W-103301,CAND-0056025,APP-0067568,REQ-2026-00254,hire,2026-05-25,new_hire,2026-05-25
WE-0004025,W-103302,CAND-0064027,APP-0067614,REQ-2026-00195,hire,2026-05-25,new_hire,2026-05-26
WE-0004026,W-103303,CAND-0064064,APP-0067659,REQ-2024-01123,hire,2026-05-25,new_hire,2026-05-25
WE-0004027,W-103304,CAND-0064230,APP-0067845,REQ-2026-00259,hire,2026-05-25,new_hire,2026-05-28
WE-0004028,W-103305,CAND-0064360,APP-0067995,REQ-2026-00224,hire,2026-05-25,new_hire,2026-05-27
WE-0004029,W-103306,CAND-0064394,APP-0068033,REQ-2026-00269,hire,2026-05-25,new_hire,2026-05-26
WE-0004030,W-103307,CAND-0064467,APP-0068114,REQ-2026-00257,hire,2026-05-25,new_hire,2026-05-26
WE-0004031,W-103308,CAND-0064643,APP-0068319,REQ-2026-00293,hire,2026-05-25,new_hire,2026-05-26
WE-0004032,W-103309,CAND-0065395,APP-0069143,REQ-2026-00228,hire,2026-05-25,new_hire,2026-05-25
WE-0004033,W-103310,CAND-0058593,APP-0069148,REQ-2026-00237,hire,2026-05-25,new_hire,2026-05-26
WE-0004034,W-103311,CAND-0065685,APP-0069461,REQ-2026-00188,hire,2026-05-25,new_hire,2026-05-25
WE-0004035,W-103312,CAND-0055727,APP-0069619,REQ-2026-00340,hire,2026-05-25,new_hire,2026-05-25
WE-0004036,W-100367,CAND-0008552,APP-0008619,REQ-2024-00467,termination,2026-05-26,voluntary_resignation,2026-05-27
WE-0004037,W-103133,CAND-0061573,APP-0064878,REQ-2026-00141,termination,2026-05-28,voluntary_resignation,2026-05-31
WE-0004038,W-103149,CAND-0060900,APP-0064132,REQ-2026-00082,termination,2026-05-28,involuntary_performance,2026-05-29
WE-0004039,W-102469,CAND-0048787,APP-0050817,REQ-2025-00270,termination,2026-05-30,involuntary_restructuring,2026-05-31
WE-0004040,W-102632,CAND-0051519,APP-0053816,REQ-2025-01012,termination,2026-05-31,involuntary_restructuring,2026-05-31
WE-0004041,W-103133,CAND-0061573,APP-0064878,REQ-2026-00141,termination,2026-05-31,voluntary_resignation,2026-05-31
